id,document_family,record_id,template_variant,tamper_type,final_label,cnn_label,fold,cnn_probability_oof
family_a_000000_genuine,family_a,be7888afac4ee2cc,v2,genuine,genuine,genuine,0,0.005399
family_a_000001_text_qr_mismatch,family_a,be7888afac4ee2cc,v2,text_qr_mismatch,forged,genuine,0,0.002867
family_a_000002_qr_only_mismatch,family_a,be7888afac4ee2cc,v2,qr_only_mismatch,forged,genuine,0,0.005378
family_a_000003_checksum_invalid,family_a,be7888afac4ee2cc,v2,checksum_invalid,forged,genuine,0,0.004965
family_a_000004_format_invalid,family_a,be7888afac4ee2cc,v2,format_invalid,forged,genuine,0,0.000271
family_a_000005_field_missing,family_a,be7888afac4ee2cc,v2,field_missing,forged,genuine,0,0.001061
family_a_000006_fine_grained_edit,family_a,be7888afac4ee2cc,v2,fine_grained_edit,forged,genuine,0,0.006479
family_a_000007_coordinated_full_forgery,family_a,be7888afac4ee2cc,v2,coordinated_full_forgery,forged,genuine,0,0.014007
family_a_000008_visual_splice,family_a,be7888afac4ee2cc,v2,visual_splice,forged,forged,0,0.999057
family_a_000009_visual_splice,family_a,be7888afac4ee2cc,v2,visual_splice,forged,forged,0,0.997844
family_a_000010_visual_splice,family_a,be7888afac4ee2cc,v2,visual_splice,forged,forged,0,0.962314
family_a_000033_genuine,family_a,4efd1ea374ac7007,v2,genuine,genuine,genuine,0,0.008072
family_a_000034_text_qr_mismatch,family_a,4efd1ea374ac7007,v2,text_qr_mismatch,forged,genuine,0,0.009354
family_a_000035_qr_only_mismatch,family_a,4efd1ea374ac7007,v2,qr_only_mismatch,forged,genuine,0,0.005802
family_a_000036_checksum_invalid,family_a,4efd1ea374ac7007,v2,checksum_invalid,forged,genuine,0,0.004138
family_a_000037_format_invalid,family_a,4efd1ea374ac7007,v2,format_invalid,forged,genuine,0,0.000938
family_a_000038_field_missing,family_a,4efd1ea374ac7007,v2,field_missing,forged,genuine,0,0.001205
family_a_000039_fine_grained_edit,family_a,4efd1ea374ac7007,v2,fine_grained_edit,forged,genuine,0,0.003854
family_a_000040_coordinated_full_forgery,family_a,4efd1ea374ac7007,v2,coordinated_full_forgery,forged,genuine,0,0.059807
family_a_000041_visual_splice,family_a,4efd1ea374ac7007,v2,visual_splice,forged,forged,0,0.998802
family_a_000042_visual_splice,family_a,4efd1ea374ac7007,v2,visual_splice,forged,forged,0,0.997911
family_a_000043_visual_splice,family_a,4efd1ea374ac7007,v2,visual_splice,forged,forged,0,0.770729
family_a_000044_genuine,family_a,a616da14d1c99779,v2,genuine,genuine,genuine,0,0.449367
family_a_000045_text_qr_mismatch,family_a,a616da14d1c99779,v2,text_qr_mismatch,forged,genuine,0,0.617699
family_a_000046_qr_only_mismatch,family_a,a616da14d1c99779,v2,qr_only_mismatch,forged,genuine,0,0.224495
family_a_000047_checksum_invalid,family_a,a616da14d1c99779,v2,checksum_invalid,forged,genuine,0,0.573066
family_a_000048_format_invalid,family_a,a616da14d1c99779,v2,format_invalid,forged,genuine,0,0.020147
family_a_000049_field_missing,family_a,a616da14d1c99779,v2,field_missing,forged,genuine,0,0.0776
family_a_000050_fine_grained_edit,family_a,a616da14d1c99779,v2,fine_grained_edit,forged,genuine,0,0.283717
family_a_000051_coordinated_full_forgery,family_a,a616da14d1c99779,v2,coordinated_full_forgery,forged,genuine,0,0.002465
family_a_000052_visual_splice,family_a,a616da14d1c99779,v2,visual_splice,forged,forged,0,0.999941
family_a_000053_visual_splice,family_a,a616da14d1c99779,v2,visual_splice,forged,forged,0,0.999967
family_a_000054_visual_splice,family_a,a616da14d1c99779,v2,visual_splice,forged,forged,0,0.999741
family_a_000055_genuine,family_a,0e2e14708d5d3184,v2,genuine,genuine,genuine,3,0.023555
family_a_000056_text_qr_mismatch,family_a,0e2e14708d5d3184,v2,text_qr_mismatch,forged,genuine,3,0.183569
family_a_000057_qr_only_mismatch,family_a,0e2e14708d5d3184,v2,qr_only_mismatch,forged,genuine,3,0.047517
family_a_000058_checksum_invalid,family_a,0e2e14708d5d3184,v2,checksum_invalid,forged,genuine,3,0.069287
family_a_000059_format_invalid,family_a,0e2e14708d5d3184,v2,format_invalid,forged,genuine,3,0.012148
family_a_000060_field_missing,family_a,0e2e14708d5d3184,v2,field_missing,forged,genuine,3,0.011163
family_a_000061_fine_grained_edit,family_a,0e2e14708d5d3184,v2,fine_grained_edit,forged,genuine,3,0.014273
family_a_000062_coordinated_full_forgery,family_a,0e2e14708d5d3184,v2,coordinated_full_forgery,forged,genuine,3,0.019709
family_a_000063_visual_splice,family_a,0e2e14708d5d3184,v2,visual_splice,forged,forged,3,0.248902
family_a_000064_visual_splice,family_a,0e2e14708d5d3184,v2,visual_splice,forged,forged,3,0.063944
family_a_000065_visual_splice,family_a,0e2e14708d5d3184,v2,visual_splice,forged,forged,3,0.999845
family_a_000066_genuine,family_a,47687617a01f11ae,v2,genuine,genuine,genuine,4,0.015622
family_a_000067_text_qr_mismatch,family_a,47687617a01f11ae,v2,text_qr_mismatch,forged,genuine,4,0.025016
family_a_000068_qr_only_mismatch,family_a,47687617a01f11ae,v2,qr_only_mismatch,forged,genuine,4,0.042286
family_a_000069_checksum_invalid,family_a,47687617a01f11ae,v2,checksum_invalid,forged,genuine,4,0.054599
family_a_000070_format_invalid,family_a,47687617a01f11ae,v2,format_invalid,forged,genuine,4,0.0014
family_a_000071_field_missing,family_a,47687617a01f11ae,v2,field_missing,forged,genuine,4,0.002633
family_a_000072_fine_grained_edit,family_a,47687617a01f11ae,v2,fine_grained_edit,forged,genuine,4,0.019445
family_a_000073_coordinated_full_forgery,family_a,47687617a01f11ae,v2,coordinated_full_forgery,forged,genuine,4,0.978325
family_a_000074_visual_splice,family_a,47687617a01f11ae,v2,visual_splice,forged,forged,4,0.999855
family_a_000075_visual_splice,family_a,47687617a01f11ae,v2,visual_splice,forged,forged,4,0.999984
family_a_000076_visual_splice,family_a,47687617a01f11ae,v2,visual_splice,forged,forged,4,0.999947
family_a_000099_genuine,family_a,d265c69c7fa74149,v1,genuine,genuine,genuine,4,0.019147
family_a_000100_text_qr_mismatch,family_a,d265c69c7fa74149,v1,text_qr_mismatch,forged,genuine,4,0.971731
family_a_000101_qr_only_mismatch,family_a,d265c69c7fa74149,v1,qr_only_mismatch,forged,genuine,4,0.001752
family_a_000102_checksum_invalid,family_a,d265c69c7fa74149,v1,checksum_invalid,forged,genuine,4,0.044522
family_a_000103_format_invalid,family_a,d265c69c7fa74149,v1,format_invalid,forged,genuine,4,0.003825
family_a_000104_field_missing,family_a,d265c69c7fa74149,v1,field_missing,forged,genuine,4,0.006432
family_a_000105_fine_grained_edit,family_a,d265c69c7fa74149,v1,fine_grained_edit,forged,genuine,4,0.01085
family_a_000106_coordinated_full_forgery,family_a,d265c69c7fa74149,v1,coordinated_full_forgery,forged,genuine,4,0.006975
family_a_000107_visual_splice,family_a,d265c69c7fa74149,v1,visual_splice,forged,forged,4,0.999974
family_a_000108_visual_splice,family_a,d265c69c7fa74149,v1,visual_splice,forged,forged,4,0.998131
family_a_000109_visual_splice,family_a,d265c69c7fa74149,v1,visual_splice,forged,forged,4,0.999808
family_a_000132_genuine,family_a,8b8430a811fe64e8,v1,genuine,genuine,genuine,4,0.025265
family_a_000133_text_qr_mismatch,family_a,8b8430a811fe64e8,v1,text_qr_mismatch,forged,genuine,4,0.009069
family_a_000134_qr_only_mismatch,family_a,8b8430a811fe64e8,v1,qr_only_mismatch,forged,genuine,4,0.029731
family_a_000135_checksum_invalid,family_a,8b8430a811fe64e8,v1,checksum_invalid,forged,genuine,4,0.02159
family_a_000136_format_invalid,family_a,8b8430a811fe64e8,v1,format_invalid,forged,genuine,4,0.003568
family_a_000137_field_missing,family_a,8b8430a811fe64e8,v1,field_missing,forged,genuine,4,0.00373
family_a_000138_fine_grained_edit,family_a,8b8430a811fe64e8,v1,fine_grained_edit,forged,genuine,4,0.145268
family_a_000139_coordinated_full_forgery,family_a,8b8430a811fe64e8,v1,coordinated_full_forgery,forged,genuine,4,0.026637
family_a_000140_visual_splice,family_a,8b8430a811fe64e8,v1,visual_splice,forged,forged,4,0.999861
family_a_000141_visual_splice,family_a,8b8430a811fe64e8,v1,visual_splice,forged,forged,4,0.999497
family_a_000142_visual_splice,family_a,8b8430a811fe64e8,v1,visual_splice,forged,forged,4,0.999918
family_a_000143_genuine,family_a,8752d9fbfcd88477,v1,genuine,genuine,genuine,4,0.682591
family_a_000144_text_qr_mismatch,family_a,8752d9fbfcd88477,v1,text_qr_mismatch,forged,genuine,4,0.834551
family_a_000145_qr_only_mismatch,family_a,8752d9fbfcd88477,v1,qr_only_mismatch,forged,genuine,4,0.852894
family_a_000146_checksum_invalid,family_a,8752d9fbfcd88477,v1,checksum_invalid,forged,genuine,4,0.705331
family_a_000147_format_invalid,family_a,8752d9fbfcd88477,v1,format_invalid,forged,genuine,4,0.20792
family_a_000148_field_missing,family_a,8752d9fbfcd88477,v1,field_missing,forged,genuine,4,0.005349
family_a_000149_fine_grained_edit,family_a,8752d9fbfcd88477,v1,fine_grained_edit,forged,genuine,4,0.648304
family_a_000150_coordinated_full_forgery,family_a,8752d9fbfcd88477,v1,coordinated_full_forgery,forged,genuine,4,0.008855
family_a_000151_visual_splice,family_a,8752d9fbfcd88477,v1,visual_splice,forged,forged,4,0.999989
family_a_000152_visual_splice,family_a,8752d9fbfcd88477,v1,visual_splice,forged,forged,4,0.999994
family_a_000153_visual_splice,family_a,8752d9fbfcd88477,v1,visual_splice,forged,forged,4,0.999963
family_a_000154_genuine,family_a,b14780eb0cb0e227,v2,genuine,genuine,genuine,1,0.00145
family_a_000155_text_qr_mismatch,family_a,b14780eb0cb0e227,v2,text_qr_mismatch,forged,genuine,1,0.000801
family_a_000156_qr_only_mismatch,family_a,b14780eb0cb0e227,v2,qr_only_mismatch,forged,genuine,1,0.000919
family_a_000157_checksum_invalid,family_a,b14780eb0cb0e227,v2,checksum_invalid,forged,genuine,1,0.001367
family_a_000158_format_invalid,family_a,b14780eb0cb0e227,v2,format_invalid,forged,genuine,1,0.000128
family_a_000159_field_missing,family_a,b14780eb0cb0e227,v2,field_missing,forged,genuine,1,0.001098
family_a_000160_fine_grained_edit,family_a,b14780eb0cb0e227,v2,fine_grained_edit,forged,genuine,1,0.001561
family_a_000161_coordinated_full_forgery,family_a,b14780eb0cb0e227,v2,coordinated_full_forgery,forged,genuine,1,0.002759
family_a_000162_visual_splice,family_a,b14780eb0cb0e227,v2,visual_splice,forged,forged,1,0.998826
family_a_000163_visual_splice,family_a,b14780eb0cb0e227,v2,visual_splice,forged,forged,1,0.997022
family_a_000164_visual_splice,family_a,b14780eb0cb0e227,v2,visual_splice,forged,forged,1,0.999704
family_a_000165_genuine,family_a,a3f09aa40617dc39,v2,genuine,genuine,genuine,1,0.001716
family_a_000166_text_qr_mismatch,family_a,a3f09aa40617dc39,v2,text_qr_mismatch,forged,genuine,1,0.000898
family_a_000167_qr_only_mismatch,family_a,a3f09aa40617dc39,v2,qr_only_mismatch,forged,genuine,1,0.001653
family_a_000168_checksum_invalid,family_a,a3f09aa40617dc39,v2,checksum_invalid,forged,genuine,1,0.000822
family_a_000169_format_invalid,family_a,a3f09aa40617dc39,v2,format_invalid,forged,genuine,1,0.000129
family_a_000170_field_missing,family_a,a3f09aa40617dc39,v2,field_missing,forged,genuine,1,9.5e-05
family_a_000171_fine_grained_edit,family_a,a3f09aa40617dc39,v2,fine_grained_edit,forged,genuine,1,0.000772
family_a_000172_coordinated_full_forgery,family_a,a3f09aa40617dc39,v2,coordinated_full_forgery,forged,genuine,1,0.003208
family_a_000173_visual_splice,family_a,a3f09aa40617dc39,v2,visual_splice,forged,forged,1,0.999725
family_a_000174_visual_splice,family_a,a3f09aa40617dc39,v2,visual_splice,forged,forged,1,0.999708
family_a_000175_visual_splice,family_a,a3f09aa40617dc39,v2,visual_splice,forged,forged,1,0.998609
family_a_000176_genuine,family_a,b50d80c3307ea365,v1,genuine,genuine,genuine,3,0.028058
family_a_000177_text_qr_mismatch,family_a,b50d80c3307ea365,v1,text_qr_mismatch,forged,genuine,3,0.005052
family_a_000178_qr_only_mismatch,family_a,b50d80c3307ea365,v1,qr_only_mismatch,forged,genuine,3,0.046955
family_a_000179_checksum_invalid,family_a,b50d80c3307ea365,v1,checksum_invalid,forged,genuine,3,0.009582
family_a_000180_format_invalid,family_a,b50d80c3307ea365,v1,format_invalid,forged,genuine,3,0.002368
family_a_000181_field_missing,family_a,b50d80c3307ea365,v1,field_missing,forged,genuine,3,0.005455
family_a_000182_fine_grained_edit,family_a,b50d80c3307ea365,v1,fine_grained_edit,forged,genuine,3,0.047851
family_a_000183_coordinated_full_forgery,family_a,b50d80c3307ea365,v1,coordinated_full_forgery,forged,genuine,3,0.046225
family_a_000184_visual_splice,family_a,b50d80c3307ea365,v1,visual_splice,forged,forged,3,0.999919
family_a_000185_visual_splice,family_a,b50d80c3307ea365,v1,visual_splice,forged,forged,3,0.999809
family_a_000186_visual_splice,family_a,b50d80c3307ea365,v1,visual_splice,forged,forged,3,0.999839
family_a_000198_genuine,family_a,d48404bd5ded91ec,v1,genuine,genuine,genuine,0,0.002842
family_a_000199_text_qr_mismatch,family_a,d48404bd5ded91ec,v1,text_qr_mismatch,forged,genuine,0,0.009817
family_a_000200_qr_only_mismatch,family_a,d48404bd5ded91ec,v1,qr_only_mismatch,forged,genuine,0,0.002982
family_a_000201_checksum_invalid,family_a,d48404bd5ded91ec,v1,checksum_invalid,forged,genuine,0,0.003177
family_a_000202_format_invalid,family_a,d48404bd5ded91ec,v1,format_invalid,forged,genuine,0,0.000387
family_a_000203_field_missing,family_a,d48404bd5ded91ec,v1,field_missing,forged,genuine,0,0.000971
family_a_000204_fine_grained_edit,family_a,d48404bd5ded91ec,v1,fine_grained_edit,forged,genuine,0,0.008783
family_a_000205_coordinated_full_forgery,family_a,d48404bd5ded91ec,v1,coordinated_full_forgery,forged,genuine,0,0.00695
family_a_000206_visual_splice,family_a,d48404bd5ded91ec,v1,visual_splice,forged,forged,0,0.999321
family_a_000207_visual_splice,family_a,d48404bd5ded91ec,v1,visual_splice,forged,forged,0,0.999418
family_a_000208_visual_splice,family_a,d48404bd5ded91ec,v1,visual_splice,forged,forged,0,0.999324
family_a_000242_genuine,family_a,c6c2e84243c492ad,v1,genuine,genuine,genuine,4,0.001421
family_a_000243_text_qr_mismatch,family_a,c6c2e84243c492ad,v1,text_qr_mismatch,forged,genuine,4,0.003521
family_a_000244_qr_only_mismatch,family_a,c6c2e84243c492ad,v1,qr_only_mismatch,forged,genuine,4,0.00046
family_a_000245_checksum_invalid,family_a,c6c2e84243c492ad,v1,checksum_invalid,forged,genuine,4,0.00339
family_a_000246_format_invalid,family_a,c6c2e84243c492ad,v1,format_invalid,forged,genuine,4,0.000102
family_a_000247_field_missing,family_a,c6c2e84243c492ad,v1,field_missing,forged,genuine,4,0.003418
family_a_000248_fine_grained_edit,family_a,c6c2e84243c492ad,v1,fine_grained_edit,forged,genuine,4,0.003858
family_a_000249_coordinated_full_forgery,family_a,c6c2e84243c492ad,v1,coordinated_full_forgery,forged,genuine,4,0.278943
family_a_000250_visual_splice,family_a,c6c2e84243c492ad,v1,visual_splice,forged,forged,4,0.999642
family_a_000251_visual_splice,family_a,c6c2e84243c492ad,v1,visual_splice,forged,forged,4,0.000818
family_a_000252_visual_splice,family_a,c6c2e84243c492ad,v1,visual_splice,forged,forged,4,0.999279
family_a_000253_genuine,family_a,fe1f43994c8d068b,v2,genuine,genuine,genuine,3,0.007584
family_a_000254_text_qr_mismatch,family_a,fe1f43994c8d068b,v2,text_qr_mismatch,forged,genuine,3,0.004083
family_a_000255_qr_only_mismatch,family_a,fe1f43994c8d068b,v2,qr_only_mismatch,forged,genuine,3,0.006726
family_a_000256_checksum_invalid,family_a,fe1f43994c8d068b,v2,checksum_invalid,forged,genuine,3,0.027909
family_a_000257_format_invalid,family_a,fe1f43994c8d068b,v2,format_invalid,forged,genuine,3,0.002006
family_a_000258_field_missing,family_a,fe1f43994c8d068b,v2,field_missing,forged,genuine,3,0.002126
family_a_000259_fine_grained_edit,family_a,fe1f43994c8d068b,v2,fine_grained_edit,forged,genuine,3,0.00149
family_a_000260_coordinated_full_forgery,family_a,fe1f43994c8d068b,v2,coordinated_full_forgery,forged,genuine,3,0.00885
family_a_000261_visual_splice,family_a,fe1f43994c8d068b,v2,visual_splice,forged,forged,3,0.0353
family_a_000262_visual_splice,family_a,fe1f43994c8d068b,v2,visual_splice,forged,forged,3,0.999916
family_a_000263_visual_splice,family_a,fe1f43994c8d068b,v2,visual_splice,forged,forged,3,0.999922
family_a_000264_genuine,family_a,a624989dfadd4b88,v1,genuine,genuine,genuine,3,0.437723
family_a_000265_text_qr_mismatch,family_a,a624989dfadd4b88,v1,text_qr_mismatch,forged,genuine,3,0.231364
family_a_000266_qr_only_mismatch,family_a,a624989dfadd4b88,v1,qr_only_mismatch,forged,genuine,3,0.20954
family_a_000267_checksum_invalid,family_a,a624989dfadd4b88,v1,checksum_invalid,forged,genuine,3,0.185764
family_a_000268_format_invalid,family_a,a624989dfadd4b88,v1,format_invalid,forged,genuine,3,0.018158
family_a_000269_field_missing,family_a,a624989dfadd4b88,v1,field_missing,forged,genuine,3,0.04259
family_a_000270_fine_grained_edit,family_a,a624989dfadd4b88,v1,fine_grained_edit,forged,genuine,3,0.296761
family_a_000271_coordinated_full_forgery,family_a,a624989dfadd4b88,v1,coordinated_full_forgery,forged,genuine,3,0.002282
family_a_000272_visual_splice,family_a,a624989dfadd4b88,v1,visual_splice,forged,forged,3,0.999976
family_a_000273_visual_splice,family_a,a624989dfadd4b88,v1,visual_splice,forged,forged,3,0.999885
family_a_000274_visual_splice,family_a,a624989dfadd4b88,v1,visual_splice,forged,forged,3,0.548561
family_a_000275_genuine,family_a,62a08165a306a348,v2,genuine,genuine,genuine,2,0.007489
family_a_000276_text_qr_mismatch,family_a,62a08165a306a348,v2,text_qr_mismatch,forged,genuine,2,0.009412
family_a_000277_qr_only_mismatch,family_a,62a08165a306a348,v2,qr_only_mismatch,forged,genuine,2,0.005503
family_a_000278_checksum_invalid,family_a,62a08165a306a348,v2,checksum_invalid,forged,genuine,2,0.005712
family_a_000279_format_invalid,family_a,62a08165a306a348,v2,format_invalid,forged,genuine,2,0.002259
family_a_000280_field_missing,family_a,62a08165a306a348,v2,field_missing,forged,genuine,2,0.00133
family_a_000281_fine_grained_edit,family_a,62a08165a306a348,v2,fine_grained_edit,forged,genuine,2,0.001248
family_a_000282_coordinated_full_forgery,family_a,62a08165a306a348,v2,coordinated_full_forgery,forged,genuine,2,0.020281
family_a_000283_visual_splice,family_a,62a08165a306a348,v2,visual_splice,forged,forged,2,0.999825
family_a_000284_visual_splice,family_a,62a08165a306a348,v2,visual_splice,forged,forged,2,0.999114
family_a_000285_visual_splice,family_a,62a08165a306a348,v2,visual_splice,forged,forged,2,0.999985
family_a_000286_genuine,family_a,3fac27e49a34cfc4,v2,genuine,genuine,genuine,0,0.153458
family_a_000287_text_qr_mismatch,family_a,3fac27e49a34cfc4,v2,text_qr_mismatch,forged,genuine,0,0.103716
family_a_000288_qr_only_mismatch,family_a,3fac27e49a34cfc4,v2,qr_only_mismatch,forged,genuine,0,0.081463
family_a_000289_checksum_invalid,family_a,3fac27e49a34cfc4,v2,checksum_invalid,forged,genuine,0,0.156653
family_a_000290_format_invalid,family_a,3fac27e49a34cfc4,v2,format_invalid,forged,genuine,0,0.042011
family_a_000291_field_missing,family_a,3fac27e49a34cfc4,v2,field_missing,forged,genuine,0,0.040361
family_a_000292_fine_grained_edit,family_a,3fac27e49a34cfc4,v2,fine_grained_edit,forged,genuine,0,0.137467
family_a_000293_coordinated_full_forgery,family_a,3fac27e49a34cfc4,v2,coordinated_full_forgery,forged,genuine,0,0.010811
family_a_000294_visual_splice,family_a,3fac27e49a34cfc4,v2,visual_splice,forged,forged,0,0.999938
family_a_000295_visual_splice,family_a,3fac27e49a34cfc4,v2,visual_splice,forged,forged,0,0.999912
family_a_000296_visual_splice,family_a,3fac27e49a34cfc4,v2,visual_splice,forged,forged,0,0.999978
family_a_000297_genuine,family_a,b0c2ca5c2b4ea50e,v2,genuine,genuine,genuine,3,0.001385
family_a_000298_text_qr_mismatch,family_a,b0c2ca5c2b4ea50e,v2,text_qr_mismatch,forged,genuine,3,0.001507
family_a_000299_qr_only_mismatch,family_a,b0c2ca5c2b4ea50e,v2,qr_only_mismatch,forged,genuine,3,0.000414
family_a_000300_checksum_invalid,family_a,b0c2ca5c2b4ea50e,v2,checksum_invalid,forged,genuine,3,0.00094
family_a_000301_format_invalid,family_a,b0c2ca5c2b4ea50e,v2,format_invalid,forged,genuine,3,3.4e-05
family_a_000302_field_missing,family_a,b0c2ca5c2b4ea50e,v2,field_missing,forged,genuine,3,0.000178
family_a_000303_fine_grained_edit,family_a,b0c2ca5c2b4ea50e,v2,fine_grained_edit,forged,genuine,3,0.000175
family_a_000304_coordinated_full_forgery,family_a,b0c2ca5c2b4ea50e,v2,coordinated_full_forgery,forged,genuine,3,0.142192
family_a_000305_visual_splice,family_a,b0c2ca5c2b4ea50e,v2,visual_splice,forged,forged,3,0.999358
family_a_000306_visual_splice,family_a,b0c2ca5c2b4ea50e,v2,visual_splice,forged,forged,3,0.996098
family_a_000307_visual_splice,family_a,b0c2ca5c2b4ea50e,v2,visual_splice,forged,forged,3,0.996984
family_a_000308_genuine,family_a,d2e8d6d2eff7770e,v1,genuine,genuine,genuine,2,0.750953
family_a_000309_text_qr_mismatch,family_a,d2e8d6d2eff7770e,v1,text_qr_mismatch,forged,genuine,2,0.909005
family_a_000310_qr_only_mismatch,family_a,d2e8d6d2eff7770e,v1,qr_only_mismatch,forged,genuine,2,0.741289
family_a_000311_checksum_invalid,family_a,d2e8d6d2eff7770e,v1,checksum_invalid,forged,genuine,2,0.817788
family_a_000312_format_invalid,family_a,d2e8d6d2eff7770e,v1,format_invalid,forged,genuine,2,0.116907
family_a_000313_field_missing,family_a,d2e8d6d2eff7770e,v1,field_missing,forged,genuine,2,0.25652
family_a_000314_fine_grained_edit,family_a,d2e8d6d2eff7770e,v1,fine_grained_edit,forged,genuine,2,0.852201
family_a_000315_coordinated_full_forgery,family_a,d2e8d6d2eff7770e,v1,coordinated_full_forgery,forged,genuine,2,0.867622
family_a_000316_visual_splice,family_a,d2e8d6d2eff7770e,v1,visual_splice,forged,forged,2,0.999935
family_a_000317_visual_splice,family_a,d2e8d6d2eff7770e,v1,visual_splice,forged,forged,2,0.999979
family_a_000318_visual_splice,family_a,d2e8d6d2eff7770e,v1,visual_splice,forged,forged,2,0.656441
family_a_000319_genuine,family_a,fadde977322ea99f,v2,genuine,genuine,genuine,1,0.077266
family_a_000320_text_qr_mismatch,family_a,fadde977322ea99f,v2,text_qr_mismatch,forged,genuine,1,0.107363
family_a_000321_qr_only_mismatch,family_a,fadde977322ea99f,v2,qr_only_mismatch,forged,genuine,1,0.031444
family_a_000322_checksum_invalid,family_a,fadde977322ea99f,v2,checksum_invalid,forged,genuine,1,0.261649
family_a_000323_format_invalid,family_a,fadde977322ea99f,v2,format_invalid,forged,genuine,1,0.003319
family_a_000324_field_missing,family_a,fadde977322ea99f,v2,field_missing,forged,genuine,1,0.003341
family_a_000325_fine_grained_edit,family_a,fadde977322ea99f,v2,fine_grained_edit,forged,genuine,1,0.20571
family_a_000326_coordinated_full_forgery,family_a,fadde977322ea99f,v2,coordinated_full_forgery,forged,genuine,1,0.049277
family_a_000327_visual_splice,family_a,fadde977322ea99f,v2,visual_splice,forged,forged,1,0.256385
family_a_000328_visual_splice,family_a,fadde977322ea99f,v2,visual_splice,forged,forged,1,0.999566
family_a_000329_visual_splice,family_a,fadde977322ea99f,v2,visual_splice,forged,forged,1,0.999093
family_a_000330_genuine,family_a,795d2a708b441373,v1,genuine,genuine,genuine,0,0.179338
family_a_000331_text_qr_mismatch,family_a,795d2a708b441373,v1,text_qr_mismatch,forged,genuine,0,0.150121
family_a_000332_qr_only_mismatch,family_a,795d2a708b441373,v1,qr_only_mismatch,forged,genuine,0,0.235712
family_a_000333_checksum_invalid,family_a,795d2a708b441373,v1,checksum_invalid,forged,genuine,0,0.196196
family_a_000334_format_invalid,family_a,795d2a708b441373,v1,format_invalid,forged,genuine,0,0.00922
family_a_000335_field_missing,family_a,795d2a708b441373,v1,field_missing,forged,genuine,0,0.004929
family_a_000336_fine_grained_edit,family_a,795d2a708b441373,v1,fine_grained_edit,forged,genuine,0,0.321023
family_a_000337_coordinated_full_forgery,family_a,795d2a708b441373,v1,coordinated_full_forgery,forged,genuine,0,0.798632
family_a_000338_visual_splice,family_a,795d2a708b441373,v1,visual_splice,forged,forged,0,0.999915
family_a_000339_visual_splice,family_a,795d2a708b441373,v1,visual_splice,forged,forged,0,0.999932
family_a_000340_visual_splice,family_a,795d2a708b441373,v1,visual_splice,forged,forged,0,0.999974
family_a_000341_genuine,family_a,d676c4d7809e4aff,v2,genuine,genuine,genuine,3,0.012022
family_a_000342_text_qr_mismatch,family_a,d676c4d7809e4aff,v2,text_qr_mismatch,forged,genuine,3,0.01091
family_a_000343_qr_only_mismatch,family_a,d676c4d7809e4aff,v2,qr_only_mismatch,forged,genuine,3,0.024098
family_a_000344_checksum_invalid,family_a,d676c4d7809e4aff,v2,checksum_invalid,forged,genuine,3,0.010903
family_a_000345_format_invalid,family_a,d676c4d7809e4aff,v2,format_invalid,forged,genuine,3,0.001553
family_a_000346_field_missing,family_a,d676c4d7809e4aff,v2,field_missing,forged,genuine,3,0.000298
family_a_000347_fine_grained_edit,family_a,d676c4d7809e4aff,v2,fine_grained_edit,forged,genuine,3,0.006614
family_a_000348_coordinated_full_forgery,family_a,d676c4d7809e4aff,v2,coordinated_full_forgery,forged,genuine,3,0.282849
family_a_000349_visual_splice,family_a,d676c4d7809e4aff,v2,visual_splice,forged,forged,3,0.864055
family_a_000350_visual_splice,family_a,d676c4d7809e4aff,v2,visual_splice,forged,forged,3,0.99886
family_a_000351_visual_splice,family_a,d676c4d7809e4aff,v2,visual_splice,forged,forged,3,0.997733
family_a_000352_genuine,family_a,fdd772a875399971,v1,genuine,genuine,genuine,4,0.5579
family_a_000353_text_qr_mismatch,family_a,fdd772a875399971,v1,text_qr_mismatch,forged,genuine,4,0.055016
family_a_000354_qr_only_mismatch,family_a,fdd772a875399971,v1,qr_only_mismatch,forged,genuine,4,0.626062
family_a_000355_checksum_invalid,family_a,fdd772a875399971,v1,checksum_invalid,forged,genuine,4,0.131387
family_a_000356_format_invalid,family_a,fdd772a875399971,v1,format_invalid,forged,genuine,4,0.107067
family_a_000357_field_missing,family_a,fdd772a875399971,v1,field_missing,forged,genuine,4,0.005878
family_a_000358_fine_grained_edit,family_a,fdd772a875399971,v1,fine_grained_edit,forged,genuine,4,0.034302
family_a_000359_coordinated_full_forgery,family_a,fdd772a875399971,v1,coordinated_full_forgery,forged,genuine,4,0.008029
family_a_000360_visual_splice,family_a,fdd772a875399971,v1,visual_splice,forged,forged,4,0.890065
family_a_000361_visual_splice,family_a,fdd772a875399971,v1,visual_splice,forged,forged,4,0.92362
family_a_000362_visual_splice,family_a,fdd772a875399971,v1,visual_splice,forged,forged,4,0.999653
family_a_000363_genuine,family_a,ffffb4f462569eb4,v1,genuine,genuine,genuine,0,0.007756
family_a_000364_text_qr_mismatch,family_a,ffffb4f462569eb4,v1,text_qr_mismatch,forged,genuine,0,0.001973
family_a_000365_qr_only_mismatch,family_a,ffffb4f462569eb4,v1,qr_only_mismatch,forged,genuine,0,0.00861
family_a_000366_checksum_invalid,family_a,ffffb4f462569eb4,v1,checksum_invalid,forged,genuine,0,0.009707
family_a_000367_format_invalid,family_a,ffffb4f462569eb4,v1,format_invalid,forged,genuine,0,0.00297
family_a_000368_field_missing,family_a,ffffb4f462569eb4,v1,field_missing,forged,genuine,0,0.010029
family_a_000369_fine_grained_edit,family_a,ffffb4f462569eb4,v1,fine_grained_edit,forged,genuine,0,0.006689
family_a_000370_coordinated_full_forgery,family_a,ffffb4f462569eb4,v1,coordinated_full_forgery,forged,genuine,0,0.025837
family_a_000371_visual_splice,family_a,ffffb4f462569eb4,v1,visual_splice,forged,forged,0,0.999821
family_a_000372_visual_splice,family_a,ffffb4f462569eb4,v1,visual_splice,forged,forged,0,0.984824
family_a_000373_visual_splice,family_a,ffffb4f462569eb4,v1,visual_splice,forged,forged,0,0.999398
family_a_000374_genuine,family_a,e8195d8ab6a778da,v2,genuine,genuine,genuine,1,0.000238
family_a_000375_text_qr_mismatch,family_a,e8195d8ab6a778da,v2,text_qr_mismatch,forged,genuine,1,0.000382
family_a_000376_qr_only_mismatch,family_a,e8195d8ab6a778da,v2,qr_only_mismatch,forged,genuine,1,0.000287
family_a_000377_checksum_invalid,family_a,e8195d8ab6a778da,v2,checksum_invalid,forged,genuine,1,0.000172
family_a_000378_format_invalid,family_a,e8195d8ab6a778da,v2,format_invalid,forged,genuine,1,0.000127
family_a_000379_field_missing,family_a,e8195d8ab6a778da,v2,field_missing,forged,genuine,1,7.8e-05
family_a_000380_fine_grained_edit,family_a,e8195d8ab6a778da,v2,fine_grained_edit,forged,genuine,1,0.000216
family_a_000381_coordinated_full_forgery,family_a,e8195d8ab6a778da,v2,coordinated_full_forgery,forged,genuine,1,0.012777
family_a_000382_visual_splice,family_a,e8195d8ab6a778da,v2,visual_splice,forged,forged,1,0.996496
family_a_000383_visual_splice,family_a,e8195d8ab6a778da,v2,visual_splice,forged,forged,1,0.999908
family_a_000384_visual_splice,family_a,e8195d8ab6a778da,v2,visual_splice,forged,forged,1,0.999746
family_a_000385_genuine,family_a,8b76ee3c3a00d059,v2,genuine,genuine,genuine,1,0.022486
family_a_000386_text_qr_mismatch,family_a,8b76ee3c3a00d059,v2,text_qr_mismatch,forged,genuine,1,0.008605
family_a_000387_qr_only_mismatch,family_a,8b76ee3c3a00d059,v2,qr_only_mismatch,forged,genuine,1,0.007666
family_a_000388_checksum_invalid,family_a,8b76ee3c3a00d059,v2,checksum_invalid,forged,genuine,1,0.033922
family_a_000389_format_invalid,family_a,8b76ee3c3a00d059,v2,format_invalid,forged,genuine,1,0.000623
family_a_000390_field_missing,family_a,8b76ee3c3a00d059,v2,field_missing,forged,genuine,1,0.000614
family_a_000391_fine_grained_edit,family_a,8b76ee3c3a00d059,v2,fine_grained_edit,forged,genuine,1,0.010076
family_a_000392_coordinated_full_forgery,family_a,8b76ee3c3a00d059,v2,coordinated_full_forgery,forged,genuine,1,0.072653
family_a_000393_visual_splice,family_a,8b76ee3c3a00d059,v2,visual_splice,forged,forged,1,0.997391
family_a_000394_visual_splice,family_a,8b76ee3c3a00d059,v2,visual_splice,forged,forged,1,0.999746
family_a_000395_visual_splice,family_a,8b76ee3c3a00d059,v2,visual_splice,forged,forged,1,0.999914
family_a_000396_genuine,family_a,a2711910967c7d89,v2,genuine,genuine,genuine,2,0.069059
family_a_000397_text_qr_mismatch,family_a,a2711910967c7d89,v2,text_qr_mismatch,forged,genuine,2,0.055429
family_a_000398_qr_only_mismatch,family_a,a2711910967c7d89,v2,qr_only_mismatch,forged,genuine,2,0.055108
family_a_000399_checksum_invalid,family_a,a2711910967c7d89,v2,checksum_invalid,forged,genuine,2,0.042137
family_a_000400_format_invalid,family_a,a2711910967c7d89,v2,format_invalid,forged,genuine,2,0.007423
family_a_000401_field_missing,family_a,a2711910967c7d89,v2,field_missing,forged,genuine,2,0.002692
family_a_000402_fine_grained_edit,family_a,a2711910967c7d89,v2,fine_grained_edit,forged,genuine,2,0.040791
family_a_000403_coordinated_full_forgery,family_a,a2711910967c7d89,v2,coordinated_full_forgery,forged,genuine,2,0.112861
family_a_000404_visual_splice,family_a,a2711910967c7d89,v2,visual_splice,forged,forged,2,0.999976
family_a_000405_visual_splice,family_a,a2711910967c7d89,v2,visual_splice,forged,forged,2,0.999932
family_a_000406_visual_splice,family_a,a2711910967c7d89,v2,visual_splice,forged,forged,2,0.99955
family_a_000451_genuine,family_a,4435542c5f6923a0,v2,genuine,genuine,genuine,2,0.005559
family_a_000452_text_qr_mismatch,family_a,4435542c5f6923a0,v2,text_qr_mismatch,forged,genuine,2,0.029119
family_a_000453_qr_only_mismatch,family_a,4435542c5f6923a0,v2,qr_only_mismatch,forged,genuine,2,0.005522
family_a_000454_checksum_invalid,family_a,4435542c5f6923a0,v2,checksum_invalid,forged,genuine,2,0.003418
family_a_000455_format_invalid,family_a,4435542c5f6923a0,v2,format_invalid,forged,genuine,2,0.000809
family_a_000456_field_missing,family_a,4435542c5f6923a0,v2,field_missing,forged,genuine,2,0.000206
family_a_000457_fine_grained_edit,family_a,4435542c5f6923a0,v2,fine_grained_edit,forged,genuine,2,0.011968
family_a_000458_coordinated_full_forgery,family_a,4435542c5f6923a0,v2,coordinated_full_forgery,forged,genuine,2,0.002585
family_a_000459_visual_splice,family_a,4435542c5f6923a0,v2,visual_splice,forged,forged,2,0.976747
family_a_000460_visual_splice,family_a,4435542c5f6923a0,v2,visual_splice,forged,forged,2,0.999956
family_a_000461_visual_splice,family_a,4435542c5f6923a0,v2,visual_splice,forged,forged,2,0.999992
family_a_000462_genuine,family_a,65dddbf22424971a,v2,genuine,genuine,genuine,2,0.004916
family_a_000463_text_qr_mismatch,family_a,65dddbf22424971a,v2,text_qr_mismatch,forged,genuine,2,0.011604
family_a_000464_qr_only_mismatch,family_a,65dddbf22424971a,v2,qr_only_mismatch,forged,genuine,2,0.004821
family_a_000465_checksum_invalid,family_a,65dddbf22424971a,v2,checksum_invalid,forged,genuine,2,0.006317
family_a_000466_format_invalid,family_a,65dddbf22424971a,v2,format_invalid,forged,genuine,2,0.000711
family_a_000467_field_missing,family_a,65dddbf22424971a,v2,field_missing,forged,genuine,2,0.000275
family_a_000468_fine_grained_edit,family_a,65dddbf22424971a,v2,fine_grained_edit,forged,genuine,2,0.00101
family_a_000469_coordinated_full_forgery,family_a,65dddbf22424971a,v2,coordinated_full_forgery,forged,genuine,2,0.025428
family_a_000470_visual_splice,family_a,65dddbf22424971a,v2,visual_splice,forged,forged,2,0.999608
family_a_000471_visual_splice,family_a,65dddbf22424971a,v2,visual_splice,forged,forged,2,0.043043
family_a_000472_visual_splice,family_a,65dddbf22424971a,v2,visual_splice,forged,forged,2,0.999149
family_a_000495_genuine,family_a,75cfc7b07fa864c2,v2,genuine,genuine,genuine,3,0.002187
family_a_000496_text_qr_mismatch,family_a,75cfc7b07fa864c2,v2,text_qr_mismatch,forged,genuine,3,0.002733
family_a_000497_qr_only_mismatch,family_a,75cfc7b07fa864c2,v2,qr_only_mismatch,forged,genuine,3,0.01149
family_a_000498_checksum_invalid,family_a,75cfc7b07fa864c2,v2,checksum_invalid,forged,genuine,3,0.005047
family_a_000499_format_invalid,family_a,75cfc7b07fa864c2,v2,format_invalid,forged,genuine,3,0.000181
family_a_000500_field_missing,family_a,75cfc7b07fa864c2,v2,field_missing,forged,genuine,3,7.8e-05
family_a_000501_fine_grained_edit,family_a,75cfc7b07fa864c2,v2,fine_grained_edit,forged,genuine,3,0.040452
family_a_000502_coordinated_full_forgery,family_a,75cfc7b07fa864c2,v2,coordinated_full_forgery,forged,genuine,3,0.00888
family_a_000503_visual_splice,family_a,75cfc7b07fa864c2,v2,visual_splice,forged,forged,3,0.999858
family_a_000504_visual_splice,family_a,75cfc7b07fa864c2,v2,visual_splice,forged,forged,3,0.99988
family_a_000505_visual_splice,family_a,75cfc7b07fa864c2,v2,visual_splice,forged,forged,3,0.999122
family_a_000517_genuine,family_a,e86e1cd0407e5465,v1,genuine,genuine,genuine,0,0.00097
family_a_000518_text_qr_mismatch,family_a,e86e1cd0407e5465,v1,text_qr_mismatch,forged,genuine,0,0.00135
family_a_000519_qr_only_mismatch,family_a,e86e1cd0407e5465,v1,qr_only_mismatch,forged,genuine,0,0.001362
family_a_000520_checksum_invalid,family_a,e86e1cd0407e5465,v1,checksum_invalid,forged,genuine,0,0.000963
family_a_000521_format_invalid,family_a,e86e1cd0407e5465,v1,format_invalid,forged,genuine,0,0.000304
family_a_000522_field_missing,family_a,e86e1cd0407e5465,v1,field_missing,forged,genuine,0,0.001218
family_a_000523_fine_grained_edit,family_a,e86e1cd0407e5465,v1,fine_grained_edit,forged,genuine,0,0.001575
family_a_000524_coordinated_full_forgery,family_a,e86e1cd0407e5465,v1,coordinated_full_forgery,forged,genuine,0,0.002996
family_a_000525_visual_splice,family_a,e86e1cd0407e5465,v1,visual_splice,forged,forged,0,0.005481
family_a_000526_visual_splice,family_a,e86e1cd0407e5465,v1,visual_splice,forged,forged,0,0.369941
family_a_000527_visual_splice,family_a,e86e1cd0407e5465,v1,visual_splice,forged,forged,0,0.998967
family_a_000528_genuine,family_a,3d4ad6be137ba5c5,v1,genuine,genuine,genuine,2,0.582432
family_a_000529_text_qr_mismatch,family_a,3d4ad6be137ba5c5,v1,text_qr_mismatch,forged,genuine,2,0.228668
family_a_000530_qr_only_mismatch,family_a,3d4ad6be137ba5c5,v1,qr_only_mismatch,forged,genuine,2,0.642426
family_a_000531_checksum_invalid,family_a,3d4ad6be137ba5c5,v1,checksum_invalid,forged,genuine,2,0.934637
family_a_000532_format_invalid,family_a,3d4ad6be137ba5c5,v1,format_invalid,forged,genuine,2,0.242555
family_a_000533_field_missing,family_a,3d4ad6be137ba5c5,v1,field_missing,forged,genuine,2,0.087535
family_a_000534_fine_grained_edit,family_a,3d4ad6be137ba5c5,v1,fine_grained_edit,forged,genuine,2,0.912971
family_a_000535_coordinated_full_forgery,family_a,3d4ad6be137ba5c5,v1,coordinated_full_forgery,forged,genuine,2,0.015287
family_a_000536_visual_splice,family_a,3d4ad6be137ba5c5,v1,visual_splice,forged,forged,2,0.999912
family_a_000537_visual_splice,family_a,3d4ad6be137ba5c5,v1,visual_splice,forged,forged,2,0.999989
family_a_000538_visual_splice,family_a,3d4ad6be137ba5c5,v1,visual_splice,forged,forged,2,0.99997
family_a_000539_genuine,family_a,c859cb994efd477b,v2,genuine,genuine,genuine,4,0.016027
family_a_000540_text_qr_mismatch,family_a,c859cb994efd477b,v2,text_qr_mismatch,forged,genuine,4,0.021742
family_a_000541_qr_only_mismatch,family_a,c859cb994efd477b,v2,qr_only_mismatch,forged,genuine,4,0.010186
family_a_000542_checksum_invalid,family_a,c859cb994efd477b,v2,checksum_invalid,forged,genuine,4,0.002389
family_a_000543_format_invalid,family_a,c859cb994efd477b,v2,format_invalid,forged,genuine,4,0.000873
family_a_000544_field_missing,family_a,c859cb994efd477b,v2,field_missing,forged,genuine,4,0.005959
family_a_000545_fine_grained_edit,family_a,c859cb994efd477b,v2,fine_grained_edit,forged,genuine,4,0.004048
family_a_000546_coordinated_full_forgery,family_a,c859cb994efd477b,v2,coordinated_full_forgery,forged,genuine,4,0.541449
family_a_000547_visual_splice,family_a,c859cb994efd477b,v2,visual_splice,forged,forged,4,0.987931
family_a_000548_visual_splice,family_a,c859cb994efd477b,v2,visual_splice,forged,forged,4,0.206878
family_a_000549_visual_splice,family_a,c859cb994efd477b,v2,visual_splice,forged,forged,4,0.999951
family_a_000550_genuine,family_a,6ecff36bc275bc82,v1,genuine,genuine,genuine,1,0.049796
family_a_000551_text_qr_mismatch,family_a,6ecff36bc275bc82,v1,text_qr_mismatch,forged,genuine,1,0.17101
family_a_000552_qr_only_mismatch,family_a,6ecff36bc275bc82,v1,qr_only_mismatch,forged,genuine,1,0.066227
family_a_000553_checksum_invalid,family_a,6ecff36bc275bc82,v1,checksum_invalid,forged,genuine,1,0.019598
family_a_000554_format_invalid,family_a,6ecff36bc275bc82,v1,format_invalid,forged,genuine,1,0.00203
family_a_000555_field_missing,family_a,6ecff36bc275bc82,v1,field_missing,forged,genuine,1,0.004639
family_a_000556_fine_grained_edit,family_a,6ecff36bc275bc82,v1,fine_grained_edit,forged,genuine,1,0.053849
family_a_000557_coordinated_full_forgery,family_a,6ecff36bc275bc82,v1,coordinated_full_forgery,forged,genuine,1,0.112567
family_a_000558_visual_splice,family_a,6ecff36bc275bc82,v1,visual_splice,forged,forged,1,0.999636
family_a_000559_visual_splice,family_a,6ecff36bc275bc82,v1,visual_splice,forged,forged,1,0.999671
family_a_000560_visual_splice,family_a,6ecff36bc275bc82,v1,visual_splice,forged,forged,1,0.999741
family_a_000561_genuine,family_a,d5c24a76d0a5e8ef,v1,genuine,genuine,genuine,0,0.017987
family_a_000562_text_qr_mismatch,family_a,d5c24a76d0a5e8ef,v1,text_qr_mismatch,forged,genuine,0,0.051051
family_a_000563_qr_only_mismatch,family_a,d5c24a76d0a5e8ef,v1,qr_only_mismatch,forged,genuine,0,0.032134
family_a_000564_checksum_invalid,family_a,d5c24a76d0a5e8ef,v1,checksum_invalid,forged,genuine,0,0.015363
family_a_000565_format_invalid,family_a,d5c24a76d0a5e8ef,v1,format_invalid,forged,genuine,0,0.001747
family_a_000566_field_missing,family_a,d5c24a76d0a5e8ef,v1,field_missing,forged,genuine,0,0.001465
family_a_000567_fine_grained_edit,family_a,d5c24a76d0a5e8ef,v1,fine_grained_edit,forged,genuine,0,0.003532
family_a_000568_coordinated_full_forgery,family_a,d5c24a76d0a5e8ef,v1,coordinated_full_forgery,forged,genuine,0,0.005802
family_a_000569_visual_splice,family_a,d5c24a76d0a5e8ef,v1,visual_splice,forged,forged,0,0.015724
family_a_000570_visual_splice,family_a,d5c24a76d0a5e8ef,v1,visual_splice,forged,forged,0,0.996453
family_a_000571_visual_splice,family_a,d5c24a76d0a5e8ef,v1,visual_splice,forged,forged,0,0.99991
family_a_000583_genuine,family_a,8bf36e809986b1d1,v2,genuine,genuine,genuine,1,0.047162
family_a_000584_text_qr_mismatch,family_a,8bf36e809986b1d1,v2,text_qr_mismatch,forged,genuine,1,0.028071
family_a_000585_qr_only_mismatch,family_a,8bf36e809986b1d1,v2,qr_only_mismatch,forged,genuine,1,0.045217
family_a_000586_checksum_invalid,family_a,8bf36e809986b1d1,v2,checksum_invalid,forged,genuine,1,0.129566
family_a_000587_format_invalid,family_a,8bf36e809986b1d1,v2,format_invalid,forged,genuine,1,0.002596
family_a_000588_field_missing,family_a,8bf36e809986b1d1,v2,field_missing,forged,genuine,1,0.009589
family_a_000589_fine_grained_edit,family_a,8bf36e809986b1d1,v2,fine_grained_edit,forged,genuine,1,0.009274
family_a_000590_coordinated_full_forgery,family_a,8bf36e809986b1d1,v2,coordinated_full_forgery,forged,genuine,1,0.005566
family_a_000591_visual_splice,family_a,8bf36e809986b1d1,v2,visual_splice,forged,forged,1,0.999727
family_a_000592_visual_splice,family_a,8bf36e809986b1d1,v2,visual_splice,forged,forged,1,0.999457
family_a_000593_visual_splice,family_a,8bf36e809986b1d1,v2,visual_splice,forged,forged,1,0.032265
family_a_000605_genuine,family_a,b33615c34f017e7d,v2,genuine,genuine,genuine,0,0.292734
family_a_000606_text_qr_mismatch,family_a,b33615c34f017e7d,v2,text_qr_mismatch,forged,genuine,0,0.436362
family_a_000607_qr_only_mismatch,family_a,b33615c34f017e7d,v2,qr_only_mismatch,forged,genuine,0,0.600506
family_a_000608_checksum_invalid,family_a,b33615c34f017e7d,v2,checksum_invalid,forged,genuine,0,0.513426
family_a_000609_format_invalid,family_a,b33615c34f017e7d,v2,format_invalid,forged,genuine,0,0.064998
family_a_000610_field_missing,family_a,b33615c34f017e7d,v2,field_missing,forged,genuine,0,0.044296
family_a_000611_fine_grained_edit,family_a,b33615c34f017e7d,v2,fine_grained_edit,forged,genuine,0,0.53216
family_a_000612_coordinated_full_forgery,family_a,b33615c34f017e7d,v2,coordinated_full_forgery,forged,genuine,0,0.002159
family_a_000613_visual_splice,family_a,b33615c34f017e7d,v2,visual_splice,forged,forged,0,0.999849
family_a_000614_visual_splice,family_a,b33615c34f017e7d,v2,visual_splice,forged,forged,0,0.99996
family_a_000615_visual_splice,family_a,b33615c34f017e7d,v2,visual_splice,forged,forged,0,0.999978
family_a_000616_genuine,family_a,75a9a45b441f482a,v1,genuine,genuine,genuine,0,0.110161
family_a_000617_text_qr_mismatch,family_a,75a9a45b441f482a,v1,text_qr_mismatch,forged,genuine,0,0.157883
family_a_000618_qr_only_mismatch,family_a,75a9a45b441f482a,v1,qr_only_mismatch,forged,genuine,0,0.192338
family_a_000619_checksum_invalid,family_a,75a9a45b441f482a,v1,checksum_invalid,forged,genuine,0,0.085911
family_a_000620_format_invalid,family_a,75a9a45b441f482a,v1,format_invalid,forged,genuine,0,0.008758
family_a_000621_field_missing,family_a,75a9a45b441f482a,v1,field_missing,forged,genuine,0,0.004336
family_a_000622_fine_grained_edit,family_a,75a9a45b441f482a,v1,fine_grained_edit,forged,genuine,0,0.135328
family_a_000623_coordinated_full_forgery,family_a,75a9a45b441f482a,v1,coordinated_full_forgery,forged,genuine,0,0.000639
family_a_000624_visual_splice,family_a,75a9a45b441f482a,v1,visual_splice,forged,forged,0,0.90553
family_a_000625_visual_splice,family_a,75a9a45b441f482a,v1,visual_splice,forged,forged,0,0.999789
family_a_000626_visual_splice,family_a,75a9a45b441f482a,v1,visual_splice,forged,forged,0,0.999962
family_a_000660_genuine,family_a,72ca212bf3602f0e,v1,genuine,genuine,genuine,0,0.004854
family_a_000661_text_qr_mismatch,family_a,72ca212bf3602f0e,v1,text_qr_mismatch,forged,genuine,0,0.010306
family_a_000662_qr_only_mismatch,family_a,72ca212bf3602f0e,v1,qr_only_mismatch,forged,genuine,0,0.005112
family_a_000663_checksum_invalid,family_a,72ca212bf3602f0e,v1,checksum_invalid,forged,genuine,0,0.009361
family_a_000664_format_invalid,family_a,72ca212bf3602f0e,v1,format_invalid,forged,genuine,0,0.000667
family_a_000665_field_missing,family_a,72ca212bf3602f0e,v1,field_missing,forged,genuine,0,0.001348
family_a_000666_fine_grained_edit,family_a,72ca212bf3602f0e,v1,fine_grained_edit,forged,genuine,0,0.004572
family_a_000667_coordinated_full_forgery,family_a,72ca212bf3602f0e,v1,coordinated_full_forgery,forged,genuine,0,0.005003
family_a_000668_visual_splice,family_a,72ca212bf3602f0e,v1,visual_splice,forged,forged,0,0.999903
family_a_000669_visual_splice,family_a,72ca212bf3602f0e,v1,visual_splice,forged,forged,0,0.999732
family_a_000670_visual_splice,family_a,72ca212bf3602f0e,v1,visual_splice,forged,forged,0,0.589276
family_a_000682_genuine,family_a,14d5f90c2f98028f,v1,genuine,genuine,genuine,3,0.033975
family_a_000683_text_qr_mismatch,family_a,14d5f90c2f98028f,v1,text_qr_mismatch,forged,genuine,3,0.000572
family_a_000684_qr_only_mismatch,family_a,14d5f90c2f98028f,v1,qr_only_mismatch,forged,genuine,3,0.065923
family_a_000685_checksum_invalid,family_a,14d5f90c2f98028f,v1,checksum_invalid,forged,genuine,3,0.168957
family_a_000686_format_invalid,family_a,14d5f90c2f98028f,v1,format_invalid,forged,genuine,3,0.00094
family_a_000687_field_missing,family_a,14d5f90c2f98028f,v1,field_missing,forged,genuine,3,0.00192
family_a_000688_fine_grained_edit,family_a,14d5f90c2f98028f,v1,fine_grained_edit,forged,genuine,3,0.042884
family_a_000689_coordinated_full_forgery,family_a,14d5f90c2f98028f,v1,coordinated_full_forgery,forged,genuine,3,0.004385
family_a_000690_visual_splice,family_a,14d5f90c2f98028f,v1,visual_splice,forged,forged,3,0.999905
family_a_000691_visual_splice,family_a,14d5f90c2f98028f,v1,visual_splice,forged,forged,3,0.99868
family_a_000692_visual_splice,family_a,14d5f90c2f98028f,v1,visual_splice,forged,forged,3,0.99947
family_a_000693_genuine,family_a,99d86e12fc5ab026,v1,genuine,genuine,genuine,4,0.003519
family_a_000694_text_qr_mismatch,family_a,99d86e12fc5ab026,v1,text_qr_mismatch,forged,genuine,4,0.025066
family_a_000695_qr_only_mismatch,family_a,99d86e12fc5ab026,v1,qr_only_mismatch,forged,genuine,4,0.004426
family_a_000696_checksum_invalid,family_a,99d86e12fc5ab026,v1,checksum_invalid,forged,genuine,4,0.005239
family_a_000697_format_invalid,family_a,99d86e12fc5ab026,v1,format_invalid,forged,genuine,4,0.000198
family_a_000698_field_missing,family_a,99d86e12fc5ab026,v1,field_missing,forged,genuine,4,0.001222
family_a_000699_fine_grained_edit,family_a,99d86e12fc5ab026,v1,fine_grained_edit,forged,genuine,4,0.003472
family_a_000700_coordinated_full_forgery,family_a,99d86e12fc5ab026,v1,coordinated_full_forgery,forged,genuine,4,0.702956
family_a_000701_visual_splice,family_a,99d86e12fc5ab026,v1,visual_splice,forged,forged,4,0.999899
family_a_000702_visual_splice,family_a,99d86e12fc5ab026,v1,visual_splice,forged,forged,4,0.009434
family_a_000703_visual_splice,family_a,99d86e12fc5ab026,v1,visual_splice,forged,forged,4,0.999848
family_a_000704_genuine,family_a,4b8253eb3c589d48,v1,genuine,genuine,genuine,2,0.023823
family_a_000705_text_qr_mismatch,family_a,4b8253eb3c589d48,v1,text_qr_mismatch,forged,genuine,2,0.006333
family_a_000706_qr_only_mismatch,family_a,4b8253eb3c589d48,v1,qr_only_mismatch,forged,genuine,2,0.016652
family_a_000707_checksum_invalid,family_a,4b8253eb3c589d48,v1,checksum_invalid,forged,genuine,2,0.020126
family_a_000708_format_invalid,family_a,4b8253eb3c589d48,v1,format_invalid,forged,genuine,2,0.001348
family_a_000709_field_missing,family_a,4b8253eb3c589d48,v1,field_missing,forged,genuine,2,0.001161
family_a_000710_fine_grained_edit,family_a,4b8253eb3c589d48,v1,fine_grained_edit,forged,genuine,2,0.022797
family_a_000711_coordinated_full_forgery,family_a,4b8253eb3c589d48,v1,coordinated_full_forgery,forged,genuine,2,0.033703
family_a_000712_visual_splice,family_a,4b8253eb3c589d48,v1,visual_splice,forged,forged,2,0.99963
family_a_000713_visual_splice,family_a,4b8253eb3c589d48,v1,visual_splice,forged,forged,2,0.999944
family_a_000714_visual_splice,family_a,4b8253eb3c589d48,v1,visual_splice,forged,forged,2,0.999974
family_a_000715_genuine,family_a,74b585b7a5e7b18e,v2,genuine,genuine,genuine,4,0.006754
family_a_000716_text_qr_mismatch,family_a,74b585b7a5e7b18e,v2,text_qr_mismatch,forged,genuine,4,0.009328
family_a_000717_qr_only_mismatch,family_a,74b585b7a5e7b18e,v2,qr_only_mismatch,forged,genuine,4,0.00201
family_a_000718_checksum_invalid,family_a,74b585b7a5e7b18e,v2,checksum_invalid,forged,genuine,4,0.014354
family_a_000719_format_invalid,family_a,74b585b7a5e7b18e,v2,format_invalid,forged,genuine,4,0.000548
family_a_000720_field_missing,family_a,74b585b7a5e7b18e,v2,field_missing,forged,genuine,4,0.007036
family_a_000721_fine_grained_edit,family_a,74b585b7a5e7b18e,v2,fine_grained_edit,forged,genuine,4,0.00358
family_a_000722_coordinated_full_forgery,family_a,74b585b7a5e7b18e,v2,coordinated_full_forgery,forged,genuine,4,0.010325
family_a_000723_visual_splice,family_a,74b585b7a5e7b18e,v2,visual_splice,forged,forged,4,0.95961
family_a_000724_visual_splice,family_a,74b585b7a5e7b18e,v2,visual_splice,forged,forged,4,0.012053
family_a_000725_visual_splice,family_a,74b585b7a5e7b18e,v2,visual_splice,forged,forged,4,0.96897
family_a_000726_genuine,family_a,e4929fe7587b424d,v1,genuine,genuine,genuine,1,0.003304
family_a_000727_text_qr_mismatch,family_a,e4929fe7587b424d,v1,text_qr_mismatch,forged,genuine,1,0.002481
family_a_000728_qr_only_mismatch,family_a,e4929fe7587b424d,v1,qr_only_mismatch,forged,genuine,1,0.001658
family_a_000729_checksum_invalid,family_a,e4929fe7587b424d,v1,checksum_invalid,forged,genuine,1,0.006401
family_a_000730_format_invalid,family_a,e4929fe7587b424d,v1,format_invalid,forged,genuine,1,0.000364
family_a_000731_field_missing,family_a,e4929fe7587b424d,v1,field_missing,forged,genuine,1,0.006631
family_a_000732_fine_grained_edit,family_a,e4929fe7587b424d,v1,fine_grained_edit,forged,genuine,1,0.001794
family_a_000733_coordinated_full_forgery,family_a,e4929fe7587b424d,v1,coordinated_full_forgery,forged,genuine,1,0.002412
family_a_000734_visual_splice,family_a,e4929fe7587b424d,v1,visual_splice,forged,forged,1,0.999378
family_a_000735_visual_splice,family_a,e4929fe7587b424d,v1,visual_splice,forged,forged,1,0.99733
family_a_000736_visual_splice,family_a,e4929fe7587b424d,v1,visual_splice,forged,forged,1,0.998284
family_a_000737_genuine,family_a,63e1d34ea97f463c,v1,genuine,genuine,genuine,4,0.110637
family_a_000738_text_qr_mismatch,family_a,63e1d34ea97f463c,v1,text_qr_mismatch,forged,genuine,4,0.052062
family_a_000739_qr_only_mismatch,family_a,63e1d34ea97f463c,v1,qr_only_mismatch,forged,genuine,4,0.003155
family_a_000740_checksum_invalid,family_a,63e1d34ea97f463c,v1,checksum_invalid,forged,genuine,4,0.007745
family_a_000741_format_invalid,family_a,63e1d34ea97f463c,v1,format_invalid,forged,genuine,4,0.003628
family_a_000742_field_missing,family_a,63e1d34ea97f463c,v1,field_missing,forged,genuine,4,0.001561
family_a_000743_fine_grained_edit,family_a,63e1d34ea97f463c,v1,fine_grained_edit,forged,genuine,4,0.010384
family_a_000744_coordinated_full_forgery,family_a,63e1d34ea97f463c,v1,coordinated_full_forgery,forged,genuine,4,0.001348
family_a_000745_visual_splice,family_a,63e1d34ea97f463c,v1,visual_splice,forged,forged,4,0.999802
family_a_000746_visual_splice,family_a,63e1d34ea97f463c,v1,visual_splice,forged,forged,4,0.999949
family_a_000747_visual_splice,family_a,63e1d34ea97f463c,v1,visual_splice,forged,forged,4,0.99981
family_a_000814_genuine,family_a,03074d7304de3a91,v1,genuine,genuine,genuine,0,0.130289
family_a_000815_text_qr_mismatch,family_a,03074d7304de3a91,v1,text_qr_mismatch,forged,genuine,0,0.011704
family_a_000816_qr_only_mismatch,family_a,03074d7304de3a91,v1,qr_only_mismatch,forged,genuine,0,0.062021
family_a_000817_checksum_invalid,family_a,03074d7304de3a91,v1,checksum_invalid,forged,genuine,0,0.413249
family_a_000818_format_invalid,family_a,03074d7304de3a91,v1,format_invalid,forged,genuine,0,0.015687
family_a_000819_field_missing,family_a,03074d7304de3a91,v1,field_missing,forged,genuine,0,0.00738
family_a_000820_fine_grained_edit,family_a,03074d7304de3a91,v1,fine_grained_edit,forged,genuine,0,0.01953
family_a_000821_coordinated_full_forgery,family_a,03074d7304de3a91,v1,coordinated_full_forgery,forged,genuine,0,0.393159
family_a_000822_visual_splice,family_a,03074d7304de3a91,v1,visual_splice,forged,forged,0,0.988008
family_a_000823_visual_splice,family_a,03074d7304de3a91,v1,visual_splice,forged,forged,0,0.999961
family_a_000824_visual_splice,family_a,03074d7304de3a91,v1,visual_splice,forged,forged,0,0.997406
family_a_000836_genuine,family_a,06da340c851367e3,v1,genuine,genuine,genuine,3,0.717467
family_a_000837_text_qr_mismatch,family_a,06da340c851367e3,v1,text_qr_mismatch,forged,genuine,3,0.877901
family_a_000838_qr_only_mismatch,family_a,06da340c851367e3,v1,qr_only_mismatch,forged,genuine,3,0.912223
family_a_000839_checksum_invalid,family_a,06da340c851367e3,v1,checksum_invalid,forged,genuine,3,0.677455
family_a_000840_format_invalid,family_a,06da340c851367e3,v1,format_invalid,forged,genuine,3,0.076052
family_a_000841_field_missing,family_a,06da340c851367e3,v1,field_missing,forged,genuine,3,0.115908
family_a_000842_fine_grained_edit,family_a,06da340c851367e3,v1,fine_grained_edit,forged,genuine,3,0.908306
family_a_000843_coordinated_full_forgery,family_a,06da340c851367e3,v1,coordinated_full_forgery,forged,genuine,3,0.006993
family_a_000844_visual_splice,family_a,06da340c851367e3,v1,visual_splice,forged,forged,3,0.99998
family_a_000845_visual_splice,family_a,06da340c851367e3,v1,visual_splice,forged,forged,3,0.999795
family_a_000846_visual_splice,family_a,06da340c851367e3,v1,visual_splice,forged,forged,3,0.860326
family_a_000847_genuine,family_a,e1327e578481492f,v1,genuine,genuine,genuine,3,0.385879
family_a_000848_text_qr_mismatch,family_a,e1327e578481492f,v1,text_qr_mismatch,forged,genuine,3,0.410689
family_a_000849_qr_only_mismatch,family_a,e1327e578481492f,v1,qr_only_mismatch,forged,genuine,3,0.262643
family_a_000850_checksum_invalid,family_a,e1327e578481492f,v1,checksum_invalid,forged,genuine,3,0.418636
family_a_000851_format_invalid,family_a,e1327e578481492f,v1,format_invalid,forged,genuine,3,0.188871
family_a_000852_field_missing,family_a,e1327e578481492f,v1,field_missing,forged,genuine,3,0.023381
family_a_000853_fine_grained_edit,family_a,e1327e578481492f,v1,fine_grained_edit,forged,genuine,3,0.047712
family_a_000854_coordinated_full_forgery,family_a,e1327e578481492f,v1,coordinated_full_forgery,forged,genuine,3,0.139356
family_a_000855_visual_splice,family_a,e1327e578481492f,v1,visual_splice,forged,forged,3,0.997699
family_a_000856_visual_splice,family_a,e1327e578481492f,v1,visual_splice,forged,forged,3,0.999007
family_a_000857_visual_splice,family_a,e1327e578481492f,v1,visual_splice,forged,forged,3,0.999996
family_a_000858_genuine,family_a,52f5eff814445b54,v1,genuine,genuine,genuine,2,0.00275
family_a_000859_text_qr_mismatch,family_a,52f5eff814445b54,v1,text_qr_mismatch,forged,genuine,2,0.009796
family_a_000860_qr_only_mismatch,family_a,52f5eff814445b54,v1,qr_only_mismatch,forged,genuine,2,0.005953
family_a_000861_checksum_invalid,family_a,52f5eff814445b54,v1,checksum_invalid,forged,genuine,2,0.002284
family_a_000862_format_invalid,family_a,52f5eff814445b54,v1,format_invalid,forged,genuine,2,0.000268
family_a_000863_field_missing,family_a,52f5eff814445b54,v1,field_missing,forged,genuine,2,0.000323
family_a_000864_fine_grained_edit,family_a,52f5eff814445b54,v1,fine_grained_edit,forged,genuine,2,0.002679
family_a_000865_coordinated_full_forgery,family_a,52f5eff814445b54,v1,coordinated_full_forgery,forged,genuine,2,0.001859
family_a_000866_visual_splice,family_a,52f5eff814445b54,v1,visual_splice,forged,forged,2,0.999379
family_a_000867_visual_splice,family_a,52f5eff814445b54,v1,visual_splice,forged,forged,2,0.998428
family_a_000868_visual_splice,family_a,52f5eff814445b54,v1,visual_splice,forged,forged,2,0.999411
family_a_000869_genuine,family_a,5d45d4dc6a2a0807,v1,genuine,genuine,genuine,0,0.007309
family_a_000870_text_qr_mismatch,family_a,5d45d4dc6a2a0807,v1,text_qr_mismatch,forged,genuine,0,0.011657
family_a_000871_qr_only_mismatch,family_a,5d45d4dc6a2a0807,v1,qr_only_mismatch,forged,genuine,0,0.005021
family_a_000872_checksum_invalid,family_a,5d45d4dc6a2a0807,v1,checksum_invalid,forged,genuine,0,0.00686
family_a_000873_format_invalid,family_a,5d45d4dc6a2a0807,v1,format_invalid,forged,genuine,0,0.000763
family_a_000874_field_missing,family_a,5d45d4dc6a2a0807,v1,field_missing,forged,genuine,0,0.003347
family_a_000875_fine_grained_edit,family_a,5d45d4dc6a2a0807,v1,fine_grained_edit,forged,genuine,0,0.007711
family_a_000876_coordinated_full_forgery,family_a,5d45d4dc6a2a0807,v1,coordinated_full_forgery,forged,genuine,0,0.025456
family_a_000877_visual_splice,family_a,5d45d4dc6a2a0807,v1,visual_splice,forged,forged,0,0.999972
family_a_000878_visual_splice,family_a,5d45d4dc6a2a0807,v1,visual_splice,forged,forged,0,0.999638
family_a_000879_visual_splice,family_a,5d45d4dc6a2a0807,v1,visual_splice,forged,forged,0,0.012738
family_a_000880_genuine,family_a,0a2a6567af096d6f,v1,genuine,genuine,genuine,4,0.033788
family_a_000881_text_qr_mismatch,family_a,0a2a6567af096d6f,v1,text_qr_mismatch,forged,genuine,4,0.050536
family_a_000882_qr_only_mismatch,family_a,0a2a6567af096d6f,v1,qr_only_mismatch,forged,genuine,4,0.088502
family_a_000883_checksum_invalid,family_a,0a2a6567af096d6f,v1,checksum_invalid,forged,genuine,4,0.198372
family_a_000884_format_invalid,family_a,0a2a6567af096d6f,v1,format_invalid,forged,genuine,4,0.001078
family_a_000885_field_missing,family_a,0a2a6567af096d6f,v1,field_missing,forged,genuine,4,0.011111
family_a_000886_fine_grained_edit,family_a,0a2a6567af096d6f,v1,fine_grained_edit,forged,genuine,4,0.006828
family_a_000887_coordinated_full_forgery,family_a,0a2a6567af096d6f,v1,coordinated_full_forgery,forged,genuine,4,0.744812
family_a_000888_visual_splice,family_a,0a2a6567af096d6f,v1,visual_splice,forged,forged,4,0.999927
family_a_000889_visual_splice,family_a,0a2a6567af096d6f,v1,visual_splice,forged,forged,4,0.999973
family_a_000890_visual_splice,family_a,0a2a6567af096d6f,v1,visual_splice,forged,forged,4,0.999563
family_a_000891_genuine,family_a,0c1c5ff81cf0e6bf,v2,genuine,genuine,genuine,2,0.084878
family_a_000892_text_qr_mismatch,family_a,0c1c5ff81cf0e6bf,v2,text_qr_mismatch,forged,genuine,2,0.00716
family_a_000893_qr_only_mismatch,family_a,0c1c5ff81cf0e6bf,v2,qr_only_mismatch,forged,genuine,2,0.08345
family_a_000894_checksum_invalid,family_a,0c1c5ff81cf0e6bf,v2,checksum_invalid,forged,genuine,2,0.155583
family_a_000895_format_invalid,family_a,0c1c5ff81cf0e6bf,v2,format_invalid,forged,genuine,2,0.004239
family_a_000896_field_missing,family_a,0c1c5ff81cf0e6bf,v2,field_missing,forged,genuine,2,0.013285
family_a_000897_fine_grained_edit,family_a,0c1c5ff81cf0e6bf,v2,fine_grained_edit,forged,genuine,2,0.112749
family_a_000898_coordinated_full_forgery,family_a,0c1c5ff81cf0e6bf,v2,coordinated_full_forgery,forged,genuine,2,0.016722
family_a_000899_visual_splice,family_a,0c1c5ff81cf0e6bf,v2,visual_splice,forged,forged,2,0.885569
family_a_000900_visual_splice,family_a,0c1c5ff81cf0e6bf,v2,visual_splice,forged,forged,2,0.989326
family_a_000901_visual_splice,family_a,0c1c5ff81cf0e6bf,v2,visual_splice,forged,forged,2,0.999699
family_a_000902_genuine,family_a,56a8b6af40ea5282,v1,genuine,genuine,genuine,3,0.374463
family_a_000903_text_qr_mismatch,family_a,56a8b6af40ea5282,v1,text_qr_mismatch,forged,genuine,3,0.033056
family_a_000904_qr_only_mismatch,family_a,56a8b6af40ea5282,v1,qr_only_mismatch,forged,genuine,3,0.0875
family_a_000905_checksum_invalid,family_a,56a8b6af40ea5282,v1,checksum_invalid,forged,genuine,3,0.166671
family_a_000906_format_invalid,family_a,56a8b6af40ea5282,v1,format_invalid,forged,genuine,3,0.003655
family_a_000907_field_missing,family_a,56a8b6af40ea5282,v1,field_missing,forged,genuine,3,0.0249
family_a_000908_fine_grained_edit,family_a,56a8b6af40ea5282,v1,fine_grained_edit,forged,genuine,3,0.335987
family_a_000909_coordinated_full_forgery,family_a,56a8b6af40ea5282,v1,coordinated_full_forgery,forged,genuine,3,0.068823
family_a_000910_visual_splice,family_a,56a8b6af40ea5282,v1,visual_splice,forged,forged,3,0.999968
family_a_000911_visual_splice,family_a,56a8b6af40ea5282,v1,visual_splice,forged,forged,3,0.999985
family_a_000912_visual_splice,family_a,56a8b6af40ea5282,v1,visual_splice,forged,forged,3,0.999928
family_a_000913_genuine,family_a,27aaa5ee91480431,v2,genuine,genuine,genuine,1,0.077127
family_a_000914_text_qr_mismatch,family_a,27aaa5ee91480431,v2,text_qr_mismatch,forged,genuine,1,0.03471
family_a_000915_qr_only_mismatch,family_a,27aaa5ee91480431,v2,qr_only_mismatch,forged,genuine,1,0.048595
family_a_000916_checksum_invalid,family_a,27aaa5ee91480431,v2,checksum_invalid,forged,genuine,1,0.107629
family_a_000917_format_invalid,family_a,27aaa5ee91480431,v2,format_invalid,forged,genuine,1,0.004675
family_a_000918_field_missing,family_a,27aaa5ee91480431,v2,field_missing,forged,genuine,1,0.003622
family_a_000919_fine_grained_edit,family_a,27aaa5ee91480431,v2,fine_grained_edit,forged,genuine,1,0.059143
family_a_000920_coordinated_full_forgery,family_a,27aaa5ee91480431,v2,coordinated_full_forgery,forged,genuine,1,0.058595
family_a_000921_visual_splice,family_a,27aaa5ee91480431,v2,visual_splice,forged,forged,1,0.999854
family_a_000922_visual_splice,family_a,27aaa5ee91480431,v2,visual_splice,forged,forged,1,0.99904
family_a_000923_visual_splice,family_a,27aaa5ee91480431,v2,visual_splice,forged,forged,1,0.176339
family_a_000924_genuine,family_a,5b85cc00e67c8120,v2,genuine,genuine,genuine,0,0.016366
family_a_000925_text_qr_mismatch,family_a,5b85cc00e67c8120,v2,text_qr_mismatch,forged,genuine,0,0.052941
family_a_000926_qr_only_mismatch,family_a,5b85cc00e67c8120,v2,qr_only_mismatch,forged,genuine,0,0.043829
family_a_000927_checksum_invalid,family_a,5b85cc00e67c8120,v2,checksum_invalid,forged,genuine,0,0.041614
family_a_000928_format_invalid,family_a,5b85cc00e67c8120,v2,format_invalid,forged,genuine,0,0.003865
family_a_000929_field_missing,family_a,5b85cc00e67c8120,v2,field_missing,forged,genuine,0,0.002834
family_a_000930_fine_grained_edit,family_a,5b85cc00e67c8120,v2,fine_grained_edit,forged,genuine,0,0.057614
family_a_000931_coordinated_full_forgery,family_a,5b85cc00e67c8120,v2,coordinated_full_forgery,forged,genuine,0,0.013406
family_a_000932_visual_splice,family_a,5b85cc00e67c8120,v2,visual_splice,forged,forged,0,0.944024
family_a_000933_visual_splice,family_a,5b85cc00e67c8120,v2,visual_splice,forged,forged,0,0.999809
family_a_000934_visual_splice,family_a,5b85cc00e67c8120,v2,visual_splice,forged,forged,0,0.999921
family_a_000935_genuine,family_a,3a9507ec6e40642f,v1,genuine,genuine,genuine,0,0.003853
family_a_000936_text_qr_mismatch,family_a,3a9507ec6e40642f,v1,text_qr_mismatch,forged,genuine,0,0.005122
family_a_000937_qr_only_mismatch,family_a,3a9507ec6e40642f,v1,qr_only_mismatch,forged,genuine,0,0.007238
family_a_000938_checksum_invalid,family_a,3a9507ec6e40642f,v1,checksum_invalid,forged,genuine,0,0.005485
family_a_000939_format_invalid,family_a,3a9507ec6e40642f,v1,format_invalid,forged,genuine,0,0.000952
family_a_000940_field_missing,family_a,3a9507ec6e40642f,v1,field_missing,forged,genuine,0,0.000873
family_a_000941_fine_grained_edit,family_a,3a9507ec6e40642f,v1,fine_grained_edit,forged,genuine,0,0.006785
family_a_000942_coordinated_full_forgery,family_a,3a9507ec6e40642f,v1,coordinated_full_forgery,forged,genuine,0,0.062025
family_a_000943_visual_splice,family_a,3a9507ec6e40642f,v1,visual_splice,forged,forged,0,0.93674
family_a_000944_visual_splice,family_a,3a9507ec6e40642f,v1,visual_splice,forged,forged,0,0.162692
family_a_000945_visual_splice,family_a,3a9507ec6e40642f,v1,visual_splice,forged,forged,0,0.999794
family_a_000946_genuine,family_a,a461b88b9c30cdd2,v1,genuine,genuine,genuine,1,0.00307
family_a_000947_text_qr_mismatch,family_a,a461b88b9c30cdd2,v1,text_qr_mismatch,forged,genuine,1,0.013326
family_a_000948_qr_only_mismatch,family_a,a461b88b9c30cdd2,v1,qr_only_mismatch,forged,genuine,1,0.002833
family_a_000949_checksum_invalid,family_a,a461b88b9c30cdd2,v1,checksum_invalid,forged,genuine,1,0.003716
family_a_000950_format_invalid,family_a,a461b88b9c30cdd2,v1,format_invalid,forged,genuine,1,0.000383
family_a_000951_field_missing,family_a,a461b88b9c30cdd2,v1,field_missing,forged,genuine,1,0.000226
family_a_000952_fine_grained_edit,family_a,a461b88b9c30cdd2,v1,fine_grained_edit,forged,genuine,1,0.004062
family_a_000953_coordinated_full_forgery,family_a,a461b88b9c30cdd2,v1,coordinated_full_forgery,forged,genuine,1,0.002274
family_a_000954_visual_splice,family_a,a461b88b9c30cdd2,v1,visual_splice,forged,forged,1,0.999445
family_a_000955_visual_splice,family_a,a461b88b9c30cdd2,v1,visual_splice,forged,forged,1,0.99906
family_a_000956_visual_splice,family_a,a461b88b9c30cdd2,v1,visual_splice,forged,forged,1,0.99988
family_a_000968_genuine,family_a,a57b7cf337e3d371,v1,genuine,genuine,genuine,2,0.049053
family_a_000969_text_qr_mismatch,family_a,a57b7cf337e3d371,v1,text_qr_mismatch,forged,genuine,2,0.0437
family_a_000970_qr_only_mismatch,family_a,a57b7cf337e3d371,v1,qr_only_mismatch,forged,genuine,2,0.027453
family_a_000971_checksum_invalid,family_a,a57b7cf337e3d371,v1,checksum_invalid,forged,genuine,2,0.062021
family_a_000972_format_invalid,family_a,a57b7cf337e3d371,v1,format_invalid,forged,genuine,2,0.005832
family_a_000973_field_missing,family_a,a57b7cf337e3d371,v1,field_missing,forged,genuine,2,0.012651
family_a_000974_fine_grained_edit,family_a,a57b7cf337e3d371,v1,fine_grained_edit,forged,genuine,2,0.019737
family_a_000975_coordinated_full_forgery,family_a,a57b7cf337e3d371,v1,coordinated_full_forgery,forged,genuine,2,0.065068
family_a_000976_visual_splice,family_a,a57b7cf337e3d371,v1,visual_splice,forged,forged,2,0.999982
family_a_000977_visual_splice,family_a,a57b7cf337e3d371,v1,visual_splice,forged,forged,2,0.999982
family_a_000978_visual_splice,family_a,a57b7cf337e3d371,v1,visual_splice,forged,forged,2,0.999797
family_a_000979_genuine,family_a,bb1acac0c0a00206,v1,genuine,genuine,genuine,2,0.082221
family_a_000980_text_qr_mismatch,family_a,bb1acac0c0a00206,v1,text_qr_mismatch,forged,genuine,2,0.071662
family_a_000981_qr_only_mismatch,family_a,bb1acac0c0a00206,v1,qr_only_mismatch,forged,genuine,2,0.059612
family_a_000982_checksum_invalid,family_a,bb1acac0c0a00206,v1,checksum_invalid,forged,genuine,2,0.085306
family_a_000983_format_invalid,family_a,bb1acac0c0a00206,v1,format_invalid,forged,genuine,2,0.005061
family_a_000984_field_missing,family_a,bb1acac0c0a00206,v1,field_missing,forged,genuine,2,0.016877
family_a_000985_fine_grained_edit,family_a,bb1acac0c0a00206,v1,fine_grained_edit,forged,genuine,2,0.138573
family_a_000986_coordinated_full_forgery,family_a,bb1acac0c0a00206,v1,coordinated_full_forgery,forged,genuine,2,0.13366
family_a_000987_visual_splice,family_a,bb1acac0c0a00206,v1,visual_splice,forged,forged,2,0.999793
family_a_000988_visual_splice,family_a,bb1acac0c0a00206,v1,visual_splice,forged,forged,2,0.99969
family_a_000989_visual_splice,family_a,bb1acac0c0a00206,v1,visual_splice,forged,forged,2,0.99987
family_a_001012_genuine,family_a,6df4fa39c66549e3,v1,genuine,genuine,genuine,1,0.003391
family_a_001013_text_qr_mismatch,family_a,6df4fa39c66549e3,v1,text_qr_mismatch,forged,genuine,1,0.001443
family_a_001014_qr_only_mismatch,family_a,6df4fa39c66549e3,v1,qr_only_mismatch,forged,genuine,1,0.007864
family_a_001015_checksum_invalid,family_a,6df4fa39c66549e3,v1,checksum_invalid,forged,genuine,1,0.003454
family_a_001016_format_invalid,family_a,6df4fa39c66549e3,v1,format_invalid,forged,genuine,1,0.000247
family_a_001017_field_missing,family_a,6df4fa39c66549e3,v1,field_missing,forged,genuine,1,9.3e-05
family_a_001018_fine_grained_edit,family_a,6df4fa39c66549e3,v1,fine_grained_edit,forged,genuine,1,0.001916
family_a_001019_coordinated_full_forgery,family_a,6df4fa39c66549e3,v1,coordinated_full_forgery,forged,genuine,1,0.051145
family_a_001020_visual_splice,family_a,6df4fa39c66549e3,v1,visual_splice,forged,forged,1,0.152926
family_a_001021_visual_splice,family_a,6df4fa39c66549e3,v1,visual_splice,forged,forged,1,0.9994
family_a_001022_visual_splice,family_a,6df4fa39c66549e3,v1,visual_splice,forged,forged,1,0.977175
family_a_001023_genuine,family_a,57e295cd89ae6271,v1,genuine,genuine,genuine,0,0.376911
family_a_001024_text_qr_mismatch,family_a,57e295cd89ae6271,v1,text_qr_mismatch,forged,genuine,0,0.045576
family_a_001025_qr_only_mismatch,family_a,57e295cd89ae6271,v1,qr_only_mismatch,forged,genuine,0,0.442294
family_a_001026_checksum_invalid,family_a,57e295cd89ae6271,v1,checksum_invalid,forged,genuine,0,0.67837
family_a_001027_format_invalid,family_a,57e295cd89ae6271,v1,format_invalid,forged,genuine,0,0.055575
family_a_001028_field_missing,family_a,57e295cd89ae6271,v1,field_missing,forged,genuine,0,0.247259
family_a_001029_fine_grained_edit,family_a,57e295cd89ae6271,v1,fine_grained_edit,forged,genuine,0,0.071514
family_a_001030_coordinated_full_forgery,family_a,57e295cd89ae6271,v1,coordinated_full_forgery,forged,genuine,0,0.026635
family_a_001031_visual_splice,family_a,57e295cd89ae6271,v1,visual_splice,forged,forged,0,0.999916
family_a_001032_visual_splice,family_a,57e295cd89ae6271,v1,visual_splice,forged,forged,0,0.997535
family_a_001033_visual_splice,family_a,57e295cd89ae6271,v1,visual_splice,forged,forged,0,0.999949
family_a_001034_genuine,family_a,99c104c375576130,v2,genuine,genuine,genuine,0,0.006262
family_a_001035_text_qr_mismatch,family_a,99c104c375576130,v2,text_qr_mismatch,forged,genuine,0,0.016627
family_a_001036_qr_only_mismatch,family_a,99c104c375576130,v2,qr_only_mismatch,forged,genuine,0,0.004024
family_a_001037_checksum_invalid,family_a,99c104c375576130,v2,checksum_invalid,forged,genuine,0,0.004468
family_a_001038_format_invalid,family_a,99c104c375576130,v2,format_invalid,forged,genuine,0,0.00053
family_a_001039_field_missing,family_a,99c104c375576130,v2,field_missing,forged,genuine,0,0.001485
family_a_001040_fine_grained_edit,family_a,99c104c375576130,v2,fine_grained_edit,forged,genuine,0,0.007926
family_a_001041_coordinated_full_forgery,family_a,99c104c375576130,v2,coordinated_full_forgery,forged,genuine,0,0.012253
family_a_001042_visual_splice,family_a,99c104c375576130,v2,visual_splice,forged,forged,0,0.986234
family_a_001043_visual_splice,family_a,99c104c375576130,v2,visual_splice,forged,forged,0,0.995674
family_a_001044_visual_splice,family_a,99c104c375576130,v2,visual_splice,forged,forged,0,0.997522
family_a_001045_genuine,family_a,978a9ec20950eeca,v2,genuine,genuine,genuine,3,0.190852
family_a_001046_text_qr_mismatch,family_a,978a9ec20950eeca,v2,text_qr_mismatch,forged,genuine,3,0.381334
family_a_001047_qr_only_mismatch,family_a,978a9ec20950eeca,v2,qr_only_mismatch,forged,genuine,3,0.220706
family_a_001048_checksum_invalid,family_a,978a9ec20950eeca,v2,checksum_invalid,forged,genuine,3,0.258581
family_a_001049_format_invalid,family_a,978a9ec20950eeca,v2,format_invalid,forged,genuine,3,0.0083
family_a_001050_field_missing,family_a,978a9ec20950eeca,v2,field_missing,forged,genuine,3,0.025948
family_a_001051_fine_grained_edit,family_a,978a9ec20950eeca,v2,fine_grained_edit,forged,genuine,3,0.068363
family_a_001052_coordinated_full_forgery,family_a,978a9ec20950eeca,v2,coordinated_full_forgery,forged,genuine,3,0.169725
family_a_001053_visual_splice,family_a,978a9ec20950eeca,v2,visual_splice,forged,forged,3,0.99985
family_a_001054_visual_splice,family_a,978a9ec20950eeca,v2,visual_splice,forged,forged,3,0.999823
family_a_001055_visual_splice,family_a,978a9ec20950eeca,v2,visual_splice,forged,forged,3,0.999406
family_a_001056_genuine,family_a,aa7b53bbc1fdb516,v2,genuine,genuine,genuine,4,0.004877
family_a_001057_text_qr_mismatch,family_a,aa7b53bbc1fdb516,v2,text_qr_mismatch,forged,genuine,4,0.004293
family_a_001058_qr_only_mismatch,family_a,aa7b53bbc1fdb516,v2,qr_only_mismatch,forged,genuine,4,0.00913
family_a_001059_checksum_invalid,family_a,aa7b53bbc1fdb516,v2,checksum_invalid,forged,genuine,4,0.002635
family_a_001060_format_invalid,family_a,aa7b53bbc1fdb516,v2,format_invalid,forged,genuine,4,0.000131
family_a_001061_field_missing,family_a,aa7b53bbc1fdb516,v2,field_missing,forged,genuine,4,0.004541
family_a_001062_fine_grained_edit,family_a,aa7b53bbc1fdb516,v2,fine_grained_edit,forged,genuine,4,0.00293
family_a_001063_coordinated_full_forgery,family_a,aa7b53bbc1fdb516,v2,coordinated_full_forgery,forged,genuine,4,0.499921
family_a_001064_visual_splice,family_a,aa7b53bbc1fdb516,v2,visual_splice,forged,forged,4,0.993848
family_a_001065_visual_splice,family_a,aa7b53bbc1fdb516,v2,visual_splice,forged,forged,4,0.959595
family_a_001066_visual_splice,family_a,aa7b53bbc1fdb516,v2,visual_splice,forged,forged,4,0.997878
family_a_001067_genuine,family_a,eb0604b33eab7a8a,v2,genuine,genuine,genuine,0,0.016596
family_a_001068_text_qr_mismatch,family_a,eb0604b33eab7a8a,v2,text_qr_mismatch,forged,genuine,0,0.145058
family_a_001069_qr_only_mismatch,family_a,eb0604b33eab7a8a,v2,qr_only_mismatch,forged,genuine,0,0.012956
family_a_001070_checksum_invalid,family_a,eb0604b33eab7a8a,v2,checksum_invalid,forged,genuine,0,0.016922
family_a_001071_format_invalid,family_a,eb0604b33eab7a8a,v2,format_invalid,forged,genuine,0,0.001892
family_a_001072_field_missing,family_a,eb0604b33eab7a8a,v2,field_missing,forged,genuine,0,0.000449
family_a_001073_fine_grained_edit,family_a,eb0604b33eab7a8a,v2,fine_grained_edit,forged,genuine,0,0.018178
family_a_001074_coordinated_full_forgery,family_a,eb0604b33eab7a8a,v2,coordinated_full_forgery,forged,genuine,0,0.02167
family_a_001075_visual_splice,family_a,eb0604b33eab7a8a,v2,visual_splice,forged,forged,0,0.010231
family_a_001076_visual_splice,family_a,eb0604b33eab7a8a,v2,visual_splice,forged,forged,0,0.01882
family_a_001077_visual_splice,family_a,eb0604b33eab7a8a,v2,visual_splice,forged,forged,0,0.99893
family_a_001089_genuine,family_a,f211b4b96444ff4c,v1,genuine,genuine,genuine,2,0.043298
family_a_001090_text_qr_mismatch,family_a,f211b4b96444ff4c,v1,text_qr_mismatch,forged,genuine,2,0.048312
family_a_001091_qr_only_mismatch,family_a,f211b4b96444ff4c,v1,qr_only_mismatch,forged,genuine,2,0.029015
family_a_001092_checksum_invalid,family_a,f211b4b96444ff4c,v1,checksum_invalid,forged,genuine,2,0.040737
family_a_001093_format_invalid,family_a,f211b4b96444ff4c,v1,format_invalid,forged,genuine,2,0.000406
family_a_001094_field_missing,family_a,f211b4b96444ff4c,v1,field_missing,forged,genuine,2,0.001996
family_a_001095_fine_grained_edit,family_a,f211b4b96444ff4c,v1,fine_grained_edit,forged,genuine,2,0.026788
family_a_001096_coordinated_full_forgery,family_a,f211b4b96444ff4c,v1,coordinated_full_forgery,forged,genuine,2,0.001303
family_a_001097_visual_splice,family_a,f211b4b96444ff4c,v1,visual_splice,forged,forged,2,0.999745
family_a_001098_visual_splice,family_a,f211b4b96444ff4c,v1,visual_splice,forged,forged,2,0.999859
family_a_001099_visual_splice,family_a,f211b4b96444ff4c,v1,visual_splice,forged,forged,2,0.041508
family_a_001100_genuine,family_a,320d6d75ded7b8c5,v1,genuine,genuine,genuine,1,0.001086
family_a_001101_text_qr_mismatch,family_a,320d6d75ded7b8c5,v1,text_qr_mismatch,forged,genuine,1,0.003281
family_a_001102_qr_only_mismatch,family_a,320d6d75ded7b8c5,v1,qr_only_mismatch,forged,genuine,1,0.001295
family_a_001103_checksum_invalid,family_a,320d6d75ded7b8c5,v1,checksum_invalid,forged,genuine,1,0.001479
family_a_001104_format_invalid,family_a,320d6d75ded7b8c5,v1,format_invalid,forged,genuine,1,0.000523
family_a_001105_field_missing,family_a,320d6d75ded7b8c5,v1,field_missing,forged,genuine,1,0.000107
family_a_001106_fine_grained_edit,family_a,320d6d75ded7b8c5,v1,fine_grained_edit,forged,genuine,1,0.001135
family_a_001107_coordinated_full_forgery,family_a,320d6d75ded7b8c5,v1,coordinated_full_forgery,forged,genuine,1,0.025928
family_a_001108_visual_splice,family_a,320d6d75ded7b8c5,v1,visual_splice,forged,forged,1,0.076756
family_a_001109_visual_splice,family_a,320d6d75ded7b8c5,v1,visual_splice,forged,forged,1,0.999559
family_a_001110_visual_splice,family_a,320d6d75ded7b8c5,v1,visual_splice,forged,forged,1,0.999189
family_a_001111_genuine,family_a,f3fdb0dd4973b1c4,v1,genuine,genuine,genuine,3,0.039645
family_a_001112_text_qr_mismatch,family_a,f3fdb0dd4973b1c4,v1,text_qr_mismatch,forged,genuine,3,0.050387
family_a_001113_qr_only_mismatch,family_a,f3fdb0dd4973b1c4,v1,qr_only_mismatch,forged,genuine,3,0.085344
family_a_001114_checksum_invalid,family_a,f3fdb0dd4973b1c4,v1,checksum_invalid,forged,genuine,3,0.026851
family_a_001115_format_invalid,family_a,f3fdb0dd4973b1c4,v1,format_invalid,forged,genuine,3,0.00279
family_a_001116_field_missing,family_a,f3fdb0dd4973b1c4,v1,field_missing,forged,genuine,3,0.004476
family_a_001117_fine_grained_edit,family_a,f3fdb0dd4973b1c4,v1,fine_grained_edit,forged,genuine,3,0.011154
family_a_001118_coordinated_full_forgery,family_a,f3fdb0dd4973b1c4,v1,coordinated_full_forgery,forged,genuine,3,0.001483
family_a_001119_visual_splice,family_a,f3fdb0dd4973b1c4,v1,visual_splice,forged,forged,3,0.999166
family_a_001120_visual_splice,family_a,f3fdb0dd4973b1c4,v1,visual_splice,forged,forged,3,0.999886
family_a_001121_visual_splice,family_a,f3fdb0dd4973b1c4,v1,visual_splice,forged,forged,3,0.999635
family_a_001122_genuine,family_a,853efc73da01fb0d,v2,genuine,genuine,genuine,2,0.046112
family_a_001123_text_qr_mismatch,family_a,853efc73da01fb0d,v2,text_qr_mismatch,forged,genuine,2,0.021065
family_a_001124_qr_only_mismatch,family_a,853efc73da01fb0d,v2,qr_only_mismatch,forged,genuine,2,0.014922
family_a_001125_checksum_invalid,family_a,853efc73da01fb0d,v2,checksum_invalid,forged,genuine,2,0.015561
family_a_001126_format_invalid,family_a,853efc73da01fb0d,v2,format_invalid,forged,genuine,2,0.001939
family_a_001127_field_missing,family_a,853efc73da01fb0d,v2,field_missing,forged,genuine,2,0.005068
family_a_001128_fine_grained_edit,family_a,853efc73da01fb0d,v2,fine_grained_edit,forged,genuine,2,0.00313
family_a_001129_coordinated_full_forgery,family_a,853efc73da01fb0d,v2,coordinated_full_forgery,forged,genuine,2,0.036174
family_a_001130_visual_splice,family_a,853efc73da01fb0d,v2,visual_splice,forged,forged,2,0.999957
family_a_001131_visual_splice,family_a,853efc73da01fb0d,v2,visual_splice,forged,forged,2,0.999945
family_a_001132_visual_splice,family_a,853efc73da01fb0d,v2,visual_splice,forged,forged,2,0.943241
family_a_001133_genuine,family_a,14bae5b07cb9cc79,v2,genuine,genuine,genuine,4,0.009033
family_a_001134_text_qr_mismatch,family_a,14bae5b07cb9cc79,v2,text_qr_mismatch,forged,genuine,4,0.014532
family_a_001135_qr_only_mismatch,family_a,14bae5b07cb9cc79,v2,qr_only_mismatch,forged,genuine,4,0.016787
family_a_001136_checksum_invalid,family_a,14bae5b07cb9cc79,v2,checksum_invalid,forged,genuine,4,0.006089
family_a_001137_format_invalid,family_a,14bae5b07cb9cc79,v2,format_invalid,forged,genuine,4,0.000295
family_a_001138_field_missing,family_a,14bae5b07cb9cc79,v2,field_missing,forged,genuine,4,0.0052
family_a_001139_fine_grained_edit,family_a,14bae5b07cb9cc79,v2,fine_grained_edit,forged,genuine,4,0.018402
family_a_001140_coordinated_full_forgery,family_a,14bae5b07cb9cc79,v2,coordinated_full_forgery,forged,genuine,4,0.013418
family_a_001141_visual_splice,family_a,14bae5b07cb9cc79,v2,visual_splice,forged,forged,4,0.315808
family_a_001142_visual_splice,family_a,14bae5b07cb9cc79,v2,visual_splice,forged,forged,4,0.999809
family_a_001143_visual_splice,family_a,14bae5b07cb9cc79,v2,visual_splice,forged,forged,4,0.046982
family_a_001144_genuine,family_a,6717e6221e92610f,v1,genuine,genuine,genuine,3,0.186156
family_a_001145_text_qr_mismatch,family_a,6717e6221e92610f,v1,text_qr_mismatch,forged,genuine,3,0.257353
family_a_001146_qr_only_mismatch,family_a,6717e6221e92610f,v1,qr_only_mismatch,forged,genuine,3,0.175906
family_a_001147_checksum_invalid,family_a,6717e6221e92610f,v1,checksum_invalid,forged,genuine,3,0.265899
family_a_001148_format_invalid,family_a,6717e6221e92610f,v1,format_invalid,forged,genuine,3,0.013964
family_a_001149_field_missing,family_a,6717e6221e92610f,v1,field_missing,forged,genuine,3,0.023038
family_a_001150_fine_grained_edit,family_a,6717e6221e92610f,v1,fine_grained_edit,forged,genuine,3,0.316112
family_a_001151_coordinated_full_forgery,family_a,6717e6221e92610f,v1,coordinated_full_forgery,forged,genuine,3,0.003683
family_a_001152_visual_splice,family_a,6717e6221e92610f,v1,visual_splice,forged,forged,3,0.412051
family_a_001153_visual_splice,family_a,6717e6221e92610f,v1,visual_splice,forged,forged,3,0.999649
family_a_001154_visual_splice,family_a,6717e6221e92610f,v1,visual_splice,forged,forged,3,0.798253
family_a_001155_genuine,family_a,ce38feae14571374,v2,genuine,genuine,genuine,0,0.017208
family_a_001156_text_qr_mismatch,family_a,ce38feae14571374,v2,text_qr_mismatch,forged,genuine,0,0.01455
family_a_001157_qr_only_mismatch,family_a,ce38feae14571374,v2,qr_only_mismatch,forged,genuine,0,0.017919
family_a_001158_checksum_invalid,family_a,ce38feae14571374,v2,checksum_invalid,forged,genuine,0,0.010824
family_a_001159_format_invalid,family_a,ce38feae14571374,v2,format_invalid,forged,genuine,0,0.002291
family_a_001160_field_missing,family_a,ce38feae14571374,v2,field_missing,forged,genuine,0,0.002243
family_a_001161_fine_grained_edit,family_a,ce38feae14571374,v2,fine_grained_edit,forged,genuine,0,0.025436
family_a_001162_coordinated_full_forgery,family_a,ce38feae14571374,v2,coordinated_full_forgery,forged,genuine,0,0.006896
family_a_001163_visual_splice,family_a,ce38feae14571374,v2,visual_splice,forged,forged,0,0.999899
family_a_001164_visual_splice,family_a,ce38feae14571374,v2,visual_splice,forged,forged,0,0.99977
family_a_001165_visual_splice,family_a,ce38feae14571374,v2,visual_splice,forged,forged,0,0.99943
family_a_001166_genuine,family_a,00bedefe16f18a8d,v1,genuine,genuine,genuine,1,0.006942
family_a_001167_text_qr_mismatch,family_a,00bedefe16f18a8d,v1,text_qr_mismatch,forged,genuine,1,0.027137
family_a_001168_qr_only_mismatch,family_a,00bedefe16f18a8d,v1,qr_only_mismatch,forged,genuine,1,0.038298
family_a_001169_checksum_invalid,family_a,00bedefe16f18a8d,v1,checksum_invalid,forged,genuine,1,0.007212
family_a_001170_format_invalid,family_a,00bedefe16f18a8d,v1,format_invalid,forged,genuine,1,0.000868
family_a_001171_field_missing,family_a,00bedefe16f18a8d,v1,field_missing,forged,genuine,1,0.000243
family_a_001172_fine_grained_edit,family_a,00bedefe16f18a8d,v1,fine_grained_edit,forged,genuine,1,0.003561
family_a_001173_coordinated_full_forgery,family_a,00bedefe16f18a8d,v1,coordinated_full_forgery,forged,genuine,1,0.055857
family_a_001174_visual_splice,family_a,00bedefe16f18a8d,v1,visual_splice,forged,forged,1,0.998761
family_a_001175_visual_splice,family_a,00bedefe16f18a8d,v1,visual_splice,forged,forged,1,0.82609
family_a_001176_visual_splice,family_a,00bedefe16f18a8d,v1,visual_splice,forged,forged,1,0.014811
family_a_001188_genuine,family_a,d82b53d0ec021d3d,v1,genuine,genuine,genuine,3,0.015651
family_a_001189_text_qr_mismatch,family_a,d82b53d0ec021d3d,v1,text_qr_mismatch,forged,genuine,3,0.017251
family_a_001190_qr_only_mismatch,family_a,d82b53d0ec021d3d,v1,qr_only_mismatch,forged,genuine,3,0.019379
family_a_001191_checksum_invalid,family_a,d82b53d0ec021d3d,v1,checksum_invalid,forged,genuine,3,0.017263
family_a_001192_format_invalid,family_a,d82b53d0ec021d3d,v1,format_invalid,forged,genuine,3,0.000552
family_a_001193_field_missing,family_a,d82b53d0ec021d3d,v1,field_missing,forged,genuine,3,0.00068
family_a_001194_fine_grained_edit,family_a,d82b53d0ec021d3d,v1,fine_grained_edit,forged,genuine,3,0.010002
family_a_001195_coordinated_full_forgery,family_a,d82b53d0ec021d3d,v1,coordinated_full_forgery,forged,genuine,3,0.001358
family_a_001196_visual_splice,family_a,d82b53d0ec021d3d,v1,visual_splice,forged,forged,3,0.998935
family_a_001197_visual_splice,family_a,d82b53d0ec021d3d,v1,visual_splice,forged,forged,3,0.99807
family_a_001198_visual_splice,family_a,d82b53d0ec021d3d,v1,visual_splice,forged,forged,3,0.999824
family_a_001210_genuine,family_a,74a640f26723986c,v2,genuine,genuine,genuine,1,0.022283
family_a_001211_text_qr_mismatch,family_a,74a640f26723986c,v2,text_qr_mismatch,forged,genuine,1,0.063896
family_a_001212_qr_only_mismatch,family_a,74a640f26723986c,v2,qr_only_mismatch,forged,genuine,1,0.025337
family_a_001213_checksum_invalid,family_a,74a640f26723986c,v2,checksum_invalid,forged,genuine,1,0.0333
family_a_001214_format_invalid,family_a,74a640f26723986c,v2,format_invalid,forged,genuine,1,0.000897
family_a_001215_field_missing,family_a,74a640f26723986c,v2,field_missing,forged,genuine,1,0.000547
family_a_001216_fine_grained_edit,family_a,74a640f26723986c,v2,fine_grained_edit,forged,genuine,1,0.037759
family_a_001217_coordinated_full_forgery,family_a,74a640f26723986c,v2,coordinated_full_forgery,forged,genuine,1,0.016194
family_a_001218_visual_splice,family_a,74a640f26723986c,v2,visual_splice,forged,forged,1,0.999299
family_a_001219_visual_splice,family_a,74a640f26723986c,v2,visual_splice,forged,forged,1,0.999333
family_a_001220_visual_splice,family_a,74a640f26723986c,v2,visual_splice,forged,forged,1,0.999496
family_a_001221_genuine,family_a,ef019f132e82fb3d,v1,genuine,genuine,genuine,3,0.023969
family_a_001222_text_qr_mismatch,family_a,ef019f132e82fb3d,v1,text_qr_mismatch,forged,genuine,3,0.109769
family_a_001223_qr_only_mismatch,family_a,ef019f132e82fb3d,v1,qr_only_mismatch,forged,genuine,3,0.039037
family_a_001224_checksum_invalid,family_a,ef019f132e82fb3d,v1,checksum_invalid,forged,genuine,3,0.005635
family_a_001225_format_invalid,family_a,ef019f132e82fb3d,v1,format_invalid,forged,genuine,3,0.005221
family_a_001226_field_missing,family_a,ef019f132e82fb3d,v1,field_missing,forged,genuine,3,0.01376
family_a_001227_fine_grained_edit,family_a,ef019f132e82fb3d,v1,fine_grained_edit,forged,genuine,3,0.035899
family_a_001228_coordinated_full_forgery,family_a,ef019f132e82fb3d,v1,coordinated_full_forgery,forged,genuine,3,0.006132
family_a_001229_visual_splice,family_a,ef019f132e82fb3d,v1,visual_splice,forged,forged,3,0.99877
family_a_001230_visual_splice,family_a,ef019f132e82fb3d,v1,visual_splice,forged,forged,3,0.939526
family_a_001231_visual_splice,family_a,ef019f132e82fb3d,v1,visual_splice,forged,forged,3,0.999602
family_a_001232_genuine,family_a,d58b0df1bbe97b11,v2,genuine,genuine,genuine,2,0.025522
family_a_001233_text_qr_mismatch,family_a,d58b0df1bbe97b11,v2,text_qr_mismatch,forged,genuine,2,0.048707
family_a_001234_qr_only_mismatch,family_a,d58b0df1bbe97b11,v2,qr_only_mismatch,forged,genuine,2,0.045616
family_a_001235_checksum_invalid,family_a,d58b0df1bbe97b11,v2,checksum_invalid,forged,genuine,2,0.038726
family_a_001236_format_invalid,family_a,d58b0df1bbe97b11,v2,format_invalid,forged,genuine,2,0.008298
family_a_001237_field_missing,family_a,d58b0df1bbe97b11,v2,field_missing,forged,genuine,2,0.004938
family_a_001238_fine_grained_edit,family_a,d58b0df1bbe97b11,v2,fine_grained_edit,forged,genuine,2,0.020166
family_a_001239_coordinated_full_forgery,family_a,d58b0df1bbe97b11,v2,coordinated_full_forgery,forged,genuine,2,0.00032
family_a_001240_visual_splice,family_a,d58b0df1bbe97b11,v2,visual_splice,forged,forged,2,0.999897
family_a_001241_visual_splice,family_a,d58b0df1bbe97b11,v2,visual_splice,forged,forged,2,0.999943
family_a_001242_visual_splice,family_a,d58b0df1bbe97b11,v2,visual_splice,forged,forged,2,0.999823
family_a_001243_genuine,family_a,004882a916ce63e6,v2,genuine,genuine,genuine,4,0.017467
family_a_001244_text_qr_mismatch,family_a,004882a916ce63e6,v2,text_qr_mismatch,forged,genuine,4,0.038606
family_a_001245_qr_only_mismatch,family_a,004882a916ce63e6,v2,qr_only_mismatch,forged,genuine,4,0.026945
family_a_001246_checksum_invalid,family_a,004882a916ce63e6,v2,checksum_invalid,forged,genuine,4,0.016921
family_a_001247_format_invalid,family_a,004882a916ce63e6,v2,format_invalid,forged,genuine,4,0.005491
family_a_001248_field_missing,family_a,004882a916ce63e6,v2,field_missing,forged,genuine,4,0.001206
family_a_001249_fine_grained_edit,family_a,004882a916ce63e6,v2,fine_grained_edit,forged,genuine,4,0.012896
family_a_001250_coordinated_full_forgery,family_a,004882a916ce63e6,v2,coordinated_full_forgery,forged,genuine,4,0.724075
family_a_001251_visual_splice,family_a,004882a916ce63e6,v2,visual_splice,forged,forged,4,0.99943
family_a_001252_visual_splice,family_a,004882a916ce63e6,v2,visual_splice,forged,forged,4,0.999916
family_a_001253_visual_splice,family_a,004882a916ce63e6,v2,visual_splice,forged,forged,4,0.999905
family_a_001254_genuine,family_a,168dac4701bc2d7a,v2,genuine,genuine,genuine,1,0.001288
family_a_001255_text_qr_mismatch,family_a,168dac4701bc2d7a,v2,text_qr_mismatch,forged,genuine,1,0.002247
family_a_001256_qr_only_mismatch,family_a,168dac4701bc2d7a,v2,qr_only_mismatch,forged,genuine,1,0.000972
family_a_001257_checksum_invalid,family_a,168dac4701bc2d7a,v2,checksum_invalid,forged,genuine,1,0.001106
family_a_001258_format_invalid,family_a,168dac4701bc2d7a,v2,format_invalid,forged,genuine,1,0.000231
family_a_001259_field_missing,family_a,168dac4701bc2d7a,v2,field_missing,forged,genuine,1,0.009976
family_a_001260_fine_grained_edit,family_a,168dac4701bc2d7a,v2,fine_grained_edit,forged,genuine,1,0.001443
family_a_001261_coordinated_full_forgery,family_a,168dac4701bc2d7a,v2,coordinated_full_forgery,forged,genuine,1,0.008852
family_a_001262_visual_splice,family_a,168dac4701bc2d7a,v2,visual_splice,forged,forged,1,0.999512
family_a_001263_visual_splice,family_a,168dac4701bc2d7a,v2,visual_splice,forged,forged,1,0.030299
family_a_001264_visual_splice,family_a,168dac4701bc2d7a,v2,visual_splice,forged,forged,1,0.99707
family_a_001265_genuine,family_a,bd22d74df027f345,v2,genuine,genuine,genuine,4,0.000756
family_a_001266_text_qr_mismatch,family_a,bd22d74df027f345,v2,text_qr_mismatch,forged,genuine,4,0.000591
family_a_001267_qr_only_mismatch,family_a,bd22d74df027f345,v2,qr_only_mismatch,forged,genuine,4,0.000541
family_a_001268_checksum_invalid,family_a,bd22d74df027f345,v2,checksum_invalid,forged,genuine,4,0.000299
family_a_001269_format_invalid,family_a,bd22d74df027f345,v2,format_invalid,forged,genuine,4,0.000258
family_a_001270_field_missing,family_a,bd22d74df027f345,v2,field_missing,forged,genuine,4,0.002894
family_a_001271_fine_grained_edit,family_a,bd22d74df027f345,v2,fine_grained_edit,forged,genuine,4,0.000517
family_a_001272_coordinated_full_forgery,family_a,bd22d74df027f345,v2,coordinated_full_forgery,forged,genuine,4,0.017269
family_a_001273_visual_splice,family_a,bd22d74df027f345,v2,visual_splice,forged,forged,4,0.983278
family_a_001274_visual_splice,family_a,bd22d74df027f345,v2,visual_splice,forged,forged,4,0.999089
family_a_001275_visual_splice,family_a,bd22d74df027f345,v2,visual_splice,forged,forged,4,0.890185
family_a_001276_genuine,family_a,60bff87f63b27077,v1,genuine,genuine,genuine,1,0.061562
family_a_001277_text_qr_mismatch,family_a,60bff87f63b27077,v1,text_qr_mismatch,forged,genuine,1,0.010476
family_a_001278_qr_only_mismatch,family_a,60bff87f63b27077,v1,qr_only_mismatch,forged,genuine,1,0.014121
family_a_001279_checksum_invalid,family_a,60bff87f63b27077,v1,checksum_invalid,forged,genuine,1,0.009715
family_a_001280_format_invalid,family_a,60bff87f63b27077,v1,format_invalid,forged,genuine,1,0.000908
family_a_001281_field_missing,family_a,60bff87f63b27077,v1,field_missing,forged,genuine,1,0.004321
family_a_001282_fine_grained_edit,family_a,60bff87f63b27077,v1,fine_grained_edit,forged,genuine,1,0.04185
family_a_001283_coordinated_full_forgery,family_a,60bff87f63b27077,v1,coordinated_full_forgery,forged,genuine,1,0.001031
family_a_001284_visual_splice,family_a,60bff87f63b27077,v1,visual_splice,forged,forged,1,0.996588
family_a_001285_visual_splice,family_a,60bff87f63b27077,v1,visual_splice,forged,forged,1,0.998988
family_a_001286_visual_splice,family_a,60bff87f63b27077,v1,visual_splice,forged,forged,1,0.993206
family_a_001287_genuine,family_a,96e1881bbe580327,v1,genuine,genuine,genuine,3,0.004547
family_a_001288_text_qr_mismatch,family_a,96e1881bbe580327,v1,text_qr_mismatch,forged,genuine,3,0.017847
family_a_001289_qr_only_mismatch,family_a,96e1881bbe580327,v1,qr_only_mismatch,forged,genuine,3,0.002568
family_a_001290_checksum_invalid,family_a,96e1881bbe580327,v1,checksum_invalid,forged,genuine,3,0.015503
family_a_001291_format_invalid,family_a,96e1881bbe580327,v1,format_invalid,forged,genuine,3,0.000182
family_a_001292_field_missing,family_a,96e1881bbe580327,v1,field_missing,forged,genuine,3,0.001406
family_a_001293_fine_grained_edit,family_a,96e1881bbe580327,v1,fine_grained_edit,forged,genuine,3,0.000162
family_a_001294_coordinated_full_forgery,family_a,96e1881bbe580327,v1,coordinated_full_forgery,forged,genuine,3,0.543106
family_a_001295_visual_splice,family_a,96e1881bbe580327,v1,visual_splice,forged,forged,3,0.038399
family_a_001296_visual_splice,family_a,96e1881bbe580327,v1,visual_splice,forged,forged,3,0.999716
family_a_001297_visual_splice,family_a,96e1881bbe580327,v1,visual_splice,forged,forged,3,0.999622
family_a_001298_genuine,family_a,34cc39898758ca8f,v2,genuine,genuine,genuine,1,0.019006
family_a_001299_text_qr_mismatch,family_a,34cc39898758ca8f,v2,text_qr_mismatch,forged,genuine,1,0.007168
family_a_001300_qr_only_mismatch,family_a,34cc39898758ca8f,v2,qr_only_mismatch,forged,genuine,1,0.019471
family_a_001301_checksum_invalid,family_a,34cc39898758ca8f,v2,checksum_invalid,forged,genuine,1,0.014876
family_a_001302_format_invalid,family_a,34cc39898758ca8f,v2,format_invalid,forged,genuine,1,0.001585
family_a_001303_field_missing,family_a,34cc39898758ca8f,v2,field_missing,forged,genuine,1,0.000611
family_a_001304_fine_grained_edit,family_a,34cc39898758ca8f,v2,fine_grained_edit,forged,genuine,1,0.016714
family_a_001305_coordinated_full_forgery,family_a,34cc39898758ca8f,v2,coordinated_full_forgery,forged,genuine,1,0.003096
family_a_001306_visual_splice,family_a,34cc39898758ca8f,v2,visual_splice,forged,forged,1,0.999885
family_a_001307_visual_splice,family_a,34cc39898758ca8f,v2,visual_splice,forged,forged,1,0.998494
family_a_001308_visual_splice,family_a,34cc39898758ca8f,v2,visual_splice,forged,forged,1,0.052647
family_a_001309_genuine,family_a,79b907ac53bdcb2a,v1,genuine,genuine,genuine,4,0.000183
family_a_001310_text_qr_mismatch,family_a,79b907ac53bdcb2a,v1,text_qr_mismatch,forged,genuine,4,0.00109
family_a_001311_qr_only_mismatch,family_a,79b907ac53bdcb2a,v1,qr_only_mismatch,forged,genuine,4,0.000221
family_a_001312_checksum_invalid,family_a,79b907ac53bdcb2a,v1,checksum_invalid,forged,genuine,4,0.000468
family_a_001313_format_invalid,family_a,79b907ac53bdcb2a,v1,format_invalid,forged,genuine,4,8.2e-05
family_a_001314_field_missing,family_a,79b907ac53bdcb2a,v1,field_missing,forged,genuine,4,9.5e-05
family_a_001315_fine_grained_edit,family_a,79b907ac53bdcb2a,v1,fine_grained_edit,forged,genuine,4,0.000619
family_a_001316_coordinated_full_forgery,family_a,79b907ac53bdcb2a,v1,coordinated_full_forgery,forged,genuine,4,0.058204
family_a_001317_visual_splice,family_a,79b907ac53bdcb2a,v1,visual_splice,forged,forged,4,0.998308
family_a_001318_visual_splice,family_a,79b907ac53bdcb2a,v1,visual_splice,forged,forged,4,0.829899
family_a_001319_visual_splice,family_a,79b907ac53bdcb2a,v1,visual_splice,forged,forged,4,0.968785
family_a_001320_genuine,family_a,acdfffc106fc8b64,v1,genuine,genuine,genuine,4,0.106121
family_a_001321_text_qr_mismatch,family_a,acdfffc106fc8b64,v1,text_qr_mismatch,forged,genuine,4,0.002991
family_a_001322_qr_only_mismatch,family_a,acdfffc106fc8b64,v1,qr_only_mismatch,forged,genuine,4,0.085998
family_a_001323_checksum_invalid,family_a,acdfffc106fc8b64,v1,checksum_invalid,forged,genuine,4,0.206205
family_a_001324_format_invalid,family_a,acdfffc106fc8b64,v1,format_invalid,forged,genuine,4,0.010825
family_a_001325_field_missing,family_a,acdfffc106fc8b64,v1,field_missing,forged,genuine,4,0.001852
family_a_001326_fine_grained_edit,family_a,acdfffc106fc8b64,v1,fine_grained_edit,forged,genuine,4,0.028072
family_a_001327_coordinated_full_forgery,family_a,acdfffc106fc8b64,v1,coordinated_full_forgery,forged,genuine,4,0.000347
family_a_001328_visual_splice,family_a,acdfffc106fc8b64,v1,visual_splice,forged,forged,4,0.174149
family_a_001329_visual_splice,family_a,acdfffc106fc8b64,v1,visual_splice,forged,forged,4,0.999855
family_a_001330_visual_splice,family_a,acdfffc106fc8b64,v1,visual_splice,forged,forged,4,0.997057
family_a_001375_genuine,family_a,e1b7142b0b7abcf3,v2,genuine,genuine,genuine,1,0.062738
family_a_001376_text_qr_mismatch,family_a,e1b7142b0b7abcf3,v2,text_qr_mismatch,forged,genuine,1,0.360095
family_a_001377_qr_only_mismatch,family_a,e1b7142b0b7abcf3,v2,qr_only_mismatch,forged,genuine,1,0.313294
family_a_001378_checksum_invalid,family_a,e1b7142b0b7abcf3,v2,checksum_invalid,forged,genuine,1,0.336302
family_a_001379_format_invalid,family_a,e1b7142b0b7abcf3,v2,format_invalid,forged,genuine,1,0.038615
family_a_001380_field_missing,family_a,e1b7142b0b7abcf3,v2,field_missing,forged,genuine,1,0.119102
family_a_001381_fine_grained_edit,family_a,e1b7142b0b7abcf3,v2,fine_grained_edit,forged,genuine,1,0.784509
family_a_001382_coordinated_full_forgery,family_a,e1b7142b0b7abcf3,v2,coordinated_full_forgery,forged,genuine,1,0.015192
family_a_001383_visual_splice,family_a,e1b7142b0b7abcf3,v2,visual_splice,forged,forged,1,0.999979
family_a_001384_visual_splice,family_a,e1b7142b0b7abcf3,v2,visual_splice,forged,forged,1,0.999986
family_a_001385_visual_splice,family_a,e1b7142b0b7abcf3,v2,visual_splice,forged,forged,1,0.99986
family_a_001397_genuine,family_a,ca000efdcc4ede36,v2,genuine,genuine,genuine,2,0.00511
family_a_001398_text_qr_mismatch,family_a,ca000efdcc4ede36,v2,text_qr_mismatch,forged,genuine,2,0.009509
family_a_001399_qr_only_mismatch,family_a,ca000efdcc4ede36,v2,qr_only_mismatch,forged,genuine,2,0.004468
family_a_001400_checksum_invalid,family_a,ca000efdcc4ede36,v2,checksum_invalid,forged,genuine,2,0.006877
family_a_001401_format_invalid,family_a,ca000efdcc4ede36,v2,format_invalid,forged,genuine,2,0.000447
family_a_001402_field_missing,family_a,ca000efdcc4ede36,v2,field_missing,forged,genuine,2,0.000564
family_a_001403_fine_grained_edit,family_a,ca000efdcc4ede36,v2,fine_grained_edit,forged,genuine,2,0.002051
family_a_001404_coordinated_full_forgery,family_a,ca000efdcc4ede36,v2,coordinated_full_forgery,forged,genuine,2,0.997477
family_a_001405_visual_splice,family_a,ca000efdcc4ede36,v2,visual_splice,forged,forged,2,0.996987
family_a_001406_visual_splice,family_a,ca000efdcc4ede36,v2,visual_splice,forged,forged,2,0.999555
family_a_001407_visual_splice,family_a,ca000efdcc4ede36,v2,visual_splice,forged,forged,2,0.99956
family_a_001408_genuine,family_a,0f9f726a7ee1f3f1,v1,genuine,genuine,genuine,3,0.254
family_a_001409_text_qr_mismatch,family_a,0f9f726a7ee1f3f1,v1,text_qr_mismatch,forged,genuine,3,0.018597
family_a_001410_qr_only_mismatch,family_a,0f9f726a7ee1f3f1,v1,qr_only_mismatch,forged,genuine,3,0.04556
family_a_001411_checksum_invalid,family_a,0f9f726a7ee1f3f1,v1,checksum_invalid,forged,genuine,3,0.036423
family_a_001412_format_invalid,family_a,0f9f726a7ee1f3f1,v1,format_invalid,forged,genuine,3,0.001632
family_a_001413_field_missing,family_a,0f9f726a7ee1f3f1,v1,field_missing,forged,genuine,3,0.000751
family_a_001414_fine_grained_edit,family_a,0f9f726a7ee1f3f1,v1,fine_grained_edit,forged,genuine,3,0.025897
family_a_001415_coordinated_full_forgery,family_a,0f9f726a7ee1f3f1,v1,coordinated_full_forgery,forged,genuine,3,0.013539
family_a_001416_visual_splice,family_a,0f9f726a7ee1f3f1,v1,visual_splice,forged,forged,3,0.041602
family_a_001417_visual_splice,family_a,0f9f726a7ee1f3f1,v1,visual_splice,forged,forged,3,0.999904
family_a_001418_visual_splice,family_a,0f9f726a7ee1f3f1,v1,visual_splice,forged,forged,3,0.999833
family_a_001419_genuine,family_a,b0e40d91b1f5c7bd,v2,genuine,genuine,genuine,4,0.991086
family_a_001420_text_qr_mismatch,family_a,b0e40d91b1f5c7bd,v2,text_qr_mismatch,forged,genuine,4,0.790162
family_a_001421_qr_only_mismatch,family_a,b0e40d91b1f5c7bd,v2,qr_only_mismatch,forged,genuine,4,0.999102
family_a_001422_checksum_invalid,family_a,b0e40d91b1f5c7bd,v2,checksum_invalid,forged,genuine,4,0.984417
family_a_001423_format_invalid,family_a,b0e40d91b1f5c7bd,v2,format_invalid,forged,genuine,4,0.545269
family_a_001424_field_missing,family_a,b0e40d91b1f5c7bd,v2,field_missing,forged,genuine,4,0.096697
family_a_001425_fine_grained_edit,family_a,b0e40d91b1f5c7bd,v2,fine_grained_edit,forged,genuine,4,0.930509
family_a_001426_coordinated_full_forgery,family_a,b0e40d91b1f5c7bd,v2,coordinated_full_forgery,forged,genuine,4,0.734337
family_a_001427_visual_splice,family_a,b0e40d91b1f5c7bd,v2,visual_splice,forged,forged,4,0.999996
family_a_001428_visual_splice,family_a,b0e40d91b1f5c7bd,v2,visual_splice,forged,forged,4,0.999999
family_a_001429_visual_splice,family_a,b0e40d91b1f5c7bd,v2,visual_splice,forged,forged,4,0.999999
family_a_001441_genuine,family_a,9c5e82904ece0318,v1,genuine,genuine,genuine,1,0.000186
family_a_001442_text_qr_mismatch,family_a,9c5e82904ece0318,v1,text_qr_mismatch,forged,genuine,1,0.000123
family_a_001443_qr_only_mismatch,family_a,9c5e82904ece0318,v1,qr_only_mismatch,forged,genuine,1,0.000225
family_a_001444_checksum_invalid,family_a,9c5e82904ece0318,v1,checksum_invalid,forged,genuine,1,0.00026
family_a_001445_format_invalid,family_a,9c5e82904ece0318,v1,format_invalid,forged,genuine,1,3.9e-05
family_a_001446_field_missing,family_a,9c5e82904ece0318,v1,field_missing,forged,genuine,1,5.1e-05
family_a_001447_fine_grained_edit,family_a,9c5e82904ece0318,v1,fine_grained_edit,forged,genuine,1,0.000361
family_a_001448_coordinated_full_forgery,family_a,9c5e82904ece0318,v1,coordinated_full_forgery,forged,genuine,1,0.001162
family_a_001449_visual_splice,family_a,9c5e82904ece0318,v1,visual_splice,forged,forged,1,0.994575
family_a_001450_visual_splice,family_a,9c5e82904ece0318,v1,visual_splice,forged,forged,1,0.593396
family_a_001451_visual_splice,family_a,9c5e82904ece0318,v1,visual_splice,forged,forged,1,0.486541
family_a_001463_genuine,family_a,368775613e658110,v2,genuine,genuine,genuine,0,0.001109
family_a_001464_text_qr_mismatch,family_a,368775613e658110,v2,text_qr_mismatch,forged,genuine,0,0.000928
family_a_001465_qr_only_mismatch,family_a,368775613e658110,v2,qr_only_mismatch,forged,genuine,0,0.001498
family_a_001466_checksum_invalid,family_a,368775613e658110,v2,checksum_invalid,forged,genuine,0,0.001915
family_a_001467_format_invalid,family_a,368775613e658110,v2,format_invalid,forged,genuine,0,0.000175
family_a_001468_field_missing,family_a,368775613e658110,v2,field_missing,forged,genuine,0,0.000352
family_a_001469_fine_grained_edit,family_a,368775613e658110,v2,fine_grained_edit,forged,genuine,0,0.001102
family_a_001470_coordinated_full_forgery,family_a,368775613e658110,v2,coordinated_full_forgery,forged,genuine,0,0.007402
family_a_001471_visual_splice,family_a,368775613e658110,v2,visual_splice,forged,forged,0,0.999979
family_a_001472_visual_splice,family_a,368775613e658110,v2,visual_splice,forged,forged,0,0.996305
family_a_001473_visual_splice,family_a,368775613e658110,v2,visual_splice,forged,forged,0,0.995089
family_a_001474_genuine,family_a,7ea667b20a9bff6a,v1,genuine,genuine,genuine,0,0.003862
family_a_001475_text_qr_mismatch,family_a,7ea667b20a9bff6a,v1,text_qr_mismatch,forged,genuine,0,0.013718
family_a_001476_qr_only_mismatch,family_a,7ea667b20a9bff6a,v1,qr_only_mismatch,forged,genuine,0,0.002699
family_a_001477_checksum_invalid,family_a,7ea667b20a9bff6a,v1,checksum_invalid,forged,genuine,0,0.003515
family_a_001478_format_invalid,family_a,7ea667b20a9bff6a,v1,format_invalid,forged,genuine,0,0.000301
family_a_001479_field_missing,family_a,7ea667b20a9bff6a,v1,field_missing,forged,genuine,0,0.000218
family_a_001480_fine_grained_edit,family_a,7ea667b20a9bff6a,v1,fine_grained_edit,forged,genuine,0,0.002715
family_a_001481_coordinated_full_forgery,family_a,7ea667b20a9bff6a,v1,coordinated_full_forgery,forged,genuine,0,0.00426
family_a_001482_visual_splice,family_a,7ea667b20a9bff6a,v1,visual_splice,forged,forged,0,0.99922
family_a_001483_visual_splice,family_a,7ea667b20a9bff6a,v1,visual_splice,forged,forged,0,0.043353
family_a_001484_visual_splice,family_a,7ea667b20a9bff6a,v1,visual_splice,forged,forged,0,0.013516
family_a_001485_genuine,family_a,a3d6a39e9f3c76c1,v2,genuine,genuine,genuine,4,0.007151
family_a_001486_text_qr_mismatch,family_a,a3d6a39e9f3c76c1,v2,text_qr_mismatch,forged,genuine,4,0.003871
family_a_001487_qr_only_mismatch,family_a,a3d6a39e9f3c76c1,v2,qr_only_mismatch,forged,genuine,4,0.039909
family_a_001488_checksum_invalid,family_a,a3d6a39e9f3c76c1,v2,checksum_invalid,forged,genuine,4,0.016039
family_a_001489_format_invalid,family_a,a3d6a39e9f3c76c1,v2,format_invalid,forged,genuine,4,0.000744
family_a_001490_field_missing,family_a,a3d6a39e9f3c76c1,v2,field_missing,forged,genuine,4,0.001915
family_a_001491_fine_grained_edit,family_a,a3d6a39e9f3c76c1,v2,fine_grained_edit,forged,genuine,4,0.02152
family_a_001492_coordinated_full_forgery,family_a,a3d6a39e9f3c76c1,v2,coordinated_full_forgery,forged,genuine,4,0.004955
family_a_001493_visual_splice,family_a,a3d6a39e9f3c76c1,v2,visual_splice,forged,forged,4,0.99952
family_a_001494_visual_splice,family_a,a3d6a39e9f3c76c1,v2,visual_splice,forged,forged,4,0.884695
family_a_001495_visual_splice,family_a,a3d6a39e9f3c76c1,v2,visual_splice,forged,forged,4,0.022676
family_a_001507_genuine,family_a,acb85a77063ca149,v1,genuine,genuine,genuine,0,0.049986
family_a_001508_text_qr_mismatch,family_a,acb85a77063ca149,v1,text_qr_mismatch,forged,genuine,0,0.03333
family_a_001509_qr_only_mismatch,family_a,acb85a77063ca149,v1,qr_only_mismatch,forged,genuine,0,0.02104
family_a_001510_checksum_invalid,family_a,acb85a77063ca149,v1,checksum_invalid,forged,genuine,0,0.040606
family_a_001511_format_invalid,family_a,acb85a77063ca149,v1,format_invalid,forged,genuine,0,0.004728
family_a_001512_field_missing,family_a,acb85a77063ca149,v1,field_missing,forged,genuine,0,0.001465
family_a_001513_fine_grained_edit,family_a,acb85a77063ca149,v1,fine_grained_edit,forged,genuine,0,0.028587
family_a_001514_coordinated_full_forgery,family_a,acb85a77063ca149,v1,coordinated_full_forgery,forged,genuine,0,0.009521
family_a_001515_visual_splice,family_a,acb85a77063ca149,v1,visual_splice,forged,forged,0,0.999858
family_a_001516_visual_splice,family_a,acb85a77063ca149,v1,visual_splice,forged,forged,0,0.999959
family_a_001517_visual_splice,family_a,acb85a77063ca149,v1,visual_splice,forged,forged,0,0.999557
family_a_001518_genuine,family_a,91e5b6ab74667838,v1,genuine,genuine,genuine,0,0.016775
family_a_001519_text_qr_mismatch,family_a,91e5b6ab74667838,v1,text_qr_mismatch,forged,genuine,0,0.011558
family_a_001520_qr_only_mismatch,family_a,91e5b6ab74667838,v1,qr_only_mismatch,forged,genuine,0,0.006113
family_a_001521_checksum_invalid,family_a,91e5b6ab74667838,v1,checksum_invalid,forged,genuine,0,0.012574
family_a_001522_format_invalid,family_a,91e5b6ab74667838,v1,format_invalid,forged,genuine,0,0.00223
family_a_001523_field_missing,family_a,91e5b6ab74667838,v1,field_missing,forged,genuine,0,0.002289
family_a_001524_fine_grained_edit,family_a,91e5b6ab74667838,v1,fine_grained_edit,forged,genuine,0,0.011483
family_a_001525_coordinated_full_forgery,family_a,91e5b6ab74667838,v1,coordinated_full_forgery,forged,genuine,0,0.021321
family_a_001526_visual_splice,family_a,91e5b6ab74667838,v1,visual_splice,forged,forged,0,0.999784
family_a_001527_visual_splice,family_a,91e5b6ab74667838,v1,visual_splice,forged,forged,0,0.997829
family_a_001528_visual_splice,family_a,91e5b6ab74667838,v1,visual_splice,forged,forged,0,0.91893
family_a_001529_genuine,family_a,5826a26a7df0ecc4,v2,genuine,genuine,genuine,2,0.001789
family_a_001530_text_qr_mismatch,family_a,5826a26a7df0ecc4,v2,text_qr_mismatch,forged,genuine,2,0.016372
family_a_001531_qr_only_mismatch,family_a,5826a26a7df0ecc4,v2,qr_only_mismatch,forged,genuine,2,0.003379
family_a_001532_checksum_invalid,family_a,5826a26a7df0ecc4,v2,checksum_invalid,forged,genuine,2,0.0062
family_a_001533_format_invalid,family_a,5826a26a7df0ecc4,v2,format_invalid,forged,genuine,2,0.000108
family_a_001534_field_missing,family_a,5826a26a7df0ecc4,v2,field_missing,forged,genuine,2,0.000487
family_a_001535_fine_grained_edit,family_a,5826a26a7df0ecc4,v2,fine_grained_edit,forged,genuine,2,0.005616
family_a_001536_coordinated_full_forgery,family_a,5826a26a7df0ecc4,v2,coordinated_full_forgery,forged,genuine,2,0.009502
family_a_001537_visual_splice,family_a,5826a26a7df0ecc4,v2,visual_splice,forged,forged,2,0.999952
family_a_001538_visual_splice,family_a,5826a26a7df0ecc4,v2,visual_splice,forged,forged,2,0.999179
family_a_001539_visual_splice,family_a,5826a26a7df0ecc4,v2,visual_splice,forged,forged,2,0.004183
family_a_001540_genuine,family_a,3829bf6fdbf2ada6,v2,genuine,genuine,genuine,0,0.002604
family_a_001541_text_qr_mismatch,family_a,3829bf6fdbf2ada6,v2,text_qr_mismatch,forged,genuine,0,0.230941
family_a_001542_qr_only_mismatch,family_a,3829bf6fdbf2ada6,v2,qr_only_mismatch,forged,genuine,0,0.004441
family_a_001543_checksum_invalid,family_a,3829bf6fdbf2ada6,v2,checksum_invalid,forged,genuine,0,0.004641
family_a_001544_format_invalid,family_a,3829bf6fdbf2ada6,v2,format_invalid,forged,genuine,0,0.000332
family_a_001545_field_missing,family_a,3829bf6fdbf2ada6,v2,field_missing,forged,genuine,0,0.000854
family_a_001546_fine_grained_edit,family_a,3829bf6fdbf2ada6,v2,fine_grained_edit,forged,genuine,0,0.006815
family_a_001547_coordinated_full_forgery,family_a,3829bf6fdbf2ada6,v2,coordinated_full_forgery,forged,genuine,0,0.007265
family_a_001548_visual_splice,family_a,3829bf6fdbf2ada6,v2,visual_splice,forged,forged,0,0.245841
family_a_001549_visual_splice,family_a,3829bf6fdbf2ada6,v2,visual_splice,forged,forged,0,0.999834
family_a_001550_visual_splice,family_a,3829bf6fdbf2ada6,v2,visual_splice,forged,forged,0,0.99995
family_a_001551_genuine,family_a,fc9a6abe3db89d97,v1,genuine,genuine,genuine,0,0.105844
family_a_001552_text_qr_mismatch,family_a,fc9a6abe3db89d97,v1,text_qr_mismatch,forged,genuine,0,0.004878
family_a_001553_qr_only_mismatch,family_a,fc9a6abe3db89d97,v1,qr_only_mismatch,forged,genuine,0,0.071898
family_a_001554_checksum_invalid,family_a,fc9a6abe3db89d97,v1,checksum_invalid,forged,genuine,0,0.056105
family_a_001555_format_invalid,family_a,fc9a6abe3db89d97,v1,format_invalid,forged,genuine,0,0.002587
family_a_001556_field_missing,family_a,fc9a6abe3db89d97,v1,field_missing,forged,genuine,0,0.011068
family_a_001557_fine_grained_edit,family_a,fc9a6abe3db89d97,v1,fine_grained_edit,forged,genuine,0,0.15506
family_a_001558_coordinated_full_forgery,family_a,fc9a6abe3db89d97,v1,coordinated_full_forgery,forged,genuine,0,0.010108
family_a_001559_visual_splice,family_a,fc9a6abe3db89d97,v1,visual_splice,forged,forged,0,0.999548
family_a_001560_visual_splice,family_a,fc9a6abe3db89d97,v1,visual_splice,forged,forged,0,0.999985
family_a_001561_visual_splice,family_a,fc9a6abe3db89d97,v1,visual_splice,forged,forged,0,0.965445
family_a_001573_genuine,family_a,666eacb6bacb9975,v2,genuine,genuine,genuine,4,0.006823
family_a_001574_text_qr_mismatch,family_a,666eacb6bacb9975,v2,text_qr_mismatch,forged,genuine,4,0.000384
family_a_001575_qr_only_mismatch,family_a,666eacb6bacb9975,v2,qr_only_mismatch,forged,genuine,4,0.003302
family_a_001576_checksum_invalid,family_a,666eacb6bacb9975,v2,checksum_invalid,forged,genuine,4,0.00391
family_a_001577_format_invalid,family_a,666eacb6bacb9975,v2,format_invalid,forged,genuine,4,0.000244
family_a_001578_field_missing,family_a,666eacb6bacb9975,v2,field_missing,forged,genuine,4,0.000823
family_a_001579_fine_grained_edit,family_a,666eacb6bacb9975,v2,fine_grained_edit,forged,genuine,4,0.008187
family_a_001580_coordinated_full_forgery,family_a,666eacb6bacb9975,v2,coordinated_full_forgery,forged,genuine,4,0.012465
family_a_001581_visual_splice,family_a,666eacb6bacb9975,v2,visual_splice,forged,forged,4,0.999695
family_a_001582_visual_splice,family_a,666eacb6bacb9975,v2,visual_splice,forged,forged,4,0.998056
family_a_001583_visual_splice,family_a,666eacb6bacb9975,v2,visual_splice,forged,forged,4,0.99954
family_a_001595_genuine,family_a,ae6ad237e28b1b29,v1,genuine,genuine,genuine,1,0.000388
family_a_001596_text_qr_mismatch,family_a,ae6ad237e28b1b29,v1,text_qr_mismatch,forged,genuine,1,0.002472
family_a_001597_qr_only_mismatch,family_a,ae6ad237e28b1b29,v1,qr_only_mismatch,forged,genuine,1,0.000667
family_a_001598_checksum_invalid,family_a,ae6ad237e28b1b29,v1,checksum_invalid,forged,genuine,1,0.00069
family_a_001599_format_invalid,family_a,ae6ad237e28b1b29,v1,format_invalid,forged,genuine,1,5.5e-05
family_a_001600_field_missing,family_a,ae6ad237e28b1b29,v1,field_missing,forged,genuine,1,9.7e-05
family_a_001601_fine_grained_edit,family_a,ae6ad237e28b1b29,v1,fine_grained_edit,forged,genuine,1,0.000811
family_a_001602_coordinated_full_forgery,family_a,ae6ad237e28b1b29,v1,coordinated_full_forgery,forged,genuine,1,0.006147
family_a_001603_visual_splice,family_a,ae6ad237e28b1b29,v1,visual_splice,forged,forged,1,0.008582
family_a_001604_visual_splice,family_a,ae6ad237e28b1b29,v1,visual_splice,forged,forged,1,0.972116
family_a_001605_visual_splice,family_a,ae6ad237e28b1b29,v1,visual_splice,forged,forged,1,0.999298
family_a_001606_genuine,family_a,eb60acb8fa01726f,v1,genuine,genuine,genuine,1,0.002657
family_a_001607_text_qr_mismatch,family_a,eb60acb8fa01726f,v1,text_qr_mismatch,forged,genuine,1,0.003377
family_a_001608_qr_only_mismatch,family_a,eb60acb8fa01726f,v1,qr_only_mismatch,forged,genuine,1,0.00505
family_a_001609_checksum_invalid,family_a,eb60acb8fa01726f,v1,checksum_invalid,forged,genuine,1,0.004256
family_a_001610_format_invalid,family_a,eb60acb8fa01726f,v1,format_invalid,forged,genuine,1,0.000302
family_a_001611_field_missing,family_a,eb60acb8fa01726f,v1,field_missing,forged,genuine,1,0.000549
family_a_001612_fine_grained_edit,family_a,eb60acb8fa01726f,v1,fine_grained_edit,forged,genuine,1,0.002074
family_a_001613_coordinated_full_forgery,family_a,eb60acb8fa01726f,v1,coordinated_full_forgery,forged,genuine,1,0.007794
family_a_001614_visual_splice,family_a,eb60acb8fa01726f,v1,visual_splice,forged,forged,1,0.981196
family_a_001615_visual_splice,family_a,eb60acb8fa01726f,v1,visual_splice,forged,forged,1,0.988774
family_a_001616_visual_splice,family_a,eb60acb8fa01726f,v1,visual_splice,forged,forged,1,0.019868
family_a_001628_genuine,family_a,dc5ac03ef291f212,v2,genuine,genuine,genuine,1,0.989847
family_a_001629_text_qr_mismatch,family_a,dc5ac03ef291f212,v2,text_qr_mismatch,forged,genuine,1,0.621006
family_a_001630_qr_only_mismatch,family_a,dc5ac03ef291f212,v2,qr_only_mismatch,forged,genuine,1,0.986177
family_a_001631_checksum_invalid,family_a,dc5ac03ef291f212,v2,checksum_invalid,forged,genuine,1,0.84727
family_a_001632_format_invalid,family_a,dc5ac03ef291f212,v2,format_invalid,forged,genuine,1,0.211439
family_a_001633_field_missing,family_a,dc5ac03ef291f212,v2,field_missing,forged,genuine,1,0.032514
family_a_001634_fine_grained_edit,family_a,dc5ac03ef291f212,v2,fine_grained_edit,forged,genuine,1,0.830778
family_a_001635_coordinated_full_forgery,family_a,dc5ac03ef291f212,v2,coordinated_full_forgery,forged,genuine,1,0.040669
family_a_001636_visual_splice,family_a,dc5ac03ef291f212,v2,visual_splice,forged,forged,1,0.999733
family_a_001637_visual_splice,family_a,dc5ac03ef291f212,v2,visual_splice,forged,forged,1,0.999945
family_a_001638_visual_splice,family_a,dc5ac03ef291f212,v2,visual_splice,forged,forged,1,0.999968
family_a_001639_genuine,family_a,2f39c45bcdcc9e76,v1,genuine,genuine,genuine,2,0.009645
family_a_001640_text_qr_mismatch,family_a,2f39c45bcdcc9e76,v1,text_qr_mismatch,forged,genuine,2,0.003346
family_a_001641_qr_only_mismatch,family_a,2f39c45bcdcc9e76,v1,qr_only_mismatch,forged,genuine,2,0.008839
family_a_001642_checksum_invalid,family_a,2f39c45bcdcc9e76,v1,checksum_invalid,forged,genuine,2,0.022678
family_a_001643_format_invalid,family_a,2f39c45bcdcc9e76,v1,format_invalid,forged,genuine,2,0.001007
family_a_001644_field_missing,family_a,2f39c45bcdcc9e76,v1,field_missing,forged,genuine,2,0.000457
family_a_001645_fine_grained_edit,family_a,2f39c45bcdcc9e76,v1,fine_grained_edit,forged,genuine,2,0.024539
family_a_001646_coordinated_full_forgery,family_a,2f39c45bcdcc9e76,v1,coordinated_full_forgery,forged,genuine,2,0.038656
family_a_001647_visual_splice,family_a,2f39c45bcdcc9e76,v1,visual_splice,forged,forged,2,0.999469
family_a_001648_visual_splice,family_a,2f39c45bcdcc9e76,v1,visual_splice,forged,forged,2,0.999821
family_a_001649_visual_splice,family_a,2f39c45bcdcc9e76,v1,visual_splice,forged,forged,2,0.999887
family_a_001661_genuine,family_a,8ca725ae9c060798,v2,genuine,genuine,genuine,4,0.000729
family_a_001662_text_qr_mismatch,family_a,8ca725ae9c060798,v2,text_qr_mismatch,forged,genuine,4,0.015921
family_a_001663_qr_only_mismatch,family_a,8ca725ae9c060798,v2,qr_only_mismatch,forged,genuine,4,0.001685
family_a_001664_checksum_invalid,family_a,8ca725ae9c060798,v2,checksum_invalid,forged,genuine,4,0.000739
family_a_001665_format_invalid,family_a,8ca725ae9c060798,v2,format_invalid,forged,genuine,4,0.000386
family_a_001666_field_missing,family_a,8ca725ae9c060798,v2,field_missing,forged,genuine,4,0.000139
family_a_001667_fine_grained_edit,family_a,8ca725ae9c060798,v2,fine_grained_edit,forged,genuine,4,0.001217
family_a_001668_coordinated_full_forgery,family_a,8ca725ae9c060798,v2,coordinated_full_forgery,forged,genuine,4,0.084769
family_a_001669_visual_splice,family_a,8ca725ae9c060798,v2,visual_splice,forged,forged,4,0.998372
family_a_001670_visual_splice,family_a,8ca725ae9c060798,v2,visual_splice,forged,forged,4,0.999881
family_a_001671_visual_splice,family_a,8ca725ae9c060798,v2,visual_splice,forged,forged,4,0.999739
family_a_001672_genuine,family_a,ba21194bc8d2e166,v1,genuine,genuine,genuine,0,0.002898
family_a_001673_text_qr_mismatch,family_a,ba21194bc8d2e166,v1,text_qr_mismatch,forged,genuine,0,0.002672
family_a_001674_qr_only_mismatch,family_a,ba21194bc8d2e166,v1,qr_only_mismatch,forged,genuine,0,0.002491
family_a_001675_checksum_invalid,family_a,ba21194bc8d2e166,v1,checksum_invalid,forged,genuine,0,0.002837
family_a_001676_format_invalid,family_a,ba21194bc8d2e166,v1,format_invalid,forged,genuine,0,0.000755
family_a_001677_field_missing,family_a,ba21194bc8d2e166,v1,field_missing,forged,genuine,0,0.000334
family_a_001678_fine_grained_edit,family_a,ba21194bc8d2e166,v1,fine_grained_edit,forged,genuine,0,0.009024
family_a_001679_coordinated_full_forgery,family_a,ba21194bc8d2e166,v1,coordinated_full_forgery,forged,genuine,0,0.013973
family_a_001680_visual_splice,family_a,ba21194bc8d2e166,v1,visual_splice,forged,forged,0,0.999538
family_a_001681_visual_splice,family_a,ba21194bc8d2e166,v1,visual_splice,forged,forged,0,0.995907
family_a_001682_visual_splice,family_a,ba21194bc8d2e166,v1,visual_splice,forged,forged,0,0.020481
family_a_001716_genuine,family_a,27706f9c79ac2320,v1,genuine,genuine,genuine,3,0.059352
family_a_001717_text_qr_mismatch,family_a,27706f9c79ac2320,v1,text_qr_mismatch,forged,genuine,3,0.021746
family_a_001718_qr_only_mismatch,family_a,27706f9c79ac2320,v1,qr_only_mismatch,forged,genuine,3,0.054174
family_a_001719_checksum_invalid,family_a,27706f9c79ac2320,v1,checksum_invalid,forged,genuine,3,0.032428
family_a_001720_format_invalid,family_a,27706f9c79ac2320,v1,format_invalid,forged,genuine,3,0.00623
family_a_001721_field_missing,family_a,27706f9c79ac2320,v1,field_missing,forged,genuine,3,0.003734
family_a_001722_fine_grained_edit,family_a,27706f9c79ac2320,v1,fine_grained_edit,forged,genuine,3,0.021154
family_a_001723_coordinated_full_forgery,family_a,27706f9c79ac2320,v1,coordinated_full_forgery,forged,genuine,3,0.005272
family_a_001724_visual_splice,family_a,27706f9c79ac2320,v1,visual_splice,forged,forged,3,0.989648
family_a_001725_visual_splice,family_a,27706f9c79ac2320,v1,visual_splice,forged,forged,3,0.999837
family_a_001726_visual_splice,family_a,27706f9c79ac2320,v1,visual_splice,forged,forged,3,0.998707
family_a_001727_genuine,family_a,3766756e8e5299e1,v1,genuine,genuine,genuine,1,0.122706
family_a_001728_text_qr_mismatch,family_a,3766756e8e5299e1,v1,text_qr_mismatch,forged,genuine,1,0.055906
family_a_001729_qr_only_mismatch,family_a,3766756e8e5299e1,v1,qr_only_mismatch,forged,genuine,1,0.050794
family_a_001730_checksum_invalid,family_a,3766756e8e5299e1,v1,checksum_invalid,forged,genuine,1,0.017176
family_a_001731_format_invalid,family_a,3766756e8e5299e1,v1,format_invalid,forged,genuine,1,0.002706
family_a_001732_field_missing,family_a,3766756e8e5299e1,v1,field_missing,forged,genuine,1,0.043508
family_a_001733_fine_grained_edit,family_a,3766756e8e5299e1,v1,fine_grained_edit,forged,genuine,1,0.076967
family_a_001734_coordinated_full_forgery,family_a,3766756e8e5299e1,v1,coordinated_full_forgery,forged,genuine,1,0.06655
family_a_001735_visual_splice,family_a,3766756e8e5299e1,v1,visual_splice,forged,forged,1,0.052615
family_a_001736_visual_splice,family_a,3766756e8e5299e1,v1,visual_splice,forged,forged,1,0.999945
family_a_001737_visual_splice,family_a,3766756e8e5299e1,v1,visual_splice,forged,forged,1,0.999928
family_a_001738_genuine,family_a,8fb525aa38f6a91e,v2,genuine,genuine,genuine,1,0.000571
family_a_001739_text_qr_mismatch,family_a,8fb525aa38f6a91e,v2,text_qr_mismatch,forged,genuine,1,0.000633
family_a_001740_qr_only_mismatch,family_a,8fb525aa38f6a91e,v2,qr_only_mismatch,forged,genuine,1,0.000512
family_a_001741_checksum_invalid,family_a,8fb525aa38f6a91e,v2,checksum_invalid,forged,genuine,1,0.000315
family_a_001742_format_invalid,family_a,8fb525aa38f6a91e,v2,format_invalid,forged,genuine,1,6.4e-05
family_a_001743_field_missing,family_a,8fb525aa38f6a91e,v2,field_missing,forged,genuine,1,0.00035
family_a_001744_fine_grained_edit,family_a,8fb525aa38f6a91e,v2,fine_grained_edit,forged,genuine,1,0.000266
family_a_001745_coordinated_full_forgery,family_a,8fb525aa38f6a91e,v2,coordinated_full_forgery,forged,genuine,1,0.000849
family_a_001746_visual_splice,family_a,8fb525aa38f6a91e,v2,visual_splice,forged,forged,1,0.999415
family_a_001747_visual_splice,family_a,8fb525aa38f6a91e,v2,visual_splice,forged,forged,1,0.99842
family_a_001748_visual_splice,family_a,8fb525aa38f6a91e,v2,visual_splice,forged,forged,1,0.997964
family_a_001760_genuine,family_a,83bed433cef10b9f,v1,genuine,genuine,genuine,4,0.04529
family_a_001761_text_qr_mismatch,family_a,83bed433cef10b9f,v1,text_qr_mismatch,forged,genuine,4,0.194206
family_a_001762_qr_only_mismatch,family_a,83bed433cef10b9f,v1,qr_only_mismatch,forged,genuine,4,0.057038
family_a_001763_checksum_invalid,family_a,83bed433cef10b9f,v1,checksum_invalid,forged,genuine,4,0.020258
family_a_001764_format_invalid,family_a,83bed433cef10b9f,v1,format_invalid,forged,genuine,4,0.000788
family_a_001765_field_missing,family_a,83bed433cef10b9f,v1,field_missing,forged,genuine,4,0.021207
family_a_001766_fine_grained_edit,family_a,83bed433cef10b9f,v1,fine_grained_edit,forged,genuine,4,0.035334
family_a_001767_coordinated_full_forgery,family_a,83bed433cef10b9f,v1,coordinated_full_forgery,forged,genuine,4,0.000216
family_a_001768_visual_splice,family_a,83bed433cef10b9f,v1,visual_splice,forged,forged,4,0.030744
family_a_001769_visual_splice,family_a,83bed433cef10b9f,v1,visual_splice,forged,forged,4,0.999646
family_a_001770_visual_splice,family_a,83bed433cef10b9f,v1,visual_splice,forged,forged,4,0.99977
family_a_001771_genuine,family_a,e9b95ec8988f72fa,v2,genuine,genuine,genuine,2,0.007049
family_a_001772_text_qr_mismatch,family_a,e9b95ec8988f72fa,v2,text_qr_mismatch,forged,genuine,2,0.004743
family_a_001773_qr_only_mismatch,family_a,e9b95ec8988f72fa,v2,qr_only_mismatch,forged,genuine,2,0.008463
family_a_001774_checksum_invalid,family_a,e9b95ec8988f72fa,v2,checksum_invalid,forged,genuine,2,0.008768
family_a_001775_format_invalid,family_a,e9b95ec8988f72fa,v2,format_invalid,forged,genuine,2,0.000542
family_a_001776_field_missing,family_a,e9b95ec8988f72fa,v2,field_missing,forged,genuine,2,0.000289
family_a_001777_fine_grained_edit,family_a,e9b95ec8988f72fa,v2,fine_grained_edit,forged,genuine,2,0.006465
family_a_001778_coordinated_full_forgery,family_a,e9b95ec8988f72fa,v2,coordinated_full_forgery,forged,genuine,2,0.009011
family_a_001779_visual_splice,family_a,e9b95ec8988f72fa,v2,visual_splice,forged,forged,2,0.999824
family_a_001780_visual_splice,family_a,e9b95ec8988f72fa,v2,visual_splice,forged,forged,2,0.999798
family_a_001781_visual_splice,family_a,e9b95ec8988f72fa,v2,visual_splice,forged,forged,2,0.999868
family_a_001793_genuine,family_a,314e4afc719574cc,v1,genuine,genuine,genuine,1,0.003906
family_a_001794_text_qr_mismatch,family_a,314e4afc719574cc,v1,text_qr_mismatch,forged,genuine,1,0.01435
family_a_001795_qr_only_mismatch,family_a,314e4afc719574cc,v1,qr_only_mismatch,forged,genuine,1,0.005849
family_a_001796_checksum_invalid,family_a,314e4afc719574cc,v1,checksum_invalid,forged,genuine,1,0.005437
family_a_001797_format_invalid,family_a,314e4afc719574cc,v1,format_invalid,forged,genuine,1,0.002391
family_a_001798_field_missing,family_a,314e4afc719574cc,v1,field_missing,forged,genuine,1,0.000953
family_a_001799_fine_grained_edit,family_a,314e4afc719574cc,v1,fine_grained_edit,forged,genuine,1,0.007704
family_a_001800_coordinated_full_forgery,family_a,314e4afc719574cc,v1,coordinated_full_forgery,forged,genuine,1,0.300531
family_a_001801_visual_splice,family_a,314e4afc719574cc,v1,visual_splice,forged,forged,1,0.995565
family_a_001802_visual_splice,family_a,314e4afc719574cc,v1,visual_splice,forged,forged,1,0.008702
family_a_001803_visual_splice,family_a,314e4afc719574cc,v1,visual_splice,forged,forged,1,0.999716
family_a_001804_genuine,family_a,b82f0803d0c33918,v1,genuine,genuine,genuine,1,0.007467
family_a_001805_text_qr_mismatch,family_a,b82f0803d0c33918,v1,text_qr_mismatch,forged,genuine,1,0.003795
family_a_001806_qr_only_mismatch,family_a,b82f0803d0c33918,v1,qr_only_mismatch,forged,genuine,1,0.006053
family_a_001807_checksum_invalid,family_a,b82f0803d0c33918,v1,checksum_invalid,forged,genuine,1,0.007087
family_a_001808_format_invalid,family_a,b82f0803d0c33918,v1,format_invalid,forged,genuine,1,0.003966
family_a_001809_field_missing,family_a,b82f0803d0c33918,v1,field_missing,forged,genuine,1,0.000462
family_a_001810_fine_grained_edit,family_a,b82f0803d0c33918,v1,fine_grained_edit,forged,genuine,1,0.009898
family_a_001811_coordinated_full_forgery,family_a,b82f0803d0c33918,v1,coordinated_full_forgery,forged,genuine,1,0.381948
family_a_001812_visual_splice,family_a,b82f0803d0c33918,v1,visual_splice,forged,forged,1,0.999928
family_a_001813_visual_splice,family_a,b82f0803d0c33918,v1,visual_splice,forged,forged,1,0.99896
family_a_001814_visual_splice,family_a,b82f0803d0c33918,v1,visual_splice,forged,forged,1,0.998196
family_a_001815_genuine,family_a,a24dcdcb22c3095b,v2,genuine,genuine,genuine,3,0.001842
family_a_001816_text_qr_mismatch,family_a,a24dcdcb22c3095b,v2,text_qr_mismatch,forged,genuine,3,0.001051
family_a_001817_qr_only_mismatch,family_a,a24dcdcb22c3095b,v2,qr_only_mismatch,forged,genuine,3,0.001106
family_a_001818_checksum_invalid,family_a,a24dcdcb22c3095b,v2,checksum_invalid,forged,genuine,3,0.001835
family_a_001819_format_invalid,family_a,a24dcdcb22c3095b,v2,format_invalid,forged,genuine,3,0.000425
family_a_001820_field_missing,family_a,a24dcdcb22c3095b,v2,field_missing,forged,genuine,3,0.000289
family_a_001821_fine_grained_edit,family_a,a24dcdcb22c3095b,v2,fine_grained_edit,forged,genuine,3,0.002387
family_a_001822_coordinated_full_forgery,family_a,a24dcdcb22c3095b,v2,coordinated_full_forgery,forged,genuine,3,0.12442
family_a_001823_visual_splice,family_a,a24dcdcb22c3095b,v2,visual_splice,forged,forged,3,0.280693
family_a_001824_visual_splice,family_a,a24dcdcb22c3095b,v2,visual_splice,forged,forged,3,0.974724
family_a_001825_visual_splice,family_a,a24dcdcb22c3095b,v2,visual_splice,forged,forged,3,0.835321
family_a_001826_genuine,family_a,0a063518578a2ace,v2,genuine,genuine,genuine,0,0.010807
family_a_001827_text_qr_mismatch,family_a,0a063518578a2ace,v2,text_qr_mismatch,forged,genuine,0,0.003869
family_a_001828_qr_only_mismatch,family_a,0a063518578a2ace,v2,qr_only_mismatch,forged,genuine,0,0.011633
family_a_001829_checksum_invalid,family_a,0a063518578a2ace,v2,checksum_invalid,forged,genuine,0,0.017595
family_a_001830_format_invalid,family_a,0a063518578a2ace,v2,format_invalid,forged,genuine,0,0.004515
family_a_001831_field_missing,family_a,0a063518578a2ace,v2,field_missing,forged,genuine,0,0.001485
family_a_001832_fine_grained_edit,family_a,0a063518578a2ace,v2,fine_grained_edit,forged,genuine,0,0.01231
family_a_001833_coordinated_full_forgery,family_a,0a063518578a2ace,v2,coordinated_full_forgery,forged,genuine,0,0.239411
family_a_001834_visual_splice,family_a,0a063518578a2ace,v2,visual_splice,forged,forged,0,0.99782
family_a_001835_visual_splice,family_a,0a063518578a2ace,v2,visual_splice,forged,forged,0,0.979597
family_a_001836_visual_splice,family_a,0a063518578a2ace,v2,visual_splice,forged,forged,0,0.998102
family_a_001837_genuine,family_a,f49e54ba98de2772,v1,genuine,genuine,genuine,1,0.004665
family_a_001838_text_qr_mismatch,family_a,f49e54ba98de2772,v1,text_qr_mismatch,forged,genuine,1,0.050203
family_a_001839_qr_only_mismatch,family_a,f49e54ba98de2772,v1,qr_only_mismatch,forged,genuine,1,0.01747
family_a_001840_checksum_invalid,family_a,f49e54ba98de2772,v1,checksum_invalid,forged,genuine,1,0.008519
family_a_001841_format_invalid,family_a,f49e54ba98de2772,v1,format_invalid,forged,genuine,1,0.000302
family_a_001842_field_missing,family_a,f49e54ba98de2772,v1,field_missing,forged,genuine,1,0.000273
family_a_001843_fine_grained_edit,family_a,f49e54ba98de2772,v1,fine_grained_edit,forged,genuine,1,0.004562
family_a_001844_coordinated_full_forgery,family_a,f49e54ba98de2772,v1,coordinated_full_forgery,forged,genuine,1,0.002295
family_a_001845_visual_splice,family_a,f49e54ba98de2772,v1,visual_splice,forged,forged,1,0.998736
family_a_001846_visual_splice,family_a,f49e54ba98de2772,v1,visual_splice,forged,forged,1,0.943986
family_a_001847_visual_splice,family_a,f49e54ba98de2772,v1,visual_splice,forged,forged,1,0.996771
family_a_001870_genuine,family_a,ea0aa97e0d57f45c,v1,genuine,genuine,genuine,3,0.000226
family_a_001871_text_qr_mismatch,family_a,ea0aa97e0d57f45c,v1,text_qr_mismatch,forged,genuine,3,0.001445
family_a_001872_qr_only_mismatch,family_a,ea0aa97e0d57f45c,v1,qr_only_mismatch,forged,genuine,3,0.000719
family_a_001873_checksum_invalid,family_a,ea0aa97e0d57f45c,v1,checksum_invalid,forged,genuine,3,0.000723
family_a_001874_format_invalid,family_a,ea0aa97e0d57f45c,v1,format_invalid,forged,genuine,3,6.1e-05
family_a_001875_field_missing,family_a,ea0aa97e0d57f45c,v1,field_missing,forged,genuine,3,0.000189
family_a_001876_fine_grained_edit,family_a,ea0aa97e0d57f45c,v1,fine_grained_edit,forged,genuine,3,0.000414
family_a_001877_coordinated_full_forgery,family_a,ea0aa97e0d57f45c,v1,coordinated_full_forgery,forged,genuine,3,0.001627
family_a_001878_visual_splice,family_a,ea0aa97e0d57f45c,v1,visual_splice,forged,forged,3,0.98752
family_a_001879_visual_splice,family_a,ea0aa97e0d57f45c,v1,visual_splice,forged,forged,3,0.991429
family_a_001880_visual_splice,family_a,ea0aa97e0d57f45c,v1,visual_splice,forged,forged,3,0.99035
family_a_001903_genuine,family_a,63adf767058e69be,v1,genuine,genuine,genuine,1,0.020558
family_a_001904_text_qr_mismatch,family_a,63adf767058e69be,v1,text_qr_mismatch,forged,genuine,1,0.002468
family_a_001905_qr_only_mismatch,family_a,63adf767058e69be,v1,qr_only_mismatch,forged,genuine,1,0.01197
family_a_001906_checksum_invalid,family_a,63adf767058e69be,v1,checksum_invalid,forged,genuine,1,0.013361
family_a_001907_format_invalid,family_a,63adf767058e69be,v1,format_invalid,forged,genuine,1,0.000852
family_a_001908_field_missing,family_a,63adf767058e69be,v1,field_missing,forged,genuine,1,0.001029
family_a_001909_fine_grained_edit,family_a,63adf767058e69be,v1,fine_grained_edit,forged,genuine,1,0.01308
family_a_001910_coordinated_full_forgery,family_a,63adf767058e69be,v1,coordinated_full_forgery,forged,genuine,1,0.011718
family_a_001911_visual_splice,family_a,63adf767058e69be,v1,visual_splice,forged,forged,1,0.999743
family_a_001912_visual_splice,family_a,63adf767058e69be,v1,visual_splice,forged,forged,1,0.999868
family_a_001913_visual_splice,family_a,63adf767058e69be,v1,visual_splice,forged,forged,1,0.999261
family_a_001914_genuine,family_a,5940b221e93228c0,v1,genuine,genuine,genuine,3,0.031821
family_a_001915_text_qr_mismatch,family_a,5940b221e93228c0,v1,text_qr_mismatch,forged,genuine,3,0.047066
family_a_001916_qr_only_mismatch,family_a,5940b221e93228c0,v1,qr_only_mismatch,forged,genuine,3,0.030148
family_a_001917_checksum_invalid,family_a,5940b221e93228c0,v1,checksum_invalid,forged,genuine,3,0.017032
family_a_001918_format_invalid,family_a,5940b221e93228c0,v1,format_invalid,forged,genuine,3,0.001557
family_a_001919_field_missing,family_a,5940b221e93228c0,v1,field_missing,forged,genuine,3,0.025245
family_a_001920_fine_grained_edit,family_a,5940b221e93228c0,v1,fine_grained_edit,forged,genuine,3,0.044199
family_a_001921_coordinated_full_forgery,family_a,5940b221e93228c0,v1,coordinated_full_forgery,forged,genuine,3,0.007783
family_a_001922_visual_splice,family_a,5940b221e93228c0,v1,visual_splice,forged,forged,3,0.999939
family_a_001923_visual_splice,family_a,5940b221e93228c0,v1,visual_splice,forged,forged,3,0.999848
family_a_001924_visual_splice,family_a,5940b221e93228c0,v1,visual_splice,forged,forged,3,0.999906
family_a_001925_genuine,family_a,ed0a81b6244fc3c3,v2,genuine,genuine,genuine,1,0.076511
family_a_001926_text_qr_mismatch,family_a,ed0a81b6244fc3c3,v2,text_qr_mismatch,forged,genuine,1,0.762293
family_a_001927_qr_only_mismatch,family_a,ed0a81b6244fc3c3,v2,qr_only_mismatch,forged,genuine,1,0.064464
family_a_001928_checksum_invalid,family_a,ed0a81b6244fc3c3,v2,checksum_invalid,forged,genuine,1,0.0461
family_a_001929_format_invalid,family_a,ed0a81b6244fc3c3,v2,format_invalid,forged,genuine,1,0.005672
family_a_001930_field_missing,family_a,ed0a81b6244fc3c3,v2,field_missing,forged,genuine,1,0.000643
family_a_001931_fine_grained_edit,family_a,ed0a81b6244fc3c3,v2,fine_grained_edit,forged,genuine,1,0.026913
family_a_001932_coordinated_full_forgery,family_a,ed0a81b6244fc3c3,v2,coordinated_full_forgery,forged,genuine,1,0.012901
family_a_001933_visual_splice,family_a,ed0a81b6244fc3c3,v2,visual_splice,forged,forged,1,0.999841
family_a_001934_visual_splice,family_a,ed0a81b6244fc3c3,v2,visual_splice,forged,forged,1,0.999703
family_a_001935_visual_splice,family_a,ed0a81b6244fc3c3,v2,visual_splice,forged,forged,1,0.999751
family_a_001936_genuine,family_a,330e6d1ed53d0764,v1,genuine,genuine,genuine,2,0.01431
family_a_001937_text_qr_mismatch,family_a,330e6d1ed53d0764,v1,text_qr_mismatch,forged,genuine,2,0.015805
family_a_001938_qr_only_mismatch,family_a,330e6d1ed53d0764,v1,qr_only_mismatch,forged,genuine,2,0.018406
family_a_001939_checksum_invalid,family_a,330e6d1ed53d0764,v1,checksum_invalid,forged,genuine,2,0.011351
family_a_001940_format_invalid,family_a,330e6d1ed53d0764,v1,format_invalid,forged,genuine,2,0.000567
family_a_001941_field_missing,family_a,330e6d1ed53d0764,v1,field_missing,forged,genuine,2,0.004723
family_a_001942_fine_grained_edit,family_a,330e6d1ed53d0764,v1,fine_grained_edit,forged,genuine,2,0.004483
family_a_001943_coordinated_full_forgery,family_a,330e6d1ed53d0764,v1,coordinated_full_forgery,forged,genuine,2,0.06729
family_a_001944_visual_splice,family_a,330e6d1ed53d0764,v1,visual_splice,forged,forged,2,0.315642
family_a_001945_visual_splice,family_a,330e6d1ed53d0764,v1,visual_splice,forged,forged,2,0.955977
family_a_001946_visual_splice,family_a,330e6d1ed53d0764,v1,visual_splice,forged,forged,2,0.99962
family_a_001947_genuine,family_a,b563e25d4ab4256b,v1,genuine,genuine,genuine,2,0.504021
family_a_001948_text_qr_mismatch,family_a,b563e25d4ab4256b,v1,text_qr_mismatch,forged,genuine,2,0.698244
family_a_001949_qr_only_mismatch,family_a,b563e25d4ab4256b,v1,qr_only_mismatch,forged,genuine,2,0.519828
family_a_001950_checksum_invalid,family_a,b563e25d4ab4256b,v1,checksum_invalid,forged,genuine,2,0.50788
family_a_001951_format_invalid,family_a,b563e25d4ab4256b,v1,format_invalid,forged,genuine,2,0.292856
family_a_001952_field_missing,family_a,b563e25d4ab4256b,v1,field_missing,forged,genuine,2,0.032229
family_a_001953_fine_grained_edit,family_a,b563e25d4ab4256b,v1,fine_grained_edit,forged,genuine,2,0.597111
family_a_001954_coordinated_full_forgery,family_a,b563e25d4ab4256b,v1,coordinated_full_forgery,forged,genuine,2,0.021022
family_a_001955_visual_splice,family_a,b563e25d4ab4256b,v1,visual_splice,forged,forged,2,0.99994
family_a_001956_visual_splice,family_a,b563e25d4ab4256b,v1,visual_splice,forged,forged,2,0.616715
family_a_001957_visual_splice,family_a,b563e25d4ab4256b,v1,visual_splice,forged,forged,2,0.999981
family_a_001958_genuine,family_a,de339d3a3f982129,v2,genuine,genuine,genuine,2,0.010141
family_a_001959_text_qr_mismatch,family_a,de339d3a3f982129,v2,text_qr_mismatch,forged,genuine,2,0.007277
family_a_001960_qr_only_mismatch,family_a,de339d3a3f982129,v2,qr_only_mismatch,forged,genuine,2,0.007739
family_a_001961_checksum_invalid,family_a,de339d3a3f982129,v2,checksum_invalid,forged,genuine,2,0.005918
family_a_001962_format_invalid,family_a,de339d3a3f982129,v2,format_invalid,forged,genuine,2,0.005078
family_a_001963_field_missing,family_a,de339d3a3f982129,v2,field_missing,forged,genuine,2,0.001759
family_a_001964_fine_grained_edit,family_a,de339d3a3f982129,v2,fine_grained_edit,forged,genuine,2,0.068979
family_a_001965_coordinated_full_forgery,family_a,de339d3a3f982129,v2,coordinated_full_forgery,forged,genuine,2,0.003091
family_a_001966_visual_splice,family_a,de339d3a3f982129,v2,visual_splice,forged,forged,2,0.999901
family_a_001967_visual_splice,family_a,de339d3a3f982129,v2,visual_splice,forged,forged,2,0.999972
family_a_001968_visual_splice,family_a,de339d3a3f982129,v2,visual_splice,forged,forged,2,0.999229
family_a_001969_genuine,family_a,97786d3604b207d9,v1,genuine,genuine,genuine,4,0.727208
family_a_001970_text_qr_mismatch,family_a,97786d3604b207d9,v1,text_qr_mismatch,forged,genuine,4,0.334692
family_a_001971_qr_only_mismatch,family_a,97786d3604b207d9,v1,qr_only_mismatch,forged,genuine,4,0.810545
family_a_001972_checksum_invalid,family_a,97786d3604b207d9,v1,checksum_invalid,forged,genuine,4,0.636274
family_a_001973_format_invalid,family_a,97786d3604b207d9,v1,format_invalid,forged,genuine,4,0.01926
family_a_001974_field_missing,family_a,97786d3604b207d9,v1,field_missing,forged,genuine,4,0.221362
family_a_001975_fine_grained_edit,family_a,97786d3604b207d9,v1,fine_grained_edit,forged,genuine,4,0.795664
family_a_001976_coordinated_full_forgery,family_a,97786d3604b207d9,v1,coordinated_full_forgery,forged,genuine,4,0.544662
family_a_001977_visual_splice,family_a,97786d3604b207d9,v1,visual_splice,forged,forged,4,0.999882
family_a_001978_visual_splice,family_a,97786d3604b207d9,v1,visual_splice,forged,forged,4,0.999644
family_a_001979_visual_splice,family_a,97786d3604b207d9,v1,visual_splice,forged,forged,4,0.999927
family_a_001991_genuine,family_a,d9835e6c6a6b8738,v1,genuine,genuine,genuine,2,0.089643
family_a_001992_text_qr_mismatch,family_a,d9835e6c6a6b8738,v1,text_qr_mismatch,forged,genuine,2,0.40407
family_a_001993_qr_only_mismatch,family_a,d9835e6c6a6b8738,v1,qr_only_mismatch,forged,genuine,2,0.118059
family_a_001994_checksum_invalid,family_a,d9835e6c6a6b8738,v1,checksum_invalid,forged,genuine,2,0.050462
family_a_001995_format_invalid,family_a,d9835e6c6a6b8738,v1,format_invalid,forged,genuine,2,0.019308
family_a_001996_field_missing,family_a,d9835e6c6a6b8738,v1,field_missing,forged,genuine,2,0.00717
family_a_001997_fine_grained_edit,family_a,d9835e6c6a6b8738,v1,fine_grained_edit,forged,genuine,2,0.162583
family_a_001998_coordinated_full_forgery,family_a,d9835e6c6a6b8738,v1,coordinated_full_forgery,forged,genuine,2,0.045201
family_a_001999_visual_splice,family_a,d9835e6c6a6b8738,v1,visual_splice,forged,forged,2,0.999699
family_a_002000_visual_splice,family_a,d9835e6c6a6b8738,v1,visual_splice,forged,forged,2,0.999958
family_a_002001_visual_splice,family_a,d9835e6c6a6b8738,v1,visual_splice,forged,forged,2,0.998169
family_a_002002_genuine,family_a,cbf2048d49166e88,v1,genuine,genuine,genuine,1,0.005497
family_a_002003_text_qr_mismatch,family_a,cbf2048d49166e88,v1,text_qr_mismatch,forged,genuine,1,0.01313
family_a_002004_qr_only_mismatch,family_a,cbf2048d49166e88,v1,qr_only_mismatch,forged,genuine,1,0.007552
family_a_002005_checksum_invalid,family_a,cbf2048d49166e88,v1,checksum_invalid,forged,genuine,1,0.004224
family_a_002006_format_invalid,family_a,cbf2048d49166e88,v1,format_invalid,forged,genuine,1,0.000509
family_a_002007_field_missing,family_a,cbf2048d49166e88,v1,field_missing,forged,genuine,1,0.000469
family_a_002008_fine_grained_edit,family_a,cbf2048d49166e88,v1,fine_grained_edit,forged,genuine,1,0.005479
family_a_002009_coordinated_full_forgery,family_a,cbf2048d49166e88,v1,coordinated_full_forgery,forged,genuine,1,0.066948
family_a_002010_visual_splice,family_a,cbf2048d49166e88,v1,visual_splice,forged,forged,1,0.998863
family_a_002011_visual_splice,family_a,cbf2048d49166e88,v1,visual_splice,forged,forged,1,0.999234
family_a_002012_visual_splice,family_a,cbf2048d49166e88,v1,visual_splice,forged,forged,1,0.999416
family_a_002024_genuine,family_a,ffdefcf87de3228b,v1,genuine,genuine,genuine,3,0.992105
family_a_002025_text_qr_mismatch,family_a,ffdefcf87de3228b,v1,text_qr_mismatch,forged,genuine,3,0.920585
family_a_002026_qr_only_mismatch,family_a,ffdefcf87de3228b,v1,qr_only_mismatch,forged,genuine,3,0.971944
family_a_002027_checksum_invalid,family_a,ffdefcf87de3228b,v1,checksum_invalid,forged,genuine,3,0.959004
family_a_002028_format_invalid,family_a,ffdefcf87de3228b,v1,format_invalid,forged,genuine,3,0.370724
family_a_002029_field_missing,family_a,ffdefcf87de3228b,v1,field_missing,forged,genuine,3,0.556027
family_a_002030_fine_grained_edit,family_a,ffdefcf87de3228b,v1,fine_grained_edit,forged,genuine,3,0.989973
family_a_002031_coordinated_full_forgery,family_a,ffdefcf87de3228b,v1,coordinated_full_forgery,forged,genuine,3,0.131545
family_a_002032_visual_splice,family_a,ffdefcf87de3228b,v1,visual_splice,forged,forged,3,0.999915
family_a_002033_visual_splice,family_a,ffdefcf87de3228b,v1,visual_splice,forged,forged,3,1.0
family_a_002034_visual_splice,family_a,ffdefcf87de3228b,v1,visual_splice,forged,forged,3,0.999989
family_a_002035_genuine,family_a,cea834248c1e28e3,v1,genuine,genuine,genuine,4,0.003842
family_a_002036_text_qr_mismatch,family_a,cea834248c1e28e3,v1,text_qr_mismatch,forged,genuine,4,0.03375
family_a_002037_qr_only_mismatch,family_a,cea834248c1e28e3,v1,qr_only_mismatch,forged,genuine,4,0.004432
family_a_002038_checksum_invalid,family_a,cea834248c1e28e3,v1,checksum_invalid,forged,genuine,4,0.000751
family_a_002039_format_invalid,family_a,cea834248c1e28e3,v1,format_invalid,forged,genuine,4,0.000328
family_a_002040_field_missing,family_a,cea834248c1e28e3,v1,field_missing,forged,genuine,4,0.001642
family_a_002041_fine_grained_edit,family_a,cea834248c1e28e3,v1,fine_grained_edit,forged,genuine,4,0.002434
family_a_002042_coordinated_full_forgery,family_a,cea834248c1e28e3,v1,coordinated_full_forgery,forged,genuine,4,0.005177
family_a_002043_visual_splice,family_a,cea834248c1e28e3,v1,visual_splice,forged,forged,4,0.036083
family_a_002044_visual_splice,family_a,cea834248c1e28e3,v1,visual_splice,forged,forged,4,0.999649
family_a_002045_visual_splice,family_a,cea834248c1e28e3,v1,visual_splice,forged,forged,4,0.998528
family_a_002057_genuine,family_a,cd87dba657f9cdae,v1,genuine,genuine,genuine,0,0.001588
family_a_002058_text_qr_mismatch,family_a,cd87dba657f9cdae,v1,text_qr_mismatch,forged,genuine,0,0.004363
family_a_002059_qr_only_mismatch,family_a,cd87dba657f9cdae,v1,qr_only_mismatch,forged,genuine,0,0.001837
family_a_002060_checksum_invalid,family_a,cd87dba657f9cdae,v1,checksum_invalid,forged,genuine,0,0.002444
family_a_002061_format_invalid,family_a,cd87dba657f9cdae,v1,format_invalid,forged,genuine,0,0.000469
family_a_002062_field_missing,family_a,cd87dba657f9cdae,v1,field_missing,forged,genuine,0,0.000428
family_a_002063_fine_grained_edit,family_a,cd87dba657f9cdae,v1,fine_grained_edit,forged,genuine,0,0.001752
family_a_002064_coordinated_full_forgery,family_a,cd87dba657f9cdae,v1,coordinated_full_forgery,forged,genuine,0,0.011913
family_a_002065_visual_splice,family_a,cd87dba657f9cdae,v1,visual_splice,forged,forged,0,0.990922
family_a_002066_visual_splice,family_a,cd87dba657f9cdae,v1,visual_splice,forged,forged,0,0.999888
family_a_002067_visual_splice,family_a,cd87dba657f9cdae,v1,visual_splice,forged,forged,0,0.004026
family_a_002068_genuine,family_a,af7a662fb6c66b6c,v2,genuine,genuine,genuine,4,0.002012
family_a_002069_text_qr_mismatch,family_a,af7a662fb6c66b6c,v2,text_qr_mismatch,forged,genuine,4,0.007218
family_a_002070_qr_only_mismatch,family_a,af7a662fb6c66b6c,v2,qr_only_mismatch,forged,genuine,4,0.001912
family_a_002071_checksum_invalid,family_a,af7a662fb6c66b6c,v2,checksum_invalid,forged,genuine,4,0.001406
family_a_002072_format_invalid,family_a,af7a662fb6c66b6c,v2,format_invalid,forged,genuine,4,0.001329
family_a_002073_field_missing,family_a,af7a662fb6c66b6c,v2,field_missing,forged,genuine,4,0.000978
family_a_002074_fine_grained_edit,family_a,af7a662fb6c66b6c,v2,fine_grained_edit,forged,genuine,4,0.002803
family_a_002075_coordinated_full_forgery,family_a,af7a662fb6c66b6c,v2,coordinated_full_forgery,forged,genuine,4,0.002235
family_a_002076_visual_splice,family_a,af7a662fb6c66b6c,v2,visual_splice,forged,forged,4,0.999502
family_a_002077_visual_splice,family_a,af7a662fb6c66b6c,v2,visual_splice,forged,forged,4,0.999247
family_a_002078_visual_splice,family_a,af7a662fb6c66b6c,v2,visual_splice,forged,forged,4,0.998753
family_a_002101_genuine,family_a,18aa6456a48fa225,v2,genuine,genuine,genuine,0,0.067629
family_a_002102_text_qr_mismatch,family_a,18aa6456a48fa225,v2,text_qr_mismatch,forged,genuine,0,0.006664
family_a_002103_qr_only_mismatch,family_a,18aa6456a48fa225,v2,qr_only_mismatch,forged,genuine,0,0.029224
family_a_002104_checksum_invalid,family_a,18aa6456a48fa225,v2,checksum_invalid,forged,genuine,0,0.029001
family_a_002105_format_invalid,family_a,18aa6456a48fa225,v2,format_invalid,forged,genuine,0,0.001379
family_a_002106_field_missing,family_a,18aa6456a48fa225,v2,field_missing,forged,genuine,0,0.002041
family_a_002107_fine_grained_edit,family_a,18aa6456a48fa225,v2,fine_grained_edit,forged,genuine,0,0.009728
family_a_002108_coordinated_full_forgery,family_a,18aa6456a48fa225,v2,coordinated_full_forgery,forged,genuine,0,0.000582
family_a_002109_visual_splice,family_a,18aa6456a48fa225,v2,visual_splice,forged,forged,0,0.999798
family_a_002110_visual_splice,family_a,18aa6456a48fa225,v2,visual_splice,forged,forged,0,0.999871
family_a_002111_visual_splice,family_a,18aa6456a48fa225,v2,visual_splice,forged,forged,0,0.860863
family_a_002123_genuine,family_a,47c6cd846a874671,v1,genuine,genuine,genuine,0,0.034363
family_a_002124_text_qr_mismatch,family_a,47c6cd846a874671,v1,text_qr_mismatch,forged,genuine,0,0.076876
family_a_002125_qr_only_mismatch,family_a,47c6cd846a874671,v1,qr_only_mismatch,forged,genuine,0,0.253231
family_a_002126_checksum_invalid,family_a,47c6cd846a874671,v1,checksum_invalid,forged,genuine,0,0.085724
family_a_002127_format_invalid,family_a,47c6cd846a874671,v1,format_invalid,forged,genuine,0,0.004248
family_a_002128_field_missing,family_a,47c6cd846a874671,v1,field_missing,forged,genuine,0,0.00379
family_a_002129_fine_grained_edit,family_a,47c6cd846a874671,v1,fine_grained_edit,forged,genuine,0,0.104078
family_a_002130_coordinated_full_forgery,family_a,47c6cd846a874671,v1,coordinated_full_forgery,forged,genuine,0,0.009262
family_a_002131_visual_splice,family_a,47c6cd846a874671,v1,visual_splice,forged,forged,0,0.999973
family_a_002132_visual_splice,family_a,47c6cd846a874671,v1,visual_splice,forged,forged,0,0.999854
family_a_002133_visual_splice,family_a,47c6cd846a874671,v1,visual_splice,forged,forged,0,0.999712
family_a_002134_genuine,family_a,0de6be05eaa80efb,v2,genuine,genuine,genuine,3,0.003917
family_a_002135_text_qr_mismatch,family_a,0de6be05eaa80efb,v2,text_qr_mismatch,forged,genuine,3,0.141649
family_a_002136_qr_only_mismatch,family_a,0de6be05eaa80efb,v2,qr_only_mismatch,forged,genuine,3,0.008743
family_a_002137_checksum_invalid,family_a,0de6be05eaa80efb,v2,checksum_invalid,forged,genuine,3,0.00422
family_a_002138_format_invalid,family_a,0de6be05eaa80efb,v2,format_invalid,forged,genuine,3,0.001287
family_a_002139_field_missing,family_a,0de6be05eaa80efb,v2,field_missing,forged,genuine,3,0.019216
family_a_002140_fine_grained_edit,family_a,0de6be05eaa80efb,v2,fine_grained_edit,forged,genuine,3,0.010028
family_a_002141_coordinated_full_forgery,family_a,0de6be05eaa80efb,v2,coordinated_full_forgery,forged,genuine,3,0.355562
family_a_002142_visual_splice,family_a,0de6be05eaa80efb,v2,visual_splice,forged,forged,3,0.008306
family_a_002143_visual_splice,family_a,0de6be05eaa80efb,v2,visual_splice,forged,forged,3,0.999289
family_a_002144_visual_splice,family_a,0de6be05eaa80efb,v2,visual_splice,forged,forged,3,0.999739
family_a_002145_genuine,family_a,0b58b396a6849e4f,v2,genuine,genuine,genuine,2,0.014686
family_a_002146_text_qr_mismatch,family_a,0b58b396a6849e4f,v2,text_qr_mismatch,forged,genuine,2,0.018063
family_a_002147_qr_only_mismatch,family_a,0b58b396a6849e4f,v2,qr_only_mismatch,forged,genuine,2,0.010942
family_a_002148_checksum_invalid,family_a,0b58b396a6849e4f,v2,checksum_invalid,forged,genuine,2,0.011827
family_a_002149_format_invalid,family_a,0b58b396a6849e4f,v2,format_invalid,forged,genuine,2,0.002516
family_a_002150_field_missing,family_a,0b58b396a6849e4f,v2,field_missing,forged,genuine,2,0.001431
family_a_002151_fine_grained_edit,family_a,0b58b396a6849e4f,v2,fine_grained_edit,forged,genuine,2,0.020729
family_a_002152_coordinated_full_forgery,family_a,0b58b396a6849e4f,v2,coordinated_full_forgery,forged,genuine,2,0.561089
family_a_002153_visual_splice,family_a,0b58b396a6849e4f,v2,visual_splice,forged,forged,2,0.999838
family_a_002154_visual_splice,family_a,0b58b396a6849e4f,v2,visual_splice,forged,forged,2,0.983188
family_a_002155_visual_splice,family_a,0b58b396a6849e4f,v2,visual_splice,forged,forged,2,0.999021
family_a_002156_genuine,family_a,1ddddc1ad0d3498f,v1,genuine,genuine,genuine,3,0.0152
family_a_002157_text_qr_mismatch,family_a,1ddddc1ad0d3498f,v1,text_qr_mismatch,forged,genuine,3,0.013615
family_a_002158_qr_only_mismatch,family_a,1ddddc1ad0d3498f,v1,qr_only_mismatch,forged,genuine,3,0.006319
family_a_002159_checksum_invalid,family_a,1ddddc1ad0d3498f,v1,checksum_invalid,forged,genuine,3,0.018942
family_a_002160_format_invalid,family_a,1ddddc1ad0d3498f,v1,format_invalid,forged,genuine,3,0.000354
family_a_002161_field_missing,family_a,1ddddc1ad0d3498f,v1,field_missing,forged,genuine,3,0.004564
family_a_002162_fine_grained_edit,family_a,1ddddc1ad0d3498f,v1,fine_grained_edit,forged,genuine,3,0.015198
family_a_002163_coordinated_full_forgery,family_a,1ddddc1ad0d3498f,v1,coordinated_full_forgery,forged,genuine,3,0.007772
family_a_002164_visual_splice,family_a,1ddddc1ad0d3498f,v1,visual_splice,forged,forged,3,0.999425
family_a_002165_visual_splice,family_a,1ddddc1ad0d3498f,v1,visual_splice,forged,forged,3,0.995291
family_a_002166_visual_splice,family_a,1ddddc1ad0d3498f,v1,visual_splice,forged,forged,3,0.997844
family_a_002167_genuine,family_a,cf96514ac17bc4ec,v2,genuine,genuine,genuine,4,0.933942
family_a_002168_text_qr_mismatch,family_a,cf96514ac17bc4ec,v2,text_qr_mismatch,forged,genuine,4,0.420979
family_a_002169_qr_only_mismatch,family_a,cf96514ac17bc4ec,v2,qr_only_mismatch,forged,genuine,4,0.936384
family_a_002170_checksum_invalid,family_a,cf96514ac17bc4ec,v2,checksum_invalid,forged,genuine,4,0.914926
family_a_002171_format_invalid,family_a,cf96514ac17bc4ec,v2,format_invalid,forged,genuine,4,0.022402
family_a_002172_field_missing,family_a,cf96514ac17bc4ec,v2,field_missing,forged,genuine,4,0.052266
family_a_002173_fine_grained_edit,family_a,cf96514ac17bc4ec,v2,fine_grained_edit,forged,genuine,4,0.993911
family_a_002174_coordinated_full_forgery,family_a,cf96514ac17bc4ec,v2,coordinated_full_forgery,forged,genuine,4,0.649461
family_a_002175_visual_splice,family_a,cf96514ac17bc4ec,v2,visual_splice,forged,forged,4,0.999993
family_a_002176_visual_splice,family_a,cf96514ac17bc4ec,v2,visual_splice,forged,forged,4,0.999994
family_a_002177_visual_splice,family_a,cf96514ac17bc4ec,v2,visual_splice,forged,forged,4,0.999975
family_a_002178_genuine,family_a,429498a0fe853c1b,v1,genuine,genuine,genuine,4,0.050819
family_a_002179_text_qr_mismatch,family_a,429498a0fe853c1b,v1,text_qr_mismatch,forged,genuine,4,0.027338
family_a_002180_qr_only_mismatch,family_a,429498a0fe853c1b,v1,qr_only_mismatch,forged,genuine,4,0.037424
family_a_002181_checksum_invalid,family_a,429498a0fe853c1b,v1,checksum_invalid,forged,genuine,4,0.017731
family_a_002182_format_invalid,family_a,429498a0fe853c1b,v1,format_invalid,forged,genuine,4,0.000842
family_a_002183_field_missing,family_a,429498a0fe853c1b,v1,field_missing,forged,genuine,4,0.001196
family_a_002184_fine_grained_edit,family_a,429498a0fe853c1b,v1,fine_grained_edit,forged,genuine,4,0.113632
family_a_002185_coordinated_full_forgery,family_a,429498a0fe853c1b,v1,coordinated_full_forgery,forged,genuine,4,0.004738
family_a_002186_visual_splice,family_a,429498a0fe853c1b,v1,visual_splice,forged,forged,4,0.847224
family_a_002187_visual_splice,family_a,429498a0fe853c1b,v1,visual_splice,forged,forged,4,0.999476
family_a_002188_visual_splice,family_a,429498a0fe853c1b,v1,visual_splice,forged,forged,4,0.999992
family_a_002189_genuine,family_a,5bc53c578a8fa7fc,v2,genuine,genuine,genuine,4,0.101781
family_a_002190_text_qr_mismatch,family_a,5bc53c578a8fa7fc,v2,text_qr_mismatch,forged,genuine,4,0.803491
family_a_002191_qr_only_mismatch,family_a,5bc53c578a8fa7fc,v2,qr_only_mismatch,forged,genuine,4,0.555877
family_a_002192_checksum_invalid,family_a,5bc53c578a8fa7fc,v2,checksum_invalid,forged,genuine,4,0.352507
family_a_002193_format_invalid,family_a,5bc53c578a8fa7fc,v2,format_invalid,forged,genuine,4,0.064024
family_a_002194_field_missing,family_a,5bc53c578a8fa7fc,v2,field_missing,forged,genuine,4,0.001784
family_a_002195_fine_grained_edit,family_a,5bc53c578a8fa7fc,v2,fine_grained_edit,forged,genuine,4,0.064532
family_a_002196_coordinated_full_forgery,family_a,5bc53c578a8fa7fc,v2,coordinated_full_forgery,forged,genuine,4,0.10406
family_a_002197_visual_splice,family_a,5bc53c578a8fa7fc,v2,visual_splice,forged,forged,4,0.999959
family_a_002198_visual_splice,family_a,5bc53c578a8fa7fc,v2,visual_splice,forged,forged,4,0.999865
family_a_002199_visual_splice,family_a,5bc53c578a8fa7fc,v2,visual_splice,forged,forged,4,0.999958
family_a_002200_genuine,family_a,fb83da64be54a5cc,v2,genuine,genuine,genuine,4,0.025438
family_a_002201_text_qr_mismatch,family_a,fb83da64be54a5cc,v2,text_qr_mismatch,forged,genuine,4,0.021341
family_a_002202_qr_only_mismatch,family_a,fb83da64be54a5cc,v2,qr_only_mismatch,forged,genuine,4,0.065553
family_a_002203_checksum_invalid,family_a,fb83da64be54a5cc,v2,checksum_invalid,forged,genuine,4,0.033439
family_a_002204_format_invalid,family_a,fb83da64be54a5cc,v2,format_invalid,forged,genuine,4,0.001295
family_a_002205_field_missing,family_a,fb83da64be54a5cc,v2,field_missing,forged,genuine,4,0.001378
family_a_002206_fine_grained_edit,family_a,fb83da64be54a5cc,v2,fine_grained_edit,forged,genuine,4,0.011942
family_a_002207_coordinated_full_forgery,family_a,fb83da64be54a5cc,v2,coordinated_full_forgery,forged,genuine,4,0.182567
family_a_002208_visual_splice,family_a,fb83da64be54a5cc,v2,visual_splice,forged,forged,4,0.999647
family_a_002209_visual_splice,family_a,fb83da64be54a5cc,v2,visual_splice,forged,forged,4,0.999778
family_a_002210_visual_splice,family_a,fb83da64be54a5cc,v2,visual_splice,forged,forged,4,0.122746
family_a_002211_genuine,family_a,195de7bab7b78f3d,v2,genuine,genuine,genuine,0,0.015603
family_a_002212_text_qr_mismatch,family_a,195de7bab7b78f3d,v2,text_qr_mismatch,forged,genuine,0,0.010858
family_a_002213_qr_only_mismatch,family_a,195de7bab7b78f3d,v2,qr_only_mismatch,forged,genuine,0,0.017975
family_a_002214_checksum_invalid,family_a,195de7bab7b78f3d,v2,checksum_invalid,forged,genuine,0,0.010548
family_a_002215_format_invalid,family_a,195de7bab7b78f3d,v2,format_invalid,forged,genuine,0,0.000812
family_a_002216_field_missing,family_a,195de7bab7b78f3d,v2,field_missing,forged,genuine,0,0.00054
family_a_002217_fine_grained_edit,family_a,195de7bab7b78f3d,v2,fine_grained_edit,forged,genuine,0,0.001789
family_a_002218_coordinated_full_forgery,family_a,195de7bab7b78f3d,v2,coordinated_full_forgery,forged,genuine,0,0.001371
family_a_002219_visual_splice,family_a,195de7bab7b78f3d,v2,visual_splice,forged,forged,0,0.251838
family_a_002220_visual_splice,family_a,195de7bab7b78f3d,v2,visual_splice,forged,forged,0,0.986603
family_a_002221_visual_splice,family_a,195de7bab7b78f3d,v2,visual_splice,forged,forged,0,0.999574
family_a_002222_genuine,family_a,c23e224909122c05,v2,genuine,genuine,genuine,3,0.00095
family_a_002223_text_qr_mismatch,family_a,c23e224909122c05,v2,text_qr_mismatch,forged,genuine,3,0.007936
family_a_002224_qr_only_mismatch,family_a,c23e224909122c05,v2,qr_only_mismatch,forged,genuine,3,0.002103
family_a_002225_checksum_invalid,family_a,c23e224909122c05,v2,checksum_invalid,forged,genuine,3,0.003303
family_a_002226_format_invalid,family_a,c23e224909122c05,v2,format_invalid,forged,genuine,3,0.000107
family_a_002227_field_missing,family_a,c23e224909122c05,v2,field_missing,forged,genuine,3,0.000439
family_a_002228_fine_grained_edit,family_a,c23e224909122c05,v2,fine_grained_edit,forged,genuine,3,0.003775
family_a_002229_coordinated_full_forgery,family_a,c23e224909122c05,v2,coordinated_full_forgery,forged,genuine,3,0.05739
family_a_002230_visual_splice,family_a,c23e224909122c05,v2,visual_splice,forged,forged,3,0.26494
family_a_002231_visual_splice,family_a,c23e224909122c05,v2,visual_splice,forged,forged,3,0.999253
family_a_002232_visual_splice,family_a,c23e224909122c05,v2,visual_splice,forged,forged,3,0.999478
family_a_002233_genuine,family_a,717e4596243b7f25,v1,genuine,genuine,genuine,1,0.199554
family_a_002234_text_qr_mismatch,family_a,717e4596243b7f25,v1,text_qr_mismatch,forged,genuine,1,0.03481
family_a_002235_qr_only_mismatch,family_a,717e4596243b7f25,v1,qr_only_mismatch,forged,genuine,1,0.154815
family_a_002236_checksum_invalid,family_a,717e4596243b7f25,v1,checksum_invalid,forged,genuine,1,0.105234
family_a_002237_format_invalid,family_a,717e4596243b7f25,v1,format_invalid,forged,genuine,1,0.007146
family_a_002238_field_missing,family_a,717e4596243b7f25,v1,field_missing,forged,genuine,1,0.002237
family_a_002239_fine_grained_edit,family_a,717e4596243b7f25,v1,fine_grained_edit,forged,genuine,1,0.295251
family_a_002240_coordinated_full_forgery,family_a,717e4596243b7f25,v1,coordinated_full_forgery,forged,genuine,1,0.002261
family_a_002241_visual_splice,family_a,717e4596243b7f25,v1,visual_splice,forged,forged,1,0.999819
family_a_002242_visual_splice,family_a,717e4596243b7f25,v1,visual_splice,forged,forged,1,0.993897
family_a_002243_visual_splice,family_a,717e4596243b7f25,v1,visual_splice,forged,forged,1,0.999868
family_a_002255_genuine,family_a,d83eccf737143264,v1,genuine,genuine,genuine,2,0.634207
family_a_002256_text_qr_mismatch,family_a,d83eccf737143264,v1,text_qr_mismatch,forged,genuine,2,0.301557
family_a_002257_qr_only_mismatch,family_a,d83eccf737143264,v1,qr_only_mismatch,forged,genuine,2,0.2287
family_a_002258_checksum_invalid,family_a,d83eccf737143264,v1,checksum_invalid,forged,genuine,2,0.315505
family_a_002259_format_invalid,family_a,d83eccf737143264,v1,format_invalid,forged,genuine,2,0.018741
family_a_002260_field_missing,family_a,d83eccf737143264,v1,field_missing,forged,genuine,2,0.003802
family_a_002261_fine_grained_edit,family_a,d83eccf737143264,v1,fine_grained_edit,forged,genuine,2,0.068011
family_a_002262_coordinated_full_forgery,family_a,d83eccf737143264,v1,coordinated_full_forgery,forged,genuine,2,0.106107
family_a_002263_visual_splice,family_a,d83eccf737143264,v1,visual_splice,forged,forged,2,0.999972
family_a_002264_visual_splice,family_a,d83eccf737143264,v1,visual_splice,forged,forged,2,0.999966
family_a_002265_visual_splice,family_a,d83eccf737143264,v1,visual_splice,forged,forged,2,0.999855
family_a_002266_genuine,family_a,e5f4ac76524f7f94,v1,genuine,genuine,genuine,4,0.340535
family_a_002267_text_qr_mismatch,family_a,e5f4ac76524f7f94,v1,text_qr_mismatch,forged,genuine,4,0.643236
family_a_002268_qr_only_mismatch,family_a,e5f4ac76524f7f94,v1,qr_only_mismatch,forged,genuine,4,0.459495
family_a_002269_checksum_invalid,family_a,e5f4ac76524f7f94,v1,checksum_invalid,forged,genuine,4,0.49871
family_a_002270_format_invalid,family_a,e5f4ac76524f7f94,v1,format_invalid,forged,genuine,4,0.009272
family_a_002271_field_missing,family_a,e5f4ac76524f7f94,v1,field_missing,forged,genuine,4,0.00766
family_a_002272_fine_grained_edit,family_a,e5f4ac76524f7f94,v1,fine_grained_edit,forged,genuine,4,0.27826
family_a_002273_coordinated_full_forgery,family_a,e5f4ac76524f7f94,v1,coordinated_full_forgery,forged,genuine,4,0.944629
family_a_002274_visual_splice,family_a,e5f4ac76524f7f94,v1,visual_splice,forged,forged,4,0.999847
family_a_002275_visual_splice,family_a,e5f4ac76524f7f94,v1,visual_splice,forged,forged,4,0.999923
family_a_002276_visual_splice,family_a,e5f4ac76524f7f94,v1,visual_splice,forged,forged,4,0.99996
family_a_002277_genuine,family_a,432b31f8b3935da4,v2,genuine,genuine,genuine,2,0.0119
family_a_002278_text_qr_mismatch,family_a,432b31f8b3935da4,v2,text_qr_mismatch,forged,genuine,2,0.01805
family_a_002279_qr_only_mismatch,family_a,432b31f8b3935da4,v2,qr_only_mismatch,forged,genuine,2,0.005013
family_a_002280_checksum_invalid,family_a,432b31f8b3935da4,v2,checksum_invalid,forged,genuine,2,0.006788
family_a_002281_format_invalid,family_a,432b31f8b3935da4,v2,format_invalid,forged,genuine,2,0.000319
family_a_002282_field_missing,family_a,432b31f8b3935da4,v2,field_missing,forged,genuine,2,0.000552
family_a_002283_fine_grained_edit,family_a,432b31f8b3935da4,v2,fine_grained_edit,forged,genuine,2,0.004679
family_a_002284_coordinated_full_forgery,family_a,432b31f8b3935da4,v2,coordinated_full_forgery,forged,genuine,2,0.003022
family_a_002285_visual_splice,family_a,432b31f8b3935da4,v2,visual_splice,forged,forged,2,0.999854
family_a_002286_visual_splice,family_a,432b31f8b3935da4,v2,visual_splice,forged,forged,2,0.999941
family_a_002287_visual_splice,family_a,432b31f8b3935da4,v2,visual_splice,forged,forged,2,0.999563
family_a_002299_genuine,family_a,53c205ec7a57b843,v1,genuine,genuine,genuine,4,0.007186
family_a_002300_text_qr_mismatch,family_a,53c205ec7a57b843,v1,text_qr_mismatch,forged,genuine,4,0.016772
family_a_002301_qr_only_mismatch,family_a,53c205ec7a57b843,v1,qr_only_mismatch,forged,genuine,4,0.03944
family_a_002302_checksum_invalid,family_a,53c205ec7a57b843,v1,checksum_invalid,forged,genuine,4,0.019524
family_a_002303_format_invalid,family_a,53c205ec7a57b843,v1,format_invalid,forged,genuine,4,0.001062
family_a_002304_field_missing,family_a,53c205ec7a57b843,v1,field_missing,forged,genuine,4,0.00312
family_a_002305_fine_grained_edit,family_a,53c205ec7a57b843,v1,fine_grained_edit,forged,genuine,4,0.016718
family_a_002306_coordinated_full_forgery,family_a,53c205ec7a57b843,v1,coordinated_full_forgery,forged,genuine,4,0.00298
family_a_002307_visual_splice,family_a,53c205ec7a57b843,v1,visual_splice,forged,forged,4,0.265275
family_a_002308_visual_splice,family_a,53c205ec7a57b843,v1,visual_splice,forged,forged,4,0.020672
family_a_002309_visual_splice,family_a,53c205ec7a57b843,v1,visual_splice,forged,forged,4,0.999972
family_a_002321_genuine,family_a,b0c76bc69831028b,v2,genuine,genuine,genuine,2,0.150339
family_a_002322_text_qr_mismatch,family_a,b0c76bc69831028b,v2,text_qr_mismatch,forged,genuine,2,0.095612
family_a_002323_qr_only_mismatch,family_a,b0c76bc69831028b,v2,qr_only_mismatch,forged,genuine,2,0.143513
family_a_002324_checksum_invalid,family_a,b0c76bc69831028b,v2,checksum_invalid,forged,genuine,2,0.143855
family_a_002325_format_invalid,family_a,b0c76bc69831028b,v2,format_invalid,forged,genuine,2,0.016923
family_a_002326_field_missing,family_a,b0c76bc69831028b,v2,field_missing,forged,genuine,2,0.006341
family_a_002327_fine_grained_edit,family_a,b0c76bc69831028b,v2,fine_grained_edit,forged,genuine,2,0.191583
family_a_002328_coordinated_full_forgery,family_a,b0c76bc69831028b,v2,coordinated_full_forgery,forged,genuine,2,0.109628
family_a_002329_visual_splice,family_a,b0c76bc69831028b,v2,visual_splice,forged,forged,2,0.96542
family_a_002330_visual_splice,family_a,b0c76bc69831028b,v2,visual_splice,forged,forged,2,0.999828
family_a_002331_visual_splice,family_a,b0c76bc69831028b,v2,visual_splice,forged,forged,2,0.99998
family_a_002332_genuine,family_a,f97a45eada5ee0c9,v2,genuine,genuine,genuine,1,0.001463
family_a_002333_text_qr_mismatch,family_a,f97a45eada5ee0c9,v2,text_qr_mismatch,forged,genuine,1,0.018117
family_a_002334_qr_only_mismatch,family_a,f97a45eada5ee0c9,v2,qr_only_mismatch,forged,genuine,1,0.001663
family_a_002335_checksum_invalid,family_a,f97a45eada5ee0c9,v2,checksum_invalid,forged,genuine,1,0.002009
family_a_002336_format_invalid,family_a,f97a45eada5ee0c9,v2,format_invalid,forged,genuine,1,0.000248
family_a_002337_field_missing,family_a,f97a45eada5ee0c9,v2,field_missing,forged,genuine,1,6.7e-05
family_a_002338_fine_grained_edit,family_a,f97a45eada5ee0c9,v2,fine_grained_edit,forged,genuine,1,0.002583
family_a_002339_coordinated_full_forgery,family_a,f97a45eada5ee0c9,v2,coordinated_full_forgery,forged,genuine,1,0.032371
family_a_002340_visual_splice,family_a,f97a45eada5ee0c9,v2,visual_splice,forged,forged,1,0.998189
family_a_002341_visual_splice,family_a,f97a45eada5ee0c9,v2,visual_splice,forged,forged,1,0.992738
family_a_002342_visual_splice,family_a,f97a45eada5ee0c9,v2,visual_splice,forged,forged,1,0.997258
family_a_002343_genuine,family_a,f1917532ddb2f142,v1,genuine,genuine,genuine,3,0.241229
family_a_002344_text_qr_mismatch,family_a,f1917532ddb2f142,v1,text_qr_mismatch,forged,genuine,3,0.031491
family_a_002345_qr_only_mismatch,family_a,f1917532ddb2f142,v1,qr_only_mismatch,forged,genuine,3,0.09901
family_a_002346_checksum_invalid,family_a,f1917532ddb2f142,v1,checksum_invalid,forged,genuine,3,0.060502
family_a_002347_format_invalid,family_a,f1917532ddb2f142,v1,format_invalid,forged,genuine,3,0.157757
family_a_002348_field_missing,family_a,f1917532ddb2f142,v1,field_missing,forged,genuine,3,0.016401
family_a_002349_fine_grained_edit,family_a,f1917532ddb2f142,v1,fine_grained_edit,forged,genuine,3,0.076439
family_a_002350_coordinated_full_forgery,family_a,f1917532ddb2f142,v1,coordinated_full_forgery,forged,genuine,3,0.020196
family_a_002351_visual_splice,family_a,f1917532ddb2f142,v1,visual_splice,forged,forged,3,0.963128
family_a_002352_visual_splice,family_a,f1917532ddb2f142,v1,visual_splice,forged,forged,3,0.999893
family_a_002353_visual_splice,family_a,f1917532ddb2f142,v1,visual_splice,forged,forged,3,0.999918
family_a_002365_genuine,family_a,ea39c699be7ae6b9,v2,genuine,genuine,genuine,4,0.000819
family_a_002366_text_qr_mismatch,family_a,ea39c699be7ae6b9,v2,text_qr_mismatch,forged,genuine,4,0.000742
family_a_002367_qr_only_mismatch,family_a,ea39c699be7ae6b9,v2,qr_only_mismatch,forged,genuine,4,0.001095
family_a_002368_checksum_invalid,family_a,ea39c699be7ae6b9,v2,checksum_invalid,forged,genuine,4,0.000701
family_a_002369_format_invalid,family_a,ea39c699be7ae6b9,v2,format_invalid,forged,genuine,4,0.000216
family_a_002370_field_missing,family_a,ea39c699be7ae6b9,v2,field_missing,forged,genuine,4,0.000416
family_a_002371_fine_grained_edit,family_a,ea39c699be7ae6b9,v2,fine_grained_edit,forged,genuine,4,0.001521
family_a_002372_coordinated_full_forgery,family_a,ea39c699be7ae6b9,v2,coordinated_full_forgery,forged,genuine,4,0.007767
family_a_002373_visual_splice,family_a,ea39c699be7ae6b9,v2,visual_splice,forged,forged,4,0.999351
family_a_002374_visual_splice,family_a,ea39c699be7ae6b9,v2,visual_splice,forged,forged,4,0.002054
family_a_002375_visual_splice,family_a,ea39c699be7ae6b9,v2,visual_splice,forged,forged,4,0.999914
family_a_002376_genuine,family_a,db3a8200a1c79c6c,v2,genuine,genuine,genuine,4,0.058934
family_a_002377_text_qr_mismatch,family_a,db3a8200a1c79c6c,v2,text_qr_mismatch,forged,genuine,4,0.229326
family_a_002378_qr_only_mismatch,family_a,db3a8200a1c79c6c,v2,qr_only_mismatch,forged,genuine,4,0.026511
family_a_002379_checksum_invalid,family_a,db3a8200a1c79c6c,v2,checksum_invalid,forged,genuine,4,0.197185
family_a_002380_format_invalid,family_a,db3a8200a1c79c6c,v2,format_invalid,forged,genuine,4,0.003309
family_a_002381_field_missing,family_a,db3a8200a1c79c6c,v2,field_missing,forged,genuine,4,0.005528
family_a_002382_fine_grained_edit,family_a,db3a8200a1c79c6c,v2,fine_grained_edit,forged,genuine,4,0.048145
family_a_002383_coordinated_full_forgery,family_a,db3a8200a1c79c6c,v2,coordinated_full_forgery,forged,genuine,4,0.034036
family_a_002384_visual_splice,family_a,db3a8200a1c79c6c,v2,visual_splice,forged,forged,4,0.99975
family_a_002385_visual_splice,family_a,db3a8200a1c79c6c,v2,visual_splice,forged,forged,4,0.999853
family_a_002386_visual_splice,family_a,db3a8200a1c79c6c,v2,visual_splice,forged,forged,4,0.999875
family_a_002387_genuine,family_a,6f0ee68e7ba88fc9,v1,genuine,genuine,genuine,0,0.019693
family_a_002388_text_qr_mismatch,family_a,6f0ee68e7ba88fc9,v1,text_qr_mismatch,forged,genuine,0,0.079842
family_a_002389_qr_only_mismatch,family_a,6f0ee68e7ba88fc9,v1,qr_only_mismatch,forged,genuine,0,0.019509
family_a_002390_checksum_invalid,family_a,6f0ee68e7ba88fc9,v1,checksum_invalid,forged,genuine,0,0.017321
family_a_002391_format_invalid,family_a,6f0ee68e7ba88fc9,v1,format_invalid,forged,genuine,0,0.003747
family_a_002392_field_missing,family_a,6f0ee68e7ba88fc9,v1,field_missing,forged,genuine,0,0.000922
family_a_002393_fine_grained_edit,family_a,6f0ee68e7ba88fc9,v1,fine_grained_edit,forged,genuine,0,0.016478
family_a_002394_coordinated_full_forgery,family_a,6f0ee68e7ba88fc9,v1,coordinated_full_forgery,forged,genuine,0,0.020394
family_a_002395_visual_splice,family_a,6f0ee68e7ba88fc9,v1,visual_splice,forged,forged,0,0.997732
family_a_002396_visual_splice,family_a,6f0ee68e7ba88fc9,v1,visual_splice,forged,forged,0,0.999861
family_a_002397_visual_splice,family_a,6f0ee68e7ba88fc9,v1,visual_splice,forged,forged,0,0.633386
family_a_002409_genuine,family_a,d330e875a791e264,v2,genuine,genuine,genuine,4,0.00054
family_a_002410_text_qr_mismatch,family_a,d330e875a791e264,v2,text_qr_mismatch,forged,genuine,4,0.001679
family_a_002411_qr_only_mismatch,family_a,d330e875a791e264,v2,qr_only_mismatch,forged,genuine,4,0.0011
family_a_002412_checksum_invalid,family_a,d330e875a791e264,v2,checksum_invalid,forged,genuine,4,0.002204
family_a_002413_format_invalid,family_a,d330e875a791e264,v2,format_invalid,forged,genuine,4,0.000424
family_a_002414_field_missing,family_a,d330e875a791e264,v2,field_missing,forged,genuine,4,0.000436
family_a_002415_fine_grained_edit,family_a,d330e875a791e264,v2,fine_grained_edit,forged,genuine,4,0.000987
family_a_002416_coordinated_full_forgery,family_a,d330e875a791e264,v2,coordinated_full_forgery,forged,genuine,4,0.013008
family_a_002417_visual_splice,family_a,d330e875a791e264,v2,visual_splice,forged,forged,4,0.99982
family_a_002418_visual_splice,family_a,d330e875a791e264,v2,visual_splice,forged,forged,4,0.346647
family_a_002419_visual_splice,family_a,d330e875a791e264,v2,visual_splice,forged,forged,4,0.998136
family_a_002431_genuine,family_a,27a45ae6b7142600,v2,genuine,genuine,genuine,4,0.71819
family_a_002432_text_qr_mismatch,family_a,27a45ae6b7142600,v2,text_qr_mismatch,forged,genuine,4,0.808777
family_a_002433_qr_only_mismatch,family_a,27a45ae6b7142600,v2,qr_only_mismatch,forged,genuine,4,0.893973
family_a_002434_checksum_invalid,family_a,27a45ae6b7142600,v2,checksum_invalid,forged,genuine,4,0.456431
family_a_002435_format_invalid,family_a,27a45ae6b7142600,v2,format_invalid,forged,genuine,4,0.024532
family_a_002436_field_missing,family_a,27a45ae6b7142600,v2,field_missing,forged,genuine,4,0.062145
family_a_002437_fine_grained_edit,family_a,27a45ae6b7142600,v2,fine_grained_edit,forged,genuine,4,0.278426
family_a_002438_coordinated_full_forgery,family_a,27a45ae6b7142600,v2,coordinated_full_forgery,forged,genuine,4,0.036072
family_a_002439_visual_splice,family_a,27a45ae6b7142600,v2,visual_splice,forged,forged,4,0.99993
family_a_002440_visual_splice,family_a,27a45ae6b7142600,v2,visual_splice,forged,forged,4,0.998906
family_a_002441_visual_splice,family_a,27a45ae6b7142600,v2,visual_splice,forged,forged,4,0.999972
family_a_002442_genuine,family_a,bd944f9a42dab105,v1,genuine,genuine,genuine,1,0.051248
family_a_002443_text_qr_mismatch,family_a,bd944f9a42dab105,v1,text_qr_mismatch,forged,genuine,1,0.023891
family_a_002444_qr_only_mismatch,family_a,bd944f9a42dab105,v1,qr_only_mismatch,forged,genuine,1,0.012311
family_a_002445_checksum_invalid,family_a,bd944f9a42dab105,v1,checksum_invalid,forged,genuine,1,0.050524
family_a_002446_format_invalid,family_a,bd944f9a42dab105,v1,format_invalid,forged,genuine,1,0.000584
family_a_002447_field_missing,family_a,bd944f9a42dab105,v1,field_missing,forged,genuine,1,0.001109
family_a_002448_fine_grained_edit,family_a,bd944f9a42dab105,v1,fine_grained_edit,forged,genuine,1,0.019661
family_a_002449_coordinated_full_forgery,family_a,bd944f9a42dab105,v1,coordinated_full_forgery,forged,genuine,1,0.003022
family_a_002450_visual_splice,family_a,bd944f9a42dab105,v1,visual_splice,forged,forged,1,0.041819
family_a_002451_visual_splice,family_a,bd944f9a42dab105,v1,visual_splice,forged,forged,1,0.999332
family_a_002452_visual_splice,family_a,bd944f9a42dab105,v1,visual_splice,forged,forged,1,0.999468
family_a_002453_genuine,family_a,60ad394537259c8b,v1,genuine,genuine,genuine,4,0.108496
family_a_002454_text_qr_mismatch,family_a,60ad394537259c8b,v1,text_qr_mismatch,forged,genuine,4,0.147842
family_a_002455_qr_only_mismatch,family_a,60ad394537259c8b,v1,qr_only_mismatch,forged,genuine,4,0.131168
family_a_002456_checksum_invalid,family_a,60ad394537259c8b,v1,checksum_invalid,forged,genuine,4,0.212906
family_a_002457_format_invalid,family_a,60ad394537259c8b,v1,format_invalid,forged,genuine,4,0.005194
family_a_002458_field_missing,family_a,60ad394537259c8b,v1,field_missing,forged,genuine,4,0.024284
family_a_002459_fine_grained_edit,family_a,60ad394537259c8b,v1,fine_grained_edit,forged,genuine,4,0.050572
family_a_002460_coordinated_full_forgery,family_a,60ad394537259c8b,v1,coordinated_full_forgery,forged,genuine,4,0.016003
family_a_002461_visual_splice,family_a,60ad394537259c8b,v1,visual_splice,forged,forged,4,0.103202
family_a_002462_visual_splice,family_a,60ad394537259c8b,v1,visual_splice,forged,forged,4,0.999952
family_a_002463_visual_splice,family_a,60ad394537259c8b,v1,visual_splice,forged,forged,4,0.999946
family_a_002464_genuine,family_a,0826212217894163,v1,genuine,genuine,genuine,4,0.244645
family_a_002465_text_qr_mismatch,family_a,0826212217894163,v1,text_qr_mismatch,forged,genuine,4,0.038287
family_a_002466_qr_only_mismatch,family_a,0826212217894163,v1,qr_only_mismatch,forged,genuine,4,0.14176
family_a_002467_checksum_invalid,family_a,0826212217894163,v1,checksum_invalid,forged,genuine,4,0.095518
family_a_002468_format_invalid,family_a,0826212217894163,v1,format_invalid,forged,genuine,4,0.00772
family_a_002469_field_missing,family_a,0826212217894163,v1,field_missing,forged,genuine,4,0.019514
family_a_002470_fine_grained_edit,family_a,0826212217894163,v1,fine_grained_edit,forged,genuine,4,0.529148
family_a_002471_coordinated_full_forgery,family_a,0826212217894163,v1,coordinated_full_forgery,forged,genuine,4,0.006256
family_a_002472_visual_splice,family_a,0826212217894163,v1,visual_splice,forged,forged,4,0.999979
family_a_002473_visual_splice,family_a,0826212217894163,v1,visual_splice,forged,forged,4,0.887196
family_a_002474_visual_splice,family_a,0826212217894163,v1,visual_splice,forged,forged,4,0.999862
family_a_002497_genuine,family_a,63f5d06eb8a1b129,v2,genuine,genuine,genuine,3,0.681609
family_a_002498_text_qr_mismatch,family_a,63f5d06eb8a1b129,v2,text_qr_mismatch,forged,genuine,3,0.587132
family_a_002499_qr_only_mismatch,family_a,63f5d06eb8a1b129,v2,qr_only_mismatch,forged,genuine,3,0.66706
family_a_002500_checksum_invalid,family_a,63f5d06eb8a1b129,v2,checksum_invalid,forged,genuine,3,0.674126
family_a_002501_format_invalid,family_a,63f5d06eb8a1b129,v2,format_invalid,forged,genuine,3,0.164953
family_a_002502_field_missing,family_a,63f5d06eb8a1b129,v2,field_missing,forged,genuine,3,0.026737
family_a_002503_fine_grained_edit,family_a,63f5d06eb8a1b129,v2,fine_grained_edit,forged,genuine,3,0.718997
family_a_002504_coordinated_full_forgery,family_a,63f5d06eb8a1b129,v2,coordinated_full_forgery,forged,genuine,3,0.023578
family_a_002505_visual_splice,family_a,63f5d06eb8a1b129,v2,visual_splice,forged,forged,3,0.999988
family_a_002506_visual_splice,family_a,63f5d06eb8a1b129,v2,visual_splice,forged,forged,3,0.999992
family_a_002507_visual_splice,family_a,63f5d06eb8a1b129,v2,visual_splice,forged,forged,3,0.999267
family_a_002508_genuine,family_a,ac2940155409f4b3,v1,genuine,genuine,genuine,1,0.250123
family_a_002509_text_qr_mismatch,family_a,ac2940155409f4b3,v1,text_qr_mismatch,forged,genuine,1,0.269865
family_a_002510_qr_only_mismatch,family_a,ac2940155409f4b3,v1,qr_only_mismatch,forged,genuine,1,0.206379
family_a_002511_checksum_invalid,family_a,ac2940155409f4b3,v1,checksum_invalid,forged,genuine,1,0.352266
family_a_002512_format_invalid,family_a,ac2940155409f4b3,v1,format_invalid,forged,genuine,1,0.019796
family_a_002513_field_missing,family_a,ac2940155409f4b3,v1,field_missing,forged,genuine,1,0.005905
family_a_002514_fine_grained_edit,family_a,ac2940155409f4b3,v1,fine_grained_edit,forged,genuine,1,0.38291
family_a_002515_coordinated_full_forgery,family_a,ac2940155409f4b3,v1,coordinated_full_forgery,forged,genuine,1,0.091974
family_a_002516_visual_splice,family_a,ac2940155409f4b3,v1,visual_splice,forged,forged,1,0.999769
family_a_002517_visual_splice,family_a,ac2940155409f4b3,v1,visual_splice,forged,forged,1,0.999857
family_a_002518_visual_splice,family_a,ac2940155409f4b3,v1,visual_splice,forged,forged,1,0.999897
family_a_002519_genuine,family_a,6063d0067bcaf5f0,v2,genuine,genuine,genuine,0,0.001357
family_a_002520_text_qr_mismatch,family_a,6063d0067bcaf5f0,v2,text_qr_mismatch,forged,genuine,0,0.001005
family_a_002521_qr_only_mismatch,family_a,6063d0067bcaf5f0,v2,qr_only_mismatch,forged,genuine,0,0.002138
family_a_002522_checksum_invalid,family_a,6063d0067bcaf5f0,v2,checksum_invalid,forged,genuine,0,0.001985
family_a_002523_format_invalid,family_a,6063d0067bcaf5f0,v2,format_invalid,forged,genuine,0,0.000114
family_a_002524_field_missing,family_a,6063d0067bcaf5f0,v2,field_missing,forged,genuine,0,0.000481
family_a_002525_fine_grained_edit,family_a,6063d0067bcaf5f0,v2,fine_grained_edit,forged,genuine,0,0.001102
family_a_002526_coordinated_full_forgery,family_a,6063d0067bcaf5f0,v2,coordinated_full_forgery,forged,genuine,0,0.011309
family_a_002527_visual_splice,family_a,6063d0067bcaf5f0,v2,visual_splice,forged,forged,0,0.143616
family_a_002528_visual_splice,family_a,6063d0067bcaf5f0,v2,visual_splice,forged,forged,0,0.999765
family_a_002529_visual_splice,family_a,6063d0067bcaf5f0,v2,visual_splice,forged,forged,0,0.999171
family_a_002530_genuine,family_a,cfb2ba1779a7200b,v1,genuine,genuine,genuine,3,0.032176
family_a_002531_text_qr_mismatch,family_a,cfb2ba1779a7200b,v1,text_qr_mismatch,forged,genuine,3,0.152883
family_a_002532_qr_only_mismatch,family_a,cfb2ba1779a7200b,v1,qr_only_mismatch,forged,genuine,3,0.08517
family_a_002533_checksum_invalid,family_a,cfb2ba1779a7200b,v1,checksum_invalid,forged,genuine,3,0.057951
family_a_002534_format_invalid,family_a,cfb2ba1779a7200b,v1,format_invalid,forged,genuine,3,0.002113
family_a_002535_field_missing,family_a,cfb2ba1779a7200b,v1,field_missing,forged,genuine,3,0.008734
family_a_002536_fine_grained_edit,family_a,cfb2ba1779a7200b,v1,fine_grained_edit,forged,genuine,3,0.059232
family_a_002537_coordinated_full_forgery,family_a,cfb2ba1779a7200b,v1,coordinated_full_forgery,forged,genuine,3,0.003027
family_a_002538_visual_splice,family_a,cfb2ba1779a7200b,v1,visual_splice,forged,forged,3,0.999947
family_a_002539_visual_splice,family_a,cfb2ba1779a7200b,v1,visual_splice,forged,forged,3,0.999283
family_a_002540_visual_splice,family_a,cfb2ba1779a7200b,v1,visual_splice,forged,forged,3,0.999951
family_a_002574_genuine,family_a,cddc564199084d55,v2,genuine,genuine,genuine,3,0.051038
family_a_002575_text_qr_mismatch,family_a,cddc564199084d55,v2,text_qr_mismatch,forged,genuine,3,0.059153
family_a_002576_qr_only_mismatch,family_a,cddc564199084d55,v2,qr_only_mismatch,forged,genuine,3,0.076412
family_a_002577_checksum_invalid,family_a,cddc564199084d55,v2,checksum_invalid,forged,genuine,3,0.081363
family_a_002578_format_invalid,family_a,cddc564199084d55,v2,format_invalid,forged,genuine,3,0.005022
family_a_002579_field_missing,family_a,cddc564199084d55,v2,field_missing,forged,genuine,3,0.004095
family_a_002580_fine_grained_edit,family_a,cddc564199084d55,v2,fine_grained_edit,forged,genuine,3,0.054597
family_a_002581_coordinated_full_forgery,family_a,cddc564199084d55,v2,coordinated_full_forgery,forged,genuine,3,0.001886
family_a_002582_visual_splice,family_a,cddc564199084d55,v2,visual_splice,forged,forged,3,0.995457
family_a_002583_visual_splice,family_a,cddc564199084d55,v2,visual_splice,forged,forged,3,0.999453
family_a_002584_visual_splice,family_a,cddc564199084d55,v2,visual_splice,forged,forged,3,0.999856
family_a_002596_genuine,family_a,8bf4bb2e5343fa02,v2,genuine,genuine,genuine,1,0.001976
family_a_002597_text_qr_mismatch,family_a,8bf4bb2e5343fa02,v2,text_qr_mismatch,forged,genuine,1,0.001145
family_a_002598_qr_only_mismatch,family_a,8bf4bb2e5343fa02,v2,qr_only_mismatch,forged,genuine,1,0.006734
family_a_002599_checksum_invalid,family_a,8bf4bb2e5343fa02,v2,checksum_invalid,forged,genuine,1,0.005592
family_a_002600_format_invalid,family_a,8bf4bb2e5343fa02,v2,format_invalid,forged,genuine,1,0.000214
family_a_002601_field_missing,family_a,8bf4bb2e5343fa02,v2,field_missing,forged,genuine,1,0.000672
family_a_002602_fine_grained_edit,family_a,8bf4bb2e5343fa02,v2,fine_grained_edit,forged,genuine,1,0.000536
family_a_002603_coordinated_full_forgery,family_a,8bf4bb2e5343fa02,v2,coordinated_full_forgery,forged,genuine,1,0.006686
family_a_002604_visual_splice,family_a,8bf4bb2e5343fa02,v2,visual_splice,forged,forged,1,0.999637
family_a_002605_visual_splice,family_a,8bf4bb2e5343fa02,v2,visual_splice,forged,forged,1,0.994893
family_a_002606_visual_splice,family_a,8bf4bb2e5343fa02,v2,visual_splice,forged,forged,1,0.998866
family_a_002607_genuine,family_a,ca57033497f8b27d,v2,genuine,genuine,genuine,0,0.006616
family_a_002608_text_qr_mismatch,family_a,ca57033497f8b27d,v2,text_qr_mismatch,forged,genuine,0,0.007048
family_a_002609_qr_only_mismatch,family_a,ca57033497f8b27d,v2,qr_only_mismatch,forged,genuine,0,0.009557
family_a_002610_checksum_invalid,family_a,ca57033497f8b27d,v2,checksum_invalid,forged,genuine,0,0.012066
family_a_002611_format_invalid,family_a,ca57033497f8b27d,v2,format_invalid,forged,genuine,0,0.002518
family_a_002612_field_missing,family_a,ca57033497f8b27d,v2,field_missing,forged,genuine,0,0.001153
family_a_002613_fine_grained_edit,family_a,ca57033497f8b27d,v2,fine_grained_edit,forged,genuine,0,0.005551
family_a_002614_coordinated_full_forgery,family_a,ca57033497f8b27d,v2,coordinated_full_forgery,forged,genuine,0,0.012306
family_a_002615_visual_splice,family_a,ca57033497f8b27d,v2,visual_splice,forged,forged,0,0.023349
family_a_002616_visual_splice,family_a,ca57033497f8b27d,v2,visual_splice,forged,forged,0,0.985316
family_a_002617_visual_splice,family_a,ca57033497f8b27d,v2,visual_splice,forged,forged,0,0.998942
family_a_002618_genuine,family_a,2ca7f91d46e3bd27,v2,genuine,genuine,genuine,0,0.034659
family_a_002619_text_qr_mismatch,family_a,2ca7f91d46e3bd27,v2,text_qr_mismatch,forged,genuine,0,0.018368
family_a_002620_qr_only_mismatch,family_a,2ca7f91d46e3bd27,v2,qr_only_mismatch,forged,genuine,0,0.009155
family_a_002621_checksum_invalid,family_a,2ca7f91d46e3bd27,v2,checksum_invalid,forged,genuine,0,0.002513
family_a_002622_format_invalid,family_a,2ca7f91d46e3bd27,v2,format_invalid,forged,genuine,0,0.005204
family_a_002623_field_missing,family_a,2ca7f91d46e3bd27,v2,field_missing,forged,genuine,0,0.000761
family_a_002624_fine_grained_edit,family_a,2ca7f91d46e3bd27,v2,fine_grained_edit,forged,genuine,0,0.012563
family_a_002625_coordinated_full_forgery,family_a,2ca7f91d46e3bd27,v2,coordinated_full_forgery,forged,genuine,0,0.003482
family_a_002626_visual_splice,family_a,2ca7f91d46e3bd27,v2,visual_splice,forged,forged,0,0.241228
family_a_002627_visual_splice,family_a,2ca7f91d46e3bd27,v2,visual_splice,forged,forged,0,0.99965
family_a_002628_visual_splice,family_a,2ca7f91d46e3bd27,v2,visual_splice,forged,forged,0,0.999858
family_a_002640_genuine,family_a,729856d3f61d3ff6,v1,genuine,genuine,genuine,1,0.000119
family_a_002641_text_qr_mismatch,family_a,729856d3f61d3ff6,v1,text_qr_mismatch,forged,genuine,1,0.000378
family_a_002642_qr_only_mismatch,family_a,729856d3f61d3ff6,v1,qr_only_mismatch,forged,genuine,1,0.00011
family_a_002643_checksum_invalid,family_a,729856d3f61d3ff6,v1,checksum_invalid,forged,genuine,1,0.000313
family_a_002644_format_invalid,family_a,729856d3f61d3ff6,v1,format_invalid,forged,genuine,1,6.8e-05
family_a_002645_field_missing,family_a,729856d3f61d3ff6,v1,field_missing,forged,genuine,1,0.000143
family_a_002646_fine_grained_edit,family_a,729856d3f61d3ff6,v1,fine_grained_edit,forged,genuine,1,0.000305
family_a_002647_coordinated_full_forgery,family_a,729856d3f61d3ff6,v1,coordinated_full_forgery,forged,genuine,1,0.058715
family_a_002648_visual_splice,family_a,729856d3f61d3ff6,v1,visual_splice,forged,forged,1,0.999109
family_a_002649_visual_splice,family_a,729856d3f61d3ff6,v1,visual_splice,forged,forged,1,0.995121
family_a_002650_visual_splice,family_a,729856d3f61d3ff6,v1,visual_splice,forged,forged,1,0.99987
family_a_002662_genuine,family_a,c5e386ab33f45784,v1,genuine,genuine,genuine,1,0.006536
family_a_002663_text_qr_mismatch,family_a,c5e386ab33f45784,v1,text_qr_mismatch,forged,genuine,1,0.00778
family_a_002664_qr_only_mismatch,family_a,c5e386ab33f45784,v1,qr_only_mismatch,forged,genuine,1,0.008816
family_a_002665_checksum_invalid,family_a,c5e386ab33f45784,v1,checksum_invalid,forged,genuine,1,0.025655
family_a_002666_format_invalid,family_a,c5e386ab33f45784,v1,format_invalid,forged,genuine,1,0.000318
family_a_002667_field_missing,family_a,c5e386ab33f45784,v1,field_missing,forged,genuine,1,0.002054
family_a_002668_fine_grained_edit,family_a,c5e386ab33f45784,v1,fine_grained_edit,forged,genuine,1,0.000567
family_a_002669_coordinated_full_forgery,family_a,c5e386ab33f45784,v1,coordinated_full_forgery,forged,genuine,1,0.011614
family_a_002670_visual_splice,family_a,c5e386ab33f45784,v1,visual_splice,forged,forged,1,0.390438
family_a_002671_visual_splice,family_a,c5e386ab33f45784,v1,visual_splice,forged,forged,1,0.997622
family_a_002672_visual_splice,family_a,c5e386ab33f45784,v1,visual_splice,forged,forged,1,0.999237
family_a_002684_genuine,family_a,b1d4e2e9700700aa,v2,genuine,genuine,genuine,3,0.002213
family_a_002685_text_qr_mismatch,family_a,b1d4e2e9700700aa,v2,text_qr_mismatch,forged,genuine,3,0.004063
family_a_002686_qr_only_mismatch,family_a,b1d4e2e9700700aa,v2,qr_only_mismatch,forged,genuine,3,0.007552
family_a_002687_checksum_invalid,family_a,b1d4e2e9700700aa,v2,checksum_invalid,forged,genuine,3,0.002152
family_a_002688_format_invalid,family_a,b1d4e2e9700700aa,v2,format_invalid,forged,genuine,3,0.000119
family_a_002689_field_missing,family_a,b1d4e2e9700700aa,v2,field_missing,forged,genuine,3,0.000705
family_a_002690_fine_grained_edit,family_a,b1d4e2e9700700aa,v2,fine_grained_edit,forged,genuine,3,0.006097
family_a_002691_coordinated_full_forgery,family_a,b1d4e2e9700700aa,v2,coordinated_full_forgery,forged,genuine,3,0.176968
family_a_002692_visual_splice,family_a,b1d4e2e9700700aa,v2,visual_splice,forged,forged,3,0.999698
family_a_002693_visual_splice,family_a,b1d4e2e9700700aa,v2,visual_splice,forged,forged,3,0.999516
family_a_002694_visual_splice,family_a,b1d4e2e9700700aa,v2,visual_splice,forged,forged,3,0.9996
family_a_002706_genuine,family_a,1d1a4e78fea05dd2,v1,genuine,genuine,genuine,0,0.006532
family_a_002707_text_qr_mismatch,family_a,1d1a4e78fea05dd2,v1,text_qr_mismatch,forged,genuine,0,0.003505
family_a_002708_qr_only_mismatch,family_a,1d1a4e78fea05dd2,v1,qr_only_mismatch,forged,genuine,0,0.005517
family_a_002709_checksum_invalid,family_a,1d1a4e78fea05dd2,v1,checksum_invalid,forged,genuine,0,0.003901
family_a_002710_format_invalid,family_a,1d1a4e78fea05dd2,v1,format_invalid,forged,genuine,0,0.000753
family_a_002711_field_missing,family_a,1d1a4e78fea05dd2,v1,field_missing,forged,genuine,0,0.001896
family_a_002712_fine_grained_edit,family_a,1d1a4e78fea05dd2,v1,fine_grained_edit,forged,genuine,0,0.005091
family_a_002713_coordinated_full_forgery,family_a,1d1a4e78fea05dd2,v1,coordinated_full_forgery,forged,genuine,0,0.037863
family_a_002714_visual_splice,family_a,1d1a4e78fea05dd2,v1,visual_splice,forged,forged,0,0.997319
family_a_002715_visual_splice,family_a,1d1a4e78fea05dd2,v1,visual_splice,forged,forged,0,0.997035
family_a_002716_visual_splice,family_a,1d1a4e78fea05dd2,v1,visual_splice,forged,forged,0,0.872079
family_a_002739_genuine,family_a,b890f43d8f3b5a50,v2,genuine,genuine,genuine,0,0.005022
family_a_002740_text_qr_mismatch,family_a,b890f43d8f3b5a50,v2,text_qr_mismatch,forged,genuine,0,0.004997
family_a_002741_qr_only_mismatch,family_a,b890f43d8f3b5a50,v2,qr_only_mismatch,forged,genuine,0,0.005557
family_a_002742_checksum_invalid,family_a,b890f43d8f3b5a50,v2,checksum_invalid,forged,genuine,0,0.005672
family_a_002743_format_invalid,family_a,b890f43d8f3b5a50,v2,format_invalid,forged,genuine,0,0.000693
family_a_002744_field_missing,family_a,b890f43d8f3b5a50,v2,field_missing,forged,genuine,0,0.000481
family_a_002745_fine_grained_edit,family_a,b890f43d8f3b5a50,v2,fine_grained_edit,forged,genuine,0,0.004044
family_a_002746_coordinated_full_forgery,family_a,b890f43d8f3b5a50,v2,coordinated_full_forgery,forged,genuine,0,0.816378
family_a_002747_visual_splice,family_a,b890f43d8f3b5a50,v2,visual_splice,forged,forged,0,0.006923
family_a_002748_visual_splice,family_a,b890f43d8f3b5a50,v2,visual_splice,forged,forged,0,0.999374
family_a_002749_visual_splice,family_a,b890f43d8f3b5a50,v2,visual_splice,forged,forged,0,0.999702
family_a_002750_genuine,family_a,6e0d32905b01ab44,v1,genuine,genuine,genuine,0,0.174336
family_a_002751_text_qr_mismatch,family_a,6e0d32905b01ab44,v1,text_qr_mismatch,forged,genuine,0,0.08491
family_a_002752_qr_only_mismatch,family_a,6e0d32905b01ab44,v1,qr_only_mismatch,forged,genuine,0,0.036225
family_a_002753_checksum_invalid,family_a,6e0d32905b01ab44,v1,checksum_invalid,forged,genuine,0,0.080714
family_a_002754_format_invalid,family_a,6e0d32905b01ab44,v1,format_invalid,forged,genuine,0,0.012213
family_a_002755_field_missing,family_a,6e0d32905b01ab44,v1,field_missing,forged,genuine,0,0.004449
family_a_002756_fine_grained_edit,family_a,6e0d32905b01ab44,v1,fine_grained_edit,forged,genuine,0,0.302313
family_a_002757_coordinated_full_forgery,family_a,6e0d32905b01ab44,v1,coordinated_full_forgery,forged,genuine,0,0.021036
family_a_002758_visual_splice,family_a,6e0d32905b01ab44,v1,visual_splice,forged,forged,0,0.999986
family_a_002759_visual_splice,family_a,6e0d32905b01ab44,v1,visual_splice,forged,forged,0,0.999713
family_a_002760_visual_splice,family_a,6e0d32905b01ab44,v1,visual_splice,forged,forged,0,0.999898
family_a_002772_genuine,family_a,a1bfc5fa0b87237c,v2,genuine,genuine,genuine,0,0.010793
family_a_002773_text_qr_mismatch,family_a,a1bfc5fa0b87237c,v2,text_qr_mismatch,forged,genuine,0,0.068544
family_a_002774_qr_only_mismatch,family_a,a1bfc5fa0b87237c,v2,qr_only_mismatch,forged,genuine,0,0.008316
family_a_002775_checksum_invalid,family_a,a1bfc5fa0b87237c,v2,checksum_invalid,forged,genuine,0,0.014331
family_a_002776_format_invalid,family_a,a1bfc5fa0b87237c,v2,format_invalid,forged,genuine,0,0.001686
family_a_002777_field_missing,family_a,a1bfc5fa0b87237c,v2,field_missing,forged,genuine,0,0.001362
family_a_002778_fine_grained_edit,family_a,a1bfc5fa0b87237c,v2,fine_grained_edit,forged,genuine,0,0.005977
family_a_002779_coordinated_full_forgery,family_a,a1bfc5fa0b87237c,v2,coordinated_full_forgery,forged,genuine,0,0.002779
family_a_002780_visual_splice,family_a,a1bfc5fa0b87237c,v2,visual_splice,forged,forged,0,0.904442
family_a_002781_visual_splice,family_a,a1bfc5fa0b87237c,v2,visual_splice,forged,forged,0,0.987216
family_a_002782_visual_splice,family_a,a1bfc5fa0b87237c,v2,visual_splice,forged,forged,0,0.999942
family_a_002783_genuine,family_a,a6a3f4c6e5f4bf51,v1,genuine,genuine,genuine,1,0.014515
family_a_002784_text_qr_mismatch,family_a,a6a3f4c6e5f4bf51,v1,text_qr_mismatch,forged,genuine,1,0.010219
family_a_002785_qr_only_mismatch,family_a,a6a3f4c6e5f4bf51,v1,qr_only_mismatch,forged,genuine,1,0.009891
family_a_002786_checksum_invalid,family_a,a6a3f4c6e5f4bf51,v1,checksum_invalid,forged,genuine,1,0.091798
family_a_002787_format_invalid,family_a,a6a3f4c6e5f4bf51,v1,format_invalid,forged,genuine,1,0.002342
family_a_002788_field_missing,family_a,a6a3f4c6e5f4bf51,v1,field_missing,forged,genuine,1,0.000501
family_a_002789_fine_grained_edit,family_a,a6a3f4c6e5f4bf51,v1,fine_grained_edit,forged,genuine,1,0.025434
family_a_002790_coordinated_full_forgery,family_a,a6a3f4c6e5f4bf51,v1,coordinated_full_forgery,forged,genuine,1,0.052328
family_a_002791_visual_splice,family_a,a6a3f4c6e5f4bf51,v1,visual_splice,forged,forged,1,0.999172
family_a_002792_visual_splice,family_a,a6a3f4c6e5f4bf51,v1,visual_splice,forged,forged,1,0.999223
family_a_002793_visual_splice,family_a,a6a3f4c6e5f4bf51,v1,visual_splice,forged,forged,1,0.999495
family_a_002794_genuine,family_a,2b8685c79dea4dce,v2,genuine,genuine,genuine,1,0.000701
family_a_002795_text_qr_mismatch,family_a,2b8685c79dea4dce,v2,text_qr_mismatch,forged,genuine,1,0.002737
family_a_002796_qr_only_mismatch,family_a,2b8685c79dea4dce,v2,qr_only_mismatch,forged,genuine,1,0.000927
family_a_002797_checksum_invalid,family_a,2b8685c79dea4dce,v2,checksum_invalid,forged,genuine,1,0.001465
family_a_002798_format_invalid,family_a,2b8685c79dea4dce,v2,format_invalid,forged,genuine,1,6.1e-05
family_a_002799_field_missing,family_a,2b8685c79dea4dce,v2,field_missing,forged,genuine,1,0.000354
family_a_002800_fine_grained_edit,family_a,2b8685c79dea4dce,v2,fine_grained_edit,forged,genuine,1,0.002433
family_a_002801_coordinated_full_forgery,family_a,2b8685c79dea4dce,v2,coordinated_full_forgery,forged,genuine,1,0.0148
family_a_002802_visual_splice,family_a,2b8685c79dea4dce,v2,visual_splice,forged,forged,1,0.997763
family_a_002803_visual_splice,family_a,2b8685c79dea4dce,v2,visual_splice,forged,forged,1,0.993674
family_a_002804_visual_splice,family_a,2b8685c79dea4dce,v2,visual_splice,forged,forged,1,0.998294
family_a_002805_genuine,family_a,4b76ed53a33186b7,v2,genuine,genuine,genuine,3,0.012247
family_a_002806_text_qr_mismatch,family_a,4b76ed53a33186b7,v2,text_qr_mismatch,forged,genuine,3,0.01339
family_a_002807_qr_only_mismatch,family_a,4b76ed53a33186b7,v2,qr_only_mismatch,forged,genuine,3,0.011855
family_a_002808_checksum_invalid,family_a,4b76ed53a33186b7,v2,checksum_invalid,forged,genuine,3,0.008875
family_a_002809_format_invalid,family_a,4b76ed53a33186b7,v2,format_invalid,forged,genuine,3,0.000413
family_a_002810_field_missing,family_a,4b76ed53a33186b7,v2,field_missing,forged,genuine,3,0.001063
family_a_002811_fine_grained_edit,family_a,4b76ed53a33186b7,v2,fine_grained_edit,forged,genuine,3,0.002564
family_a_002812_coordinated_full_forgery,family_a,4b76ed53a33186b7,v2,coordinated_full_forgery,forged,genuine,3,0.025545
family_a_002813_visual_splice,family_a,4b76ed53a33186b7,v2,visual_splice,forged,forged,3,0.998044
family_a_002814_visual_splice,family_a,4b76ed53a33186b7,v2,visual_splice,forged,forged,3,0.969425
family_a_002815_visual_splice,family_a,4b76ed53a33186b7,v2,visual_splice,forged,forged,3,0.416751
family_a_002816_genuine,family_a,af295b2b27bb6d37,v1,genuine,genuine,genuine,0,0.003379
family_a_002817_text_qr_mismatch,family_a,af295b2b27bb6d37,v1,text_qr_mismatch,forged,genuine,0,0.005135
family_a_002818_qr_only_mismatch,family_a,af295b2b27bb6d37,v1,qr_only_mismatch,forged,genuine,0,0.005356
family_a_002819_checksum_invalid,family_a,af295b2b27bb6d37,v1,checksum_invalid,forged,genuine,0,0.003026
family_a_002820_format_invalid,family_a,af295b2b27bb6d37,v1,format_invalid,forged,genuine,0,0.001195
family_a_002821_field_missing,family_a,af295b2b27bb6d37,v1,field_missing,forged,genuine,0,0.000764
family_a_002822_fine_grained_edit,family_a,af295b2b27bb6d37,v1,fine_grained_edit,forged,genuine,0,0.003485
family_a_002823_coordinated_full_forgery,family_a,af295b2b27bb6d37,v1,coordinated_full_forgery,forged,genuine,0,0.008634
family_a_002824_visual_splice,family_a,af295b2b27bb6d37,v1,visual_splice,forged,forged,0,0.999931
family_a_002825_visual_splice,family_a,af295b2b27bb6d37,v1,visual_splice,forged,forged,0,0.017454
family_a_002826_visual_splice,family_a,af295b2b27bb6d37,v1,visual_splice,forged,forged,0,0.999697
family_a_002827_genuine,family_a,76a617a9065ad7c3,v1,genuine,genuine,genuine,2,0.064893
family_a_002828_text_qr_mismatch,family_a,76a617a9065ad7c3,v1,text_qr_mismatch,forged,genuine,2,0.034043
family_a_002829_qr_only_mismatch,family_a,76a617a9065ad7c3,v1,qr_only_mismatch,forged,genuine,2,0.054024
family_a_002830_checksum_invalid,family_a,76a617a9065ad7c3,v1,checksum_invalid,forged,genuine,2,0.169928
family_a_002831_format_invalid,family_a,76a617a9065ad7c3,v1,format_invalid,forged,genuine,2,0.009127
family_a_002832_field_missing,family_a,76a617a9065ad7c3,v1,field_missing,forged,genuine,2,0.000623
family_a_002833_fine_grained_edit,family_a,76a617a9065ad7c3,v1,fine_grained_edit,forged,genuine,2,0.066599
family_a_002834_coordinated_full_forgery,family_a,76a617a9065ad7c3,v1,coordinated_full_forgery,forged,genuine,2,0.004089
family_a_002835_visual_splice,family_a,76a617a9065ad7c3,v1,visual_splice,forged,forged,2,0.99989
family_a_002836_visual_splice,family_a,76a617a9065ad7c3,v1,visual_splice,forged,forged,2,0.868213
family_a_002837_visual_splice,family_a,76a617a9065ad7c3,v1,visual_splice,forged,forged,2,0.999855
family_a_002838_genuine,family_a,8a577bf7b229ada5,v2,genuine,genuine,genuine,0,0.00216
family_a_002839_text_qr_mismatch,family_a,8a577bf7b229ada5,v2,text_qr_mismatch,forged,genuine,0,0.001603
family_a_002840_qr_only_mismatch,family_a,8a577bf7b229ada5,v2,qr_only_mismatch,forged,genuine,0,0.001019
family_a_002841_checksum_invalid,family_a,8a577bf7b229ada5,v2,checksum_invalid,forged,genuine,0,0.00156
family_a_002842_format_invalid,family_a,8a577bf7b229ada5,v2,format_invalid,forged,genuine,0,0.000283
family_a_002843_field_missing,family_a,8a577bf7b229ada5,v2,field_missing,forged,genuine,0,0.000279
family_a_002844_fine_grained_edit,family_a,8a577bf7b229ada5,v2,fine_grained_edit,forged,genuine,0,0.001277
family_a_002845_coordinated_full_forgery,family_a,8a577bf7b229ada5,v2,coordinated_full_forgery,forged,genuine,0,0.000426
family_a_002846_visual_splice,family_a,8a577bf7b229ada5,v2,visual_splice,forged,forged,0,0.999722
family_a_002847_visual_splice,family_a,8a577bf7b229ada5,v2,visual_splice,forged,forged,0,0.996144
family_a_002848_visual_splice,family_a,8a577bf7b229ada5,v2,visual_splice,forged,forged,0,0.999902
family_a_002849_genuine,family_a,5910012909b5290b,v2,genuine,genuine,genuine,1,0.007186
family_a_002850_text_qr_mismatch,family_a,5910012909b5290b,v2,text_qr_mismatch,forged,genuine,1,0.011327
family_a_002851_qr_only_mismatch,family_a,5910012909b5290b,v2,qr_only_mismatch,forged,genuine,1,0.00773
family_a_002852_checksum_invalid,family_a,5910012909b5290b,v2,checksum_invalid,forged,genuine,1,0.008623
family_a_002853_format_invalid,family_a,5910012909b5290b,v2,format_invalid,forged,genuine,1,0.002
family_a_002854_field_missing,family_a,5910012909b5290b,v2,field_missing,forged,genuine,1,0.000896
family_a_002855_fine_grained_edit,family_a,5910012909b5290b,v2,fine_grained_edit,forged,genuine,1,0.00564
family_a_002856_coordinated_full_forgery,family_a,5910012909b5290b,v2,coordinated_full_forgery,forged,genuine,1,0.003905
family_a_002857_visual_splice,family_a,5910012909b5290b,v2,visual_splice,forged,forged,1,0.999467
family_a_002858_visual_splice,family_a,5910012909b5290b,v2,visual_splice,forged,forged,1,0.999676
family_a_002859_visual_splice,family_a,5910012909b5290b,v2,visual_splice,forged,forged,1,0.999973
family_a_002860_genuine,family_a,7e964aaf91ffc224,v2,genuine,genuine,genuine,2,0.119475
family_a_002861_text_qr_mismatch,family_a,7e964aaf91ffc224,v2,text_qr_mismatch,forged,genuine,2,0.033824
family_a_002862_qr_only_mismatch,family_a,7e964aaf91ffc224,v2,qr_only_mismatch,forged,genuine,2,0.135267
family_a_002863_checksum_invalid,family_a,7e964aaf91ffc224,v2,checksum_invalid,forged,genuine,2,0.079256
family_a_002864_format_invalid,family_a,7e964aaf91ffc224,v2,format_invalid,forged,genuine,2,0.009266
family_a_002865_field_missing,family_a,7e964aaf91ffc224,v2,field_missing,forged,genuine,2,0.004339
family_a_002866_fine_grained_edit,family_a,7e964aaf91ffc224,v2,fine_grained_edit,forged,genuine,2,0.021007
family_a_002867_coordinated_full_forgery,family_a,7e964aaf91ffc224,v2,coordinated_full_forgery,forged,genuine,2,0.011165
family_a_002868_visual_splice,family_a,7e964aaf91ffc224,v2,visual_splice,forged,forged,2,0.999968
family_a_002869_visual_splice,family_a,7e964aaf91ffc224,v2,visual_splice,forged,forged,2,0.999938
family_a_002870_visual_splice,family_a,7e964aaf91ffc224,v2,visual_splice,forged,forged,2,0.999614
family_a_002871_genuine,family_a,a9eab3b45ec0d472,v1,genuine,genuine,genuine,2,0.004516
family_a_002872_text_qr_mismatch,family_a,a9eab3b45ec0d472,v1,text_qr_mismatch,forged,genuine,2,0.00387
family_a_002873_qr_only_mismatch,family_a,a9eab3b45ec0d472,v1,qr_only_mismatch,forged,genuine,2,0.014535
family_a_002874_checksum_invalid,family_a,a9eab3b45ec0d472,v1,checksum_invalid,forged,genuine,2,0.007748
family_a_002875_format_invalid,family_a,a9eab3b45ec0d472,v1,format_invalid,forged,genuine,2,0.000744
family_a_002876_field_missing,family_a,a9eab3b45ec0d472,v1,field_missing,forged,genuine,2,0.001042
family_a_002877_fine_grained_edit,family_a,a9eab3b45ec0d472,v1,fine_grained_edit,forged,genuine,2,0.002867
family_a_002878_coordinated_full_forgery,family_a,a9eab3b45ec0d472,v1,coordinated_full_forgery,forged,genuine,2,0.010875
family_a_002879_visual_splice,family_a,a9eab3b45ec0d472,v1,visual_splice,forged,forged,2,0.999736
family_a_002880_visual_splice,family_a,a9eab3b45ec0d472,v1,visual_splice,forged,forged,2,0.999468
family_a_002881_visual_splice,family_a,a9eab3b45ec0d472,v1,visual_splice,forged,forged,2,0.999672
family_a_002882_genuine,family_a,029bdc5df8c5b9b7,v1,genuine,genuine,genuine,3,0.033661
family_a_002883_text_qr_mismatch,family_a,029bdc5df8c5b9b7,v1,text_qr_mismatch,forged,genuine,3,0.003322
family_a_002884_qr_only_mismatch,family_a,029bdc5df8c5b9b7,v1,qr_only_mismatch,forged,genuine,3,0.042796
family_a_002885_checksum_invalid,family_a,029bdc5df8c5b9b7,v1,checksum_invalid,forged,genuine,3,0.032046
family_a_002886_format_invalid,family_a,029bdc5df8c5b9b7,v1,format_invalid,forged,genuine,3,0.001487
family_a_002887_field_missing,family_a,029bdc5df8c5b9b7,v1,field_missing,forged,genuine,3,0.001127
family_a_002888_fine_grained_edit,family_a,029bdc5df8c5b9b7,v1,fine_grained_edit,forged,genuine,3,0.080394
family_a_002889_coordinated_full_forgery,family_a,029bdc5df8c5b9b7,v1,coordinated_full_forgery,forged,genuine,3,0.001249
family_a_002890_visual_splice,family_a,029bdc5df8c5b9b7,v1,visual_splice,forged,forged,3,0.999926
family_a_002891_visual_splice,family_a,029bdc5df8c5b9b7,v1,visual_splice,forged,forged,3,0.993921
family_a_002892_visual_splice,family_a,029bdc5df8c5b9b7,v1,visual_splice,forged,forged,3,0.999921
family_a_002893_genuine,family_a,398200f93cb9340c,v1,genuine,genuine,genuine,1,0.053766
family_a_002894_text_qr_mismatch,family_a,398200f93cb9340c,v1,text_qr_mismatch,forged,genuine,1,0.074011
family_a_002895_qr_only_mismatch,family_a,398200f93cb9340c,v1,qr_only_mismatch,forged,genuine,1,0.040588
family_a_002896_checksum_invalid,family_a,398200f93cb9340c,v1,checksum_invalid,forged,genuine,1,0.290134
family_a_002897_format_invalid,family_a,398200f93cb9340c,v1,format_invalid,forged,genuine,1,0.016408
family_a_002898_field_missing,family_a,398200f93cb9340c,v1,field_missing,forged,genuine,1,0.000567
family_a_002899_fine_grained_edit,family_a,398200f93cb9340c,v1,fine_grained_edit,forged,genuine,1,0.147432
family_a_002900_coordinated_full_forgery,family_a,398200f93cb9340c,v1,coordinated_full_forgery,forged,genuine,1,0.000395
family_a_002901_visual_splice,family_a,398200f93cb9340c,v1,visual_splice,forged,forged,1,0.999235
family_a_002902_visual_splice,family_a,398200f93cb9340c,v1,visual_splice,forged,forged,1,0.970604
family_a_002903_visual_splice,family_a,398200f93cb9340c,v1,visual_splice,forged,forged,1,0.998745
family_a_002904_genuine,family_a,dd9a045fc7dab18e,v2,genuine,genuine,genuine,4,0.001531
family_a_002905_text_qr_mismatch,family_a,dd9a045fc7dab18e,v2,text_qr_mismatch,forged,genuine,4,0.000267
family_a_002906_qr_only_mismatch,family_a,dd9a045fc7dab18e,v2,qr_only_mismatch,forged,genuine,4,0.001535
family_a_002907_checksum_invalid,family_a,dd9a045fc7dab18e,v2,checksum_invalid,forged,genuine,4,0.001061
family_a_002908_format_invalid,family_a,dd9a045fc7dab18e,v2,format_invalid,forged,genuine,4,0.000235
family_a_002909_field_missing,family_a,dd9a045fc7dab18e,v2,field_missing,forged,genuine,4,0.001674
family_a_002910_fine_grained_edit,family_a,dd9a045fc7dab18e,v2,fine_grained_edit,forged,genuine,4,0.001091
family_a_002911_coordinated_full_forgery,family_a,dd9a045fc7dab18e,v2,coordinated_full_forgery,forged,genuine,4,0.922756
family_a_002912_visual_splice,family_a,dd9a045fc7dab18e,v2,visual_splice,forged,forged,4,0.999881
family_a_002913_visual_splice,family_a,dd9a045fc7dab18e,v2,visual_splice,forged,forged,4,0.999493
family_a_002914_visual_splice,family_a,dd9a045fc7dab18e,v2,visual_splice,forged,forged,4,0.986989
family_a_002926_genuine,family_a,db610e4820bc6dc5,v1,genuine,genuine,genuine,3,0.259517
family_a_002927_text_qr_mismatch,family_a,db610e4820bc6dc5,v1,text_qr_mismatch,forged,genuine,3,0.020549
family_a_002928_qr_only_mismatch,family_a,db610e4820bc6dc5,v1,qr_only_mismatch,forged,genuine,3,0.142919
family_a_002929_checksum_invalid,family_a,db610e4820bc6dc5,v1,checksum_invalid,forged,genuine,3,0.060414
family_a_002930_format_invalid,family_a,db610e4820bc6dc5,v1,format_invalid,forged,genuine,3,0.007567
family_a_002931_field_missing,family_a,db610e4820bc6dc5,v1,field_missing,forged,genuine,3,0.020412
family_a_002932_fine_grained_edit,family_a,db610e4820bc6dc5,v1,fine_grained_edit,forged,genuine,3,0.098267
family_a_002933_coordinated_full_forgery,family_a,db610e4820bc6dc5,v1,coordinated_full_forgery,forged,genuine,3,0.011843
family_a_002934_visual_splice,family_a,db610e4820bc6dc5,v1,visual_splice,forged,forged,3,0.857105
family_a_002935_visual_splice,family_a,db610e4820bc6dc5,v1,visual_splice,forged,forged,3,0.999865
family_a_002936_visual_splice,family_a,db610e4820bc6dc5,v1,visual_splice,forged,forged,3,0.999969
family_a_002948_genuine,family_a,d55852a0f45416dc,v2,genuine,genuine,genuine,3,0.000206
family_a_002949_text_qr_mismatch,family_a,d55852a0f45416dc,v2,text_qr_mismatch,forged,genuine,3,0.007275
family_a_002950_qr_only_mismatch,family_a,d55852a0f45416dc,v2,qr_only_mismatch,forged,genuine,3,0.000317
family_a_002951_checksum_invalid,family_a,d55852a0f45416dc,v2,checksum_invalid,forged,genuine,3,0.000544
family_a_002952_format_invalid,family_a,d55852a0f45416dc,v2,format_invalid,forged,genuine,3,4.4e-05
family_a_002953_field_missing,family_a,d55852a0f45416dc,v2,field_missing,forged,genuine,3,0.000353
family_a_002954_fine_grained_edit,family_a,d55852a0f45416dc,v2,fine_grained_edit,forged,genuine,3,0.000125
family_a_002955_coordinated_full_forgery,family_a,d55852a0f45416dc,v2,coordinated_full_forgery,forged,genuine,3,0.035908
family_a_002956_visual_splice,family_a,d55852a0f45416dc,v2,visual_splice,forged,forged,3,0.95588
family_a_002957_visual_splice,family_a,d55852a0f45416dc,v2,visual_splice,forged,forged,3,0.99282
family_a_002958_visual_splice,family_a,d55852a0f45416dc,v2,visual_splice,forged,forged,3,0.95369
family_a_002970_genuine,family_a,cf7ba76d4db5c136,v1,genuine,genuine,genuine,0,0.008534
family_a_002971_text_qr_mismatch,family_a,cf7ba76d4db5c136,v1,text_qr_mismatch,forged,genuine,0,0.007861
family_a_002972_qr_only_mismatch,family_a,cf7ba76d4db5c136,v1,qr_only_mismatch,forged,genuine,0,0.007422
family_a_002973_checksum_invalid,family_a,cf7ba76d4db5c136,v1,checksum_invalid,forged,genuine,0,0.034144
family_a_002974_format_invalid,family_a,cf7ba76d4db5c136,v1,format_invalid,forged,genuine,0,0.000482
family_a_002975_field_missing,family_a,cf7ba76d4db5c136,v1,field_missing,forged,genuine,0,0.00146
family_a_002976_fine_grained_edit,family_a,cf7ba76d4db5c136,v1,fine_grained_edit,forged,genuine,0,0.006761
family_a_002977_coordinated_full_forgery,family_a,cf7ba76d4db5c136,v1,coordinated_full_forgery,forged,genuine,0,0.0046
family_a_002978_visual_splice,family_a,cf7ba76d4db5c136,v1,visual_splice,forged,forged,0,0.022951
family_a_002979_visual_splice,family_a,cf7ba76d4db5c136,v1,visual_splice,forged,forged,0,0.999604
family_a_002980_visual_splice,family_a,cf7ba76d4db5c136,v1,visual_splice,forged,forged,0,0.002007
family_a_002981_genuine,family_a,8ac775f5c07a5c77,v1,genuine,genuine,genuine,4,0.003412
family_a_002982_text_qr_mismatch,family_a,8ac775f5c07a5c77,v1,text_qr_mismatch,forged,genuine,4,0.001615
family_a_002983_qr_only_mismatch,family_a,8ac775f5c07a5c77,v1,qr_only_mismatch,forged,genuine,4,0.0024
family_a_002984_checksum_invalid,family_a,8ac775f5c07a5c77,v1,checksum_invalid,forged,genuine,4,0.004029
family_a_002985_format_invalid,family_a,8ac775f5c07a5c77,v1,format_invalid,forged,genuine,4,0.000328
family_a_002986_field_missing,family_a,8ac775f5c07a5c77,v1,field_missing,forged,genuine,4,0.004065
family_a_002987_fine_grained_edit,family_a,8ac775f5c07a5c77,v1,fine_grained_edit,forged,genuine,4,0.005256
family_a_002988_coordinated_full_forgery,family_a,8ac775f5c07a5c77,v1,coordinated_full_forgery,forged,genuine,4,0.187208
family_a_002989_visual_splice,family_a,8ac775f5c07a5c77,v1,visual_splice,forged,forged,4,0.005453
family_a_002990_visual_splice,family_a,8ac775f5c07a5c77,v1,visual_splice,forged,forged,4,0.998863
family_a_002991_visual_splice,family_a,8ac775f5c07a5c77,v1,visual_splice,forged,forged,4,0.999543
family_a_002992_genuine,family_a,efe1561c2adcad1f,v2,genuine,genuine,genuine,4,0.003879
family_a_002993_text_qr_mismatch,family_a,efe1561c2adcad1f,v2,text_qr_mismatch,forged,genuine,4,0.226736
family_a_002994_qr_only_mismatch,family_a,efe1561c2adcad1f,v2,qr_only_mismatch,forged,genuine,4,0.002736
family_a_002995_checksum_invalid,family_a,efe1561c2adcad1f,v2,checksum_invalid,forged,genuine,4,0.001068
family_a_002996_format_invalid,family_a,efe1561c2adcad1f,v2,format_invalid,forged,genuine,4,0.00033
family_a_002997_field_missing,family_a,efe1561c2adcad1f,v2,field_missing,forged,genuine,4,0.000407
family_a_002998_fine_grained_edit,family_a,efe1561c2adcad1f,v2,fine_grained_edit,forged,genuine,4,0.005401
family_a_002999_coordinated_full_forgery,family_a,efe1561c2adcad1f,v2,coordinated_full_forgery,forged,genuine,4,0.002301
family_a_003000_visual_splice,family_a,efe1561c2adcad1f,v2,visual_splice,forged,forged,4,0.999942
family_a_003001_visual_splice,family_a,efe1561c2adcad1f,v2,visual_splice,forged,forged,4,0.999599
family_a_003002_visual_splice,family_a,efe1561c2adcad1f,v2,visual_splice,forged,forged,4,0.999651
family_a_003014_genuine,family_a,5547e1082802f54f,v2,genuine,genuine,genuine,1,0.0003
family_a_003015_text_qr_mismatch,family_a,5547e1082802f54f,v2,text_qr_mismatch,forged,genuine,1,0.000339
family_a_003016_qr_only_mismatch,family_a,5547e1082802f54f,v2,qr_only_mismatch,forged,genuine,1,0.000429
family_a_003017_checksum_invalid,family_a,5547e1082802f54f,v2,checksum_invalid,forged,genuine,1,0.000406
family_a_003018_format_invalid,family_a,5547e1082802f54f,v2,format_invalid,forged,genuine,1,0.000158
family_a_003019_field_missing,family_a,5547e1082802f54f,v2,field_missing,forged,genuine,1,6.2e-05
family_a_003020_fine_grained_edit,family_a,5547e1082802f54f,v2,fine_grained_edit,forged,genuine,1,0.000397
family_a_003021_coordinated_full_forgery,family_a,5547e1082802f54f,v2,coordinated_full_forgery,forged,genuine,1,0.000705
family_a_003022_visual_splice,family_a,5547e1082802f54f,v2,visual_splice,forged,forged,1,0.994008
family_a_003023_visual_splice,family_a,5547e1082802f54f,v2,visual_splice,forged,forged,1,0.004506
family_a_003024_visual_splice,family_a,5547e1082802f54f,v2,visual_splice,forged,forged,1,0.999725
family_a_003025_genuine,family_a,a42e56846a6bdb27,v1,genuine,genuine,genuine,2,0.006966
family_a_003026_text_qr_mismatch,family_a,a42e56846a6bdb27,v1,text_qr_mismatch,forged,genuine,2,0.006775
family_a_003027_qr_only_mismatch,family_a,a42e56846a6bdb27,v1,qr_only_mismatch,forged,genuine,2,0.009378
family_a_003028_checksum_invalid,family_a,a42e56846a6bdb27,v1,checksum_invalid,forged,genuine,2,0.001705
family_a_003029_format_invalid,family_a,a42e56846a6bdb27,v1,format_invalid,forged,genuine,2,0.000331
family_a_003030_field_missing,family_a,a42e56846a6bdb27,v1,field_missing,forged,genuine,2,0.000191
family_a_003031_fine_grained_edit,family_a,a42e56846a6bdb27,v1,fine_grained_edit,forged,genuine,2,0.003796
family_a_003032_coordinated_full_forgery,family_a,a42e56846a6bdb27,v1,coordinated_full_forgery,forged,genuine,2,0.076242
family_a_003033_visual_splice,family_a,a42e56846a6bdb27,v1,visual_splice,forged,forged,2,0.999854
family_a_003034_visual_splice,family_a,a42e56846a6bdb27,v1,visual_splice,forged,forged,2,0.999573
family_a_003035_visual_splice,family_a,a42e56846a6bdb27,v1,visual_splice,forged,forged,2,0.999572
family_a_003036_genuine,family_a,4606560d2a4ddfc7,v1,genuine,genuine,genuine,4,0.0414
family_a_003037_text_qr_mismatch,family_a,4606560d2a4ddfc7,v1,text_qr_mismatch,forged,genuine,4,0.024339
family_a_003038_qr_only_mismatch,family_a,4606560d2a4ddfc7,v1,qr_only_mismatch,forged,genuine,4,0.098052
family_a_003039_checksum_invalid,family_a,4606560d2a4ddfc7,v1,checksum_invalid,forged,genuine,4,0.009712
family_a_003040_format_invalid,family_a,4606560d2a4ddfc7,v1,format_invalid,forged,genuine,4,0.001197
family_a_003041_field_missing,family_a,4606560d2a4ddfc7,v1,field_missing,forged,genuine,4,0.011546
family_a_003042_fine_grained_edit,family_a,4606560d2a4ddfc7,v1,fine_grained_edit,forged,genuine,4,0.012047
family_a_003043_coordinated_full_forgery,family_a,4606560d2a4ddfc7,v1,coordinated_full_forgery,forged,genuine,4,0.004285
family_a_003044_visual_splice,family_a,4606560d2a4ddfc7,v1,visual_splice,forged,forged,4,0.78373
family_a_003045_visual_splice,family_a,4606560d2a4ddfc7,v1,visual_splice,forged,forged,4,0.998403
family_a_003046_visual_splice,family_a,4606560d2a4ddfc7,v1,visual_splice,forged,forged,4,0.99965
family_a_003069_genuine,family_a,3d7156d3847fbdd5,v1,genuine,genuine,genuine,1,0.005838
family_a_003070_text_qr_mismatch,family_a,3d7156d3847fbdd5,v1,text_qr_mismatch,forged,genuine,1,0.002567
family_a_003071_qr_only_mismatch,family_a,3d7156d3847fbdd5,v1,qr_only_mismatch,forged,genuine,1,0.008982
family_a_003072_checksum_invalid,family_a,3d7156d3847fbdd5,v1,checksum_invalid,forged,genuine,1,0.006166
family_a_003073_format_invalid,family_a,3d7156d3847fbdd5,v1,format_invalid,forged,genuine,1,0.000353
family_a_003074_field_missing,family_a,3d7156d3847fbdd5,v1,field_missing,forged,genuine,1,0.000644
family_a_003075_fine_grained_edit,family_a,3d7156d3847fbdd5,v1,fine_grained_edit,forged,genuine,1,0.003119
family_a_003076_coordinated_full_forgery,family_a,3d7156d3847fbdd5,v1,coordinated_full_forgery,forged,genuine,1,0.001064
family_a_003077_visual_splice,family_a,3d7156d3847fbdd5,v1,visual_splice,forged,forged,1,0.998515
family_a_003078_visual_splice,family_a,3d7156d3847fbdd5,v1,visual_splice,forged,forged,1,0.999563
family_a_003079_visual_splice,family_a,3d7156d3847fbdd5,v1,visual_splice,forged,forged,1,0.999013
family_a_003080_genuine,family_a,01a2f2e450e9f40c,v2,genuine,genuine,genuine,3,0.052405
family_a_003081_text_qr_mismatch,family_a,01a2f2e450e9f40c,v2,text_qr_mismatch,forged,genuine,3,0.129861
family_a_003082_qr_only_mismatch,family_a,01a2f2e450e9f40c,v2,qr_only_mismatch,forged,genuine,3,0.022566
family_a_003083_checksum_invalid,family_a,01a2f2e450e9f40c,v2,checksum_invalid,forged,genuine,3,0.017554
family_a_003084_format_invalid,family_a,01a2f2e450e9f40c,v2,format_invalid,forged,genuine,3,0.004727
family_a_003085_field_missing,family_a,01a2f2e450e9f40c,v2,field_missing,forged,genuine,3,0.000601
family_a_003086_fine_grained_edit,family_a,01a2f2e450e9f40c,v2,fine_grained_edit,forged,genuine,3,0.025339
family_a_003087_coordinated_full_forgery,family_a,01a2f2e450e9f40c,v2,coordinated_full_forgery,forged,genuine,3,0.041588
family_a_003088_visual_splice,family_a,01a2f2e450e9f40c,v2,visual_splice,forged,forged,3,0.383159
family_a_003089_visual_splice,family_a,01a2f2e450e9f40c,v2,visual_splice,forged,forged,3,0.999663
family_a_003090_visual_splice,family_a,01a2f2e450e9f40c,v2,visual_splice,forged,forged,3,0.999829
family_a_003091_genuine,family_a,30198e7c6150d4b1,v1,genuine,genuine,genuine,3,0.002639
family_a_003092_text_qr_mismatch,family_a,30198e7c6150d4b1,v1,text_qr_mismatch,forged,genuine,3,0.025832
family_a_003093_qr_only_mismatch,family_a,30198e7c6150d4b1,v1,qr_only_mismatch,forged,genuine,3,0.002354
family_a_003094_checksum_invalid,family_a,30198e7c6150d4b1,v1,checksum_invalid,forged,genuine,3,0.00121
family_a_003095_format_invalid,family_a,30198e7c6150d4b1,v1,format_invalid,forged,genuine,3,0.000468
family_a_003096_field_missing,family_a,30198e7c6150d4b1,v1,field_missing,forged,genuine,3,0.000662
family_a_003097_fine_grained_edit,family_a,30198e7c6150d4b1,v1,fine_grained_edit,forged,genuine,3,0.000704
family_a_003098_coordinated_full_forgery,family_a,30198e7c6150d4b1,v1,coordinated_full_forgery,forged,genuine,3,0.014907
family_a_003099_visual_splice,family_a,30198e7c6150d4b1,v1,visual_splice,forged,forged,3,0.524561
family_a_003100_visual_splice,family_a,30198e7c6150d4b1,v1,visual_splice,forged,forged,3,0.999319
family_a_003101_visual_splice,family_a,30198e7c6150d4b1,v1,visual_splice,forged,forged,3,0.971679
family_a_003102_genuine,family_a,1ba21b1f39cf7b00,v2,genuine,genuine,genuine,1,0.376683
family_a_003103_text_qr_mismatch,family_a,1ba21b1f39cf7b00,v2,text_qr_mismatch,forged,genuine,1,0.123392
family_a_003104_qr_only_mismatch,family_a,1ba21b1f39cf7b00,v2,qr_only_mismatch,forged,genuine,1,0.134267
family_a_003105_checksum_invalid,family_a,1ba21b1f39cf7b00,v2,checksum_invalid,forged,genuine,1,0.87945
family_a_003106_format_invalid,family_a,1ba21b1f39cf7b00,v2,format_invalid,forged,genuine,1,0.063732
family_a_003107_field_missing,family_a,1ba21b1f39cf7b00,v2,field_missing,forged,genuine,1,0.019629
family_a_003108_fine_grained_edit,family_a,1ba21b1f39cf7b00,v2,fine_grained_edit,forged,genuine,1,0.203299
family_a_003109_coordinated_full_forgery,family_a,1ba21b1f39cf7b00,v2,coordinated_full_forgery,forged,genuine,1,0.039046
family_a_003110_visual_splice,family_a,1ba21b1f39cf7b00,v2,visual_splice,forged,forged,1,0.99989
family_a_003111_visual_splice,family_a,1ba21b1f39cf7b00,v2,visual_splice,forged,forged,1,0.999688
family_a_003112_visual_splice,family_a,1ba21b1f39cf7b00,v2,visual_splice,forged,forged,1,0.999904
family_a_003113_genuine,family_a,fadbfeaed4bece9c,v1,genuine,genuine,genuine,3,0.003457
family_a_003114_text_qr_mismatch,family_a,fadbfeaed4bece9c,v1,text_qr_mismatch,forged,genuine,3,0.020764
family_a_003115_qr_only_mismatch,family_a,fadbfeaed4bece9c,v1,qr_only_mismatch,forged,genuine,3,0.003285
family_a_003116_checksum_invalid,family_a,fadbfeaed4bece9c,v1,checksum_invalid,forged,genuine,3,0.004991
family_a_003117_format_invalid,family_a,fadbfeaed4bece9c,v1,format_invalid,forged,genuine,3,0.000261
family_a_003118_field_missing,family_a,fadbfeaed4bece9c,v1,field_missing,forged,genuine,3,0.000635
family_a_003119_fine_grained_edit,family_a,fadbfeaed4bece9c,v1,fine_grained_edit,forged,genuine,3,0.002608
family_a_003120_coordinated_full_forgery,family_a,fadbfeaed4bece9c,v1,coordinated_full_forgery,forged,genuine,3,0.854468
family_a_003121_visual_splice,family_a,fadbfeaed4bece9c,v1,visual_splice,forged,forged,3,0.831891
family_a_003122_visual_splice,family_a,fadbfeaed4bece9c,v1,visual_splice,forged,forged,3,0.998194
family_a_003123_visual_splice,family_a,fadbfeaed4bece9c,v1,visual_splice,forged,forged,3,0.999381
family_a_003135_genuine,family_a,4717381dfa9adb08,v1,genuine,genuine,genuine,2,0.00101
family_a_003136_text_qr_mismatch,family_a,4717381dfa9adb08,v1,text_qr_mismatch,forged,genuine,2,0.002538
family_a_003137_qr_only_mismatch,family_a,4717381dfa9adb08,v1,qr_only_mismatch,forged,genuine,2,0.003638
family_a_003138_checksum_invalid,family_a,4717381dfa9adb08,v1,checksum_invalid,forged,genuine,2,0.000984
family_a_003139_format_invalid,family_a,4717381dfa9adb08,v1,format_invalid,forged,genuine,2,0.00029
family_a_003140_field_missing,family_a,4717381dfa9adb08,v1,field_missing,forged,genuine,2,0.000356
family_a_003141_fine_grained_edit,family_a,4717381dfa9adb08,v1,fine_grained_edit,forged,genuine,2,0.000513
family_a_003142_coordinated_full_forgery,family_a,4717381dfa9adb08,v1,coordinated_full_forgery,forged,genuine,2,0.037406
family_a_003143_visual_splice,family_a,4717381dfa9adb08,v1,visual_splice,forged,forged,2,0.99923
family_a_003144_visual_splice,family_a,4717381dfa9adb08,v1,visual_splice,forged,forged,2,0.999502
family_a_003145_visual_splice,family_a,4717381dfa9adb08,v1,visual_splice,forged,forged,2,0.999841
family_a_003168_genuine,family_a,d7fca3fe32242215,v2,genuine,genuine,genuine,4,0.045802
family_a_003169_text_qr_mismatch,family_a,d7fca3fe32242215,v2,text_qr_mismatch,forged,genuine,4,0.017283
family_a_003170_qr_only_mismatch,family_a,d7fca3fe32242215,v2,qr_only_mismatch,forged,genuine,4,0.181548
family_a_003171_checksum_invalid,family_a,d7fca3fe32242215,v2,checksum_invalid,forged,genuine,4,0.121148
family_a_003172_format_invalid,family_a,d7fca3fe32242215,v2,format_invalid,forged,genuine,4,0.003001
family_a_003173_field_missing,family_a,d7fca3fe32242215,v2,field_missing,forged,genuine,4,0.066193
family_a_003174_fine_grained_edit,family_a,d7fca3fe32242215,v2,fine_grained_edit,forged,genuine,4,0.025325
family_a_003175_coordinated_full_forgery,family_a,d7fca3fe32242215,v2,coordinated_full_forgery,forged,genuine,4,0.994949
family_a_003176_visual_splice,family_a,d7fca3fe32242215,v2,visual_splice,forged,forged,4,0.999688
family_a_003177_visual_splice,family_a,d7fca3fe32242215,v2,visual_splice,forged,forged,4,0.999743
family_a_003178_visual_splice,family_a,d7fca3fe32242215,v2,visual_splice,forged,forged,4,0.636207
family_a_003179_genuine,family_a,382c4e2d0f50fe6b,v1,genuine,genuine,genuine,0,0.98485
family_a_003180_text_qr_mismatch,family_a,382c4e2d0f50fe6b,v1,text_qr_mismatch,forged,genuine,0,0.987053
family_a_003181_qr_only_mismatch,family_a,382c4e2d0f50fe6b,v1,qr_only_mismatch,forged,genuine,0,0.830909
family_a_003182_checksum_invalid,family_a,382c4e2d0f50fe6b,v1,checksum_invalid,forged,genuine,0,0.851612
family_a_003183_format_invalid,family_a,382c4e2d0f50fe6b,v1,format_invalid,forged,genuine,0,0.585503
family_a_003184_field_missing,family_a,382c4e2d0f50fe6b,v1,field_missing,forged,genuine,0,0.534358
family_a_003185_fine_grained_edit,family_a,382c4e2d0f50fe6b,v1,fine_grained_edit,forged,genuine,0,0.897038
family_a_003186_coordinated_full_forgery,family_a,382c4e2d0f50fe6b,v1,coordinated_full_forgery,forged,genuine,0,0.188124
family_a_003187_visual_splice,family_a,382c4e2d0f50fe6b,v1,visual_splice,forged,forged,0,0.999912
family_a_003188_visual_splice,family_a,382c4e2d0f50fe6b,v1,visual_splice,forged,forged,0,0.999998
family_a_003189_visual_splice,family_a,382c4e2d0f50fe6b,v1,visual_splice,forged,forged,0,0.800923
family_a_003201_genuine,family_a,4066991dc1fbc339,v1,genuine,genuine,genuine,3,0.022944
family_a_003202_text_qr_mismatch,family_a,4066991dc1fbc339,v1,text_qr_mismatch,forged,genuine,3,0.014274
family_a_003203_qr_only_mismatch,family_a,4066991dc1fbc339,v1,qr_only_mismatch,forged,genuine,3,0.013431
family_a_003204_checksum_invalid,family_a,4066991dc1fbc339,v1,checksum_invalid,forged,genuine,3,0.009413
family_a_003205_format_invalid,family_a,4066991dc1fbc339,v1,format_invalid,forged,genuine,3,0.000424
family_a_003206_field_missing,family_a,4066991dc1fbc339,v1,field_missing,forged,genuine,3,0.004893
family_a_003207_fine_grained_edit,family_a,4066991dc1fbc339,v1,fine_grained_edit,forged,genuine,3,0.015176
family_a_003208_coordinated_full_forgery,family_a,4066991dc1fbc339,v1,coordinated_full_forgery,forged,genuine,3,0.000546
family_a_003209_visual_splice,family_a,4066991dc1fbc339,v1,visual_splice,forged,forged,3,0.022671
family_a_003210_visual_splice,family_a,4066991dc1fbc339,v1,visual_splice,forged,forged,3,0.408115
family_a_003211_visual_splice,family_a,4066991dc1fbc339,v1,visual_splice,forged,forged,3,0.999758
family_a_003212_genuine,family_a,436fc3f5ed50c55f,v2,genuine,genuine,genuine,1,0.111504
family_a_003213_text_qr_mismatch,family_a,436fc3f5ed50c55f,v2,text_qr_mismatch,forged,genuine,1,0.342285
family_a_003214_qr_only_mismatch,family_a,436fc3f5ed50c55f,v2,qr_only_mismatch,forged,genuine,1,0.915622
family_a_003215_checksum_invalid,family_a,436fc3f5ed50c55f,v2,checksum_invalid,forged,genuine,1,0.606126
family_a_003216_format_invalid,family_a,436fc3f5ed50c55f,v2,format_invalid,forged,genuine,1,0.004159
family_a_003217_field_missing,family_a,436fc3f5ed50c55f,v2,field_missing,forged,genuine,1,0.007412
family_a_003218_fine_grained_edit,family_a,436fc3f5ed50c55f,v2,fine_grained_edit,forged,genuine,1,0.565154
family_a_003219_coordinated_full_forgery,family_a,436fc3f5ed50c55f,v2,coordinated_full_forgery,forged,genuine,1,0.004715
family_a_003220_visual_splice,family_a,436fc3f5ed50c55f,v2,visual_splice,forged,forged,1,0.999948
family_a_003221_visual_splice,family_a,436fc3f5ed50c55f,v2,visual_splice,forged,forged,1,0.999915
family_a_003222_visual_splice,family_a,436fc3f5ed50c55f,v2,visual_splice,forged,forged,1,0.999963
family_a_003223_genuine,family_a,9b87297b8df2bac3,v2,genuine,genuine,genuine,4,0.005445
family_a_003224_text_qr_mismatch,family_a,9b87297b8df2bac3,v2,text_qr_mismatch,forged,genuine,4,0.01029
family_a_003225_qr_only_mismatch,family_a,9b87297b8df2bac3,v2,qr_only_mismatch,forged,genuine,4,0.010064
family_a_003226_checksum_invalid,family_a,9b87297b8df2bac3,v2,checksum_invalid,forged,genuine,4,0.002476
family_a_003227_format_invalid,family_a,9b87297b8df2bac3,v2,format_invalid,forged,genuine,4,0.000561
family_a_003228_field_missing,family_a,9b87297b8df2bac3,v2,field_missing,forged,genuine,4,0.004993
family_a_003229_fine_grained_edit,family_a,9b87297b8df2bac3,v2,fine_grained_edit,forged,genuine,4,0.012383
family_a_003230_coordinated_full_forgery,family_a,9b87297b8df2bac3,v2,coordinated_full_forgery,forged,genuine,4,0.228696
family_a_003231_visual_splice,family_a,9b87297b8df2bac3,v2,visual_splice,forged,forged,4,0.015369
family_a_003232_visual_splice,family_a,9b87297b8df2bac3,v2,visual_splice,forged,forged,4,0.99575
family_a_003233_visual_splice,family_a,9b87297b8df2bac3,v2,visual_splice,forged,forged,4,0.998458
family_a_003234_genuine,family_a,c42b17192c95156b,v1,genuine,genuine,genuine,3,0.077019
family_a_003235_text_qr_mismatch,family_a,c42b17192c95156b,v1,text_qr_mismatch,forged,genuine,3,0.093857
family_a_003236_qr_only_mismatch,family_a,c42b17192c95156b,v1,qr_only_mismatch,forged,genuine,3,0.153178
family_a_003237_checksum_invalid,family_a,c42b17192c95156b,v1,checksum_invalid,forged,genuine,3,0.094767
family_a_003238_format_invalid,family_a,c42b17192c95156b,v1,format_invalid,forged,genuine,3,0.004759
family_a_003239_field_missing,family_a,c42b17192c95156b,v1,field_missing,forged,genuine,3,0.005924
family_a_003240_fine_grained_edit,family_a,c42b17192c95156b,v1,fine_grained_edit,forged,genuine,3,0.165942
family_a_003241_coordinated_full_forgery,family_a,c42b17192c95156b,v1,coordinated_full_forgery,forged,genuine,3,0.063361
family_a_003242_visual_splice,family_a,c42b17192c95156b,v1,visual_splice,forged,forged,3,0.166592
family_a_003243_visual_splice,family_a,c42b17192c95156b,v1,visual_splice,forged,forged,3,0.915056
family_a_003244_visual_splice,family_a,c42b17192c95156b,v1,visual_splice,forged,forged,3,0.99982
family_a_003245_genuine,family_a,f50a21446c27fe22,v2,genuine,genuine,genuine,0,0.000886
family_a_003246_text_qr_mismatch,family_a,f50a21446c27fe22,v2,text_qr_mismatch,forged,genuine,0,0.00084
family_a_003247_qr_only_mismatch,family_a,f50a21446c27fe22,v2,qr_only_mismatch,forged,genuine,0,0.001646
family_a_003248_checksum_invalid,family_a,f50a21446c27fe22,v2,checksum_invalid,forged,genuine,0,0.002048
family_a_003249_format_invalid,family_a,f50a21446c27fe22,v2,format_invalid,forged,genuine,0,0.000508
family_a_003250_field_missing,family_a,f50a21446c27fe22,v2,field_missing,forged,genuine,0,0.000125
family_a_003251_fine_grained_edit,family_a,f50a21446c27fe22,v2,fine_grained_edit,forged,genuine,0,0.002294
family_a_003252_coordinated_full_forgery,family_a,f50a21446c27fe22,v2,coordinated_full_forgery,forged,genuine,0,0.000646
family_a_003253_visual_splice,family_a,f50a21446c27fe22,v2,visual_splice,forged,forged,0,0.984439
family_a_003254_visual_splice,family_a,f50a21446c27fe22,v2,visual_splice,forged,forged,0,0.025221
family_a_003255_visual_splice,family_a,f50a21446c27fe22,v2,visual_splice,forged,forged,0,0.995968
family_a_003256_genuine,family_a,ee1c56fb6898911b,v2,genuine,genuine,genuine,4,0.180159
family_a_003257_text_qr_mismatch,family_a,ee1c56fb6898911b,v2,text_qr_mismatch,forged,genuine,4,0.272938
family_a_003258_qr_only_mismatch,family_a,ee1c56fb6898911b,v2,qr_only_mismatch,forged,genuine,4,0.084035
family_a_003259_checksum_invalid,family_a,ee1c56fb6898911b,v2,checksum_invalid,forged,genuine,4,0.259332
family_a_003260_format_invalid,family_a,ee1c56fb6898911b,v2,format_invalid,forged,genuine,4,0.010287
family_a_003261_field_missing,family_a,ee1c56fb6898911b,v2,field_missing,forged,genuine,4,0.014431
family_a_003262_fine_grained_edit,family_a,ee1c56fb6898911b,v2,fine_grained_edit,forged,genuine,4,0.044595
family_a_003263_coordinated_full_forgery,family_a,ee1c56fb6898911b,v2,coordinated_full_forgery,forged,genuine,4,0.100293
family_a_003264_visual_splice,family_a,ee1c56fb6898911b,v2,visual_splice,forged,forged,4,0.999901
family_a_003265_visual_splice,family_a,ee1c56fb6898911b,v2,visual_splice,forged,forged,4,0.999888
family_a_003266_visual_splice,family_a,ee1c56fb6898911b,v2,visual_splice,forged,forged,4,0.999984
family_a_003267_genuine,family_a,8bd962ad873ba868,v2,genuine,genuine,genuine,2,0.158448
family_a_003268_text_qr_mismatch,family_a,8bd962ad873ba868,v2,text_qr_mismatch,forged,genuine,2,0.031436
family_a_003269_qr_only_mismatch,family_a,8bd962ad873ba868,v2,qr_only_mismatch,forged,genuine,2,0.172951
family_a_003270_checksum_invalid,family_a,8bd962ad873ba868,v2,checksum_invalid,forged,genuine,2,0.071752
family_a_003271_format_invalid,family_a,8bd962ad873ba868,v2,format_invalid,forged,genuine,2,0.031722
family_a_003272_field_missing,family_a,8bd962ad873ba868,v2,field_missing,forged,genuine,2,0.000878
family_a_003273_fine_grained_edit,family_a,8bd962ad873ba868,v2,fine_grained_edit,forged,genuine,2,0.130677
family_a_003274_coordinated_full_forgery,family_a,8bd962ad873ba868,v2,coordinated_full_forgery,forged,genuine,2,0.880061
family_a_003275_visual_splice,family_a,8bd962ad873ba868,v2,visual_splice,forged,forged,2,0.015094
family_a_003276_visual_splice,family_a,8bd962ad873ba868,v2,visual_splice,forged,forged,2,0.999992
family_a_003277_visual_splice,family_a,8bd962ad873ba868,v2,visual_splice,forged,forged,2,0.323153
family_a_003278_genuine,family_a,b899bd67ed2f5ee4,v1,genuine,genuine,genuine,4,0.028104
family_a_003279_text_qr_mismatch,family_a,b899bd67ed2f5ee4,v1,text_qr_mismatch,forged,genuine,4,0.016912
family_a_003280_qr_only_mismatch,family_a,b899bd67ed2f5ee4,v1,qr_only_mismatch,forged,genuine,4,0.021251
family_a_003281_checksum_invalid,family_a,b899bd67ed2f5ee4,v1,checksum_invalid,forged,genuine,4,0.121095
family_a_003282_format_invalid,family_a,b899bd67ed2f5ee4,v1,format_invalid,forged,genuine,4,0.003231
family_a_003283_field_missing,family_a,b899bd67ed2f5ee4,v1,field_missing,forged,genuine,4,0.002381
family_a_003284_fine_grained_edit,family_a,b899bd67ed2f5ee4,v1,fine_grained_edit,forged,genuine,4,0.036261
family_a_003285_coordinated_full_forgery,family_a,b899bd67ed2f5ee4,v1,coordinated_full_forgery,forged,genuine,4,0.007138
family_a_003286_visual_splice,family_a,b899bd67ed2f5ee4,v1,visual_splice,forged,forged,4,0.228303
family_a_003287_visual_splice,family_a,b899bd67ed2f5ee4,v1,visual_splice,forged,forged,4,0.99981
family_a_003288_visual_splice,family_a,b899bd67ed2f5ee4,v1,visual_splice,forged,forged,4,0.999839
family_a_003300_genuine,family_a,7e8472b4b8cf5b17,v2,genuine,genuine,genuine,3,0.003104
family_a_003301_text_qr_mismatch,family_a,7e8472b4b8cf5b17,v2,text_qr_mismatch,forged,genuine,3,0.021864
family_a_003302_qr_only_mismatch,family_a,7e8472b4b8cf5b17,v2,qr_only_mismatch,forged,genuine,3,0.002867
family_a_003303_checksum_invalid,family_a,7e8472b4b8cf5b17,v2,checksum_invalid,forged,genuine,3,0.001147
family_a_003304_format_invalid,family_a,7e8472b4b8cf5b17,v2,format_invalid,forged,genuine,3,0.000957
family_a_003305_field_missing,family_a,7e8472b4b8cf5b17,v2,field_missing,forged,genuine,3,0.000519
family_a_003306_fine_grained_edit,family_a,7e8472b4b8cf5b17,v2,fine_grained_edit,forged,genuine,3,0.001639
family_a_003307_coordinated_full_forgery,family_a,7e8472b4b8cf5b17,v2,coordinated_full_forgery,forged,genuine,3,0.004252
family_a_003308_visual_splice,family_a,7e8472b4b8cf5b17,v2,visual_splice,forged,forged,3,0.020926
family_a_003309_visual_splice,family_a,7e8472b4b8cf5b17,v2,visual_splice,forged,forged,3,0.984621
family_a_003310_visual_splice,family_a,7e8472b4b8cf5b17,v2,visual_splice,forged,forged,3,0.996738
family_a_003311_genuine,family_a,92a1915ac3712aea,v2,genuine,genuine,genuine,3,0.024528
family_a_003312_text_qr_mismatch,family_a,92a1915ac3712aea,v2,text_qr_mismatch,forged,genuine,3,0.040499
family_a_003313_qr_only_mismatch,family_a,92a1915ac3712aea,v2,qr_only_mismatch,forged,genuine,3,0.045188
family_a_003314_checksum_invalid,family_a,92a1915ac3712aea,v2,checksum_invalid,forged,genuine,3,0.026227
family_a_003315_format_invalid,family_a,92a1915ac3712aea,v2,format_invalid,forged,genuine,3,0.001241
family_a_003316_field_missing,family_a,92a1915ac3712aea,v2,field_missing,forged,genuine,3,0.009138
family_a_003317_fine_grained_edit,family_a,92a1915ac3712aea,v2,fine_grained_edit,forged,genuine,3,0.00583
family_a_003318_coordinated_full_forgery,family_a,92a1915ac3712aea,v2,coordinated_full_forgery,forged,genuine,3,0.038596
family_a_003319_visual_splice,family_a,92a1915ac3712aea,v2,visual_splice,forged,forged,3,0.999677
family_a_003320_visual_splice,family_a,92a1915ac3712aea,v2,visual_splice,forged,forged,3,0.999794
family_a_003321_visual_splice,family_a,92a1915ac3712aea,v2,visual_splice,forged,forged,3,0.999945
family_a_003344_genuine,family_a,64ec01e0706b4647,v2,genuine,genuine,genuine,4,0.001418
family_a_003345_text_qr_mismatch,family_a,64ec01e0706b4647,v2,text_qr_mismatch,forged,genuine,4,0.032153
family_a_003346_qr_only_mismatch,family_a,64ec01e0706b4647,v2,qr_only_mismatch,forged,genuine,4,0.006839
family_a_003347_checksum_invalid,family_a,64ec01e0706b4647,v2,checksum_invalid,forged,genuine,4,0.012789
family_a_003348_format_invalid,family_a,64ec01e0706b4647,v2,format_invalid,forged,genuine,4,0.000727
family_a_003349_field_missing,family_a,64ec01e0706b4647,v2,field_missing,forged,genuine,4,0.003161
family_a_003350_fine_grained_edit,family_a,64ec01e0706b4647,v2,fine_grained_edit,forged,genuine,4,0.007329
family_a_003351_coordinated_full_forgery,family_a,64ec01e0706b4647,v2,coordinated_full_forgery,forged,genuine,4,0.38745
family_a_003352_visual_splice,family_a,64ec01e0706b4647,v2,visual_splice,forged,forged,4,0.999804
family_a_003353_visual_splice,family_a,64ec01e0706b4647,v2,visual_splice,forged,forged,4,0.996142
family_a_003354_visual_splice,family_a,64ec01e0706b4647,v2,visual_splice,forged,forged,4,0.061023
family_a_003355_genuine,family_a,58d1f817ebc4366b,v2,genuine,genuine,genuine,1,0.005224
family_a_003356_text_qr_mismatch,family_a,58d1f817ebc4366b,v2,text_qr_mismatch,forged,genuine,1,0.011763
family_a_003357_qr_only_mismatch,family_a,58d1f817ebc4366b,v2,qr_only_mismatch,forged,genuine,1,0.00422
family_a_003358_checksum_invalid,family_a,58d1f817ebc4366b,v2,checksum_invalid,forged,genuine,1,0.002476
family_a_003359_format_invalid,family_a,58d1f817ebc4366b,v2,format_invalid,forged,genuine,1,8.2e-05
family_a_003360_field_missing,family_a,58d1f817ebc4366b,v2,field_missing,forged,genuine,1,0.000817
family_a_003361_fine_grained_edit,family_a,58d1f817ebc4366b,v2,fine_grained_edit,forged,genuine,1,0.004511
family_a_003362_coordinated_full_forgery,family_a,58d1f817ebc4366b,v2,coordinated_full_forgery,forged,genuine,1,0.094026
family_a_003363_visual_splice,family_a,58d1f817ebc4366b,v2,visual_splice,forged,forged,1,0.999782
family_a_003364_visual_splice,family_a,58d1f817ebc4366b,v2,visual_splice,forged,forged,1,0.998843
family_a_003365_visual_splice,family_a,58d1f817ebc4366b,v2,visual_splice,forged,forged,1,0.99051
family_a_003377_genuine,family_a,d412cf4135faa8da,v2,genuine,genuine,genuine,3,0.989934
family_a_003378_text_qr_mismatch,family_a,d412cf4135faa8da,v2,text_qr_mismatch,forged,genuine,3,0.923386
family_a_003379_qr_only_mismatch,family_a,d412cf4135faa8da,v2,qr_only_mismatch,forged,genuine,3,0.846936
family_a_003380_checksum_invalid,family_a,d412cf4135faa8da,v2,checksum_invalid,forged,genuine,3,0.531298
family_a_003381_format_invalid,family_a,d412cf4135faa8da,v2,format_invalid,forged,genuine,3,0.568021
family_a_003382_field_missing,family_a,d412cf4135faa8da,v2,field_missing,forged,genuine,3,0.110056
family_a_003383_fine_grained_edit,family_a,d412cf4135faa8da,v2,fine_grained_edit,forged,genuine,3,0.983088
family_a_003384_coordinated_full_forgery,family_a,d412cf4135faa8da,v2,coordinated_full_forgery,forged,genuine,3,0.017649
family_a_003385_visual_splice,family_a,d412cf4135faa8da,v2,visual_splice,forged,forged,3,0.999963
family_a_003386_visual_splice,family_a,d412cf4135faa8da,v2,visual_splice,forged,forged,3,0.999978
family_a_003387_visual_splice,family_a,d412cf4135faa8da,v2,visual_splice,forged,forged,3,0.999995
family_a_003388_genuine,family_a,43e475306cda26f2,v2,genuine,genuine,genuine,4,0.426122
family_a_003389_text_qr_mismatch,family_a,43e475306cda26f2,v2,text_qr_mismatch,forged,genuine,4,0.122994
family_a_003390_qr_only_mismatch,family_a,43e475306cda26f2,v2,qr_only_mismatch,forged,genuine,4,0.58958
family_a_003391_checksum_invalid,family_a,43e475306cda26f2,v2,checksum_invalid,forged,genuine,4,0.282633
family_a_003392_format_invalid,family_a,43e475306cda26f2,v2,format_invalid,forged,genuine,4,0.010421
family_a_003393_field_missing,family_a,43e475306cda26f2,v2,field_missing,forged,genuine,4,0.003327
family_a_003394_fine_grained_edit,family_a,43e475306cda26f2,v2,fine_grained_edit,forged,genuine,4,0.67572
family_a_003395_coordinated_full_forgery,family_a,43e475306cda26f2,v2,coordinated_full_forgery,forged,genuine,4,0.013829
family_a_003396_visual_splice,family_a,43e475306cda26f2,v2,visual_splice,forged,forged,4,0.999966
family_a_003397_visual_splice,family_a,43e475306cda26f2,v2,visual_splice,forged,forged,4,0.287123
family_a_003398_visual_splice,family_a,43e475306cda26f2,v2,visual_splice,forged,forged,4,0.999984
family_a_003399_genuine,family_a,480594a119e8a196,v1,genuine,genuine,genuine,0,0.09283
family_a_003400_text_qr_mismatch,family_a,480594a119e8a196,v1,text_qr_mismatch,forged,genuine,0,0.465343
family_a_003401_qr_only_mismatch,family_a,480594a119e8a196,v1,qr_only_mismatch,forged,genuine,0,0.319421
family_a_003402_checksum_invalid,family_a,480594a119e8a196,v1,checksum_invalid,forged,genuine,0,0.131828
family_a_003403_format_invalid,family_a,480594a119e8a196,v1,format_invalid,forged,genuine,0,0.012791
family_a_003404_field_missing,family_a,480594a119e8a196,v1,field_missing,forged,genuine,0,0.066193
family_a_003405_fine_grained_edit,family_a,480594a119e8a196,v1,fine_grained_edit,forged,genuine,0,0.168518
family_a_003406_coordinated_full_forgery,family_a,480594a119e8a196,v1,coordinated_full_forgery,forged,genuine,0,0.010797
family_a_003407_visual_splice,family_a,480594a119e8a196,v1,visual_splice,forged,forged,0,0.999903
family_a_003408_visual_splice,family_a,480594a119e8a196,v1,visual_splice,forged,forged,0,0.99146
family_a_003409_visual_splice,family_a,480594a119e8a196,v1,visual_splice,forged,forged,0,0.999968
family_a_003410_genuine,family_a,4b558300e41a38a9,v1,genuine,genuine,genuine,4,0.998133
family_a_003411_text_qr_mismatch,family_a,4b558300e41a38a9,v1,text_qr_mismatch,forged,genuine,4,0.998479
family_a_003412_qr_only_mismatch,family_a,4b558300e41a38a9,v1,qr_only_mismatch,forged,genuine,4,0.990083
family_a_003413_checksum_invalid,family_a,4b558300e41a38a9,v1,checksum_invalid,forged,genuine,4,0.993535
family_a_003414_format_invalid,family_a,4b558300e41a38a9,v1,format_invalid,forged,genuine,4,0.882885
family_a_003415_field_missing,family_a,4b558300e41a38a9,v1,field_missing,forged,genuine,4,0.357939
family_a_003416_fine_grained_edit,family_a,4b558300e41a38a9,v1,fine_grained_edit,forged,genuine,4,0.989014
family_a_003417_coordinated_full_forgery,family_a,4b558300e41a38a9,v1,coordinated_full_forgery,forged,genuine,4,0.741605
family_a_003418_visual_splice,family_a,4b558300e41a38a9,v1,visual_splice,forged,forged,4,0.999996
family_a_003419_visual_splice,family_a,4b558300e41a38a9,v1,visual_splice,forged,forged,4,0.999916
family_a_003420_visual_splice,family_a,4b558300e41a38a9,v1,visual_splice,forged,forged,4,0.999998
family_a_003421_genuine,family_a,cb15e933f65e8ffb,v1,genuine,genuine,genuine,1,0.002484
family_a_003422_text_qr_mismatch,family_a,cb15e933f65e8ffb,v1,text_qr_mismatch,forged,genuine,1,0.040471
family_a_003423_qr_only_mismatch,family_a,cb15e933f65e8ffb,v1,qr_only_mismatch,forged,genuine,1,0.008691
family_a_003424_checksum_invalid,family_a,cb15e933f65e8ffb,v1,checksum_invalid,forged,genuine,1,0.003295
family_a_003425_format_invalid,family_a,cb15e933f65e8ffb,v1,format_invalid,forged,genuine,1,0.000258
family_a_003426_field_missing,family_a,cb15e933f65e8ffb,v1,field_missing,forged,genuine,1,0.000482
family_a_003427_fine_grained_edit,family_a,cb15e933f65e8ffb,v1,fine_grained_edit,forged,genuine,1,0.004679
family_a_003428_coordinated_full_forgery,family_a,cb15e933f65e8ffb,v1,coordinated_full_forgery,forged,genuine,1,0.001634
family_a_003429_visual_splice,family_a,cb15e933f65e8ffb,v1,visual_splice,forged,forged,1,0.999351
family_a_003430_visual_splice,family_a,cb15e933f65e8ffb,v1,visual_splice,forged,forged,1,0.872677
family_a_003431_visual_splice,family_a,cb15e933f65e8ffb,v1,visual_splice,forged,forged,1,0.056384
family_a_003432_genuine,family_a,38cc6ec61d1f0326,v2,genuine,genuine,genuine,3,0.000388
family_a_003433_text_qr_mismatch,family_a,38cc6ec61d1f0326,v2,text_qr_mismatch,forged,genuine,3,0.000189
family_a_003434_qr_only_mismatch,family_a,38cc6ec61d1f0326,v2,qr_only_mismatch,forged,genuine,3,0.00074
family_a_003435_checksum_invalid,family_a,38cc6ec61d1f0326,v2,checksum_invalid,forged,genuine,3,0.000268
family_a_003436_format_invalid,family_a,38cc6ec61d1f0326,v2,format_invalid,forged,genuine,3,4.3e-05
family_a_003437_field_missing,family_a,38cc6ec61d1f0326,v2,field_missing,forged,genuine,3,0.000271
family_a_003438_fine_grained_edit,family_a,38cc6ec61d1f0326,v2,fine_grained_edit,forged,genuine,3,0.001023
family_a_003439_coordinated_full_forgery,family_a,38cc6ec61d1f0326,v2,coordinated_full_forgery,forged,genuine,3,0.066374
family_a_003440_visual_splice,family_a,38cc6ec61d1f0326,v2,visual_splice,forged,forged,3,0.9984
family_a_003441_visual_splice,family_a,38cc6ec61d1f0326,v2,visual_splice,forged,forged,3,0.995022
family_a_003442_visual_splice,family_a,38cc6ec61d1f0326,v2,visual_splice,forged,forged,3,0.001118
family_a_003454_genuine,family_a,3163df10a9e2f346,v1,genuine,genuine,genuine,2,0.027625
family_a_003455_text_qr_mismatch,family_a,3163df10a9e2f346,v1,text_qr_mismatch,forged,genuine,2,0.008856
family_a_003456_qr_only_mismatch,family_a,3163df10a9e2f346,v1,qr_only_mismatch,forged,genuine,2,0.010311
family_a_003457_checksum_invalid,family_a,3163df10a9e2f346,v1,checksum_invalid,forged,genuine,2,0.011964
family_a_003458_format_invalid,family_a,3163df10a9e2f346,v1,format_invalid,forged,genuine,2,0.001095
family_a_003459_field_missing,family_a,3163df10a9e2f346,v1,field_missing,forged,genuine,2,0.000459
family_a_003460_fine_grained_edit,family_a,3163df10a9e2f346,v1,fine_grained_edit,forged,genuine,2,0.009262
family_a_003461_coordinated_full_forgery,family_a,3163df10a9e2f346,v1,coordinated_full_forgery,forged,genuine,2,0.047085
family_a_003462_visual_splice,family_a,3163df10a9e2f346,v1,visual_splice,forged,forged,2,0.9999
family_a_003463_visual_splice,family_a,3163df10a9e2f346,v1,visual_splice,forged,forged,2,0.998868
family_a_003464_visual_splice,family_a,3163df10a9e2f346,v1,visual_splice,forged,forged,2,0.9998
family_a_003465_genuine,family_a,034f681b72ebfc38,v1,genuine,genuine,genuine,3,0.046521
family_a_003466_text_qr_mismatch,family_a,034f681b72ebfc38,v1,text_qr_mismatch,forged,genuine,3,0.012451
family_a_003467_qr_only_mismatch,family_a,034f681b72ebfc38,v1,qr_only_mismatch,forged,genuine,3,0.017483
family_a_003468_checksum_invalid,family_a,034f681b72ebfc38,v1,checksum_invalid,forged,genuine,3,0.028888
family_a_003469_format_invalid,family_a,034f681b72ebfc38,v1,format_invalid,forged,genuine,3,0.007248
family_a_003470_field_missing,family_a,034f681b72ebfc38,v1,field_missing,forged,genuine,3,0.003606
family_a_003471_fine_grained_edit,family_a,034f681b72ebfc38,v1,fine_grained_edit,forged,genuine,3,0.011963
family_a_003472_coordinated_full_forgery,family_a,034f681b72ebfc38,v1,coordinated_full_forgery,forged,genuine,3,0.028831
family_a_003473_visual_splice,family_a,034f681b72ebfc38,v1,visual_splice,forged,forged,3,0.999161
family_a_003474_visual_splice,family_a,034f681b72ebfc38,v1,visual_splice,forged,forged,3,0.994907
family_a_003475_visual_splice,family_a,034f681b72ebfc38,v1,visual_splice,forged,forged,3,0.955996
family_a_003476_genuine,family_a,7606def78c6d45c8,v2,genuine,genuine,genuine,4,0.019114
family_a_003477_text_qr_mismatch,family_a,7606def78c6d45c8,v2,text_qr_mismatch,forged,genuine,4,0.032241
family_a_003478_qr_only_mismatch,family_a,7606def78c6d45c8,v2,qr_only_mismatch,forged,genuine,4,0.004755
family_a_003479_checksum_invalid,family_a,7606def78c6d45c8,v2,checksum_invalid,forged,genuine,4,0.029011
family_a_003480_format_invalid,family_a,7606def78c6d45c8,v2,format_invalid,forged,genuine,4,0.000264
family_a_003481_field_missing,family_a,7606def78c6d45c8,v2,field_missing,forged,genuine,4,0.002043
family_a_003482_fine_grained_edit,family_a,7606def78c6d45c8,v2,fine_grained_edit,forged,genuine,4,0.002007
family_a_003483_coordinated_full_forgery,family_a,7606def78c6d45c8,v2,coordinated_full_forgery,forged,genuine,4,0.001215
family_a_003484_visual_splice,family_a,7606def78c6d45c8,v2,visual_splice,forged,forged,4,0.998841
family_a_003485_visual_splice,family_a,7606def78c6d45c8,v2,visual_splice,forged,forged,4,0.999887
family_a_003486_visual_splice,family_a,7606def78c6d45c8,v2,visual_splice,forged,forged,4,0.999855
family_a_003487_genuine,family_a,8e189ae37334d05b,v2,genuine,genuine,genuine,3,0.005408
family_a_003488_text_qr_mismatch,family_a,8e189ae37334d05b,v2,text_qr_mismatch,forged,genuine,3,0.018228
family_a_003489_qr_only_mismatch,family_a,8e189ae37334d05b,v2,qr_only_mismatch,forged,genuine,3,0.002787
family_a_003490_checksum_invalid,family_a,8e189ae37334d05b,v2,checksum_invalid,forged,genuine,3,0.00814
family_a_003491_format_invalid,family_a,8e189ae37334d05b,v2,format_invalid,forged,genuine,3,0.001254
family_a_003492_field_missing,family_a,8e189ae37334d05b,v2,field_missing,forged,genuine,3,0.001814
family_a_003493_fine_grained_edit,family_a,8e189ae37334d05b,v2,fine_grained_edit,forged,genuine,3,0.005261
family_a_003494_coordinated_full_forgery,family_a,8e189ae37334d05b,v2,coordinated_full_forgery,forged,genuine,3,0.009231
family_a_003495_visual_splice,family_a,8e189ae37334d05b,v2,visual_splice,forged,forged,3,0.998574
family_a_003496_visual_splice,family_a,8e189ae37334d05b,v2,visual_splice,forged,forged,3,0.99964
family_a_003497_visual_splice,family_a,8e189ae37334d05b,v2,visual_splice,forged,forged,3,0.999839
family_a_003498_genuine,family_a,74ca7b9fe9229b81,v1,genuine,genuine,genuine,3,0.260573
family_a_003499_text_qr_mismatch,family_a,74ca7b9fe9229b81,v1,text_qr_mismatch,forged,genuine,3,0.054811
family_a_003500_qr_only_mismatch,family_a,74ca7b9fe9229b81,v1,qr_only_mismatch,forged,genuine,3,0.038964
family_a_003501_checksum_invalid,family_a,74ca7b9fe9229b81,v1,checksum_invalid,forged,genuine,3,0.127899
family_a_003502_format_invalid,family_a,74ca7b9fe9229b81,v1,format_invalid,forged,genuine,3,0.029037
family_a_003503_field_missing,family_a,74ca7b9fe9229b81,v1,field_missing,forged,genuine,3,0.000855
family_a_003504_fine_grained_edit,family_a,74ca7b9fe9229b81,v1,fine_grained_edit,forged,genuine,3,0.133525
family_a_003505_coordinated_full_forgery,family_a,74ca7b9fe9229b81,v1,coordinated_full_forgery,forged,genuine,3,0.129154
family_a_003506_visual_splice,family_a,74ca7b9fe9229b81,v1,visual_splice,forged,forged,3,0.999914
family_a_003507_visual_splice,family_a,74ca7b9fe9229b81,v1,visual_splice,forged,forged,3,0.181891
family_a_003508_visual_splice,family_a,74ca7b9fe9229b81,v1,visual_splice,forged,forged,3,0.995055
family_a_003531_genuine,family_a,dcf6966ec0979136,v1,genuine,genuine,genuine,0,0.026432
family_a_003532_text_qr_mismatch,family_a,dcf6966ec0979136,v1,text_qr_mismatch,forged,genuine,0,0.014365
family_a_003533_qr_only_mismatch,family_a,dcf6966ec0979136,v1,qr_only_mismatch,forged,genuine,0,0.034365
family_a_003534_checksum_invalid,family_a,dcf6966ec0979136,v1,checksum_invalid,forged,genuine,0,0.045128
family_a_003535_format_invalid,family_a,dcf6966ec0979136,v1,format_invalid,forged,genuine,0,0.004002
family_a_003536_field_missing,family_a,dcf6966ec0979136,v1,field_missing,forged,genuine,0,0.022998
family_a_003537_fine_grained_edit,family_a,dcf6966ec0979136,v1,fine_grained_edit,forged,genuine,0,0.092684
family_a_003538_coordinated_full_forgery,family_a,dcf6966ec0979136,v1,coordinated_full_forgery,forged,genuine,0,0.113258
family_a_003539_visual_splice,family_a,dcf6966ec0979136,v1,visual_splice,forged,forged,0,0.99981
family_a_003540_visual_splice,family_a,dcf6966ec0979136,v1,visual_splice,forged,forged,0,0.246278
family_a_003541_visual_splice,family_a,dcf6966ec0979136,v1,visual_splice,forged,forged,0,0.999799
family_a_003542_genuine,family_a,ee18989a6e511b9e,v1,genuine,genuine,genuine,0,0.00401
family_a_003543_text_qr_mismatch,family_a,ee18989a6e511b9e,v1,text_qr_mismatch,forged,genuine,0,0.00144
family_a_003544_qr_only_mismatch,family_a,ee18989a6e511b9e,v1,qr_only_mismatch,forged,genuine,0,0.001812
family_a_003545_checksum_invalid,family_a,ee18989a6e511b9e,v1,checksum_invalid,forged,genuine,0,0.001918
family_a_003546_format_invalid,family_a,ee18989a6e511b9e,v1,format_invalid,forged,genuine,0,0.000606
family_a_003547_field_missing,family_a,ee18989a6e511b9e,v1,field_missing,forged,genuine,0,0.00048
family_a_003548_fine_grained_edit,family_a,ee18989a6e511b9e,v1,fine_grained_edit,forged,genuine,0,0.006046
family_a_003549_coordinated_full_forgery,family_a,ee18989a6e511b9e,v1,coordinated_full_forgery,forged,genuine,0,0.001329
family_a_003550_visual_splice,family_a,ee18989a6e511b9e,v1,visual_splice,forged,forged,0,0.999916
family_a_003551_visual_splice,family_a,ee18989a6e511b9e,v1,visual_splice,forged,forged,0,0.998319
family_a_003552_visual_splice,family_a,ee18989a6e511b9e,v1,visual_splice,forged,forged,0,0.988772
family_a_003553_genuine,family_a,6e44a810e12683d9,v2,genuine,genuine,genuine,4,0.964403
family_a_003554_text_qr_mismatch,family_a,6e44a810e12683d9,v2,text_qr_mismatch,forged,genuine,4,0.062162
family_a_003555_qr_only_mismatch,family_a,6e44a810e12683d9,v2,qr_only_mismatch,forged,genuine,4,0.910694
family_a_003556_checksum_invalid,family_a,6e44a810e12683d9,v2,checksum_invalid,forged,genuine,4,0.976376
family_a_003557_format_invalid,family_a,6e44a810e12683d9,v2,format_invalid,forged,genuine,4,0.358524
family_a_003558_field_missing,family_a,6e44a810e12683d9,v2,field_missing,forged,genuine,4,0.001344
family_a_003559_fine_grained_edit,family_a,6e44a810e12683d9,v2,fine_grained_edit,forged,genuine,4,0.644733
family_a_003560_coordinated_full_forgery,family_a,6e44a810e12683d9,v2,coordinated_full_forgery,forged,genuine,4,0.002549
family_a_003561_visual_splice,family_a,6e44a810e12683d9,v2,visual_splice,forged,forged,4,0.999859
family_a_003562_visual_splice,family_a,6e44a810e12683d9,v2,visual_splice,forged,forged,4,0.999834
family_a_003563_visual_splice,family_a,6e44a810e12683d9,v2,visual_splice,forged,forged,4,0.999954
family_a_003575_genuine,family_a,090848de074a67ce,v1,genuine,genuine,genuine,2,0.004541
family_a_003576_text_qr_mismatch,family_a,090848de074a67ce,v1,text_qr_mismatch,forged,genuine,2,0.004828
family_a_003577_qr_only_mismatch,family_a,090848de074a67ce,v1,qr_only_mismatch,forged,genuine,2,0.001687
family_a_003578_checksum_invalid,family_a,090848de074a67ce,v1,checksum_invalid,forged,genuine,2,0.002298
family_a_003579_format_invalid,family_a,090848de074a67ce,v1,format_invalid,forged,genuine,2,0.000974
family_a_003580_field_missing,family_a,090848de074a67ce,v1,field_missing,forged,genuine,2,0.000859
family_a_003581_fine_grained_edit,family_a,090848de074a67ce,v1,fine_grained_edit,forged,genuine,2,0.009982
family_a_003582_coordinated_full_forgery,family_a,090848de074a67ce,v1,coordinated_full_forgery,forged,genuine,2,0.657887
family_a_003583_visual_splice,family_a,090848de074a67ce,v1,visual_splice,forged,forged,2,0.998995
family_a_003584_visual_splice,family_a,090848de074a67ce,v1,visual_splice,forged,forged,2,0.999547
family_a_003585_visual_splice,family_a,090848de074a67ce,v1,visual_splice,forged,forged,2,0.999408
family_a_003597_genuine,family_a,5a152cae824141fd,v2,genuine,genuine,genuine,0,0.139728
family_a_003598_text_qr_mismatch,family_a,5a152cae824141fd,v2,text_qr_mismatch,forged,genuine,0,0.845983
family_a_003599_qr_only_mismatch,family_a,5a152cae824141fd,v2,qr_only_mismatch,forged,genuine,0,0.160204
family_a_003600_checksum_invalid,family_a,5a152cae824141fd,v2,checksum_invalid,forged,genuine,0,0.082573
family_a_003601_format_invalid,family_a,5a152cae824141fd,v2,format_invalid,forged,genuine,0,0.01598
family_a_003602_field_missing,family_a,5a152cae824141fd,v2,field_missing,forged,genuine,0,0.00829
family_a_003603_fine_grained_edit,family_a,5a152cae824141fd,v2,fine_grained_edit,forged,genuine,0,0.044977
family_a_003604_coordinated_full_forgery,family_a,5a152cae824141fd,v2,coordinated_full_forgery,forged,genuine,0,0.10164
family_a_003605_visual_splice,family_a,5a152cae824141fd,v2,visual_splice,forged,forged,0,0.999941
family_a_003606_visual_splice,family_a,5a152cae824141fd,v2,visual_splice,forged,forged,0,0.999973
family_a_003607_visual_splice,family_a,5a152cae824141fd,v2,visual_splice,forged,forged,0,0.999979
family_a_003630_genuine,family_a,f62143d21cf1a09a,v2,genuine,genuine,genuine,1,0.006177
family_a_003631_text_qr_mismatch,family_a,f62143d21cf1a09a,v2,text_qr_mismatch,forged,genuine,1,0.001183
family_a_003632_qr_only_mismatch,family_a,f62143d21cf1a09a,v2,qr_only_mismatch,forged,genuine,1,0.002914
family_a_003633_checksum_invalid,family_a,f62143d21cf1a09a,v2,checksum_invalid,forged,genuine,1,0.003972
family_a_003634_format_invalid,family_a,f62143d21cf1a09a,v2,format_invalid,forged,genuine,1,0.00098
family_a_003635_field_missing,family_a,f62143d21cf1a09a,v2,field_missing,forged,genuine,1,0.001039
family_a_003636_fine_grained_edit,family_a,f62143d21cf1a09a,v2,fine_grained_edit,forged,genuine,1,0.001688
family_a_003637_coordinated_full_forgery,family_a,f62143d21cf1a09a,v2,coordinated_full_forgery,forged,genuine,1,0.01092
family_a_003638_visual_splice,family_a,f62143d21cf1a09a,v2,visual_splice,forged,forged,1,0.998003
family_a_003639_visual_splice,family_a,f62143d21cf1a09a,v2,visual_splice,forged,forged,1,0.473939
family_a_003640_visual_splice,family_a,f62143d21cf1a09a,v2,visual_splice,forged,forged,1,0.102252
family_a_003641_genuine,family_a,275d4182b90b95fb,v2,genuine,genuine,genuine,0,0.025276
family_a_003642_text_qr_mismatch,family_a,275d4182b90b95fb,v2,text_qr_mismatch,forged,genuine,0,0.046319
family_a_003643_qr_only_mismatch,family_a,275d4182b90b95fb,v2,qr_only_mismatch,forged,genuine,0,0.015045
family_a_003644_checksum_invalid,family_a,275d4182b90b95fb,v2,checksum_invalid,forged,genuine,0,0.005892
family_a_003645_format_invalid,family_a,275d4182b90b95fb,v2,format_invalid,forged,genuine,0,0.001831
family_a_003646_field_missing,family_a,275d4182b90b95fb,v2,field_missing,forged,genuine,0,0.001501
family_a_003647_fine_grained_edit,family_a,275d4182b90b95fb,v2,fine_grained_edit,forged,genuine,0,0.011184
family_a_003648_coordinated_full_forgery,family_a,275d4182b90b95fb,v2,coordinated_full_forgery,forged,genuine,0,0.007595
family_a_003649_visual_splice,family_a,275d4182b90b95fb,v2,visual_splice,forged,forged,0,0.800037
family_a_003650_visual_splice,family_a,275d4182b90b95fb,v2,visual_splice,forged,forged,0,0.999964
family_a_003651_visual_splice,family_a,275d4182b90b95fb,v2,visual_splice,forged,forged,0,0.99971
family_a_003652_genuine,family_a,407543c1f8ef84f0,v2,genuine,genuine,genuine,2,0.005367
family_a_003653_text_qr_mismatch,family_a,407543c1f8ef84f0,v2,text_qr_mismatch,forged,genuine,2,0.052314
family_a_003654_qr_only_mismatch,family_a,407543c1f8ef84f0,v2,qr_only_mismatch,forged,genuine,2,0.007278
family_a_003655_checksum_invalid,family_a,407543c1f8ef84f0,v2,checksum_invalid,forged,genuine,2,0.00472
family_a_003656_format_invalid,family_a,407543c1f8ef84f0,v2,format_invalid,forged,genuine,2,0.00055
family_a_003657_field_missing,family_a,407543c1f8ef84f0,v2,field_missing,forged,genuine,2,0.000205
family_a_003658_fine_grained_edit,family_a,407543c1f8ef84f0,v2,fine_grained_edit,forged,genuine,2,0.007441
family_a_003659_coordinated_full_forgery,family_a,407543c1f8ef84f0,v2,coordinated_full_forgery,forged,genuine,2,0.095169
family_a_003660_visual_splice,family_a,407543c1f8ef84f0,v2,visual_splice,forged,forged,2,0.999956
family_a_003661_visual_splice,family_a,407543c1f8ef84f0,v2,visual_splice,forged,forged,2,0.999047
family_a_003662_visual_splice,family_a,407543c1f8ef84f0,v2,visual_splice,forged,forged,2,0.884348
family_a_003674_genuine,family_a,681ba52b015697ec,v2,genuine,genuine,genuine,0,0.10951
family_a_003675_text_qr_mismatch,family_a,681ba52b015697ec,v2,text_qr_mismatch,forged,genuine,0,0.028706
family_a_003676_qr_only_mismatch,family_a,681ba52b015697ec,v2,qr_only_mismatch,forged,genuine,0,0.046003
family_a_003677_checksum_invalid,family_a,681ba52b015697ec,v2,checksum_invalid,forged,genuine,0,0.206843
family_a_003678_format_invalid,family_a,681ba52b015697ec,v2,format_invalid,forged,genuine,0,0.00949
family_a_003679_field_missing,family_a,681ba52b015697ec,v2,field_missing,forged,genuine,0,0.111914
family_a_003680_fine_grained_edit,family_a,681ba52b015697ec,v2,fine_grained_edit,forged,genuine,0,0.218387
family_a_003681_coordinated_full_forgery,family_a,681ba52b015697ec,v2,coordinated_full_forgery,forged,genuine,0,0.411184
family_a_003682_visual_splice,family_a,681ba52b015697ec,v2,visual_splice,forged,forged,0,0.999914
family_a_003683_visual_splice,family_a,681ba52b015697ec,v2,visual_splice,forged,forged,0,0.909005
family_a_003684_visual_splice,family_a,681ba52b015697ec,v2,visual_splice,forged,forged,0,0.999977
family_a_003685_genuine,family_a,2bc46e7c654a3ea5,v1,genuine,genuine,genuine,4,0.00508
family_a_003686_text_qr_mismatch,family_a,2bc46e7c654a3ea5,v1,text_qr_mismatch,forged,genuine,4,0.002475
family_a_003687_qr_only_mismatch,family_a,2bc46e7c654a3ea5,v1,qr_only_mismatch,forged,genuine,4,0.00525
family_a_003688_checksum_invalid,family_a,2bc46e7c654a3ea5,v1,checksum_invalid,forged,genuine,4,0.004873
family_a_003689_format_invalid,family_a,2bc46e7c654a3ea5,v1,format_invalid,forged,genuine,4,0.000397
family_a_003690_field_missing,family_a,2bc46e7c654a3ea5,v1,field_missing,forged,genuine,4,0.000314
family_a_003691_fine_grained_edit,family_a,2bc46e7c654a3ea5,v1,fine_grained_edit,forged,genuine,4,0.004198
family_a_003692_coordinated_full_forgery,family_a,2bc46e7c654a3ea5,v1,coordinated_full_forgery,forged,genuine,4,0.207186
family_a_003693_visual_splice,family_a,2bc46e7c654a3ea5,v1,visual_splice,forged,forged,4,0.999824
family_a_003694_visual_splice,family_a,2bc46e7c654a3ea5,v1,visual_splice,forged,forged,4,0.999525
family_a_003695_visual_splice,family_a,2bc46e7c654a3ea5,v1,visual_splice,forged,forged,4,0.998941
family_a_003707_genuine,family_a,17e174573bcbb55c,v1,genuine,genuine,genuine,2,0.071104
family_a_003708_text_qr_mismatch,family_a,17e174573bcbb55c,v1,text_qr_mismatch,forged,genuine,2,0.128902
family_a_003709_qr_only_mismatch,family_a,17e174573bcbb55c,v1,qr_only_mismatch,forged,genuine,2,0.069082
family_a_003710_checksum_invalid,family_a,17e174573bcbb55c,v1,checksum_invalid,forged,genuine,2,0.37745
family_a_003711_format_invalid,family_a,17e174573bcbb55c,v1,format_invalid,forged,genuine,2,0.011711
family_a_003712_field_missing,family_a,17e174573bcbb55c,v1,field_missing,forged,genuine,2,0.002999
family_a_003713_fine_grained_edit,family_a,17e174573bcbb55c,v1,fine_grained_edit,forged,genuine,2,0.072987
family_a_003714_coordinated_full_forgery,family_a,17e174573bcbb55c,v1,coordinated_full_forgery,forged,genuine,2,0.050744
family_a_003715_visual_splice,family_a,17e174573bcbb55c,v1,visual_splice,forged,forged,2,0.999981
family_a_003716_visual_splice,family_a,17e174573bcbb55c,v1,visual_splice,forged,forged,2,0.999945
family_a_003717_visual_splice,family_a,17e174573bcbb55c,v1,visual_splice,forged,forged,2,0.998843
family_a_003718_genuine,family_a,f4da6cd55dade7cc,v1,genuine,genuine,genuine,4,0.003596
family_a_003719_text_qr_mismatch,family_a,f4da6cd55dade7cc,v1,text_qr_mismatch,forged,genuine,4,0.029892
family_a_003720_qr_only_mismatch,family_a,f4da6cd55dade7cc,v1,qr_only_mismatch,forged,genuine,4,0.030297
family_a_003721_checksum_invalid,family_a,f4da6cd55dade7cc,v1,checksum_invalid,forged,genuine,4,0.055329
family_a_003722_format_invalid,family_a,f4da6cd55dade7cc,v1,format_invalid,forged,genuine,4,0.004263
family_a_003723_field_missing,family_a,f4da6cd55dade7cc,v1,field_missing,forged,genuine,4,0.003008
family_a_003724_fine_grained_edit,family_a,f4da6cd55dade7cc,v1,fine_grained_edit,forged,genuine,4,0.03583
family_a_003725_coordinated_full_forgery,family_a,f4da6cd55dade7cc,v1,coordinated_full_forgery,forged,genuine,4,0.0281
family_a_003726_visual_splice,family_a,f4da6cd55dade7cc,v1,visual_splice,forged,forged,4,0.999959
family_a_003727_visual_splice,family_a,f4da6cd55dade7cc,v1,visual_splice,forged,forged,4,0.999846
family_a_003728_visual_splice,family_a,f4da6cd55dade7cc,v1,visual_splice,forged,forged,4,0.014658
family_a_003729_genuine,family_a,e884f15b1548e6a8,v1,genuine,genuine,genuine,4,0.001757
family_a_003730_text_qr_mismatch,family_a,e884f15b1548e6a8,v1,text_qr_mismatch,forged,genuine,4,0.018358
family_a_003731_qr_only_mismatch,family_a,e884f15b1548e6a8,v1,qr_only_mismatch,forged,genuine,4,0.002856
family_a_003732_checksum_invalid,family_a,e884f15b1548e6a8,v1,checksum_invalid,forged,genuine,4,0.004165
family_a_003733_format_invalid,family_a,e884f15b1548e6a8,v1,format_invalid,forged,genuine,4,0.000327
family_a_003734_field_missing,family_a,e884f15b1548e6a8,v1,field_missing,forged,genuine,4,0.001998
family_a_003735_fine_grained_edit,family_a,e884f15b1548e6a8,v1,fine_grained_edit,forged,genuine,4,0.001404
family_a_003736_coordinated_full_forgery,family_a,e884f15b1548e6a8,v1,coordinated_full_forgery,forged,genuine,4,0.142239
family_a_003737_visual_splice,family_a,e884f15b1548e6a8,v1,visual_splice,forged,forged,4,0.998785
family_a_003738_visual_splice,family_a,e884f15b1548e6a8,v1,visual_splice,forged,forged,4,0.091506
family_a_003739_visual_splice,family_a,e884f15b1548e6a8,v1,visual_splice,forged,forged,4,0.999875
family_a_003740_genuine,family_a,8be3c3a18f44ece2,v1,genuine,genuine,genuine,0,0.010299
family_a_003741_text_qr_mismatch,family_a,8be3c3a18f44ece2,v1,text_qr_mismatch,forged,genuine,0,0.069553
family_a_003742_qr_only_mismatch,family_a,8be3c3a18f44ece2,v1,qr_only_mismatch,forged,genuine,0,0.001432
family_a_003743_checksum_invalid,family_a,8be3c3a18f44ece2,v1,checksum_invalid,forged,genuine,0,0.011637
family_a_003744_format_invalid,family_a,8be3c3a18f44ece2,v1,format_invalid,forged,genuine,0,0.001723
family_a_003745_field_missing,family_a,8be3c3a18f44ece2,v1,field_missing,forged,genuine,0,0.007451
family_a_003746_fine_grained_edit,family_a,8be3c3a18f44ece2,v1,fine_grained_edit,forged,genuine,0,0.005383
family_a_003747_coordinated_full_forgery,family_a,8be3c3a18f44ece2,v1,coordinated_full_forgery,forged,genuine,0,0.014994
family_a_003748_visual_splice,family_a,8be3c3a18f44ece2,v1,visual_splice,forged,forged,0,0.984621
family_a_003749_visual_splice,family_a,8be3c3a18f44ece2,v1,visual_splice,forged,forged,0,0.998801
family_a_003750_visual_splice,family_a,8be3c3a18f44ece2,v1,visual_splice,forged,forged,0,0.999784
family_a_003751_genuine,family_a,f6e0f2f79b71f23a,v1,genuine,genuine,genuine,0,0.071537
family_a_003752_text_qr_mismatch,family_a,f6e0f2f79b71f23a,v1,text_qr_mismatch,forged,genuine,0,0.088823
family_a_003753_qr_only_mismatch,family_a,f6e0f2f79b71f23a,v1,qr_only_mismatch,forged,genuine,0,0.048474
family_a_003754_checksum_invalid,family_a,f6e0f2f79b71f23a,v1,checksum_invalid,forged,genuine,0,0.139123
family_a_003755_format_invalid,family_a,f6e0f2f79b71f23a,v1,format_invalid,forged,genuine,0,0.002429
family_a_003756_field_missing,family_a,f6e0f2f79b71f23a,v1,field_missing,forged,genuine,0,0.01047
family_a_003757_fine_grained_edit,family_a,f6e0f2f79b71f23a,v1,fine_grained_edit,forged,genuine,0,0.028585
family_a_003758_coordinated_full_forgery,family_a,f6e0f2f79b71f23a,v1,coordinated_full_forgery,forged,genuine,0,0.000777
family_a_003759_visual_splice,family_a,f6e0f2f79b71f23a,v1,visual_splice,forged,forged,0,0.709972
family_a_003760_visual_splice,family_a,f6e0f2f79b71f23a,v1,visual_splice,forged,forged,0,0.999926
family_a_003761_visual_splice,family_a,f6e0f2f79b71f23a,v1,visual_splice,forged,forged,0,0.999704
family_a_003762_genuine,family_a,0caa051de594f195,v1,genuine,genuine,genuine,4,0.019252
family_a_003763_text_qr_mismatch,family_a,0caa051de594f195,v1,text_qr_mismatch,forged,genuine,4,0.005651
family_a_003764_qr_only_mismatch,family_a,0caa051de594f195,v1,qr_only_mismatch,forged,genuine,4,0.020101
family_a_003765_checksum_invalid,family_a,0caa051de594f195,v1,checksum_invalid,forged,genuine,4,0.079939
family_a_003766_format_invalid,family_a,0caa051de594f195,v1,format_invalid,forged,genuine,4,0.001939
family_a_003767_field_missing,family_a,0caa051de594f195,v1,field_missing,forged,genuine,4,0.023584
family_a_003768_fine_grained_edit,family_a,0caa051de594f195,v1,fine_grained_edit,forged,genuine,4,0.132213
family_a_003769_coordinated_full_forgery,family_a,0caa051de594f195,v1,coordinated_full_forgery,forged,genuine,4,0.008755
family_a_003770_visual_splice,family_a,0caa051de594f195,v1,visual_splice,forged,forged,4,0.999638
family_a_003771_visual_splice,family_a,0caa051de594f195,v1,visual_splice,forged,forged,4,0.999936
family_a_003772_visual_splice,family_a,0caa051de594f195,v1,visual_splice,forged,forged,4,0.999868
family_a_003773_genuine,family_a,d9ffab9b895688cc,v2,genuine,genuine,genuine,2,0.003674
family_a_003774_text_qr_mismatch,family_a,d9ffab9b895688cc,v2,text_qr_mismatch,forged,genuine,2,0.007203
family_a_003775_qr_only_mismatch,family_a,d9ffab9b895688cc,v2,qr_only_mismatch,forged,genuine,2,0.002381
family_a_003776_checksum_invalid,family_a,d9ffab9b895688cc,v2,checksum_invalid,forged,genuine,2,0.005012
family_a_003777_format_invalid,family_a,d9ffab9b895688cc,v2,format_invalid,forged,genuine,2,0.00129
family_a_003778_field_missing,family_a,d9ffab9b895688cc,v2,field_missing,forged,genuine,2,0.000111
family_a_003779_fine_grained_edit,family_a,d9ffab9b895688cc,v2,fine_grained_edit,forged,genuine,2,0.005138
family_a_003780_coordinated_full_forgery,family_a,d9ffab9b895688cc,v2,coordinated_full_forgery,forged,genuine,2,0.028442
family_a_003781_visual_splice,family_a,d9ffab9b895688cc,v2,visual_splice,forged,forged,2,0.999928
family_a_003782_visual_splice,family_a,d9ffab9b895688cc,v2,visual_splice,forged,forged,2,0.046844
family_a_003783_visual_splice,family_a,d9ffab9b895688cc,v2,visual_splice,forged,forged,2,0.999813
family_a_003784_genuine,family_a,f3723457edbf7dda,v1,genuine,genuine,genuine,4,0.002919
family_a_003785_text_qr_mismatch,family_a,f3723457edbf7dda,v1,text_qr_mismatch,forged,genuine,4,0.010575
family_a_003786_qr_only_mismatch,family_a,f3723457edbf7dda,v1,qr_only_mismatch,forged,genuine,4,0.004515
family_a_003787_checksum_invalid,family_a,f3723457edbf7dda,v1,checksum_invalid,forged,genuine,4,0.001889
family_a_003788_format_invalid,family_a,f3723457edbf7dda,v1,format_invalid,forged,genuine,4,0.000418
family_a_003789_field_missing,family_a,f3723457edbf7dda,v1,field_missing,forged,genuine,4,0.000338
family_a_003790_fine_grained_edit,family_a,f3723457edbf7dda,v1,fine_grained_edit,forged,genuine,4,0.004626
family_a_003791_coordinated_full_forgery,family_a,f3723457edbf7dda,v1,coordinated_full_forgery,forged,genuine,4,0.082337
family_a_003792_visual_splice,family_a,f3723457edbf7dda,v1,visual_splice,forged,forged,4,0.006689
family_a_003793_visual_splice,family_a,f3723457edbf7dda,v1,visual_splice,forged,forged,4,0.9999
family_a_003794_visual_splice,family_a,f3723457edbf7dda,v1,visual_splice,forged,forged,4,0.002372
family_a_003795_genuine,family_a,34472fee389b4c65,v1,genuine,genuine,genuine,2,0.330932
family_a_003796_text_qr_mismatch,family_a,34472fee389b4c65,v1,text_qr_mismatch,forged,genuine,2,0.300646
family_a_003797_qr_only_mismatch,family_a,34472fee389b4c65,v1,qr_only_mismatch,forged,genuine,2,0.560934
family_a_003798_checksum_invalid,family_a,34472fee389b4c65,v1,checksum_invalid,forged,genuine,2,0.13748
family_a_003799_format_invalid,family_a,34472fee389b4c65,v1,format_invalid,forged,genuine,2,0.004414
family_a_003800_field_missing,family_a,34472fee389b4c65,v1,field_missing,forged,genuine,2,0.008486
family_a_003801_fine_grained_edit,family_a,34472fee389b4c65,v1,fine_grained_edit,forged,genuine,2,0.216344
family_a_003802_coordinated_full_forgery,family_a,34472fee389b4c65,v1,coordinated_full_forgery,forged,genuine,2,0.034673
family_a_003803_visual_splice,family_a,34472fee389b4c65,v1,visual_splice,forged,forged,2,0.999689
family_a_003804_visual_splice,family_a,34472fee389b4c65,v1,visual_splice,forged,forged,2,0.96937
family_a_003805_visual_splice,family_a,34472fee389b4c65,v1,visual_splice,forged,forged,2,0.711781
family_a_003806_genuine,family_a,2c1397c9ed99537b,v2,genuine,genuine,genuine,3,0.002424
family_a_003807_text_qr_mismatch,family_a,2c1397c9ed99537b,v2,text_qr_mismatch,forged,genuine,3,0.014334
family_a_003808_qr_only_mismatch,family_a,2c1397c9ed99537b,v2,qr_only_mismatch,forged,genuine,3,0.004403
family_a_003809_checksum_invalid,family_a,2c1397c9ed99537b,v2,checksum_invalid,forged,genuine,3,0.017162
family_a_003810_format_invalid,family_a,2c1397c9ed99537b,v2,format_invalid,forged,genuine,3,0.000714
family_a_003811_field_missing,family_a,2c1397c9ed99537b,v2,field_missing,forged,genuine,3,0.003766
family_a_003812_fine_grained_edit,family_a,2c1397c9ed99537b,v2,fine_grained_edit,forged,genuine,3,0.007847
family_a_003813_coordinated_full_forgery,family_a,2c1397c9ed99537b,v2,coordinated_full_forgery,forged,genuine,3,0.330648
family_a_003814_visual_splice,family_a,2c1397c9ed99537b,v2,visual_splice,forged,forged,3,0.992397
family_a_003815_visual_splice,family_a,2c1397c9ed99537b,v2,visual_splice,forged,forged,3,0.998929
family_a_003816_visual_splice,family_a,2c1397c9ed99537b,v2,visual_splice,forged,forged,3,0.999411
family_a_003817_genuine,family_a,c9cc095cf0ed03e9,v1,genuine,genuine,genuine,4,0.261559
family_a_003818_text_qr_mismatch,family_a,c9cc095cf0ed03e9,v1,text_qr_mismatch,forged,genuine,4,0.003451
family_a_003819_qr_only_mismatch,family_a,c9cc095cf0ed03e9,v1,qr_only_mismatch,forged,genuine,4,0.032172
family_a_003820_checksum_invalid,family_a,c9cc095cf0ed03e9,v1,checksum_invalid,forged,genuine,4,0.072408
family_a_003821_format_invalid,family_a,c9cc095cf0ed03e9,v1,format_invalid,forged,genuine,4,0.004732
family_a_003822_field_missing,family_a,c9cc095cf0ed03e9,v1,field_missing,forged,genuine,4,0.023733
family_a_003823_fine_grained_edit,family_a,c9cc095cf0ed03e9,v1,fine_grained_edit,forged,genuine,4,0.032756
family_a_003824_coordinated_full_forgery,family_a,c9cc095cf0ed03e9,v1,coordinated_full_forgery,forged,genuine,4,0.005486
family_a_003825_visual_splice,family_a,c9cc095cf0ed03e9,v1,visual_splice,forged,forged,4,0.031877
family_a_003826_visual_splice,family_a,c9cc095cf0ed03e9,v1,visual_splice,forged,forged,4,0.999961
family_a_003827_visual_splice,family_a,c9cc095cf0ed03e9,v1,visual_splice,forged,forged,4,0.354214
family_a_003828_genuine,family_a,0bf3420897ecbb64,v1,genuine,genuine,genuine,4,0.001682
family_a_003829_text_qr_mismatch,family_a,0bf3420897ecbb64,v1,text_qr_mismatch,forged,genuine,4,0.00189
family_a_003830_qr_only_mismatch,family_a,0bf3420897ecbb64,v1,qr_only_mismatch,forged,genuine,4,0.004708
family_a_003831_checksum_invalid,family_a,0bf3420897ecbb64,v1,checksum_invalid,forged,genuine,4,0.001477
family_a_003832_format_invalid,family_a,0bf3420897ecbb64,v1,format_invalid,forged,genuine,4,0.000184
family_a_003833_field_missing,family_a,0bf3420897ecbb64,v1,field_missing,forged,genuine,4,0.0019
family_a_003834_fine_grained_edit,family_a,0bf3420897ecbb64,v1,fine_grained_edit,forged,genuine,4,0.005815
family_a_003835_coordinated_full_forgery,family_a,0bf3420897ecbb64,v1,coordinated_full_forgery,forged,genuine,4,0.178019
family_a_003836_visual_splice,family_a,0bf3420897ecbb64,v1,visual_splice,forged,forged,4,0.99823
family_a_003837_visual_splice,family_a,0bf3420897ecbb64,v1,visual_splice,forged,forged,4,0.999804
family_a_003838_visual_splice,family_a,0bf3420897ecbb64,v1,visual_splice,forged,forged,4,0.999544
family_a_003839_genuine,family_a,898dfc1d1675fe4d,v2,genuine,genuine,genuine,3,0.002108
family_a_003840_text_qr_mismatch,family_a,898dfc1d1675fe4d,v2,text_qr_mismatch,forged,genuine,3,0.000541
family_a_003841_qr_only_mismatch,family_a,898dfc1d1675fe4d,v2,qr_only_mismatch,forged,genuine,3,0.003778
family_a_003842_checksum_invalid,family_a,898dfc1d1675fe4d,v2,checksum_invalid,forged,genuine,3,0.007308
family_a_003843_format_invalid,family_a,898dfc1d1675fe4d,v2,format_invalid,forged,genuine,3,0.000667
family_a_003844_field_missing,family_a,898dfc1d1675fe4d,v2,field_missing,forged,genuine,3,0.000997
family_a_003845_fine_grained_edit,family_a,898dfc1d1675fe4d,v2,fine_grained_edit,forged,genuine,3,0.012469
family_a_003846_coordinated_full_forgery,family_a,898dfc1d1675fe4d,v2,coordinated_full_forgery,forged,genuine,3,0.053292
family_a_003847_visual_splice,family_a,898dfc1d1675fe4d,v2,visual_splice,forged,forged,3,0.999753
family_a_003848_visual_splice,family_a,898dfc1d1675fe4d,v2,visual_splice,forged,forged,3,0.991021
family_a_003849_visual_splice,family_a,898dfc1d1675fe4d,v2,visual_splice,forged,forged,3,0.583923
family_a_003861_genuine,family_a,9c8bf4a30210020b,v1,genuine,genuine,genuine,4,0.026629
family_a_003862_text_qr_mismatch,family_a,9c8bf4a30210020b,v1,text_qr_mismatch,forged,genuine,4,0.204329
family_a_003863_qr_only_mismatch,family_a,9c8bf4a30210020b,v1,qr_only_mismatch,forged,genuine,4,0.023138
family_a_003864_checksum_invalid,family_a,9c8bf4a30210020b,v1,checksum_invalid,forged,genuine,4,0.068274
family_a_003865_format_invalid,family_a,9c8bf4a30210020b,v1,format_invalid,forged,genuine,4,0.00498
family_a_003866_field_missing,family_a,9c8bf4a30210020b,v1,field_missing,forged,genuine,4,0.020715
family_a_003867_fine_grained_edit,family_a,9c8bf4a30210020b,v1,fine_grained_edit,forged,genuine,4,0.005086
family_a_003868_coordinated_full_forgery,family_a,9c8bf4a30210020b,v1,coordinated_full_forgery,forged,genuine,4,0.001622
family_a_003869_visual_splice,family_a,9c8bf4a30210020b,v1,visual_splice,forged,forged,4,0.999584
family_a_003870_visual_splice,family_a,9c8bf4a30210020b,v1,visual_splice,forged,forged,4,0.999725
family_a_003871_visual_splice,family_a,9c8bf4a30210020b,v1,visual_splice,forged,forged,4,0.999634
family_a_003883_genuine,family_a,efef618c8a0d1358,v1,genuine,genuine,genuine,3,0.003988
family_a_003884_text_qr_mismatch,family_a,efef618c8a0d1358,v1,text_qr_mismatch,forged,genuine,3,0.001312
family_a_003885_qr_only_mismatch,family_a,efef618c8a0d1358,v1,qr_only_mismatch,forged,genuine,3,0.003515
family_a_003886_checksum_invalid,family_a,efef618c8a0d1358,v1,checksum_invalid,forged,genuine,3,0.004086
family_a_003887_format_invalid,family_a,efef618c8a0d1358,v1,format_invalid,forged,genuine,3,0.000228
family_a_003888_field_missing,family_a,efef618c8a0d1358,v1,field_missing,forged,genuine,3,3.3e-05
family_a_003889_fine_grained_edit,family_a,efef618c8a0d1358,v1,fine_grained_edit,forged,genuine,3,0.000863
family_a_003890_coordinated_full_forgery,family_a,efef618c8a0d1358,v1,coordinated_full_forgery,forged,genuine,3,0.020408
family_a_003891_visual_splice,family_a,efef618c8a0d1358,v1,visual_splice,forged,forged,3,0.999829
family_a_003892_visual_splice,family_a,efef618c8a0d1358,v1,visual_splice,forged,forged,3,0.290553
family_a_003893_visual_splice,family_a,efef618c8a0d1358,v1,visual_splice,forged,forged,3,0.997021
family_a_003894_genuine,family_a,8f574d9285e4deeb,v2,genuine,genuine,genuine,3,0.004448
family_a_003895_text_qr_mismatch,family_a,8f574d9285e4deeb,v2,text_qr_mismatch,forged,genuine,3,0.005339
family_a_003896_qr_only_mismatch,family_a,8f574d9285e4deeb,v2,qr_only_mismatch,forged,genuine,3,0.004339
family_a_003897_checksum_invalid,family_a,8f574d9285e4deeb,v2,checksum_invalid,forged,genuine,3,0.003202
family_a_003898_format_invalid,family_a,8f574d9285e4deeb,v2,format_invalid,forged,genuine,3,8.9e-05
family_a_003899_field_missing,family_a,8f574d9285e4deeb,v2,field_missing,forged,genuine,3,3.2e-05
family_a_003900_fine_grained_edit,family_a,8f574d9285e4deeb,v2,fine_grained_edit,forged,genuine,3,0.001818
family_a_003901_coordinated_full_forgery,family_a,8f574d9285e4deeb,v2,coordinated_full_forgery,forged,genuine,3,0.001121
family_a_003902_visual_splice,family_a,8f574d9285e4deeb,v2,visual_splice,forged,forged,3,0.999179
family_a_003903_visual_splice,family_a,8f574d9285e4deeb,v2,visual_splice,forged,forged,3,0.999647
family_a_003904_visual_splice,family_a,8f574d9285e4deeb,v2,visual_splice,forged,forged,3,0.999441
family_a_003916_genuine,family_a,332b4d7111d202f4,v1,genuine,genuine,genuine,1,0.002447
family_a_003917_text_qr_mismatch,family_a,332b4d7111d202f4,v1,text_qr_mismatch,forged,genuine,1,0.003365
family_a_003918_qr_only_mismatch,family_a,332b4d7111d202f4,v1,qr_only_mismatch,forged,genuine,1,0.001629
family_a_003919_checksum_invalid,family_a,332b4d7111d202f4,v1,checksum_invalid,forged,genuine,1,0.000651
family_a_003920_format_invalid,family_a,332b4d7111d202f4,v1,format_invalid,forged,genuine,1,0.000171
family_a_003921_field_missing,family_a,332b4d7111d202f4,v1,field_missing,forged,genuine,1,0.000588
family_a_003922_fine_grained_edit,family_a,332b4d7111d202f4,v1,fine_grained_edit,forged,genuine,1,0.005061
family_a_003923_coordinated_full_forgery,family_a,332b4d7111d202f4,v1,coordinated_full_forgery,forged,genuine,1,0.009666
family_a_003924_visual_splice,family_a,332b4d7111d202f4,v1,visual_splice,forged,forged,1,0.998483
family_a_003925_visual_splice,family_a,332b4d7111d202f4,v1,visual_splice,forged,forged,1,0.99932
family_a_003926_visual_splice,family_a,332b4d7111d202f4,v1,visual_splice,forged,forged,1,0.719682
family_a_003938_genuine,family_a,880606101752cf84,v2,genuine,genuine,genuine,1,0.012979
family_a_003939_text_qr_mismatch,family_a,880606101752cf84,v2,text_qr_mismatch,forged,genuine,1,0.005375
family_a_003940_qr_only_mismatch,family_a,880606101752cf84,v2,qr_only_mismatch,forged,genuine,1,0.005906
family_a_003941_checksum_invalid,family_a,880606101752cf84,v2,checksum_invalid,forged,genuine,1,0.005788
family_a_003942_format_invalid,family_a,880606101752cf84,v2,format_invalid,forged,genuine,1,0.000984
family_a_003943_field_missing,family_a,880606101752cf84,v2,field_missing,forged,genuine,1,0.000714
family_a_003944_fine_grained_edit,family_a,880606101752cf84,v2,fine_grained_edit,forged,genuine,1,0.014569
family_a_003945_coordinated_full_forgery,family_a,880606101752cf84,v2,coordinated_full_forgery,forged,genuine,1,0.019826
family_a_003946_visual_splice,family_a,880606101752cf84,v2,visual_splice,forged,forged,1,0.999724
family_a_003947_visual_splice,family_a,880606101752cf84,v2,visual_splice,forged,forged,1,0.99944
family_a_003948_visual_splice,family_a,880606101752cf84,v2,visual_splice,forged,forged,1,0.321873
family_a_003949_genuine,family_a,191812c1358feda3,v2,genuine,genuine,genuine,2,0.019572
family_a_003950_text_qr_mismatch,family_a,191812c1358feda3,v2,text_qr_mismatch,forged,genuine,2,0.006041
family_a_003951_qr_only_mismatch,family_a,191812c1358feda3,v2,qr_only_mismatch,forged,genuine,2,0.013956
family_a_003952_checksum_invalid,family_a,191812c1358feda3,v2,checksum_invalid,forged,genuine,2,0.013653
family_a_003953_format_invalid,family_a,191812c1358feda3,v2,format_invalid,forged,genuine,2,0.001447
family_a_003954_field_missing,family_a,191812c1358feda3,v2,field_missing,forged,genuine,2,0.000741
family_a_003955_fine_grained_edit,family_a,191812c1358feda3,v2,fine_grained_edit,forged,genuine,2,0.006007
family_a_003956_coordinated_full_forgery,family_a,191812c1358feda3,v2,coordinated_full_forgery,forged,genuine,2,0.009336
family_a_003957_visual_splice,family_a,191812c1358feda3,v2,visual_splice,forged,forged,2,0.999964
family_a_003958_visual_splice,family_a,191812c1358feda3,v2,visual_splice,forged,forged,2,0.999953
family_a_003959_visual_splice,family_a,191812c1358feda3,v2,visual_splice,forged,forged,2,0.999953
family_a_003971_genuine,family_a,f8f4de1b92125723,v1,genuine,genuine,genuine,3,0.408951
family_a_003972_text_qr_mismatch,family_a,f8f4de1b92125723,v1,text_qr_mismatch,forged,genuine,3,0.058734
family_a_003973_qr_only_mismatch,family_a,f8f4de1b92125723,v1,qr_only_mismatch,forged,genuine,3,0.245835
family_a_003974_checksum_invalid,family_a,f8f4de1b92125723,v1,checksum_invalid,forged,genuine,3,0.468235
family_a_003975_format_invalid,family_a,f8f4de1b92125723,v1,format_invalid,forged,genuine,3,0.031733
family_a_003976_field_missing,family_a,f8f4de1b92125723,v1,field_missing,forged,genuine,3,0.000517
family_a_003977_fine_grained_edit,family_a,f8f4de1b92125723,v1,fine_grained_edit,forged,genuine,3,0.380357
family_a_003978_coordinated_full_forgery,family_a,f8f4de1b92125723,v1,coordinated_full_forgery,forged,genuine,3,0.016042
family_a_003979_visual_splice,family_a,f8f4de1b92125723,v1,visual_splice,forged,forged,3,0.999892
family_a_003980_visual_splice,family_a,f8f4de1b92125723,v1,visual_splice,forged,forged,3,0.999841
family_a_003981_visual_splice,family_a,f8f4de1b92125723,v1,visual_splice,forged,forged,3,0.999931
family_a_003982_genuine,family_a,d5e69e4d3e0fb6a2,v1,genuine,genuine,genuine,4,0.310691
family_a_003983_text_qr_mismatch,family_a,d5e69e4d3e0fb6a2,v1,text_qr_mismatch,forged,genuine,4,0.005316
family_a_003984_qr_only_mismatch,family_a,d5e69e4d3e0fb6a2,v1,qr_only_mismatch,forged,genuine,4,0.126248
family_a_003985_checksum_invalid,family_a,d5e69e4d3e0fb6a2,v1,checksum_invalid,forged,genuine,4,0.077171
family_a_003986_format_invalid,family_a,d5e69e4d3e0fb6a2,v1,format_invalid,forged,genuine,4,0.022167
family_a_003987_field_missing,family_a,d5e69e4d3e0fb6a2,v1,field_missing,forged,genuine,4,0.007023
family_a_003988_fine_grained_edit,family_a,d5e69e4d3e0fb6a2,v1,fine_grained_edit,forged,genuine,4,0.526465
family_a_003989_coordinated_full_forgery,family_a,d5e69e4d3e0fb6a2,v1,coordinated_full_forgery,forged,genuine,4,0.002365
family_a_003990_visual_splice,family_a,d5e69e4d3e0fb6a2,v1,visual_splice,forged,forged,4,0.99998
family_a_003991_visual_splice,family_a,d5e69e4d3e0fb6a2,v1,visual_splice,forged,forged,4,0.999936
family_a_003992_visual_splice,family_a,d5e69e4d3e0fb6a2,v1,visual_splice,forged,forged,4,0.84378
family_a_003993_genuine,family_a,c1b5447ba8c9604e,v2,genuine,genuine,genuine,1,0.01451
family_a_003994_text_qr_mismatch,family_a,c1b5447ba8c9604e,v2,text_qr_mismatch,forged,genuine,1,0.007652
family_a_003995_qr_only_mismatch,family_a,c1b5447ba8c9604e,v2,qr_only_mismatch,forged,genuine,1,0.010766
family_a_003996_checksum_invalid,family_a,c1b5447ba8c9604e,v2,checksum_invalid,forged,genuine,1,0.014082
family_a_003997_format_invalid,family_a,c1b5447ba8c9604e,v2,format_invalid,forged,genuine,1,0.003177
family_a_003998_field_missing,family_a,c1b5447ba8c9604e,v2,field_missing,forged,genuine,1,0.000864
family_a_003999_fine_grained_edit,family_a,c1b5447ba8c9604e,v2,fine_grained_edit,forged,genuine,1,0.034592
family_a_004000_coordinated_full_forgery,family_a,c1b5447ba8c9604e,v2,coordinated_full_forgery,forged,genuine,1,0.009448
family_a_004001_visual_splice,family_a,c1b5447ba8c9604e,v2,visual_splice,forged,forged,1,0.98579
family_a_004002_visual_splice,family_a,c1b5447ba8c9604e,v2,visual_splice,forged,forged,1,0.998558
family_a_004003_visual_splice,family_a,c1b5447ba8c9604e,v2,visual_splice,forged,forged,1,0.998892
family_a_004004_genuine,family_a,3851bcbdf63e01ab,v2,genuine,genuine,genuine,0,0.252584
family_a_004005_text_qr_mismatch,family_a,3851bcbdf63e01ab,v2,text_qr_mismatch,forged,genuine,0,0.004338
family_a_004006_qr_only_mismatch,family_a,3851bcbdf63e01ab,v2,qr_only_mismatch,forged,genuine,0,0.189663
family_a_004007_checksum_invalid,family_a,3851bcbdf63e01ab,v2,checksum_invalid,forged,genuine,0,0.30245
family_a_004008_format_invalid,family_a,3851bcbdf63e01ab,v2,format_invalid,forged,genuine,0,0.027001
family_a_004009_field_missing,family_a,3851bcbdf63e01ab,v2,field_missing,forged,genuine,0,0.033726
family_a_004010_fine_grained_edit,family_a,3851bcbdf63e01ab,v2,fine_grained_edit,forged,genuine,0,0.116668
family_a_004011_coordinated_full_forgery,family_a,3851bcbdf63e01ab,v2,coordinated_full_forgery,forged,genuine,0,0.003097
family_a_004012_visual_splice,family_a,3851bcbdf63e01ab,v2,visual_splice,forged,forged,0,0.999903
family_a_004013_visual_splice,family_a,3851bcbdf63e01ab,v2,visual_splice,forged,forged,0,0.993734
family_a_004014_visual_splice,family_a,3851bcbdf63e01ab,v2,visual_splice,forged,forged,0,0.999692
family_a_004026_genuine,family_a,53814b9b32990e65,v2,genuine,genuine,genuine,0,0.002802
family_a_004027_text_qr_mismatch,family_a,53814b9b32990e65,v2,text_qr_mismatch,forged,genuine,0,0.001514
family_a_004028_qr_only_mismatch,family_a,53814b9b32990e65,v2,qr_only_mismatch,forged,genuine,0,0.006909
family_a_004029_checksum_invalid,family_a,53814b9b32990e65,v2,checksum_invalid,forged,genuine,0,0.006527
family_a_004030_format_invalid,family_a,53814b9b32990e65,v2,format_invalid,forged,genuine,0,0.00015
family_a_004031_field_missing,family_a,53814b9b32990e65,v2,field_missing,forged,genuine,0,0.000626
family_a_004032_fine_grained_edit,family_a,53814b9b32990e65,v2,fine_grained_edit,forged,genuine,0,0.002174
family_a_004033_coordinated_full_forgery,family_a,53814b9b32990e65,v2,coordinated_full_forgery,forged,genuine,0,0.044506
family_a_004034_visual_splice,family_a,53814b9b32990e65,v2,visual_splice,forged,forged,0,0.999653
family_a_004035_visual_splice,family_a,53814b9b32990e65,v2,visual_splice,forged,forged,0,0.998869
family_a_004036_visual_splice,family_a,53814b9b32990e65,v2,visual_splice,forged,forged,0,0.909952
family_a_004048_genuine,family_a,8d1e3bf33ea76701,v2,genuine,genuine,genuine,0,0.213139
family_a_004049_text_qr_mismatch,family_a,8d1e3bf33ea76701,v2,text_qr_mismatch,forged,genuine,0,0.359646
family_a_004050_qr_only_mismatch,family_a,8d1e3bf33ea76701,v2,qr_only_mismatch,forged,genuine,0,0.165951
family_a_004051_checksum_invalid,family_a,8d1e3bf33ea76701,v2,checksum_invalid,forged,genuine,0,0.066059
family_a_004052_format_invalid,family_a,8d1e3bf33ea76701,v2,format_invalid,forged,genuine,0,0.016191
family_a_004053_field_missing,family_a,8d1e3bf33ea76701,v2,field_missing,forged,genuine,0,0.001058
family_a_004054_fine_grained_edit,family_a,8d1e3bf33ea76701,v2,fine_grained_edit,forged,genuine,0,0.060159
family_a_004055_coordinated_full_forgery,family_a,8d1e3bf33ea76701,v2,coordinated_full_forgery,forged,genuine,0,0.100773
family_a_004056_visual_splice,family_a,8d1e3bf33ea76701,v2,visual_splice,forged,forged,0,0.999894
family_a_004057_visual_splice,family_a,8d1e3bf33ea76701,v2,visual_splice,forged,forged,0,0.999985
family_a_004058_visual_splice,family_a,8d1e3bf33ea76701,v2,visual_splice,forged,forged,0,0.999838
family_a_004059_genuine,family_a,499ebe3c9d7227d9,v2,genuine,genuine,genuine,3,0.002515
family_a_004060_text_qr_mismatch,family_a,499ebe3c9d7227d9,v2,text_qr_mismatch,forged,genuine,3,0.000484
family_a_004061_qr_only_mismatch,family_a,499ebe3c9d7227d9,v2,qr_only_mismatch,forged,genuine,3,0.002781
family_a_004062_checksum_invalid,family_a,499ebe3c9d7227d9,v2,checksum_invalid,forged,genuine,3,0.012624
family_a_004063_format_invalid,family_a,499ebe3c9d7227d9,v2,format_invalid,forged,genuine,3,0.000299
family_a_004064_field_missing,family_a,499ebe3c9d7227d9,v2,field_missing,forged,genuine,3,0.000566
family_a_004065_fine_grained_edit,family_a,499ebe3c9d7227d9,v2,fine_grained_edit,forged,genuine,3,0.010718
family_a_004066_coordinated_full_forgery,family_a,499ebe3c9d7227d9,v2,coordinated_full_forgery,forged,genuine,3,0.143213
family_a_004067_visual_splice,family_a,499ebe3c9d7227d9,v2,visual_splice,forged,forged,3,0.999707
family_a_004068_visual_splice,family_a,499ebe3c9d7227d9,v2,visual_splice,forged,forged,3,0.432375
family_a_004069_visual_splice,family_a,499ebe3c9d7227d9,v2,visual_splice,forged,forged,3,0.999212
family_a_004070_genuine,family_a,06272a2079199717,v2,genuine,genuine,genuine,0,0.000847
family_a_004071_text_qr_mismatch,family_a,06272a2079199717,v2,text_qr_mismatch,forged,genuine,0,0.002591
family_a_004072_qr_only_mismatch,family_a,06272a2079199717,v2,qr_only_mismatch,forged,genuine,0,0.000745
family_a_004073_checksum_invalid,family_a,06272a2079199717,v2,checksum_invalid,forged,genuine,0,0.001189
family_a_004074_format_invalid,family_a,06272a2079199717,v2,format_invalid,forged,genuine,0,0.000211
family_a_004075_field_missing,family_a,06272a2079199717,v2,field_missing,forged,genuine,0,0.000361
family_a_004076_fine_grained_edit,family_a,06272a2079199717,v2,fine_grained_edit,forged,genuine,0,0.001047
family_a_004077_coordinated_full_forgery,family_a,06272a2079199717,v2,coordinated_full_forgery,forged,genuine,0,0.078597
family_a_004078_visual_splice,family_a,06272a2079199717,v2,visual_splice,forged,forged,0,0.100989
family_a_004079_visual_splice,family_a,06272a2079199717,v2,visual_splice,forged,forged,0,0.999701
family_a_004080_visual_splice,family_a,06272a2079199717,v2,visual_splice,forged,forged,0,0.999709
family_a_004092_genuine,family_a,b95c6aaa82b5cd54,v1,genuine,genuine,genuine,1,0.018677
family_a_004093_text_qr_mismatch,family_a,b95c6aaa82b5cd54,v1,text_qr_mismatch,forged,genuine,1,0.01136
family_a_004094_qr_only_mismatch,family_a,b95c6aaa82b5cd54,v1,qr_only_mismatch,forged,genuine,1,0.007195
family_a_004095_checksum_invalid,family_a,b95c6aaa82b5cd54,v1,checksum_invalid,forged,genuine,1,0.003276
family_a_004096_format_invalid,family_a,b95c6aaa82b5cd54,v1,format_invalid,forged,genuine,1,0.000393
family_a_004097_field_missing,family_a,b95c6aaa82b5cd54,v1,field_missing,forged,genuine,1,0.020443
family_a_004098_fine_grained_edit,family_a,b95c6aaa82b5cd54,v1,fine_grained_edit,forged,genuine,1,0.00819
family_a_004099_coordinated_full_forgery,family_a,b95c6aaa82b5cd54,v1,coordinated_full_forgery,forged,genuine,1,0.003065
family_a_004100_visual_splice,family_a,b95c6aaa82b5cd54,v1,visual_splice,forged,forged,1,0.018182
family_a_004101_visual_splice,family_a,b95c6aaa82b5cd54,v1,visual_splice,forged,forged,1,0.996673
family_a_004102_visual_splice,family_a,b95c6aaa82b5cd54,v1,visual_splice,forged,forged,1,0.999736
family_a_004103_genuine,family_a,323c1a3646c31be7,v1,genuine,genuine,genuine,0,0.07866
family_a_004104_text_qr_mismatch,family_a,323c1a3646c31be7,v1,text_qr_mismatch,forged,genuine,0,0.497333
family_a_004105_qr_only_mismatch,family_a,323c1a3646c31be7,v1,qr_only_mismatch,forged,genuine,0,0.077772
family_a_004106_checksum_invalid,family_a,323c1a3646c31be7,v1,checksum_invalid,forged,genuine,0,0.063636
family_a_004107_format_invalid,family_a,323c1a3646c31be7,v1,format_invalid,forged,genuine,0,0.008799
family_a_004108_field_missing,family_a,323c1a3646c31be7,v1,field_missing,forged,genuine,0,0.006974
family_a_004109_fine_grained_edit,family_a,323c1a3646c31be7,v1,fine_grained_edit,forged,genuine,0,0.053766
family_a_004110_coordinated_full_forgery,family_a,323c1a3646c31be7,v1,coordinated_full_forgery,forged,genuine,0,0.006935
family_a_004111_visual_splice,family_a,323c1a3646c31be7,v1,visual_splice,forged,forged,0,0.999978
family_a_004112_visual_splice,family_a,323c1a3646c31be7,v1,visual_splice,forged,forged,0,0.995172
family_a_004113_visual_splice,family_a,323c1a3646c31be7,v1,visual_splice,forged,forged,0,0.999826
family_a_004114_genuine,family_a,def9300e4c74263a,v2,genuine,genuine,genuine,3,0.018274
family_a_004115_text_qr_mismatch,family_a,def9300e4c74263a,v2,text_qr_mismatch,forged,genuine,3,0.01118
family_a_004116_qr_only_mismatch,family_a,def9300e4c74263a,v2,qr_only_mismatch,forged,genuine,3,0.085845
family_a_004117_checksum_invalid,family_a,def9300e4c74263a,v2,checksum_invalid,forged,genuine,3,0.165457
family_a_004118_format_invalid,family_a,def9300e4c74263a,v2,format_invalid,forged,genuine,3,0.003967
family_a_004119_field_missing,family_a,def9300e4c74263a,v2,field_missing,forged,genuine,3,0.008427
family_a_004120_fine_grained_edit,family_a,def9300e4c74263a,v2,fine_grained_edit,forged,genuine,3,0.123157
family_a_004121_coordinated_full_forgery,family_a,def9300e4c74263a,v2,coordinated_full_forgery,forged,genuine,3,0.000268
family_a_004122_visual_splice,family_a,def9300e4c74263a,v2,visual_splice,forged,forged,3,0.999897
family_a_004123_visual_splice,family_a,def9300e4c74263a,v2,visual_splice,forged,forged,3,0.78559
family_a_004124_visual_splice,family_a,def9300e4c74263a,v2,visual_splice,forged,forged,3,0.998974
family_a_004125_genuine,family_a,399fe4300f492799,v2,genuine,genuine,genuine,0,0.190469
family_a_004126_text_qr_mismatch,family_a,399fe4300f492799,v2,text_qr_mismatch,forged,genuine,0,0.064819
family_a_004127_qr_only_mismatch,family_a,399fe4300f492799,v2,qr_only_mismatch,forged,genuine,0,0.461534
family_a_004128_checksum_invalid,family_a,399fe4300f492799,v2,checksum_invalid,forged,genuine,0,0.061933
family_a_004129_format_invalid,family_a,399fe4300f492799,v2,format_invalid,forged,genuine,0,0.049376
family_a_004130_field_missing,family_a,399fe4300f492799,v2,field_missing,forged,genuine,0,0.017826
family_a_004131_fine_grained_edit,family_a,399fe4300f492799,v2,fine_grained_edit,forged,genuine,0,0.232329
family_a_004132_coordinated_full_forgery,family_a,399fe4300f492799,v2,coordinated_full_forgery,forged,genuine,0,0.007002
family_a_004133_visual_splice,family_a,399fe4300f492799,v2,visual_splice,forged,forged,0,0.96954
family_a_004134_visual_splice,family_a,399fe4300f492799,v2,visual_splice,forged,forged,0,0.999989
family_a_004135_visual_splice,family_a,399fe4300f492799,v2,visual_splice,forged,forged,0,0.999988
family_a_004147_genuine,family_a,ee8768607f916521,v2,genuine,genuine,genuine,1,0.0011
family_a_004148_text_qr_mismatch,family_a,ee8768607f916521,v2,text_qr_mismatch,forged,genuine,1,0.005233
family_a_004149_qr_only_mismatch,family_a,ee8768607f916521,v2,qr_only_mismatch,forged,genuine,1,0.00347
family_a_004150_checksum_invalid,family_a,ee8768607f916521,v2,checksum_invalid,forged,genuine,1,0.000519
family_a_004151_format_invalid,family_a,ee8768607f916521,v2,format_invalid,forged,genuine,1,0.000297
family_a_004152_field_missing,family_a,ee8768607f916521,v2,field_missing,forged,genuine,1,6.3e-05
family_a_004153_fine_grained_edit,family_a,ee8768607f916521,v2,fine_grained_edit,forged,genuine,1,0.00162
family_a_004154_coordinated_full_forgery,family_a,ee8768607f916521,v2,coordinated_full_forgery,forged,genuine,1,0.001521
family_a_004155_visual_splice,family_a,ee8768607f916521,v2,visual_splice,forged,forged,1,0.997799
family_a_004156_visual_splice,family_a,ee8768607f916521,v2,visual_splice,forged,forged,1,0.008924
family_a_004157_visual_splice,family_a,ee8768607f916521,v2,visual_splice,forged,forged,1,0.998095
family_a_004158_genuine,family_a,9f69071a5858a160,v1,genuine,genuine,genuine,1,0.004535
family_a_004159_text_qr_mismatch,family_a,9f69071a5858a160,v1,text_qr_mismatch,forged,genuine,1,0.004236
family_a_004160_qr_only_mismatch,family_a,9f69071a5858a160,v1,qr_only_mismatch,forged,genuine,1,0.004555
family_a_004161_checksum_invalid,family_a,9f69071a5858a160,v1,checksum_invalid,forged,genuine,1,0.007153
family_a_004162_format_invalid,family_a,9f69071a5858a160,v1,format_invalid,forged,genuine,1,0.000256
family_a_004163_field_missing,family_a,9f69071a5858a160,v1,field_missing,forged,genuine,1,0.000906
family_a_004164_fine_grained_edit,family_a,9f69071a5858a160,v1,fine_grained_edit,forged,genuine,1,0.003397
family_a_004165_coordinated_full_forgery,family_a,9f69071a5858a160,v1,coordinated_full_forgery,forged,genuine,1,0.001313
family_a_004166_visual_splice,family_a,9f69071a5858a160,v1,visual_splice,forged,forged,1,0.046964
family_a_004167_visual_splice,family_a,9f69071a5858a160,v1,visual_splice,forged,forged,1,0.996973
family_a_004168_visual_splice,family_a,9f69071a5858a160,v1,visual_splice,forged,forged,1,0.997725
family_a_004180_genuine,family_a,7a3e584e47b0220b,v2,genuine,genuine,genuine,4,0.135276
family_a_004181_text_qr_mismatch,family_a,7a3e584e47b0220b,v2,text_qr_mismatch,forged,genuine,4,0.171919
family_a_004182_qr_only_mismatch,family_a,7a3e584e47b0220b,v2,qr_only_mismatch,forged,genuine,4,0.348129
family_a_004183_checksum_invalid,family_a,7a3e584e47b0220b,v2,checksum_invalid,forged,genuine,4,0.081896
family_a_004184_format_invalid,family_a,7a3e584e47b0220b,v2,format_invalid,forged,genuine,4,0.000743
family_a_004185_field_missing,family_a,7a3e584e47b0220b,v2,field_missing,forged,genuine,4,0.002847
family_a_004186_fine_grained_edit,family_a,7a3e584e47b0220b,v2,fine_grained_edit,forged,genuine,4,0.157536
family_a_004187_coordinated_full_forgery,family_a,7a3e584e47b0220b,v2,coordinated_full_forgery,forged,genuine,4,0.012151
family_a_004188_visual_splice,family_a,7a3e584e47b0220b,v2,visual_splice,forged,forged,4,0.99984
family_a_004189_visual_splice,family_a,7a3e584e47b0220b,v2,visual_splice,forged,forged,4,0.999728
family_a_004190_visual_splice,family_a,7a3e584e47b0220b,v2,visual_splice,forged,forged,4,0.99991
family_a_004191_genuine,family_a,1626551f51e5da1b,v2,genuine,genuine,genuine,2,0.015547
family_a_004192_text_qr_mismatch,family_a,1626551f51e5da1b,v2,text_qr_mismatch,forged,genuine,2,0.008408
family_a_004193_qr_only_mismatch,family_a,1626551f51e5da1b,v2,qr_only_mismatch,forged,genuine,2,0.009456
family_a_004194_checksum_invalid,family_a,1626551f51e5da1b,v2,checksum_invalid,forged,genuine,2,0.013072
family_a_004195_format_invalid,family_a,1626551f51e5da1b,v2,format_invalid,forged,genuine,2,0.003772
family_a_004196_field_missing,family_a,1626551f51e5da1b,v2,field_missing,forged,genuine,2,0.001175
family_a_004197_fine_grained_edit,family_a,1626551f51e5da1b,v2,fine_grained_edit,forged,genuine,2,0.002278
family_a_004198_coordinated_full_forgery,family_a,1626551f51e5da1b,v2,coordinated_full_forgery,forged,genuine,2,0.003131
family_a_004199_visual_splice,family_a,1626551f51e5da1b,v2,visual_splice,forged,forged,2,0.999765
family_a_004200_visual_splice,family_a,1626551f51e5da1b,v2,visual_splice,forged,forged,2,0.526032
family_a_004201_visual_splice,family_a,1626551f51e5da1b,v2,visual_splice,forged,forged,2,0.999731
family_a_004202_genuine,family_a,dd24003511615813,v1,genuine,genuine,genuine,3,0.005213
family_a_004203_text_qr_mismatch,family_a,dd24003511615813,v1,text_qr_mismatch,forged,genuine,3,0.01161
family_a_004204_qr_only_mismatch,family_a,dd24003511615813,v1,qr_only_mismatch,forged,genuine,3,0.007
family_a_004205_checksum_invalid,family_a,dd24003511615813,v1,checksum_invalid,forged,genuine,3,0.004632
family_a_004206_format_invalid,family_a,dd24003511615813,v1,format_invalid,forged,genuine,3,0.000555
family_a_004207_field_missing,family_a,dd24003511615813,v1,field_missing,forged,genuine,3,0.000608
family_a_004208_fine_grained_edit,family_a,dd24003511615813,v1,fine_grained_edit,forged,genuine,3,0.006219
family_a_004209_coordinated_full_forgery,family_a,dd24003511615813,v1,coordinated_full_forgery,forged,genuine,3,0.015791
family_a_004210_visual_splice,family_a,dd24003511615813,v1,visual_splice,forged,forged,3,0.404258
family_a_004211_visual_splice,family_a,dd24003511615813,v1,visual_splice,forged,forged,3,0.011683
family_a_004212_visual_splice,family_a,dd24003511615813,v1,visual_splice,forged,forged,3,0.999112
family_a_004224_genuine,family_a,ed1b17d539d834bf,v2,genuine,genuine,genuine,0,0.01219
family_a_004225_text_qr_mismatch,family_a,ed1b17d539d834bf,v2,text_qr_mismatch,forged,genuine,0,0.042365
family_a_004226_qr_only_mismatch,family_a,ed1b17d539d834bf,v2,qr_only_mismatch,forged,genuine,0,0.019441
family_a_004227_checksum_invalid,family_a,ed1b17d539d834bf,v2,checksum_invalid,forged,genuine,0,0.028763
family_a_004228_format_invalid,family_a,ed1b17d539d834bf,v2,format_invalid,forged,genuine,0,0.001784
family_a_004229_field_missing,family_a,ed1b17d539d834bf,v2,field_missing,forged,genuine,0,0.001073
family_a_004230_fine_grained_edit,family_a,ed1b17d539d834bf,v2,fine_grained_edit,forged,genuine,0,0.002324
family_a_004231_coordinated_full_forgery,family_a,ed1b17d539d834bf,v2,coordinated_full_forgery,forged,genuine,0,0.004078
family_a_004232_visual_splice,family_a,ed1b17d539d834bf,v2,visual_splice,forged,forged,0,0.999064
family_a_004233_visual_splice,family_a,ed1b17d539d834bf,v2,visual_splice,forged,forged,0,0.999316
family_a_004234_visual_splice,family_a,ed1b17d539d834bf,v2,visual_splice,forged,forged,0,0.060346
family_a_004235_genuine,family_a,2d0492922fa90f02,v1,genuine,genuine,genuine,4,0.1191
family_a_004236_text_qr_mismatch,family_a,2d0492922fa90f02,v1,text_qr_mismatch,forged,genuine,4,0.244562
family_a_004237_qr_only_mismatch,family_a,2d0492922fa90f02,v1,qr_only_mismatch,forged,genuine,4,0.050592
family_a_004238_checksum_invalid,family_a,2d0492922fa90f02,v1,checksum_invalid,forged,genuine,4,0.023192
family_a_004239_format_invalid,family_a,2d0492922fa90f02,v1,format_invalid,forged,genuine,4,0.014966
family_a_004240_field_missing,family_a,2d0492922fa90f02,v1,field_missing,forged,genuine,4,0.001135
family_a_004241_fine_grained_edit,family_a,2d0492922fa90f02,v1,fine_grained_edit,forged,genuine,4,0.051332
family_a_004242_coordinated_full_forgery,family_a,2d0492922fa90f02,v1,coordinated_full_forgery,forged,genuine,4,0.010466
family_a_004243_visual_splice,family_a,2d0492922fa90f02,v1,visual_splice,forged,forged,4,0.951009
family_a_004244_visual_splice,family_a,2d0492922fa90f02,v1,visual_splice,forged,forged,4,0.999866
family_a_004245_visual_splice,family_a,2d0492922fa90f02,v1,visual_splice,forged,forged,4,0.999938
family_a_004246_genuine,family_a,8754d17bc10c36ac,v2,genuine,genuine,genuine,3,0.025434
family_a_004247_text_qr_mismatch,family_a,8754d17bc10c36ac,v2,text_qr_mismatch,forged,genuine,3,0.006919
family_a_004248_qr_only_mismatch,family_a,8754d17bc10c36ac,v2,qr_only_mismatch,forged,genuine,3,0.018194
family_a_004249_checksum_invalid,family_a,8754d17bc10c36ac,v2,checksum_invalid,forged,genuine,3,0.03668
family_a_004250_format_invalid,family_a,8754d17bc10c36ac,v2,format_invalid,forged,genuine,3,0.002274
family_a_004251_field_missing,family_a,8754d17bc10c36ac,v2,field_missing,forged,genuine,3,0.003072
family_a_004252_fine_grained_edit,family_a,8754d17bc10c36ac,v2,fine_grained_edit,forged,genuine,3,0.008158
family_a_004253_coordinated_full_forgery,family_a,8754d17bc10c36ac,v2,coordinated_full_forgery,forged,genuine,3,0.003327
family_a_004254_visual_splice,family_a,8754d17bc10c36ac,v2,visual_splice,forged,forged,3,0.999838
family_a_004255_visual_splice,family_a,8754d17bc10c36ac,v2,visual_splice,forged,forged,3,0.999334
family_a_004256_visual_splice,family_a,8754d17bc10c36ac,v2,visual_splice,forged,forged,3,0.999874
family_a_004257_genuine,family_a,21940c7bc8de891b,v1,genuine,genuine,genuine,2,0.009
family_a_004258_text_qr_mismatch,family_a,21940c7bc8de891b,v1,text_qr_mismatch,forged,genuine,2,0.007677
family_a_004259_qr_only_mismatch,family_a,21940c7bc8de891b,v1,qr_only_mismatch,forged,genuine,2,0.00549
family_a_004260_checksum_invalid,family_a,21940c7bc8de891b,v1,checksum_invalid,forged,genuine,2,0.004838
family_a_004261_format_invalid,family_a,21940c7bc8de891b,v1,format_invalid,forged,genuine,2,0.000379
family_a_004262_field_missing,family_a,21940c7bc8de891b,v1,field_missing,forged,genuine,2,0.000306
family_a_004263_fine_grained_edit,family_a,21940c7bc8de891b,v1,fine_grained_edit,forged,genuine,2,0.004972
family_a_004264_coordinated_full_forgery,family_a,21940c7bc8de891b,v1,coordinated_full_forgery,forged,genuine,2,0.016508
family_a_004265_visual_splice,family_a,21940c7bc8de891b,v1,visual_splice,forged,forged,2,0.999948
family_a_004266_visual_splice,family_a,21940c7bc8de891b,v1,visual_splice,forged,forged,2,0.013566
family_a_004267_visual_splice,family_a,21940c7bc8de891b,v1,visual_splice,forged,forged,2,0.999935
family_a_004268_genuine,family_a,6c520a8e6c030fdc,v2,genuine,genuine,genuine,3,0.000652
family_a_004269_text_qr_mismatch,family_a,6c520a8e6c030fdc,v2,text_qr_mismatch,forged,genuine,3,0.000612
family_a_004270_qr_only_mismatch,family_a,6c520a8e6c030fdc,v2,qr_only_mismatch,forged,genuine,3,0.000415
family_a_004271_checksum_invalid,family_a,6c520a8e6c030fdc,v2,checksum_invalid,forged,genuine,3,0.000502
family_a_004272_format_invalid,family_a,6c520a8e6c030fdc,v2,format_invalid,forged,genuine,3,0.000132
family_a_004273_field_missing,family_a,6c520a8e6c030fdc,v2,field_missing,forged,genuine,3,0.000118
family_a_004274_fine_grained_edit,family_a,6c520a8e6c030fdc,v2,fine_grained_edit,forged,genuine,3,0.000994
family_a_004275_coordinated_full_forgery,family_a,6c520a8e6c030fdc,v2,coordinated_full_forgery,forged,genuine,3,0.321708
family_a_004276_visual_splice,family_a,6c520a8e6c030fdc,v2,visual_splice,forged,forged,3,0.626621
family_a_004277_visual_splice,family_a,6c520a8e6c030fdc,v2,visual_splice,forged,forged,3,0.046835
family_a_004278_visual_splice,family_a,6c520a8e6c030fdc,v2,visual_splice,forged,forged,3,0.029312
family_a_004279_genuine,family_a,5b849e9f541920c9,v1,genuine,genuine,genuine,1,0.001399
family_a_004280_text_qr_mismatch,family_a,5b849e9f541920c9,v1,text_qr_mismatch,forged,genuine,1,0.002032
family_a_004281_qr_only_mismatch,family_a,5b849e9f541920c9,v1,qr_only_mismatch,forged,genuine,1,0.001707
family_a_004282_checksum_invalid,family_a,5b849e9f541920c9,v1,checksum_invalid,forged,genuine,1,0.003178
family_a_004283_format_invalid,family_a,5b849e9f541920c9,v1,format_invalid,forged,genuine,1,0.000191
family_a_004284_field_missing,family_a,5b849e9f541920c9,v1,field_missing,forged,genuine,1,0.000162
family_a_004285_fine_grained_edit,family_a,5b849e9f541920c9,v1,fine_grained_edit,forged,genuine,1,0.000596
family_a_004286_coordinated_full_forgery,family_a,5b849e9f541920c9,v1,coordinated_full_forgery,forged,genuine,1,0.007224
family_a_004287_visual_splice,family_a,5b849e9f541920c9,v1,visual_splice,forged,forged,1,0.999157
family_a_004288_visual_splice,family_a,5b849e9f541920c9,v1,visual_splice,forged,forged,1,0.999648
family_a_004289_visual_splice,family_a,5b849e9f541920c9,v1,visual_splice,forged,forged,1,0.003403
family_a_004290_genuine,family_a,a819a26ca5c113af,v2,genuine,genuine,genuine,0,0.026304
family_a_004291_text_qr_mismatch,family_a,a819a26ca5c113af,v2,text_qr_mismatch,forged,genuine,0,0.002666
family_a_004292_qr_only_mismatch,family_a,a819a26ca5c113af,v2,qr_only_mismatch,forged,genuine,0,0.016453
family_a_004293_checksum_invalid,family_a,a819a26ca5c113af,v2,checksum_invalid,forged,genuine,0,0.084661
family_a_004294_format_invalid,family_a,a819a26ca5c113af,v2,format_invalid,forged,genuine,0,0.002047
family_a_004295_field_missing,family_a,a819a26ca5c113af,v2,field_missing,forged,genuine,0,0.002421
family_a_004296_fine_grained_edit,family_a,a819a26ca5c113af,v2,fine_grained_edit,forged,genuine,0,0.013019
family_a_004297_coordinated_full_forgery,family_a,a819a26ca5c113af,v2,coordinated_full_forgery,forged,genuine,0,0.004592
family_a_004298_visual_splice,family_a,a819a26ca5c113af,v2,visual_splice,forged,forged,0,0.027388
family_a_004299_visual_splice,family_a,a819a26ca5c113af,v2,visual_splice,forged,forged,0,0.999953
family_a_004300_visual_splice,family_a,a819a26ca5c113af,v2,visual_splice,forged,forged,0,0.017813
family_a_004301_genuine,family_a,38187f04915c7da6,v2,genuine,genuine,genuine,4,0.006335
family_a_004302_text_qr_mismatch,family_a,38187f04915c7da6,v2,text_qr_mismatch,forged,genuine,4,0.019716
family_a_004303_qr_only_mismatch,family_a,38187f04915c7da6,v2,qr_only_mismatch,forged,genuine,4,0.005708
family_a_004304_checksum_invalid,family_a,38187f04915c7da6,v2,checksum_invalid,forged,genuine,4,0.003366
family_a_004305_format_invalid,family_a,38187f04915c7da6,v2,format_invalid,forged,genuine,4,0.003263
family_a_004306_field_missing,family_a,38187f04915c7da6,v2,field_missing,forged,genuine,4,0.005402
family_a_004307_fine_grained_edit,family_a,38187f04915c7da6,v2,fine_grained_edit,forged,genuine,4,0.01466
family_a_004308_coordinated_full_forgery,family_a,38187f04915c7da6,v2,coordinated_full_forgery,forged,genuine,4,0.679809
family_a_004309_visual_splice,family_a,38187f04915c7da6,v2,visual_splice,forged,forged,4,0.999626
family_a_004310_visual_splice,family_a,38187f04915c7da6,v2,visual_splice,forged,forged,4,0.998355
family_a_004311_visual_splice,family_a,38187f04915c7da6,v2,visual_splice,forged,forged,4,0.999984
family_a_004312_genuine,family_a,5b274f24e7fb6883,v1,genuine,genuine,genuine,3,0.021347
family_a_004313_text_qr_mismatch,family_a,5b274f24e7fb6883,v1,text_qr_mismatch,forged,genuine,3,0.142106
family_a_004314_qr_only_mismatch,family_a,5b274f24e7fb6883,v1,qr_only_mismatch,forged,genuine,3,0.055563
family_a_004315_checksum_invalid,family_a,5b274f24e7fb6883,v1,checksum_invalid,forged,genuine,3,0.019067
family_a_004316_format_invalid,family_a,5b274f24e7fb6883,v1,format_invalid,forged,genuine,3,0.005683
family_a_004317_field_missing,family_a,5b274f24e7fb6883,v1,field_missing,forged,genuine,3,0.005604
family_a_004318_fine_grained_edit,family_a,5b274f24e7fb6883,v1,fine_grained_edit,forged,genuine,3,0.035923
family_a_004319_coordinated_full_forgery,family_a,5b274f24e7fb6883,v1,coordinated_full_forgery,forged,genuine,3,0.259132
family_a_004320_visual_splice,family_a,5b274f24e7fb6883,v1,visual_splice,forged,forged,3,0.999835
family_a_004321_visual_splice,family_a,5b274f24e7fb6883,v1,visual_splice,forged,forged,3,0.999945
family_a_004322_visual_splice,family_a,5b274f24e7fb6883,v1,visual_splice,forged,forged,3,0.999541
family_a_004323_genuine,family_a,009547e20f2b66f0,v2,genuine,genuine,genuine,2,0.011241
family_a_004324_text_qr_mismatch,family_a,009547e20f2b66f0,v2,text_qr_mismatch,forged,genuine,2,0.020817
family_a_004325_qr_only_mismatch,family_a,009547e20f2b66f0,v2,qr_only_mismatch,forged,genuine,2,0.013683
family_a_004326_checksum_invalid,family_a,009547e20f2b66f0,v2,checksum_invalid,forged,genuine,2,0.013467
family_a_004327_format_invalid,family_a,009547e20f2b66f0,v2,format_invalid,forged,genuine,2,0.000494
family_a_004328_field_missing,family_a,009547e20f2b66f0,v2,field_missing,forged,genuine,2,0.000828
family_a_004329_fine_grained_edit,family_a,009547e20f2b66f0,v2,fine_grained_edit,forged,genuine,2,0.018218
family_a_004330_coordinated_full_forgery,family_a,009547e20f2b66f0,v2,coordinated_full_forgery,forged,genuine,2,0.010741
family_a_004331_visual_splice,family_a,009547e20f2b66f0,v2,visual_splice,forged,forged,2,0.999401
family_a_004332_visual_splice,family_a,009547e20f2b66f0,v2,visual_splice,forged,forged,2,0.999624
family_a_004333_visual_splice,family_a,009547e20f2b66f0,v2,visual_splice,forged,forged,2,0.999838
family_a_004345_genuine,family_a,b7e0dc9d4e7f55d8,v2,genuine,genuine,genuine,3,0.002744
family_a_004346_text_qr_mismatch,family_a,b7e0dc9d4e7f55d8,v2,text_qr_mismatch,forged,genuine,3,0.007224
family_a_004347_qr_only_mismatch,family_a,b7e0dc9d4e7f55d8,v2,qr_only_mismatch,forged,genuine,3,0.001229
family_a_004348_checksum_invalid,family_a,b7e0dc9d4e7f55d8,v2,checksum_invalid,forged,genuine,3,0.003175
family_a_004349_format_invalid,family_a,b7e0dc9d4e7f55d8,v2,format_invalid,forged,genuine,3,0.00012
family_a_004350_field_missing,family_a,b7e0dc9d4e7f55d8,v2,field_missing,forged,genuine,3,0.000128
family_a_004351_fine_grained_edit,family_a,b7e0dc9d4e7f55d8,v2,fine_grained_edit,forged,genuine,3,0.001132
family_a_004352_coordinated_full_forgery,family_a,b7e0dc9d4e7f55d8,v2,coordinated_full_forgery,forged,genuine,3,0.026198
family_a_004353_visual_splice,family_a,b7e0dc9d4e7f55d8,v2,visual_splice,forged,forged,3,0.999804
family_a_004354_visual_splice,family_a,b7e0dc9d4e7f55d8,v2,visual_splice,forged,forged,3,0.990075
family_a_004355_visual_splice,family_a,b7e0dc9d4e7f55d8,v2,visual_splice,forged,forged,3,0.020559
family_a_004356_genuine,family_a,73476d17358e3cdc,v1,genuine,genuine,genuine,0,0.005805
family_a_004357_text_qr_mismatch,family_a,73476d17358e3cdc,v1,text_qr_mismatch,forged,genuine,0,0.003329
family_a_004358_qr_only_mismatch,family_a,73476d17358e3cdc,v1,qr_only_mismatch,forged,genuine,0,0.004387
family_a_004359_checksum_invalid,family_a,73476d17358e3cdc,v1,checksum_invalid,forged,genuine,0,0.003237
family_a_004360_format_invalid,family_a,73476d17358e3cdc,v1,format_invalid,forged,genuine,0,0.000547
family_a_004361_field_missing,family_a,73476d17358e3cdc,v1,field_missing,forged,genuine,0,0.000781
family_a_004362_fine_grained_edit,family_a,73476d17358e3cdc,v1,fine_grained_edit,forged,genuine,0,0.001112
family_a_004363_coordinated_full_forgery,family_a,73476d17358e3cdc,v1,coordinated_full_forgery,forged,genuine,0,0.06826
family_a_004364_visual_splice,family_a,73476d17358e3cdc,v1,visual_splice,forged,forged,0,0.99861
family_a_004365_visual_splice,family_a,73476d17358e3cdc,v1,visual_splice,forged,forged,0,0.999891
family_a_004366_visual_splice,family_a,73476d17358e3cdc,v1,visual_splice,forged,forged,0,0.999958
family_a_004378_genuine,family_a,2ab313839d513d2c,v1,genuine,genuine,genuine,2,0.015107
family_a_004379_text_qr_mismatch,family_a,2ab313839d513d2c,v1,text_qr_mismatch,forged,genuine,2,0.154045
family_a_004380_qr_only_mismatch,family_a,2ab313839d513d2c,v1,qr_only_mismatch,forged,genuine,2,0.029693
family_a_004381_checksum_invalid,family_a,2ab313839d513d2c,v1,checksum_invalid,forged,genuine,2,0.070425
family_a_004382_format_invalid,family_a,2ab313839d513d2c,v1,format_invalid,forged,genuine,2,0.001866
family_a_004383_field_missing,family_a,2ab313839d513d2c,v1,field_missing,forged,genuine,2,0.003541
family_a_004384_fine_grained_edit,family_a,2ab313839d513d2c,v1,fine_grained_edit,forged,genuine,2,0.008373
family_a_004385_coordinated_full_forgery,family_a,2ab313839d513d2c,v1,coordinated_full_forgery,forged,genuine,2,0.003036
family_a_004386_visual_splice,family_a,2ab313839d513d2c,v1,visual_splice,forged,forged,2,0.999597
family_a_004387_visual_splice,family_a,2ab313839d513d2c,v1,visual_splice,forged,forged,2,0.999629
family_a_004388_visual_splice,family_a,2ab313839d513d2c,v1,visual_splice,forged,forged,2,0.999989
family_a_004389_genuine,family_a,a74f563ae6ed4381,v2,genuine,genuine,genuine,3,0.007559
family_a_004390_text_qr_mismatch,family_a,a74f563ae6ed4381,v2,text_qr_mismatch,forged,genuine,3,0.000991
family_a_004391_qr_only_mismatch,family_a,a74f563ae6ed4381,v2,qr_only_mismatch,forged,genuine,3,0.01
family_a_004392_checksum_invalid,family_a,a74f563ae6ed4381,v2,checksum_invalid,forged,genuine,3,0.011673
family_a_004393_format_invalid,family_a,a74f563ae6ed4381,v2,format_invalid,forged,genuine,3,0.000265
family_a_004394_field_missing,family_a,a74f563ae6ed4381,v2,field_missing,forged,genuine,3,0.003567
family_a_004395_fine_grained_edit,family_a,a74f563ae6ed4381,v2,fine_grained_edit,forged,genuine,3,0.026052
family_a_004396_coordinated_full_forgery,family_a,a74f563ae6ed4381,v2,coordinated_full_forgery,forged,genuine,3,0.001499
family_a_004397_visual_splice,family_a,a74f563ae6ed4381,v2,visual_splice,forged,forged,3,0.999452
family_a_004398_visual_splice,family_a,a74f563ae6ed4381,v2,visual_splice,forged,forged,3,0.999729
family_a_004399_visual_splice,family_a,a74f563ae6ed4381,v2,visual_splice,forged,forged,3,0.091619
family_a_004411_genuine,family_a,0244a2e20f6e8082,v2,genuine,genuine,genuine,0,0.001141
family_a_004412_text_qr_mismatch,family_a,0244a2e20f6e8082,v2,text_qr_mismatch,forged,genuine,0,0.00308
family_a_004413_qr_only_mismatch,family_a,0244a2e20f6e8082,v2,qr_only_mismatch,forged,genuine,0,0.001378
family_a_004414_checksum_invalid,family_a,0244a2e20f6e8082,v2,checksum_invalid,forged,genuine,0,0.001433
family_a_004415_format_invalid,family_a,0244a2e20f6e8082,v2,format_invalid,forged,genuine,0,0.00049
family_a_004416_field_missing,family_a,0244a2e20f6e8082,v2,field_missing,forged,genuine,0,0.001842
family_a_004417_fine_grained_edit,family_a,0244a2e20f6e8082,v2,fine_grained_edit,forged,genuine,0,0.003481
family_a_004418_coordinated_full_forgery,family_a,0244a2e20f6e8082,v2,coordinated_full_forgery,forged,genuine,0,0.032273
family_a_004419_visual_splice,family_a,0244a2e20f6e8082,v2,visual_splice,forged,forged,0,0.998962
family_a_004420_visual_splice,family_a,0244a2e20f6e8082,v2,visual_splice,forged,forged,0,0.04829
family_a_004421_visual_splice,family_a,0244a2e20f6e8082,v2,visual_splice,forged,forged,0,0.998076
family_a_004444_genuine,family_a,60eee9a258496d16,v1,genuine,genuine,genuine,4,0.817182
family_a_004445_text_qr_mismatch,family_a,60eee9a258496d16,v1,text_qr_mismatch,forged,genuine,4,0.22884
family_a_004446_qr_only_mismatch,family_a,60eee9a258496d16,v1,qr_only_mismatch,forged,genuine,4,0.867878
family_a_004447_checksum_invalid,family_a,60eee9a258496d16,v1,checksum_invalid,forged,genuine,4,0.913766
family_a_004448_format_invalid,family_a,60eee9a258496d16,v1,format_invalid,forged,genuine,4,0.605155
family_a_004449_field_missing,family_a,60eee9a258496d16,v1,field_missing,forged,genuine,4,0.003874
family_a_004450_fine_grained_edit,family_a,60eee9a258496d16,v1,fine_grained_edit,forged,genuine,4,0.97997
family_a_004451_coordinated_full_forgery,family_a,60eee9a258496d16,v1,coordinated_full_forgery,forged,genuine,4,0.547006
family_a_004452_visual_splice,family_a,60eee9a258496d16,v1,visual_splice,forged,forged,4,0.999982
family_a_004453_visual_splice,family_a,60eee9a258496d16,v1,visual_splice,forged,forged,4,0.999994
family_a_004454_visual_splice,family_a,60eee9a258496d16,v1,visual_splice,forged,forged,4,0.9995
family_a_004455_genuine,family_a,c71229fb846bb032,v1,genuine,genuine,genuine,2,0.002266
family_a_004456_text_qr_mismatch,family_a,c71229fb846bb032,v1,text_qr_mismatch,forged,genuine,2,0.005592
family_a_004457_qr_only_mismatch,family_a,c71229fb846bb032,v1,qr_only_mismatch,forged,genuine,2,0.003195
family_a_004458_checksum_invalid,family_a,c71229fb846bb032,v1,checksum_invalid,forged,genuine,2,0.002811
family_a_004459_format_invalid,family_a,c71229fb846bb032,v1,format_invalid,forged,genuine,2,0.000166
family_a_004460_field_missing,family_a,c71229fb846bb032,v1,field_missing,forged,genuine,2,0.000721
family_a_004461_fine_grained_edit,family_a,c71229fb846bb032,v1,fine_grained_edit,forged,genuine,2,0.00031
family_a_004462_coordinated_full_forgery,family_a,c71229fb846bb032,v1,coordinated_full_forgery,forged,genuine,2,0.10911
family_a_004463_visual_splice,family_a,c71229fb846bb032,v1,visual_splice,forged,forged,2,0.999636
family_a_004464_visual_splice,family_a,c71229fb846bb032,v1,visual_splice,forged,forged,2,0.999864
family_a_004465_visual_splice,family_a,c71229fb846bb032,v1,visual_splice,forged,forged,2,0.999835
family_a_004466_genuine,family_a,36feef0b1e5ac7d9,v1,genuine,genuine,genuine,3,0.696349
family_a_004467_text_qr_mismatch,family_a,36feef0b1e5ac7d9,v1,text_qr_mismatch,forged,genuine,3,0.801544
family_a_004468_qr_only_mismatch,family_a,36feef0b1e5ac7d9,v1,qr_only_mismatch,forged,genuine,3,0.64192
family_a_004469_checksum_invalid,family_a,36feef0b1e5ac7d9,v1,checksum_invalid,forged,genuine,3,0.880358
family_a_004470_format_invalid,family_a,36feef0b1e5ac7d9,v1,format_invalid,forged,genuine,3,0.112775
family_a_004471_field_missing,family_a,36feef0b1e5ac7d9,v1,field_missing,forged,genuine,3,0.057141
family_a_004472_fine_grained_edit,family_a,36feef0b1e5ac7d9,v1,fine_grained_edit,forged,genuine,3,0.724649
family_a_004473_coordinated_full_forgery,family_a,36feef0b1e5ac7d9,v1,coordinated_full_forgery,forged,genuine,3,0.093783
family_a_004474_visual_splice,family_a,36feef0b1e5ac7d9,v1,visual_splice,forged,forged,3,0.999877
family_a_004475_visual_splice,family_a,36feef0b1e5ac7d9,v1,visual_splice,forged,forged,3,0.998788
family_a_004476_visual_splice,family_a,36feef0b1e5ac7d9,v1,visual_splice,forged,forged,3,0.999312
family_a_004477_genuine,family_a,fc3471992f2cd456,v1,genuine,genuine,genuine,2,0.00173
family_a_004478_text_qr_mismatch,family_a,fc3471992f2cd456,v1,text_qr_mismatch,forged,genuine,2,0.001866
family_a_004479_qr_only_mismatch,family_a,fc3471992f2cd456,v1,qr_only_mismatch,forged,genuine,2,0.002386
family_a_004480_checksum_invalid,family_a,fc3471992f2cd456,v1,checksum_invalid,forged,genuine,2,0.001529
family_a_004481_format_invalid,family_a,fc3471992f2cd456,v1,format_invalid,forged,genuine,2,0.000254
family_a_004482_field_missing,family_a,fc3471992f2cd456,v1,field_missing,forged,genuine,2,0.000113
family_a_004483_fine_grained_edit,family_a,fc3471992f2cd456,v1,fine_grained_edit,forged,genuine,2,0.002087
family_a_004484_coordinated_full_forgery,family_a,fc3471992f2cd456,v1,coordinated_full_forgery,forged,genuine,2,0.008216
family_a_004485_visual_splice,family_a,fc3471992f2cd456,v1,visual_splice,forged,forged,2,0.021675
family_a_004486_visual_splice,family_a,fc3471992f2cd456,v1,visual_splice,forged,forged,2,0.990663
family_a_004487_visual_splice,family_a,fc3471992f2cd456,v1,visual_splice,forged,forged,2,0.999944
family_a_004499_genuine,family_a,9c651061c6ddb30b,v1,genuine,genuine,genuine,0,0.150633
family_a_004500_text_qr_mismatch,family_a,9c651061c6ddb30b,v1,text_qr_mismatch,forged,genuine,0,0.240694
family_a_004501_qr_only_mismatch,family_a,9c651061c6ddb30b,v1,qr_only_mismatch,forged,genuine,0,0.234101
family_a_004502_checksum_invalid,family_a,9c651061c6ddb30b,v1,checksum_invalid,forged,genuine,0,0.102306
family_a_004503_format_invalid,family_a,9c651061c6ddb30b,v1,format_invalid,forged,genuine,0,0.021676
family_a_004504_field_missing,family_a,9c651061c6ddb30b,v1,field_missing,forged,genuine,0,0.022991
family_a_004505_fine_grained_edit,family_a,9c651061c6ddb30b,v1,fine_grained_edit,forged,genuine,0,0.161562
family_a_004506_coordinated_full_forgery,family_a,9c651061c6ddb30b,v1,coordinated_full_forgery,forged,genuine,0,0.001863
family_a_004507_visual_splice,family_a,9c651061c6ddb30b,v1,visual_splice,forged,forged,0,0.999872
family_a_004508_visual_splice,family_a,9c651061c6ddb30b,v1,visual_splice,forged,forged,0,0.999989
family_a_004509_visual_splice,family_a,9c651061c6ddb30b,v1,visual_splice,forged,forged,0,0.999976
family_a_004532_genuine,family_a,86b93b6b6c654614,v1,genuine,genuine,genuine,1,0.075017
family_a_004533_text_qr_mismatch,family_a,86b93b6b6c654614,v1,text_qr_mismatch,forged,genuine,1,0.049867
family_a_004534_qr_only_mismatch,family_a,86b93b6b6c654614,v1,qr_only_mismatch,forged,genuine,1,0.132808
family_a_004535_checksum_invalid,family_a,86b93b6b6c654614,v1,checksum_invalid,forged,genuine,1,0.050568
family_a_004536_format_invalid,family_a,86b93b6b6c654614,v1,format_invalid,forged,genuine,1,0.003293
family_a_004537_field_missing,family_a,86b93b6b6c654614,v1,field_missing,forged,genuine,1,0.214388
family_a_004538_fine_grained_edit,family_a,86b93b6b6c654614,v1,fine_grained_edit,forged,genuine,1,0.048628
family_a_004539_coordinated_full_forgery,family_a,86b93b6b6c654614,v1,coordinated_full_forgery,forged,genuine,1,0.007363
family_a_004540_visual_splice,family_a,86b93b6b6c654614,v1,visual_splice,forged,forged,1,0.998458
family_a_004541_visual_splice,family_a,86b93b6b6c654614,v1,visual_splice,forged,forged,1,0.999971
family_a_004542_visual_splice,family_a,86b93b6b6c654614,v1,visual_splice,forged,forged,1,0.999912
family_a_004554_genuine,family_a,1b3857989557ebf6,v2,genuine,genuine,genuine,3,0.035759
family_a_004555_text_qr_mismatch,family_a,1b3857989557ebf6,v2,text_qr_mismatch,forged,genuine,3,0.007256
family_a_004556_qr_only_mismatch,family_a,1b3857989557ebf6,v2,qr_only_mismatch,forged,genuine,3,0.021199
family_a_004557_checksum_invalid,family_a,1b3857989557ebf6,v2,checksum_invalid,forged,genuine,3,0.043512
family_a_004558_format_invalid,family_a,1b3857989557ebf6,v2,format_invalid,forged,genuine,3,0.001203
family_a_004559_field_missing,family_a,1b3857989557ebf6,v2,field_missing,forged,genuine,3,0.005787
family_a_004560_fine_grained_edit,family_a,1b3857989557ebf6,v2,fine_grained_edit,forged,genuine,3,0.013074
family_a_004561_coordinated_full_forgery,family_a,1b3857989557ebf6,v2,coordinated_full_forgery,forged,genuine,3,0.083759
family_a_004562_visual_splice,family_a,1b3857989557ebf6,v2,visual_splice,forged,forged,3,0.999822
family_a_004563_visual_splice,family_a,1b3857989557ebf6,v2,visual_splice,forged,forged,3,0.999823
family_a_004564_visual_splice,family_a,1b3857989557ebf6,v2,visual_splice,forged,forged,3,0.999872
family_a_004587_genuine,family_a,4b81797de1a3a61c,v1,genuine,genuine,genuine,1,0.221102
family_a_004588_text_qr_mismatch,family_a,4b81797de1a3a61c,v1,text_qr_mismatch,forged,genuine,1,0.591111
family_a_004589_qr_only_mismatch,family_a,4b81797de1a3a61c,v1,qr_only_mismatch,forged,genuine,1,0.694943
family_a_004590_checksum_invalid,family_a,4b81797de1a3a61c,v1,checksum_invalid,forged,genuine,1,0.463648
family_a_004591_format_invalid,family_a,4b81797de1a3a61c,v1,format_invalid,forged,genuine,1,0.119421
family_a_004592_field_missing,family_a,4b81797de1a3a61c,v1,field_missing,forged,genuine,1,0.24082
family_a_004593_fine_grained_edit,family_a,4b81797de1a3a61c,v1,fine_grained_edit,forged,genuine,1,0.683323
family_a_004594_coordinated_full_forgery,family_a,4b81797de1a3a61c,v1,coordinated_full_forgery,forged,genuine,1,0.624988
family_a_004595_visual_splice,family_a,4b81797de1a3a61c,v1,visual_splice,forged,forged,1,0.999989
family_a_004596_visual_splice,family_a,4b81797de1a3a61c,v1,visual_splice,forged,forged,1,0.999913
family_a_004597_visual_splice,family_a,4b81797de1a3a61c,v1,visual_splice,forged,forged,1,0.999966
family_a_004609_genuine,family_a,a340ddee24c0c143,v1,genuine,genuine,genuine,2,0.052005
family_a_004610_text_qr_mismatch,family_a,a340ddee24c0c143,v1,text_qr_mismatch,forged,genuine,2,0.065544
family_a_004611_qr_only_mismatch,family_a,a340ddee24c0c143,v1,qr_only_mismatch,forged,genuine,2,0.05589
family_a_004612_checksum_invalid,family_a,a340ddee24c0c143,v1,checksum_invalid,forged,genuine,2,0.03435
family_a_004613_format_invalid,family_a,a340ddee24c0c143,v1,format_invalid,forged,genuine,2,0.002981
family_a_004614_field_missing,family_a,a340ddee24c0c143,v1,field_missing,forged,genuine,2,0.001383
family_a_004615_fine_grained_edit,family_a,a340ddee24c0c143,v1,fine_grained_edit,forged,genuine,2,0.1015
family_a_004616_coordinated_full_forgery,family_a,a340ddee24c0c143,v1,coordinated_full_forgery,forged,genuine,2,0.111909
family_a_004617_visual_splice,family_a,a340ddee24c0c143,v1,visual_splice,forged,forged,2,0.999835
family_a_004618_visual_splice,family_a,a340ddee24c0c143,v1,visual_splice,forged,forged,2,0.98139
family_a_004619_visual_splice,family_a,a340ddee24c0c143,v1,visual_splice,forged,forged,2,0.999962
family_a_004620_genuine,family_a,d40ee5974b4e70ee,v1,genuine,genuine,genuine,3,0.001743
family_a_004621_text_qr_mismatch,family_a,d40ee5974b4e70ee,v1,text_qr_mismatch,forged,genuine,3,0.019732
family_a_004622_qr_only_mismatch,family_a,d40ee5974b4e70ee,v1,qr_only_mismatch,forged,genuine,3,0.001435
family_a_004623_checksum_invalid,family_a,d40ee5974b4e70ee,v1,checksum_invalid,forged,genuine,3,0.000975
family_a_004624_format_invalid,family_a,d40ee5974b4e70ee,v1,format_invalid,forged,genuine,3,9.1e-05
family_a_004625_field_missing,family_a,d40ee5974b4e70ee,v1,field_missing,forged,genuine,3,0.000203
family_a_004626_fine_grained_edit,family_a,d40ee5974b4e70ee,v1,fine_grained_edit,forged,genuine,3,0.002988
family_a_004627_coordinated_full_forgery,family_a,d40ee5974b4e70ee,v1,coordinated_full_forgery,forged,genuine,3,0.003953
family_a_004628_visual_splice,family_a,d40ee5974b4e70ee,v1,visual_splice,forged,forged,3,0.999161
family_a_004629_visual_splice,family_a,d40ee5974b4e70ee,v1,visual_splice,forged,forged,3,0.998838
family_a_004630_visual_splice,family_a,d40ee5974b4e70ee,v1,visual_splice,forged,forged,3,0.998242
family_a_004642_genuine,family_a,b586dde9c11e3bb4,v2,genuine,genuine,genuine,1,0.09825
family_a_004643_text_qr_mismatch,family_a,b586dde9c11e3bb4,v2,text_qr_mismatch,forged,genuine,1,0.012725
family_a_004644_qr_only_mismatch,family_a,b586dde9c11e3bb4,v2,qr_only_mismatch,forged,genuine,1,0.038554
family_a_004645_checksum_invalid,family_a,b586dde9c11e3bb4,v2,checksum_invalid,forged,genuine,1,0.09742
family_a_004646_format_invalid,family_a,b586dde9c11e3bb4,v2,format_invalid,forged,genuine,1,0.002881
family_a_004647_field_missing,family_a,b586dde9c11e3bb4,v2,field_missing,forged,genuine,1,0.001733
family_a_004648_fine_grained_edit,family_a,b586dde9c11e3bb4,v2,fine_grained_edit,forged,genuine,1,0.08094
family_a_004649_coordinated_full_forgery,family_a,b586dde9c11e3bb4,v2,coordinated_full_forgery,forged,genuine,1,0.011441
family_a_004650_visual_splice,family_a,b586dde9c11e3bb4,v2,visual_splice,forged,forged,1,0.998968
family_a_004651_visual_splice,family_a,b586dde9c11e3bb4,v2,visual_splice,forged,forged,1,0.999865
family_a_004652_visual_splice,family_a,b586dde9c11e3bb4,v2,visual_splice,forged,forged,1,0.985978
family_a_004653_genuine,family_a,6b9e7bedb3fcd330,v2,genuine,genuine,genuine,0,0.008571
family_a_004654_text_qr_mismatch,family_a,6b9e7bedb3fcd330,v2,text_qr_mismatch,forged,genuine,0,0.016165
family_a_004655_qr_only_mismatch,family_a,6b9e7bedb3fcd330,v2,qr_only_mismatch,forged,genuine,0,0.011644
family_a_004656_checksum_invalid,family_a,6b9e7bedb3fcd330,v2,checksum_invalid,forged,genuine,0,0.005618
family_a_004657_format_invalid,family_a,6b9e7bedb3fcd330,v2,format_invalid,forged,genuine,0,0.001093
family_a_004658_field_missing,family_a,6b9e7bedb3fcd330,v2,field_missing,forged,genuine,0,0.002136
family_a_004659_fine_grained_edit,family_a,6b9e7bedb3fcd330,v2,fine_grained_edit,forged,genuine,0,0.01206
family_a_004660_coordinated_full_forgery,family_a,6b9e7bedb3fcd330,v2,coordinated_full_forgery,forged,genuine,0,0.002236
family_a_004661_visual_splice,family_a,6b9e7bedb3fcd330,v2,visual_splice,forged,forged,0,0.999646
family_a_004662_visual_splice,family_a,6b9e7bedb3fcd330,v2,visual_splice,forged,forged,0,0.862697
family_a_004663_visual_splice,family_a,6b9e7bedb3fcd330,v2,visual_splice,forged,forged,0,0.972522
family_a_004664_genuine,family_a,4c2530529daa7581,v2,genuine,genuine,genuine,0,0.015742
family_a_004665_text_qr_mismatch,family_a,4c2530529daa7581,v2,text_qr_mismatch,forged,genuine,0,0.003933
family_a_004666_qr_only_mismatch,family_a,4c2530529daa7581,v2,qr_only_mismatch,forged,genuine,0,0.012266
family_a_004667_checksum_invalid,family_a,4c2530529daa7581,v2,checksum_invalid,forged,genuine,0,0.019727
family_a_004668_format_invalid,family_a,4c2530529daa7581,v2,format_invalid,forged,genuine,0,0.000678
family_a_004669_field_missing,family_a,4c2530529daa7581,v2,field_missing,forged,genuine,0,0.00242
family_a_004670_fine_grained_edit,family_a,4c2530529daa7581,v2,fine_grained_edit,forged,genuine,0,0.007555
family_a_004671_coordinated_full_forgery,family_a,4c2530529daa7581,v2,coordinated_full_forgery,forged,genuine,0,0.006824
family_a_004672_visual_splice,family_a,4c2530529daa7581,v2,visual_splice,forged,forged,0,0.999864
family_a_004673_visual_splice,family_a,4c2530529daa7581,v2,visual_splice,forged,forged,0,0.999868
family_a_004674_visual_splice,family_a,4c2530529daa7581,v2,visual_splice,forged,forged,0,0.99985
family_a_004675_genuine,family_a,93f03a7c8f281a28,v1,genuine,genuine,genuine,0,0.053436
family_a_004676_text_qr_mismatch,family_a,93f03a7c8f281a28,v1,text_qr_mismatch,forged,genuine,0,0.049548
family_a_004677_qr_only_mismatch,family_a,93f03a7c8f281a28,v1,qr_only_mismatch,forged,genuine,0,0.081096
family_a_004678_checksum_invalid,family_a,93f03a7c8f281a28,v1,checksum_invalid,forged,genuine,0,0.033417
family_a_004679_format_invalid,family_a,93f03a7c8f281a28,v1,format_invalid,forged,genuine,0,0.006216
family_a_004680_field_missing,family_a,93f03a7c8f281a28,v1,field_missing,forged,genuine,0,0.002064
family_a_004681_fine_grained_edit,family_a,93f03a7c8f281a28,v1,fine_grained_edit,forged,genuine,0,0.03044
family_a_004682_coordinated_full_forgery,family_a,93f03a7c8f281a28,v1,coordinated_full_forgery,forged,genuine,0,0.005041
family_a_004683_visual_splice,family_a,93f03a7c8f281a28,v1,visual_splice,forged,forged,0,0.059782
family_a_004684_visual_splice,family_a,93f03a7c8f281a28,v1,visual_splice,forged,forged,0,0.999835
family_a_004685_visual_splice,family_a,93f03a7c8f281a28,v1,visual_splice,forged,forged,0,0.999925
family_a_004686_genuine,family_a,1d699eaaa300f8c9,v1,genuine,genuine,genuine,2,0.026224
family_a_004687_text_qr_mismatch,family_a,1d699eaaa300f8c9,v1,text_qr_mismatch,forged,genuine,2,0.016927
family_a_004688_qr_only_mismatch,family_a,1d699eaaa300f8c9,v1,qr_only_mismatch,forged,genuine,2,0.031465
family_a_004689_checksum_invalid,family_a,1d699eaaa300f8c9,v1,checksum_invalid,forged,genuine,2,0.007654
family_a_004690_format_invalid,family_a,1d699eaaa300f8c9,v1,format_invalid,forged,genuine,2,0.00173
family_a_004691_field_missing,family_a,1d699eaaa300f8c9,v1,field_missing,forged,genuine,2,0.00306
family_a_004692_fine_grained_edit,family_a,1d699eaaa300f8c9,v1,fine_grained_edit,forged,genuine,2,0.044114
family_a_004693_coordinated_full_forgery,family_a,1d699eaaa300f8c9,v1,coordinated_full_forgery,forged,genuine,2,0.179062
family_a_004694_visual_splice,family_a,1d699eaaa300f8c9,v1,visual_splice,forged,forged,2,0.999895
family_a_004695_visual_splice,family_a,1d699eaaa300f8c9,v1,visual_splice,forged,forged,2,0.999745
family_a_004696_visual_splice,family_a,1d699eaaa300f8c9,v1,visual_splice,forged,forged,2,0.999789
family_a_004708_genuine,family_a,f008cb6d9ccca282,v2,genuine,genuine,genuine,2,0.018407
family_a_004709_text_qr_mismatch,family_a,f008cb6d9ccca282,v2,text_qr_mismatch,forged,genuine,2,0.067046
family_a_004710_qr_only_mismatch,family_a,f008cb6d9ccca282,v2,qr_only_mismatch,forged,genuine,2,0.042653
family_a_004711_checksum_invalid,family_a,f008cb6d9ccca282,v2,checksum_invalid,forged,genuine,2,0.018326
family_a_004712_format_invalid,family_a,f008cb6d9ccca282,v2,format_invalid,forged,genuine,2,0.001572
family_a_004713_field_missing,family_a,f008cb6d9ccca282,v2,field_missing,forged,genuine,2,0.014171
family_a_004714_fine_grained_edit,family_a,f008cb6d9ccca282,v2,fine_grained_edit,forged,genuine,2,0.045454
family_a_004715_coordinated_full_forgery,family_a,f008cb6d9ccca282,v2,coordinated_full_forgery,forged,genuine,2,0.026386
family_a_004716_visual_splice,family_a,f008cb6d9ccca282,v2,visual_splice,forged,forged,2,0.998679
family_a_004717_visual_splice,family_a,f008cb6d9ccca282,v2,visual_splice,forged,forged,2,0.999982
family_a_004718_visual_splice,family_a,f008cb6d9ccca282,v2,visual_splice,forged,forged,2,0.999888
family_a_004730_genuine,family_a,395cd849e70fe2f7,v1,genuine,genuine,genuine,2,0.018329
family_a_004731_text_qr_mismatch,family_a,395cd849e70fe2f7,v1,text_qr_mismatch,forged,genuine,2,0.037476
family_a_004732_qr_only_mismatch,family_a,395cd849e70fe2f7,v1,qr_only_mismatch,forged,genuine,2,0.010973
family_a_004733_checksum_invalid,family_a,395cd849e70fe2f7,v1,checksum_invalid,forged,genuine,2,0.028148
family_a_004734_format_invalid,family_a,395cd849e70fe2f7,v1,format_invalid,forged,genuine,2,0.000999
family_a_004735_field_missing,family_a,395cd849e70fe2f7,v1,field_missing,forged,genuine,2,0.001397
family_a_004736_fine_grained_edit,family_a,395cd849e70fe2f7,v1,fine_grained_edit,forged,genuine,2,0.01218
family_a_004737_coordinated_full_forgery,family_a,395cd849e70fe2f7,v1,coordinated_full_forgery,forged,genuine,2,0.08569
family_a_004738_visual_splice,family_a,395cd849e70fe2f7,v1,visual_splice,forged,forged,2,0.999766
family_a_004739_visual_splice,family_a,395cd849e70fe2f7,v1,visual_splice,forged,forged,2,0.999595
family_a_004740_visual_splice,family_a,395cd849e70fe2f7,v1,visual_splice,forged,forged,2,0.998174
family_a_004752_genuine,family_a,3a3c3b26c75db0ab,v2,genuine,genuine,genuine,2,0.003245
family_a_004753_text_qr_mismatch,family_a,3a3c3b26c75db0ab,v2,text_qr_mismatch,forged,genuine,2,0.003045
family_a_004754_qr_only_mismatch,family_a,3a3c3b26c75db0ab,v2,qr_only_mismatch,forged,genuine,2,0.002606
family_a_004755_checksum_invalid,family_a,3a3c3b26c75db0ab,v2,checksum_invalid,forged,genuine,2,0.003728
family_a_004756_format_invalid,family_a,3a3c3b26c75db0ab,v2,format_invalid,forged,genuine,2,0.000806
family_a_004757_field_missing,family_a,3a3c3b26c75db0ab,v2,field_missing,forged,genuine,2,0.001109
family_a_004758_fine_grained_edit,family_a,3a3c3b26c75db0ab,v2,fine_grained_edit,forged,genuine,2,0.00342
family_a_004759_coordinated_full_forgery,family_a,3a3c3b26c75db0ab,v2,coordinated_full_forgery,forged,genuine,2,0.007124
family_a_004760_visual_splice,family_a,3a3c3b26c75db0ab,v2,visual_splice,forged,forged,2,0.999528
family_a_004761_visual_splice,family_a,3a3c3b26c75db0ab,v2,visual_splice,forged,forged,2,0.999996
family_a_004762_visual_splice,family_a,3a3c3b26c75db0ab,v2,visual_splice,forged,forged,2,0.997753
family_a_004774_genuine,family_a,dba6c4e49d7ebc43,v1,genuine,genuine,genuine,2,0.030877
family_a_004775_text_qr_mismatch,family_a,dba6c4e49d7ebc43,v1,text_qr_mismatch,forged,genuine,2,0.032777
family_a_004776_qr_only_mismatch,family_a,dba6c4e49d7ebc43,v1,qr_only_mismatch,forged,genuine,2,0.048165
family_a_004777_checksum_invalid,family_a,dba6c4e49d7ebc43,v1,checksum_invalid,forged,genuine,2,0.093358
family_a_004778_format_invalid,family_a,dba6c4e49d7ebc43,v1,format_invalid,forged,genuine,2,0.007024
family_a_004779_field_missing,family_a,dba6c4e49d7ebc43,v1,field_missing,forged,genuine,2,0.006165
family_a_004780_fine_grained_edit,family_a,dba6c4e49d7ebc43,v1,fine_grained_edit,forged,genuine,2,0.354315
family_a_004781_coordinated_full_forgery,family_a,dba6c4e49d7ebc43,v1,coordinated_full_forgery,forged,genuine,2,0.002895
family_a_004782_visual_splice,family_a,dba6c4e49d7ebc43,v1,visual_splice,forged,forged,2,0.998107
family_a_004783_visual_splice,family_a,dba6c4e49d7ebc43,v1,visual_splice,forged,forged,2,0.999958
family_a_004784_visual_splice,family_a,dba6c4e49d7ebc43,v1,visual_splice,forged,forged,2,0.999077
family_a_004785_genuine,family_a,96595548e7111944,v2,genuine,genuine,genuine,0,0.007461
family_a_004786_text_qr_mismatch,family_a,96595548e7111944,v2,text_qr_mismatch,forged,genuine,0,0.027703
family_a_004787_qr_only_mismatch,family_a,96595548e7111944,v2,qr_only_mismatch,forged,genuine,0,0.011778
family_a_004788_checksum_invalid,family_a,96595548e7111944,v2,checksum_invalid,forged,genuine,0,0.016383
family_a_004789_format_invalid,family_a,96595548e7111944,v2,format_invalid,forged,genuine,0,0.000804
family_a_004790_field_missing,family_a,96595548e7111944,v2,field_missing,forged,genuine,0,0.000898
family_a_004791_fine_grained_edit,family_a,96595548e7111944,v2,fine_grained_edit,forged,genuine,0,0.006299
family_a_004792_coordinated_full_forgery,family_a,96595548e7111944,v2,coordinated_full_forgery,forged,genuine,0,0.046383
family_a_004793_visual_splice,family_a,96595548e7111944,v2,visual_splice,forged,forged,0,0.999296
family_a_004794_visual_splice,family_a,96595548e7111944,v2,visual_splice,forged,forged,0,0.309502
family_a_004795_visual_splice,family_a,96595548e7111944,v2,visual_splice,forged,forged,0,0.094066
family_a_004796_genuine,family_a,3a340d5e43466630,v1,genuine,genuine,genuine,1,0.008538
family_a_004797_text_qr_mismatch,family_a,3a340d5e43466630,v1,text_qr_mismatch,forged,genuine,1,0.017845
family_a_004798_qr_only_mismatch,family_a,3a340d5e43466630,v1,qr_only_mismatch,forged,genuine,1,0.040986
family_a_004799_checksum_invalid,family_a,3a340d5e43466630,v1,checksum_invalid,forged,genuine,1,0.019062
family_a_004800_format_invalid,family_a,3a340d5e43466630,v1,format_invalid,forged,genuine,1,0.002156
family_a_004801_field_missing,family_a,3a340d5e43466630,v1,field_missing,forged,genuine,1,0.000458
family_a_004802_fine_grained_edit,family_a,3a340d5e43466630,v1,fine_grained_edit,forged,genuine,1,0.117373
family_a_004803_coordinated_full_forgery,family_a,3a340d5e43466630,v1,coordinated_full_forgery,forged,genuine,1,0.090108
family_a_004804_visual_splice,family_a,3a340d5e43466630,v1,visual_splice,forged,forged,1,0.99906
family_a_004805_visual_splice,family_a,3a340d5e43466630,v1,visual_splice,forged,forged,1,0.999697
family_a_004806_visual_splice,family_a,3a340d5e43466630,v1,visual_splice,forged,forged,1,0.999482
family_a_004807_genuine,family_a,4061eb81fa71d039,v1,genuine,genuine,genuine,4,0.983388
family_a_004808_text_qr_mismatch,family_a,4061eb81fa71d039,v1,text_qr_mismatch,forged,genuine,4,0.75757
family_a_004809_qr_only_mismatch,family_a,4061eb81fa71d039,v1,qr_only_mismatch,forged,genuine,4,0.988544
family_a_004810_checksum_invalid,family_a,4061eb81fa71d039,v1,checksum_invalid,forged,genuine,4,0.915805
family_a_004811_format_invalid,family_a,4061eb81fa71d039,v1,format_invalid,forged,genuine,4,0.854422
family_a_004812_field_missing,family_a,4061eb81fa71d039,v1,field_missing,forged,genuine,4,0.005499
family_a_004813_fine_grained_edit,family_a,4061eb81fa71d039,v1,fine_grained_edit,forged,genuine,4,0.905412
family_a_004814_coordinated_full_forgery,family_a,4061eb81fa71d039,v1,coordinated_full_forgery,forged,genuine,4,0.013893
family_a_004815_visual_splice,family_a,4061eb81fa71d039,v1,visual_splice,forged,forged,4,0.997805
family_a_004816_visual_splice,family_a,4061eb81fa71d039,v1,visual_splice,forged,forged,4,0.999996
family_a_004817_visual_splice,family_a,4061eb81fa71d039,v1,visual_splice,forged,forged,4,1.0
family_a_004818_genuine,family_a,da2db83e27e8afef,v1,genuine,genuine,genuine,4,0.471731
family_a_004819_text_qr_mismatch,family_a,da2db83e27e8afef,v1,text_qr_mismatch,forged,genuine,4,0.370046
family_a_004820_qr_only_mismatch,family_a,da2db83e27e8afef,v1,qr_only_mismatch,forged,genuine,4,0.144053
family_a_004821_checksum_invalid,family_a,da2db83e27e8afef,v1,checksum_invalid,forged,genuine,4,0.092661
family_a_004822_format_invalid,family_a,da2db83e27e8afef,v1,format_invalid,forged,genuine,4,0.009747
family_a_004823_field_missing,family_a,da2db83e27e8afef,v1,field_missing,forged,genuine,4,0.000901
family_a_004824_fine_grained_edit,family_a,da2db83e27e8afef,v1,fine_grained_edit,forged,genuine,4,0.075981
family_a_004825_coordinated_full_forgery,family_a,da2db83e27e8afef,v1,coordinated_full_forgery,forged,genuine,4,0.185918
family_a_004826_visual_splice,family_a,da2db83e27e8afef,v1,visual_splice,forged,forged,4,0.999868
family_a_004827_visual_splice,family_a,da2db83e27e8afef,v1,visual_splice,forged,forged,4,0.999997
family_a_004828_visual_splice,family_a,da2db83e27e8afef,v1,visual_splice,forged,forged,4,0.998487
family_a_004851_genuine,family_a,b1dfca49e3d0c961,v1,genuine,genuine,genuine,2,0.027875
family_a_004852_text_qr_mismatch,family_a,b1dfca49e3d0c961,v1,text_qr_mismatch,forged,genuine,2,0.27301
family_a_004853_qr_only_mismatch,family_a,b1dfca49e3d0c961,v1,qr_only_mismatch,forged,genuine,2,0.033907
family_a_004854_checksum_invalid,family_a,b1dfca49e3d0c961,v1,checksum_invalid,forged,genuine,2,0.02551
family_a_004855_format_invalid,family_a,b1dfca49e3d0c961,v1,format_invalid,forged,genuine,2,0.005811
family_a_004856_field_missing,family_a,b1dfca49e3d0c961,v1,field_missing,forged,genuine,2,0.000599
family_a_004857_fine_grained_edit,family_a,b1dfca49e3d0c961,v1,fine_grained_edit,forged,genuine,2,0.031754
family_a_004858_coordinated_full_forgery,family_a,b1dfca49e3d0c961,v1,coordinated_full_forgery,forged,genuine,2,0.059683
family_a_004859_visual_splice,family_a,b1dfca49e3d0c961,v1,visual_splice,forged,forged,2,0.999848
family_a_004860_visual_splice,family_a,b1dfca49e3d0c961,v1,visual_splice,forged,forged,2,0.999893
family_a_004861_visual_splice,family_a,b1dfca49e3d0c961,v1,visual_splice,forged,forged,2,0.999818
family_a_004862_genuine,family_a,8225a7101e38f676,v1,genuine,genuine,genuine,1,0.176748
family_a_004863_text_qr_mismatch,family_a,8225a7101e38f676,v1,text_qr_mismatch,forged,genuine,1,0.222072
family_a_004864_qr_only_mismatch,family_a,8225a7101e38f676,v1,qr_only_mismatch,forged,genuine,1,0.130863
family_a_004865_checksum_invalid,family_a,8225a7101e38f676,v1,checksum_invalid,forged,genuine,1,0.186175
family_a_004866_format_invalid,family_a,8225a7101e38f676,v1,format_invalid,forged,genuine,1,0.005991
family_a_004867_field_missing,family_a,8225a7101e38f676,v1,field_missing,forged,genuine,1,0.003829
family_a_004868_fine_grained_edit,family_a,8225a7101e38f676,v1,fine_grained_edit,forged,genuine,1,0.210975
family_a_004869_coordinated_full_forgery,family_a,8225a7101e38f676,v1,coordinated_full_forgery,forged,genuine,1,0.001706
family_a_004870_visual_splice,family_a,8225a7101e38f676,v1,visual_splice,forged,forged,1,0.999564
family_a_004871_visual_splice,family_a,8225a7101e38f676,v1,visual_splice,forged,forged,1,0.999907
family_a_004872_visual_splice,family_a,8225a7101e38f676,v1,visual_splice,forged,forged,1,0.99981
family_a_004873_genuine,family_a,20f7b79731a3e093,v2,genuine,genuine,genuine,3,0.000536
family_a_004874_text_qr_mismatch,family_a,20f7b79731a3e093,v2,text_qr_mismatch,forged,genuine,3,0.000195
family_a_004875_qr_only_mismatch,family_a,20f7b79731a3e093,v2,qr_only_mismatch,forged,genuine,3,0.000459
family_a_004876_checksum_invalid,family_a,20f7b79731a3e093,v2,checksum_invalid,forged,genuine,3,0.001141
family_a_004877_format_invalid,family_a,20f7b79731a3e093,v2,format_invalid,forged,genuine,3,0.000163
family_a_004878_field_missing,family_a,20f7b79731a3e093,v2,field_missing,forged,genuine,3,0.000265
family_a_004879_fine_grained_edit,family_a,20f7b79731a3e093,v2,fine_grained_edit,forged,genuine,3,0.000254
family_a_004880_coordinated_full_forgery,family_a,20f7b79731a3e093,v2,coordinated_full_forgery,forged,genuine,3,0.496397
family_a_004881_visual_splice,family_a,20f7b79731a3e093,v2,visual_splice,forged,forged,3,0.568492
family_a_004882_visual_splice,family_a,20f7b79731a3e093,v2,visual_splice,forged,forged,3,0.654986
family_a_004883_visual_splice,family_a,20f7b79731a3e093,v2,visual_splice,forged,forged,3,0.997962
family_a_004884_genuine,family_a,8d7d38d049783566,v2,genuine,genuine,genuine,4,0.023433
family_a_004885_text_qr_mismatch,family_a,8d7d38d049783566,v2,text_qr_mismatch,forged,genuine,4,0.123286
family_a_004886_qr_only_mismatch,family_a,8d7d38d049783566,v2,qr_only_mismatch,forged,genuine,4,0.543189
family_a_004887_checksum_invalid,family_a,8d7d38d049783566,v2,checksum_invalid,forged,genuine,4,0.165657
family_a_004888_format_invalid,family_a,8d7d38d049783566,v2,format_invalid,forged,genuine,4,0.002807
family_a_004889_field_missing,family_a,8d7d38d049783566,v2,field_missing,forged,genuine,4,0.026194
family_a_004890_fine_grained_edit,family_a,8d7d38d049783566,v2,fine_grained_edit,forged,genuine,4,0.104351
family_a_004891_coordinated_full_forgery,family_a,8d7d38d049783566,v2,coordinated_full_forgery,forged,genuine,4,0.071338
family_a_004892_visual_splice,family_a,8d7d38d049783566,v2,visual_splice,forged,forged,4,0.999884
family_a_004893_visual_splice,family_a,8d7d38d049783566,v2,visual_splice,forged,forged,4,0.955819
family_a_004894_visual_splice,family_a,8d7d38d049783566,v2,visual_splice,forged,forged,4,0.999879
family_a_004895_genuine,family_a,23259c2d65f37484,v1,genuine,genuine,genuine,0,0.017389
family_a_004896_text_qr_mismatch,family_a,23259c2d65f37484,v1,text_qr_mismatch,forged,genuine,0,0.160243
family_a_004897_qr_only_mismatch,family_a,23259c2d65f37484,v1,qr_only_mismatch,forged,genuine,0,0.020589
family_a_004898_checksum_invalid,family_a,23259c2d65f37484,v1,checksum_invalid,forged,genuine,0,0.012184
family_a_004899_format_invalid,family_a,23259c2d65f37484,v1,format_invalid,forged,genuine,0,0.00153
family_a_004900_field_missing,family_a,23259c2d65f37484,v1,field_missing,forged,genuine,0,0.001167
family_a_004901_fine_grained_edit,family_a,23259c2d65f37484,v1,fine_grained_edit,forged,genuine,0,0.007405
family_a_004902_coordinated_full_forgery,family_a,23259c2d65f37484,v1,coordinated_full_forgery,forged,genuine,0,0.050382
family_a_004903_visual_splice,family_a,23259c2d65f37484,v1,visual_splice,forged,forged,0,0.992686
family_a_004904_visual_splice,family_a,23259c2d65f37484,v1,visual_splice,forged,forged,0,0.999642
family_a_004905_visual_splice,family_a,23259c2d65f37484,v1,visual_splice,forged,forged,0,0.999981
family_a_004917_genuine,family_a,94b3883d7fca69e7,v1,genuine,genuine,genuine,3,0.026999
family_a_004918_text_qr_mismatch,family_a,94b3883d7fca69e7,v1,text_qr_mismatch,forged,genuine,3,0.023809
family_a_004919_qr_only_mismatch,family_a,94b3883d7fca69e7,v1,qr_only_mismatch,forged,genuine,3,0.081682
family_a_004920_checksum_invalid,family_a,94b3883d7fca69e7,v1,checksum_invalid,forged,genuine,3,0.056251
family_a_004921_format_invalid,family_a,94b3883d7fca69e7,v1,format_invalid,forged,genuine,3,0.003284
family_a_004922_field_missing,family_a,94b3883d7fca69e7,v1,field_missing,forged,genuine,3,0.006719
family_a_004923_fine_grained_edit,family_a,94b3883d7fca69e7,v1,fine_grained_edit,forged,genuine,3,0.022542
family_a_004924_coordinated_full_forgery,family_a,94b3883d7fca69e7,v1,coordinated_full_forgery,forged,genuine,3,0.037531
family_a_004925_visual_splice,family_a,94b3883d7fca69e7,v1,visual_splice,forged,forged,3,0.999692
family_a_004926_visual_splice,family_a,94b3883d7fca69e7,v1,visual_splice,forged,forged,3,0.999725
family_a_004927_visual_splice,family_a,94b3883d7fca69e7,v1,visual_splice,forged,forged,3,0.554365
family_a_004928_genuine,family_a,0119a55848f2a5a7,v1,genuine,genuine,genuine,0,0.077764
family_a_004929_text_qr_mismatch,family_a,0119a55848f2a5a7,v1,text_qr_mismatch,forged,genuine,0,0.217679
family_a_004930_qr_only_mismatch,family_a,0119a55848f2a5a7,v1,qr_only_mismatch,forged,genuine,0,0.205251
family_a_004931_checksum_invalid,family_a,0119a55848f2a5a7,v1,checksum_invalid,forged,genuine,0,0.10869
family_a_004932_format_invalid,family_a,0119a55848f2a5a7,v1,format_invalid,forged,genuine,0,0.009508
family_a_004933_field_missing,family_a,0119a55848f2a5a7,v1,field_missing,forged,genuine,0,0.019354
family_a_004934_fine_grained_edit,family_a,0119a55848f2a5a7,v1,fine_grained_edit,forged,genuine,0,0.201819
family_a_004935_coordinated_full_forgery,family_a,0119a55848f2a5a7,v1,coordinated_full_forgery,forged,genuine,0,0.000927
family_a_004936_visual_splice,family_a,0119a55848f2a5a7,v1,visual_splice,forged,forged,0,0.999824
family_a_004937_visual_splice,family_a,0119a55848f2a5a7,v1,visual_splice,forged,forged,0,0.999738
family_a_004938_visual_splice,family_a,0119a55848f2a5a7,v1,visual_splice,forged,forged,0,0.999884
family_a_004939_genuine,family_a,84f907d491ab65a8,v2,genuine,genuine,genuine,3,0.080751
family_a_004940_text_qr_mismatch,family_a,84f907d491ab65a8,v2,text_qr_mismatch,forged,genuine,3,0.197605
family_a_004941_qr_only_mismatch,family_a,84f907d491ab65a8,v2,qr_only_mismatch,forged,genuine,3,0.060946
family_a_004942_checksum_invalid,family_a,84f907d491ab65a8,v2,checksum_invalid,forged,genuine,3,0.130841
family_a_004943_format_invalid,family_a,84f907d491ab65a8,v2,format_invalid,forged,genuine,3,0.005163
family_a_004944_field_missing,family_a,84f907d491ab65a8,v2,field_missing,forged,genuine,3,0.00308
family_a_004945_fine_grained_edit,family_a,84f907d491ab65a8,v2,fine_grained_edit,forged,genuine,3,0.092704
family_a_004946_coordinated_full_forgery,family_a,84f907d491ab65a8,v2,coordinated_full_forgery,forged,genuine,3,0.012399
family_a_004947_visual_splice,family_a,84f907d491ab65a8,v2,visual_splice,forged,forged,3,0.999836
family_a_004948_visual_splice,family_a,84f907d491ab65a8,v2,visual_splice,forged,forged,3,0.99986
family_a_004949_visual_splice,family_a,84f907d491ab65a8,v2,visual_splice,forged,forged,3,0.248481
family_a_004950_genuine,family_a,7158a0d829c7a68e,v2,genuine,genuine,genuine,2,0.001509
family_a_004951_text_qr_mismatch,family_a,7158a0d829c7a68e,v2,text_qr_mismatch,forged,genuine,2,0.004745
family_a_004952_qr_only_mismatch,family_a,7158a0d829c7a68e,v2,qr_only_mismatch,forged,genuine,2,0.003788
family_a_004953_checksum_invalid,family_a,7158a0d829c7a68e,v2,checksum_invalid,forged,genuine,2,0.005904
family_a_004954_format_invalid,family_a,7158a0d829c7a68e,v2,format_invalid,forged,genuine,2,0.000404
family_a_004955_field_missing,family_a,7158a0d829c7a68e,v2,field_missing,forged,genuine,2,0.000427
family_a_004956_fine_grained_edit,family_a,7158a0d829c7a68e,v2,fine_grained_edit,forged,genuine,2,0.003071
family_a_004957_coordinated_full_forgery,family_a,7158a0d829c7a68e,v2,coordinated_full_forgery,forged,genuine,2,0.010128
family_a_004958_visual_splice,family_a,7158a0d829c7a68e,v2,visual_splice,forged,forged,2,0.004418
family_a_004959_visual_splice,family_a,7158a0d829c7a68e,v2,visual_splice,forged,forged,2,0.999939
family_a_004960_visual_splice,family_a,7158a0d829c7a68e,v2,visual_splice,forged,forged,2,0.9986
family_a_004961_genuine,family_a,4b01248e00d5d15b,v2,genuine,genuine,genuine,0,0.011338
family_a_004962_text_qr_mismatch,family_a,4b01248e00d5d15b,v2,text_qr_mismatch,forged,genuine,0,0.024908
family_a_004963_qr_only_mismatch,family_a,4b01248e00d5d15b,v2,qr_only_mismatch,forged,genuine,0,0.005797
family_a_004964_checksum_invalid,family_a,4b01248e00d5d15b,v2,checksum_invalid,forged,genuine,0,0.011613
family_a_004965_format_invalid,family_a,4b01248e00d5d15b,v2,format_invalid,forged,genuine,0,0.000708
family_a_004966_field_missing,family_a,4b01248e00d5d15b,v2,field_missing,forged,genuine,0,0.001221
family_a_004967_fine_grained_edit,family_a,4b01248e00d5d15b,v2,fine_grained_edit,forged,genuine,0,0.017258
family_a_004968_coordinated_full_forgery,family_a,4b01248e00d5d15b,v2,coordinated_full_forgery,forged,genuine,0,0.014862
family_a_004969_visual_splice,family_a,4b01248e00d5d15b,v2,visual_splice,forged,forged,0,0.039999
family_a_004970_visual_splice,family_a,4b01248e00d5d15b,v2,visual_splice,forged,forged,0,0.999128
family_a_004971_visual_splice,family_a,4b01248e00d5d15b,v2,visual_splice,forged,forged,0,0.999477
family_a_004972_genuine,family_a,497003a7cab42349,v1,genuine,genuine,genuine,4,0.019522
family_a_004973_text_qr_mismatch,family_a,497003a7cab42349,v1,text_qr_mismatch,forged,genuine,4,0.010549
family_a_004974_qr_only_mismatch,family_a,497003a7cab42349,v1,qr_only_mismatch,forged,genuine,4,0.009959
family_a_004975_checksum_invalid,family_a,497003a7cab42349,v1,checksum_invalid,forged,genuine,4,0.008864
family_a_004976_format_invalid,family_a,497003a7cab42349,v1,format_invalid,forged,genuine,4,0.001322
family_a_004977_field_missing,family_a,497003a7cab42349,v1,field_missing,forged,genuine,4,0.012046
family_a_004978_fine_grained_edit,family_a,497003a7cab42349,v1,fine_grained_edit,forged,genuine,4,0.004654
family_a_004979_coordinated_full_forgery,family_a,497003a7cab42349,v1,coordinated_full_forgery,forged,genuine,4,0.442749
family_a_004980_visual_splice,family_a,497003a7cab42349,v1,visual_splice,forged,forged,4,0.678912
family_a_004981_visual_splice,family_a,497003a7cab42349,v1,visual_splice,forged,forged,4,0.14784
family_a_004982_visual_splice,family_a,497003a7cab42349,v1,visual_splice,forged,forged,4,0.979489
family_a_004994_genuine,family_a,27a4ac4e4cdf8daf,v2,genuine,genuine,genuine,0,0.011666
family_a_004995_text_qr_mismatch,family_a,27a4ac4e4cdf8daf,v2,text_qr_mismatch,forged,genuine,0,0.018295
family_a_004996_qr_only_mismatch,family_a,27a4ac4e4cdf8daf,v2,qr_only_mismatch,forged,genuine,0,0.26496
family_a_004997_checksum_invalid,family_a,27a4ac4e4cdf8daf,v2,checksum_invalid,forged,genuine,0,0.009748
family_a_004998_format_invalid,family_a,27a4ac4e4cdf8daf,v2,format_invalid,forged,genuine,0,0.002682
family_a_004999_field_missing,family_a,27a4ac4e4cdf8daf,v2,field_missing,forged,genuine,0,0.000706
family_a_005000_fine_grained_edit,family_a,27a4ac4e4cdf8daf,v2,fine_grained_edit,forged,genuine,0,0.031232
family_a_005001_coordinated_full_forgery,family_a,27a4ac4e4cdf8daf,v2,coordinated_full_forgery,forged,genuine,0,0.009721
family_a_005002_visual_splice,family_a,27a4ac4e4cdf8daf,v2,visual_splice,forged,forged,0,0.999068
family_a_005003_visual_splice,family_a,27a4ac4e4cdf8daf,v2,visual_splice,forged,forged,0,0.053547
family_a_005004_visual_splice,family_a,27a4ac4e4cdf8daf,v2,visual_splice,forged,forged,0,0.5943
family_a_005005_genuine,family_a,992b0a66c96a8815,v1,genuine,genuine,genuine,2,0.511807
family_a_005006_text_qr_mismatch,family_a,992b0a66c96a8815,v1,text_qr_mismatch,forged,genuine,2,0.18672
family_a_005007_qr_only_mismatch,family_a,992b0a66c96a8815,v1,qr_only_mismatch,forged,genuine,2,0.412613
family_a_005008_checksum_invalid,family_a,992b0a66c96a8815,v1,checksum_invalid,forged,genuine,2,0.241503
family_a_005009_format_invalid,family_a,992b0a66c96a8815,v1,format_invalid,forged,genuine,2,0.075163
family_a_005010_field_missing,family_a,992b0a66c96a8815,v1,field_missing,forged,genuine,2,0.005973
family_a_005011_fine_grained_edit,family_a,992b0a66c96a8815,v1,fine_grained_edit,forged,genuine,2,0.423326
family_a_005012_coordinated_full_forgery,family_a,992b0a66c96a8815,v1,coordinated_full_forgery,forged,genuine,2,0.019651
family_a_005013_visual_splice,family_a,992b0a66c96a8815,v1,visual_splice,forged,forged,2,0.999987
family_a_005014_visual_splice,family_a,992b0a66c96a8815,v1,visual_splice,forged,forged,2,0.999884
family_a_005015_visual_splice,family_a,992b0a66c96a8815,v1,visual_splice,forged,forged,2,0.998124
family_a_005016_genuine,family_a,e3a3575b6c1d1143,v2,genuine,genuine,genuine,2,0.131112
family_a_005017_text_qr_mismatch,family_a,e3a3575b6c1d1143,v2,text_qr_mismatch,forged,genuine,2,0.076463
family_a_005018_qr_only_mismatch,family_a,e3a3575b6c1d1143,v2,qr_only_mismatch,forged,genuine,2,0.05704
family_a_005019_checksum_invalid,family_a,e3a3575b6c1d1143,v2,checksum_invalid,forged,genuine,2,0.072154
family_a_005020_format_invalid,family_a,e3a3575b6c1d1143,v2,format_invalid,forged,genuine,2,0.001949
family_a_005021_field_missing,family_a,e3a3575b6c1d1143,v2,field_missing,forged,genuine,2,0.005356
family_a_005022_fine_grained_edit,family_a,e3a3575b6c1d1143,v2,fine_grained_edit,forged,genuine,2,0.013597
family_a_005023_coordinated_full_forgery,family_a,e3a3575b6c1d1143,v2,coordinated_full_forgery,forged,genuine,2,0.149314
family_a_005024_visual_splice,family_a,e3a3575b6c1d1143,v2,visual_splice,forged,forged,2,0.999849
family_a_005025_visual_splice,family_a,e3a3575b6c1d1143,v2,visual_splice,forged,forged,2,0.999992
family_a_005026_visual_splice,family_a,e3a3575b6c1d1143,v2,visual_splice,forged,forged,2,0.999971
family_a_005027_genuine,family_a,d0b1be29fb8a1138,v2,genuine,genuine,genuine,2,0.002937
family_a_005028_text_qr_mismatch,family_a,d0b1be29fb8a1138,v2,text_qr_mismatch,forged,genuine,2,0.002069
family_a_005029_qr_only_mismatch,family_a,d0b1be29fb8a1138,v2,qr_only_mismatch,forged,genuine,2,0.005285
family_a_005030_checksum_invalid,family_a,d0b1be29fb8a1138,v2,checksum_invalid,forged,genuine,2,0.006738
family_a_005031_format_invalid,family_a,d0b1be29fb8a1138,v2,format_invalid,forged,genuine,2,0.000243
family_a_005032_field_missing,family_a,d0b1be29fb8a1138,v2,field_missing,forged,genuine,2,0.000187
family_a_005033_fine_grained_edit,family_a,d0b1be29fb8a1138,v2,fine_grained_edit,forged,genuine,2,0.009325
family_a_005034_coordinated_full_forgery,family_a,d0b1be29fb8a1138,v2,coordinated_full_forgery,forged,genuine,2,0.000931
family_a_005035_visual_splice,family_a,d0b1be29fb8a1138,v2,visual_splice,forged,forged,2,0.008256
family_a_005036_visual_splice,family_a,d0b1be29fb8a1138,v2,visual_splice,forged,forged,2,0.999966
family_a_005037_visual_splice,family_a,d0b1be29fb8a1138,v2,visual_splice,forged,forged,2,0.998826
family_a_005049_genuine,family_a,8b71f0846653556b,v1,genuine,genuine,genuine,2,0.001427
family_a_005050_text_qr_mismatch,family_a,8b71f0846653556b,v1,text_qr_mismatch,forged,genuine,2,0.007783
family_a_005051_qr_only_mismatch,family_a,8b71f0846653556b,v1,qr_only_mismatch,forged,genuine,2,0.001328
family_a_005052_checksum_invalid,family_a,8b71f0846653556b,v1,checksum_invalid,forged,genuine,2,0.003864
family_a_005053_format_invalid,family_a,8b71f0846653556b,v1,format_invalid,forged,genuine,2,0.000316
family_a_005054_field_missing,family_a,8b71f0846653556b,v1,field_missing,forged,genuine,2,0.000238
family_a_005055_fine_grained_edit,family_a,8b71f0846653556b,v1,fine_grained_edit,forged,genuine,2,0.001675
family_a_005056_coordinated_full_forgery,family_a,8b71f0846653556b,v1,coordinated_full_forgery,forged,genuine,2,0.005837
family_a_005057_visual_splice,family_a,8b71f0846653556b,v1,visual_splice,forged,forged,2,0.999895
family_a_005058_visual_splice,family_a,8b71f0846653556b,v1,visual_splice,forged,forged,2,0.999504
family_a_005059_visual_splice,family_a,8b71f0846653556b,v1,visual_splice,forged,forged,2,0.914013
family_a_005071_genuine,family_a,f7a2af579186b18f,v1,genuine,genuine,genuine,4,0.004741
family_a_005072_text_qr_mismatch,family_a,f7a2af579186b18f,v1,text_qr_mismatch,forged,genuine,4,0.002404
family_a_005073_qr_only_mismatch,family_a,f7a2af579186b18f,v1,qr_only_mismatch,forged,genuine,4,0.003714
family_a_005074_checksum_invalid,family_a,f7a2af579186b18f,v1,checksum_invalid,forged,genuine,4,0.002424
family_a_005075_format_invalid,family_a,f7a2af579186b18f,v1,format_invalid,forged,genuine,4,0.000208
family_a_005076_field_missing,family_a,f7a2af579186b18f,v1,field_missing,forged,genuine,4,0.002369
family_a_005077_fine_grained_edit,family_a,f7a2af579186b18f,v1,fine_grained_edit,forged,genuine,4,0.002959
family_a_005078_coordinated_full_forgery,family_a,f7a2af579186b18f,v1,coordinated_full_forgery,forged,genuine,4,0.004586
family_a_005079_visual_splice,family_a,f7a2af579186b18f,v1,visual_splice,forged,forged,4,0.99983
family_a_005080_visual_splice,family_a,f7a2af579186b18f,v1,visual_splice,forged,forged,4,0.879846
family_a_005081_visual_splice,family_a,f7a2af579186b18f,v1,visual_splice,forged,forged,4,0.999949
family_a_005093_genuine,family_a,03140812d07544bb,v2,genuine,genuine,genuine,4,0.003699
family_a_005094_text_qr_mismatch,family_a,03140812d07544bb,v2,text_qr_mismatch,forged,genuine,4,0.422325
family_a_005095_qr_only_mismatch,family_a,03140812d07544bb,v2,qr_only_mismatch,forged,genuine,4,0.003345
family_a_005096_checksum_invalid,family_a,03140812d07544bb,v2,checksum_invalid,forged,genuine,4,0.003224
family_a_005097_format_invalid,family_a,03140812d07544bb,v2,format_invalid,forged,genuine,4,0.000687
family_a_005098_field_missing,family_a,03140812d07544bb,v2,field_missing,forged,genuine,4,0.002594
family_a_005099_fine_grained_edit,family_a,03140812d07544bb,v2,fine_grained_edit,forged,genuine,4,0.000644
family_a_005100_coordinated_full_forgery,family_a,03140812d07544bb,v2,coordinated_full_forgery,forged,genuine,4,0.000276
family_a_005101_visual_splice,family_a,03140812d07544bb,v2,visual_splice,forged,forged,4,0.972168
family_a_005102_visual_splice,family_a,03140812d07544bb,v2,visual_splice,forged,forged,4,0.999878
family_a_005103_visual_splice,family_a,03140812d07544bb,v2,visual_splice,forged,forged,4,0.999203
family_a_005115_genuine,family_a,96f1616b65bd3fc9,v1,genuine,genuine,genuine,1,0.003807
family_a_005116_text_qr_mismatch,family_a,96f1616b65bd3fc9,v1,text_qr_mismatch,forged,genuine,1,0.020207
family_a_005117_qr_only_mismatch,family_a,96f1616b65bd3fc9,v1,qr_only_mismatch,forged,genuine,1,0.001919
family_a_005118_checksum_invalid,family_a,96f1616b65bd3fc9,v1,checksum_invalid,forged,genuine,1,0.006223
family_a_005119_format_invalid,family_a,96f1616b65bd3fc9,v1,format_invalid,forged,genuine,1,0.00012
family_a_005120_field_missing,family_a,96f1616b65bd3fc9,v1,field_missing,forged,genuine,1,6.5e-05
family_a_005121_fine_grained_edit,family_a,96f1616b65bd3fc9,v1,fine_grained_edit,forged,genuine,1,0.000261
family_a_005122_coordinated_full_forgery,family_a,96f1616b65bd3fc9,v1,coordinated_full_forgery,forged,genuine,1,0.279652
family_a_005123_visual_splice,family_a,96f1616b65bd3fc9,v1,visual_splice,forged,forged,1,0.999862
family_a_005124_visual_splice,family_a,96f1616b65bd3fc9,v1,visual_splice,forged,forged,1,0.997575
family_a_005125_visual_splice,family_a,96f1616b65bd3fc9,v1,visual_splice,forged,forged,1,0.994365
family_a_005126_genuine,family_a,38498e44742d6538,v1,genuine,genuine,genuine,2,0.174468
family_a_005127_text_qr_mismatch,family_a,38498e44742d6538,v1,text_qr_mismatch,forged,genuine,2,0.004326
family_a_005128_qr_only_mismatch,family_a,38498e44742d6538,v1,qr_only_mismatch,forged,genuine,2,0.078467
family_a_005129_checksum_invalid,family_a,38498e44742d6538,v1,checksum_invalid,forged,genuine,2,0.17214
family_a_005130_format_invalid,family_a,38498e44742d6538,v1,format_invalid,forged,genuine,2,0.010883
family_a_005131_field_missing,family_a,38498e44742d6538,v1,field_missing,forged,genuine,2,0.002007
family_a_005132_fine_grained_edit,family_a,38498e44742d6538,v1,fine_grained_edit,forged,genuine,2,0.036236
family_a_005133_coordinated_full_forgery,family_a,38498e44742d6538,v1,coordinated_full_forgery,forged,genuine,2,0.008339
family_a_005134_visual_splice,family_a,38498e44742d6538,v1,visual_splice,forged,forged,2,0.999976
family_a_005135_visual_splice,family_a,38498e44742d6538,v1,visual_splice,forged,forged,2,0.999953
family_a_005136_visual_splice,family_a,38498e44742d6538,v1,visual_splice,forged,forged,2,0.99998
family_a_005137_genuine,family_a,09674febc6643db6,v2,genuine,genuine,genuine,1,0.001114
family_a_005138_text_qr_mismatch,family_a,09674febc6643db6,v2,text_qr_mismatch,forged,genuine,1,0.001424
family_a_005139_qr_only_mismatch,family_a,09674febc6643db6,v2,qr_only_mismatch,forged,genuine,1,0.001083
family_a_005140_checksum_invalid,family_a,09674febc6643db6,v2,checksum_invalid,forged,genuine,1,0.000537
family_a_005141_format_invalid,family_a,09674febc6643db6,v2,format_invalid,forged,genuine,1,7.3e-05
family_a_005142_field_missing,family_a,09674febc6643db6,v2,field_missing,forged,genuine,1,0.000428
family_a_005143_fine_grained_edit,family_a,09674febc6643db6,v2,fine_grained_edit,forged,genuine,1,0.000283
family_a_005144_coordinated_full_forgery,family_a,09674febc6643db6,v2,coordinated_full_forgery,forged,genuine,1,0.007767
family_a_005145_visual_splice,family_a,09674febc6643db6,v2,visual_splice,forged,forged,1,0.001173
family_a_005146_visual_splice,family_a,09674febc6643db6,v2,visual_splice,forged,forged,1,0.971502
family_a_005147_visual_splice,family_a,09674febc6643db6,v2,visual_splice,forged,forged,1,0.997863
family_a_005159_genuine,family_a,b955d6d4fd96546c,v2,genuine,genuine,genuine,2,0.014446
family_a_005160_text_qr_mismatch,family_a,b955d6d4fd96546c,v2,text_qr_mismatch,forged,genuine,2,0.047632
family_a_005161_qr_only_mismatch,family_a,b955d6d4fd96546c,v2,qr_only_mismatch,forged,genuine,2,0.007687
family_a_005162_checksum_invalid,family_a,b955d6d4fd96546c,v2,checksum_invalid,forged,genuine,2,0.011347
family_a_005163_format_invalid,family_a,b955d6d4fd96546c,v2,format_invalid,forged,genuine,2,0.001169
family_a_005164_field_missing,family_a,b955d6d4fd96546c,v2,field_missing,forged,genuine,2,0.001192
family_a_005165_fine_grained_edit,family_a,b955d6d4fd96546c,v2,fine_grained_edit,forged,genuine,2,0.008029
family_a_005166_coordinated_full_forgery,family_a,b955d6d4fd96546c,v2,coordinated_full_forgery,forged,genuine,2,0.006932
family_a_005167_visual_splice,family_a,b955d6d4fd96546c,v2,visual_splice,forged,forged,2,0.016661
family_a_005168_visual_splice,family_a,b955d6d4fd96546c,v2,visual_splice,forged,forged,2,0.999496
family_a_005169_visual_splice,family_a,b955d6d4fd96546c,v2,visual_splice,forged,forged,2,0.999643
family_a_005170_genuine,family_a,3bc7d1cc16b72c66,v2,genuine,genuine,genuine,4,0.000464
family_a_005171_text_qr_mismatch,family_a,3bc7d1cc16b72c66,v2,text_qr_mismatch,forged,genuine,4,0.00216
family_a_005172_qr_only_mismatch,family_a,3bc7d1cc16b72c66,v2,qr_only_mismatch,forged,genuine,4,0.00055
family_a_005173_checksum_invalid,family_a,3bc7d1cc16b72c66,v2,checksum_invalid,forged,genuine,4,0.000641
family_a_005174_format_invalid,family_a,3bc7d1cc16b72c66,v2,format_invalid,forged,genuine,4,0.000122
family_a_005175_field_missing,family_a,3bc7d1cc16b72c66,v2,field_missing,forged,genuine,4,0.001499
family_a_005176_fine_grained_edit,family_a,3bc7d1cc16b72c66,v2,fine_grained_edit,forged,genuine,4,0.000499
family_a_005177_coordinated_full_forgery,family_a,3bc7d1cc16b72c66,v2,coordinated_full_forgery,forged,genuine,4,0.00553
family_a_005178_visual_splice,family_a,3bc7d1cc16b72c66,v2,visual_splice,forged,forged,4,0.999135
family_a_005179_visual_splice,family_a,3bc7d1cc16b72c66,v2,visual_splice,forged,forged,4,0.99683
family_a_005180_visual_splice,family_a,3bc7d1cc16b72c66,v2,visual_splice,forged,forged,4,0.99993
family_a_005225_genuine,family_a,44111448db2b9a15,v2,genuine,genuine,genuine,0,0.004525
family_a_005226_text_qr_mismatch,family_a,44111448db2b9a15,v2,text_qr_mismatch,forged,genuine,0,0.0059
family_a_005227_qr_only_mismatch,family_a,44111448db2b9a15,v2,qr_only_mismatch,forged,genuine,0,0.004008
family_a_005228_checksum_invalid,family_a,44111448db2b9a15,v2,checksum_invalid,forged,genuine,0,0.003544
family_a_005229_format_invalid,family_a,44111448db2b9a15,v2,format_invalid,forged,genuine,0,0.000945
family_a_005230_field_missing,family_a,44111448db2b9a15,v2,field_missing,forged,genuine,0,0.000387
family_a_005231_fine_grained_edit,family_a,44111448db2b9a15,v2,fine_grained_edit,forged,genuine,0,0.001642
family_a_005232_coordinated_full_forgery,family_a,44111448db2b9a15,v2,coordinated_full_forgery,forged,genuine,0,0.003239
family_a_005233_visual_splice,family_a,44111448db2b9a15,v2,visual_splice,forged,forged,0,0.999554
family_a_005234_visual_splice,family_a,44111448db2b9a15,v2,visual_splice,forged,forged,0,0.734648
family_a_005235_visual_splice,family_a,44111448db2b9a15,v2,visual_splice,forged,forged,0,0.984837
family_a_005236_genuine,family_a,d49c0cd9436dd76f,v1,genuine,genuine,genuine,4,0.001302
family_a_005237_text_qr_mismatch,family_a,d49c0cd9436dd76f,v1,text_qr_mismatch,forged,genuine,4,0.000792
family_a_005238_qr_only_mismatch,family_a,d49c0cd9436dd76f,v1,qr_only_mismatch,forged,genuine,4,0.000685
family_a_005239_checksum_invalid,family_a,d49c0cd9436dd76f,v1,checksum_invalid,forged,genuine,4,0.001348
family_a_005240_format_invalid,family_a,d49c0cd9436dd76f,v1,format_invalid,forged,genuine,4,5.5e-05
family_a_005241_field_missing,family_a,d49c0cd9436dd76f,v1,field_missing,forged,genuine,4,0.004492
family_a_005242_fine_grained_edit,family_a,d49c0cd9436dd76f,v1,fine_grained_edit,forged,genuine,4,0.002311
family_a_005243_coordinated_full_forgery,family_a,d49c0cd9436dd76f,v1,coordinated_full_forgery,forged,genuine,4,0.019749
family_a_005244_visual_splice,family_a,d49c0cd9436dd76f,v1,visual_splice,forged,forged,4,0.998159
family_a_005245_visual_splice,family_a,d49c0cd9436dd76f,v1,visual_splice,forged,forged,4,0.998046
family_a_005246_visual_splice,family_a,d49c0cd9436dd76f,v1,visual_splice,forged,forged,4,0.996407
family_a_005247_genuine,family_a,1889af4f1f490e01,v2,genuine,genuine,genuine,1,0.001179
family_a_005248_text_qr_mismatch,family_a,1889af4f1f490e01,v2,text_qr_mismatch,forged,genuine,1,0.001481
family_a_005249_qr_only_mismatch,family_a,1889af4f1f490e01,v2,qr_only_mismatch,forged,genuine,1,0.001116
family_a_005250_checksum_invalid,family_a,1889af4f1f490e01,v2,checksum_invalid,forged,genuine,1,0.00249
family_a_005251_format_invalid,family_a,1889af4f1f490e01,v2,format_invalid,forged,genuine,1,0.000188
family_a_005252_field_missing,family_a,1889af4f1f490e01,v2,field_missing,forged,genuine,1,0.004856
family_a_005253_fine_grained_edit,family_a,1889af4f1f490e01,v2,fine_grained_edit,forged,genuine,1,0.00262
family_a_005254_coordinated_full_forgery,family_a,1889af4f1f490e01,v2,coordinated_full_forgery,forged,genuine,1,0.001291
family_a_005255_visual_splice,family_a,1889af4f1f490e01,v2,visual_splice,forged,forged,1,0.00683
family_a_005256_visual_splice,family_a,1889af4f1f490e01,v2,visual_splice,forged,forged,1,0.998711
family_a_005257_visual_splice,family_a,1889af4f1f490e01,v2,visual_splice,forged,forged,1,0.998505
family_a_005258_genuine,family_a,e241541dc8e4340e,v1,genuine,genuine,genuine,1,0.001158
family_a_005259_text_qr_mismatch,family_a,e241541dc8e4340e,v1,text_qr_mismatch,forged,genuine,1,0.004724
family_a_005260_qr_only_mismatch,family_a,e241541dc8e4340e,v1,qr_only_mismatch,forged,genuine,1,0.000808
family_a_005261_checksum_invalid,family_a,e241541dc8e4340e,v1,checksum_invalid,forged,genuine,1,0.001565
family_a_005262_format_invalid,family_a,e241541dc8e4340e,v1,format_invalid,forged,genuine,1,0.000408
family_a_005263_field_missing,family_a,e241541dc8e4340e,v1,field_missing,forged,genuine,1,0.001616
family_a_005264_fine_grained_edit,family_a,e241541dc8e4340e,v1,fine_grained_edit,forged,genuine,1,0.002017
family_a_005265_coordinated_full_forgery,family_a,e241541dc8e4340e,v1,coordinated_full_forgery,forged,genuine,1,0.004827
family_a_005266_visual_splice,family_a,e241541dc8e4340e,v1,visual_splice,forged,forged,1,0.999084
family_a_005267_visual_splice,family_a,e241541dc8e4340e,v1,visual_splice,forged,forged,1,0.993664
family_a_005268_visual_splice,family_a,e241541dc8e4340e,v1,visual_splice,forged,forged,1,0.999123
family_a_005269_genuine,family_a,63b84f1da44c704e,v2,genuine,genuine,genuine,0,0.108312
family_a_005270_text_qr_mismatch,family_a,63b84f1da44c704e,v2,text_qr_mismatch,forged,genuine,0,0.578974
family_a_005271_qr_only_mismatch,family_a,63b84f1da44c704e,v2,qr_only_mismatch,forged,genuine,0,0.170961
family_a_005272_checksum_invalid,family_a,63b84f1da44c704e,v2,checksum_invalid,forged,genuine,0,0.051536
family_a_005273_format_invalid,family_a,63b84f1da44c704e,v2,format_invalid,forged,genuine,0,0.004457
family_a_005274_field_missing,family_a,63b84f1da44c704e,v2,field_missing,forged,genuine,0,0.024325
family_a_005275_fine_grained_edit,family_a,63b84f1da44c704e,v2,fine_grained_edit,forged,genuine,0,0.073616
family_a_005276_coordinated_full_forgery,family_a,63b84f1da44c704e,v2,coordinated_full_forgery,forged,genuine,0,0.564088
family_a_005277_visual_splice,family_a,63b84f1da44c704e,v2,visual_splice,forged,forged,0,0.999862
family_a_005278_visual_splice,family_a,63b84f1da44c704e,v2,visual_splice,forged,forged,0,0.280142
family_a_005279_visual_splice,family_a,63b84f1da44c704e,v2,visual_splice,forged,forged,0,0.999952
family_a_005280_genuine,family_a,bc5be7e554e4c4fb,v2,genuine,genuine,genuine,1,0.024766
family_a_005281_text_qr_mismatch,family_a,bc5be7e554e4c4fb,v2,text_qr_mismatch,forged,genuine,1,0.002787
family_a_005282_qr_only_mismatch,family_a,bc5be7e554e4c4fb,v2,qr_only_mismatch,forged,genuine,1,0.008345
family_a_005283_checksum_invalid,family_a,bc5be7e554e4c4fb,v2,checksum_invalid,forged,genuine,1,0.016407
family_a_005284_format_invalid,family_a,bc5be7e554e4c4fb,v2,format_invalid,forged,genuine,1,0.000185
family_a_005285_field_missing,family_a,bc5be7e554e4c4fb,v2,field_missing,forged,genuine,1,0.00117
family_a_005286_fine_grained_edit,family_a,bc5be7e554e4c4fb,v2,fine_grained_edit,forged,genuine,1,0.009112
family_a_005287_coordinated_full_forgery,family_a,bc5be7e554e4c4fb,v2,coordinated_full_forgery,forged,genuine,1,0.157127
family_a_005288_visual_splice,family_a,bc5be7e554e4c4fb,v2,visual_splice,forged,forged,1,0.998805
family_a_005289_visual_splice,family_a,bc5be7e554e4c4fb,v2,visual_splice,forged,forged,1,0.991905
family_a_005290_visual_splice,family_a,bc5be7e554e4c4fb,v2,visual_splice,forged,forged,1,0.999538
family_a_005291_genuine,family_a,594dd7294731726b,v1,genuine,genuine,genuine,1,0.007128
family_a_005292_text_qr_mismatch,family_a,594dd7294731726b,v1,text_qr_mismatch,forged,genuine,1,0.016192
family_a_005293_qr_only_mismatch,family_a,594dd7294731726b,v1,qr_only_mismatch,forged,genuine,1,0.011517
family_a_005294_checksum_invalid,family_a,594dd7294731726b,v1,checksum_invalid,forged,genuine,1,0.009614
family_a_005295_format_invalid,family_a,594dd7294731726b,v1,format_invalid,forged,genuine,1,0.001388
family_a_005296_field_missing,family_a,594dd7294731726b,v1,field_missing,forged,genuine,1,0.002744
family_a_005297_fine_grained_edit,family_a,594dd7294731726b,v1,fine_grained_edit,forged,genuine,1,0.028399
family_a_005298_coordinated_full_forgery,family_a,594dd7294731726b,v1,coordinated_full_forgery,forged,genuine,1,0.071398
family_a_005299_visual_splice,family_a,594dd7294731726b,v1,visual_splice,forged,forged,1,0.998254
family_a_005300_visual_splice,family_a,594dd7294731726b,v1,visual_splice,forged,forged,1,0.922286
family_a_005301_visual_splice,family_a,594dd7294731726b,v1,visual_splice,forged,forged,1,0.999492
family_a_005302_genuine,family_a,e338dd5feafed7fe,v1,genuine,genuine,genuine,3,0.436543
family_a_005303_text_qr_mismatch,family_a,e338dd5feafed7fe,v1,text_qr_mismatch,forged,genuine,3,0.774975
family_a_005304_qr_only_mismatch,family_a,e338dd5feafed7fe,v1,qr_only_mismatch,forged,genuine,3,0.78912
family_a_005305_checksum_invalid,family_a,e338dd5feafed7fe,v1,checksum_invalid,forged,genuine,3,0.813607
family_a_005306_format_invalid,family_a,e338dd5feafed7fe,v1,format_invalid,forged,genuine,3,0.066841
family_a_005307_field_missing,family_a,e338dd5feafed7fe,v1,field_missing,forged,genuine,3,0.028465
family_a_005308_fine_grained_edit,family_a,e338dd5feafed7fe,v1,fine_grained_edit,forged,genuine,3,0.822397
family_a_005309_coordinated_full_forgery,family_a,e338dd5feafed7fe,v1,coordinated_full_forgery,forged,genuine,3,0.008611
family_a_005310_visual_splice,family_a,e338dd5feafed7fe,v1,visual_splice,forged,forged,3,0.999988
family_a_005311_visual_splice,family_a,e338dd5feafed7fe,v1,visual_splice,forged,forged,3,0.999946
family_a_005312_visual_splice,family_a,e338dd5feafed7fe,v1,visual_splice,forged,forged,3,0.999979
family_a_005313_genuine,family_a,f86ffbb80852ffb3,v2,genuine,genuine,genuine,0,0.911961
family_a_005314_text_qr_mismatch,family_a,f86ffbb80852ffb3,v2,text_qr_mismatch,forged,genuine,0,0.792749
family_a_005315_qr_only_mismatch,family_a,f86ffbb80852ffb3,v2,qr_only_mismatch,forged,genuine,0,0.325951
family_a_005316_checksum_invalid,family_a,f86ffbb80852ffb3,v2,checksum_invalid,forged,genuine,0,0.352393
family_a_005317_format_invalid,family_a,f86ffbb80852ffb3,v2,format_invalid,forged,genuine,0,0.054057
family_a_005318_field_missing,family_a,f86ffbb80852ffb3,v2,field_missing,forged,genuine,0,0.033929
family_a_005319_fine_grained_edit,family_a,f86ffbb80852ffb3,v2,fine_grained_edit,forged,genuine,0,0.612089
family_a_005320_coordinated_full_forgery,family_a,f86ffbb80852ffb3,v2,coordinated_full_forgery,forged,genuine,0,0.039958
family_a_005321_visual_splice,family_a,f86ffbb80852ffb3,v2,visual_splice,forged,forged,0,0.772322
family_a_005322_visual_splice,family_a,f86ffbb80852ffb3,v2,visual_splice,forged,forged,0,0.999591
family_a_005323_visual_splice,family_a,f86ffbb80852ffb3,v2,visual_splice,forged,forged,0,0.999714
family_a_005335_genuine,family_a,474a4f54170b165e,v2,genuine,genuine,genuine,1,0.022391
family_a_005336_text_qr_mismatch,family_a,474a4f54170b165e,v2,text_qr_mismatch,forged,genuine,1,0.036054
family_a_005337_qr_only_mismatch,family_a,474a4f54170b165e,v2,qr_only_mismatch,forged,genuine,1,0.039042
family_a_005338_checksum_invalid,family_a,474a4f54170b165e,v2,checksum_invalid,forged,genuine,1,0.024371
family_a_005339_format_invalid,family_a,474a4f54170b165e,v2,format_invalid,forged,genuine,1,0.001912
family_a_005340_field_missing,family_a,474a4f54170b165e,v2,field_missing,forged,genuine,1,0.003658
family_a_005341_fine_grained_edit,family_a,474a4f54170b165e,v2,fine_grained_edit,forged,genuine,1,0.017652
family_a_005342_coordinated_full_forgery,family_a,474a4f54170b165e,v2,coordinated_full_forgery,forged,genuine,1,0.056113
family_a_005343_visual_splice,family_a,474a4f54170b165e,v2,visual_splice,forged,forged,1,0.487232
family_a_005344_visual_splice,family_a,474a4f54170b165e,v2,visual_splice,forged,forged,1,0.913347
family_a_005345_visual_splice,family_a,474a4f54170b165e,v2,visual_splice,forged,forged,1,0.999905
family_a_005346_genuine,family_a,5c59fbb7e23a5595,v2,genuine,genuine,genuine,2,0.036488
family_a_005347_text_qr_mismatch,family_a,5c59fbb7e23a5595,v2,text_qr_mismatch,forged,genuine,2,0.021354
family_a_005348_qr_only_mismatch,family_a,5c59fbb7e23a5595,v2,qr_only_mismatch,forged,genuine,2,0.092521
family_a_005349_checksum_invalid,family_a,5c59fbb7e23a5595,v2,checksum_invalid,forged,genuine,2,0.068713
family_a_005350_format_invalid,family_a,5c59fbb7e23a5595,v2,format_invalid,forged,genuine,2,0.005894
family_a_005351_field_missing,family_a,5c59fbb7e23a5595,v2,field_missing,forged,genuine,2,0.005535
family_a_005352_fine_grained_edit,family_a,5c59fbb7e23a5595,v2,fine_grained_edit,forged,genuine,2,0.039441
family_a_005353_coordinated_full_forgery,family_a,5c59fbb7e23a5595,v2,coordinated_full_forgery,forged,genuine,2,0.003215
family_a_005354_visual_splice,family_a,5c59fbb7e23a5595,v2,visual_splice,forged,forged,2,0.941581
family_a_005355_visual_splice,family_a,5c59fbb7e23a5595,v2,visual_splice,forged,forged,2,0.999922
family_a_005356_visual_splice,family_a,5c59fbb7e23a5595,v2,visual_splice,forged,forged,2,0.054911
family_a_005357_genuine,family_a,42f1aae56d5c6a8d,v2,genuine,genuine,genuine,3,0.004113
family_a_005358_text_qr_mismatch,family_a,42f1aae56d5c6a8d,v2,text_qr_mismatch,forged,genuine,3,0.004997
family_a_005359_qr_only_mismatch,family_a,42f1aae56d5c6a8d,v2,qr_only_mismatch,forged,genuine,3,0.015659
family_a_005360_checksum_invalid,family_a,42f1aae56d5c6a8d,v2,checksum_invalid,forged,genuine,3,0.003157
family_a_005361_format_invalid,family_a,42f1aae56d5c6a8d,v2,format_invalid,forged,genuine,3,0.000229
family_a_005362_field_missing,family_a,42f1aae56d5c6a8d,v2,field_missing,forged,genuine,3,0.00145
family_a_005363_fine_grained_edit,family_a,42f1aae56d5c6a8d,v2,fine_grained_edit,forged,genuine,3,0.003645
family_a_005364_coordinated_full_forgery,family_a,42f1aae56d5c6a8d,v2,coordinated_full_forgery,forged,genuine,3,0.002312
family_a_005365_visual_splice,family_a,42f1aae56d5c6a8d,v2,visual_splice,forged,forged,3,0.991338
family_a_005366_visual_splice,family_a,42f1aae56d5c6a8d,v2,visual_splice,forged,forged,3,0.99895
family_a_005367_visual_splice,family_a,42f1aae56d5c6a8d,v2,visual_splice,forged,forged,3,0.999438
family_a_005368_genuine,family_a,5e8520269c03e01b,v2,genuine,genuine,genuine,3,0.37422
family_a_005369_text_qr_mismatch,family_a,5e8520269c03e01b,v2,text_qr_mismatch,forged,genuine,3,0.273621
family_a_005370_qr_only_mismatch,family_a,5e8520269c03e01b,v2,qr_only_mismatch,forged,genuine,3,0.070847
family_a_005371_checksum_invalid,family_a,5e8520269c03e01b,v2,checksum_invalid,forged,genuine,3,0.82512
family_a_005372_format_invalid,family_a,5e8520269c03e01b,v2,format_invalid,forged,genuine,3,0.023056
family_a_005373_field_missing,family_a,5e8520269c03e01b,v2,field_missing,forged,genuine,3,0.083309
family_a_005374_fine_grained_edit,family_a,5e8520269c03e01b,v2,fine_grained_edit,forged,genuine,3,0.430008
family_a_005375_coordinated_full_forgery,family_a,5e8520269c03e01b,v2,coordinated_full_forgery,forged,genuine,3,0.00499
family_a_005376_visual_splice,family_a,5e8520269c03e01b,v2,visual_splice,forged,forged,3,0.99992
family_a_005377_visual_splice,family_a,5e8520269c03e01b,v2,visual_splice,forged,forged,3,0.999562
family_a_005378_visual_splice,family_a,5e8520269c03e01b,v2,visual_splice,forged,forged,3,0.99976
family_a_005379_genuine,family_a,cba42185eec984d1,v2,genuine,genuine,genuine,3,0.00362
family_a_005380_text_qr_mismatch,family_a,cba42185eec984d1,v2,text_qr_mismatch,forged,genuine,3,0.001102
family_a_005381_qr_only_mismatch,family_a,cba42185eec984d1,v2,qr_only_mismatch,forged,genuine,3,0.004237
family_a_005382_checksum_invalid,family_a,cba42185eec984d1,v2,checksum_invalid,forged,genuine,3,0.003226
family_a_005383_format_invalid,family_a,cba42185eec984d1,v2,format_invalid,forged,genuine,3,0.000455
family_a_005384_field_missing,family_a,cba42185eec984d1,v2,field_missing,forged,genuine,3,0.001481
family_a_005385_fine_grained_edit,family_a,cba42185eec984d1,v2,fine_grained_edit,forged,genuine,3,0.00143
family_a_005386_coordinated_full_forgery,family_a,cba42185eec984d1,v2,coordinated_full_forgery,forged,genuine,3,0.175002
family_a_005387_visual_splice,family_a,cba42185eec984d1,v2,visual_splice,forged,forged,3,0.983676
family_a_005388_visual_splice,family_a,cba42185eec984d1,v2,visual_splice,forged,forged,3,0.323492
family_a_005389_visual_splice,family_a,cba42185eec984d1,v2,visual_splice,forged,forged,3,0.940851
family_a_005390_genuine,family_a,f751c64621304b14,v2,genuine,genuine,genuine,4,0.025069
family_a_005391_text_qr_mismatch,family_a,f751c64621304b14,v2,text_qr_mismatch,forged,genuine,4,0.471853
family_a_005392_qr_only_mismatch,family_a,f751c64621304b14,v2,qr_only_mismatch,forged,genuine,4,0.007564
family_a_005393_checksum_invalid,family_a,f751c64621304b14,v2,checksum_invalid,forged,genuine,4,0.06311
family_a_005394_format_invalid,family_a,f751c64621304b14,v2,format_invalid,forged,genuine,4,0.000587
family_a_005395_field_missing,family_a,f751c64621304b14,v2,field_missing,forged,genuine,4,0.002945
family_a_005396_fine_grained_edit,family_a,f751c64621304b14,v2,fine_grained_edit,forged,genuine,4,0.016715
family_a_005397_coordinated_full_forgery,family_a,f751c64621304b14,v2,coordinated_full_forgery,forged,genuine,4,0.122814
family_a_005398_visual_splice,family_a,f751c64621304b14,v2,visual_splice,forged,forged,4,0.691138
family_a_005399_visual_splice,family_a,f751c64621304b14,v2,visual_splice,forged,forged,4,0.998996
family_a_005400_visual_splice,family_a,f751c64621304b14,v2,visual_splice,forged,forged,4,0.996349
family_a_005412_genuine,family_a,b805b47a8fbec77a,v1,genuine,genuine,genuine,2,0.033416
family_a_005413_text_qr_mismatch,family_a,b805b47a8fbec77a,v1,text_qr_mismatch,forged,genuine,2,0.049588
family_a_005414_qr_only_mismatch,family_a,b805b47a8fbec77a,v1,qr_only_mismatch,forged,genuine,2,0.035988
family_a_005415_checksum_invalid,family_a,b805b47a8fbec77a,v1,checksum_invalid,forged,genuine,2,0.026038
family_a_005416_format_invalid,family_a,b805b47a8fbec77a,v1,format_invalid,forged,genuine,2,0.003603
family_a_005417_field_missing,family_a,b805b47a8fbec77a,v1,field_missing,forged,genuine,2,0.001201
family_a_005418_fine_grained_edit,family_a,b805b47a8fbec77a,v1,fine_grained_edit,forged,genuine,2,0.062043
family_a_005419_coordinated_full_forgery,family_a,b805b47a8fbec77a,v1,coordinated_full_forgery,forged,genuine,2,0.221038
family_a_005420_visual_splice,family_a,b805b47a8fbec77a,v1,visual_splice,forged,forged,2,0.388962
family_a_005421_visual_splice,family_a,b805b47a8fbec77a,v1,visual_splice,forged,forged,2,0.999961
family_a_005422_visual_splice,family_a,b805b47a8fbec77a,v1,visual_splice,forged,forged,2,0.06368
family_a_005445_genuine,family_a,956e8cc0f398575e,v2,genuine,genuine,genuine,1,0.012117
family_a_005446_text_qr_mismatch,family_a,956e8cc0f398575e,v2,text_qr_mismatch,forged,genuine,1,0.001302
family_a_005447_qr_only_mismatch,family_a,956e8cc0f398575e,v2,qr_only_mismatch,forged,genuine,1,0.004279
family_a_005448_checksum_invalid,family_a,956e8cc0f398575e,v2,checksum_invalid,forged,genuine,1,0.001513
family_a_005449_format_invalid,family_a,956e8cc0f398575e,v2,format_invalid,forged,genuine,1,4.9e-05
family_a_005450_field_missing,family_a,956e8cc0f398575e,v2,field_missing,forged,genuine,1,0.0005
family_a_005451_fine_grained_edit,family_a,956e8cc0f398575e,v2,fine_grained_edit,forged,genuine,1,0.002384
family_a_005452_coordinated_full_forgery,family_a,956e8cc0f398575e,v2,coordinated_full_forgery,forged,genuine,1,0.021579
family_a_005453_visual_splice,family_a,956e8cc0f398575e,v2,visual_splice,forged,forged,1,0.999824
family_a_005454_visual_splice,family_a,956e8cc0f398575e,v2,visual_splice,forged,forged,1,0.999536
family_a_005455_visual_splice,family_a,956e8cc0f398575e,v2,visual_splice,forged,forged,1,0.99783
family_a_005456_genuine,family_a,d94e6749b718c7c3,v2,genuine,genuine,genuine,3,0.207855
family_a_005457_text_qr_mismatch,family_a,d94e6749b718c7c3,v2,text_qr_mismatch,forged,genuine,3,0.005469
family_a_005458_qr_only_mismatch,family_a,d94e6749b718c7c3,v2,qr_only_mismatch,forged,genuine,3,0.078823
family_a_005459_checksum_invalid,family_a,d94e6749b718c7c3,v2,checksum_invalid,forged,genuine,3,0.139703
family_a_005460_format_invalid,family_a,d94e6749b718c7c3,v2,format_invalid,forged,genuine,3,0.00555
family_a_005461_field_missing,family_a,d94e6749b718c7c3,v2,field_missing,forged,genuine,3,0.044026
family_a_005462_fine_grained_edit,family_a,d94e6749b718c7c3,v2,fine_grained_edit,forged,genuine,3,0.270275
family_a_005463_coordinated_full_forgery,family_a,d94e6749b718c7c3,v2,coordinated_full_forgery,forged,genuine,3,0.094594
family_a_005464_visual_splice,family_a,d94e6749b718c7c3,v2,visual_splice,forged,forged,3,0.999938
family_a_005465_visual_splice,family_a,d94e6749b718c7c3,v2,visual_splice,forged,forged,3,0.773224
family_a_005466_visual_splice,family_a,d94e6749b718c7c3,v2,visual_splice,forged,forged,3,0.999945
family_a_005467_genuine,family_a,6426a4c6a7ac1a16,v1,genuine,genuine,genuine,2,0.503638
family_a_005468_text_qr_mismatch,family_a,6426a4c6a7ac1a16,v1,text_qr_mismatch,forged,genuine,2,0.307825
family_a_005469_qr_only_mismatch,family_a,6426a4c6a7ac1a16,v1,qr_only_mismatch,forged,genuine,2,0.461052
family_a_005470_checksum_invalid,family_a,6426a4c6a7ac1a16,v1,checksum_invalid,forged,genuine,2,0.534899
family_a_005471_format_invalid,family_a,6426a4c6a7ac1a16,v1,format_invalid,forged,genuine,2,0.137409
family_a_005472_field_missing,family_a,6426a4c6a7ac1a16,v1,field_missing,forged,genuine,2,0.02689
family_a_005473_fine_grained_edit,family_a,6426a4c6a7ac1a16,v1,fine_grained_edit,forged,genuine,2,0.759461
family_a_005474_coordinated_full_forgery,family_a,6426a4c6a7ac1a16,v1,coordinated_full_forgery,forged,genuine,2,0.019641
family_a_005475_visual_splice,family_a,6426a4c6a7ac1a16,v1,visual_splice,forged,forged,2,0.999978
family_a_005476_visual_splice,family_a,6426a4c6a7ac1a16,v1,visual_splice,forged,forged,2,0.997686
family_a_005477_visual_splice,family_a,6426a4c6a7ac1a16,v1,visual_splice,forged,forged,2,0.999981
family_a_005478_genuine,family_a,e125f0a38c981080,v2,genuine,genuine,genuine,2,0.023462
family_a_005479_text_qr_mismatch,family_a,e125f0a38c981080,v2,text_qr_mismatch,forged,genuine,2,0.009051
family_a_005480_qr_only_mismatch,family_a,e125f0a38c981080,v2,qr_only_mismatch,forged,genuine,2,0.018319
family_a_005481_checksum_invalid,family_a,e125f0a38c981080,v2,checksum_invalid,forged,genuine,2,0.015722
family_a_005482_format_invalid,family_a,e125f0a38c981080,v2,format_invalid,forged,genuine,2,0.01136
family_a_005483_field_missing,family_a,e125f0a38c981080,v2,field_missing,forged,genuine,2,0.000494
family_a_005484_fine_grained_edit,family_a,e125f0a38c981080,v2,fine_grained_edit,forged,genuine,2,0.011532
family_a_005485_coordinated_full_forgery,family_a,e125f0a38c981080,v2,coordinated_full_forgery,forged,genuine,2,0.028387
family_a_005486_visual_splice,family_a,e125f0a38c981080,v2,visual_splice,forged,forged,2,0.999481
family_a_005487_visual_splice,family_a,e125f0a38c981080,v2,visual_splice,forged,forged,2,0.999488
family_a_005488_visual_splice,family_a,e125f0a38c981080,v2,visual_splice,forged,forged,2,0.999893
family_a_005489_genuine,family_a,f792113e8718f742,v1,genuine,genuine,genuine,2,0.029644
family_a_005490_text_qr_mismatch,family_a,f792113e8718f742,v1,text_qr_mismatch,forged,genuine,2,0.02358
family_a_005491_qr_only_mismatch,family_a,f792113e8718f742,v1,qr_only_mismatch,forged,genuine,2,0.01435
family_a_005492_checksum_invalid,family_a,f792113e8718f742,v1,checksum_invalid,forged,genuine,2,0.048837
family_a_005493_format_invalid,family_a,f792113e8718f742,v1,format_invalid,forged,genuine,2,0.003542
family_a_005494_field_missing,family_a,f792113e8718f742,v1,field_missing,forged,genuine,2,0.002332
family_a_005495_fine_grained_edit,family_a,f792113e8718f742,v1,fine_grained_edit,forged,genuine,2,0.013691
family_a_005496_coordinated_full_forgery,family_a,f792113e8718f742,v1,coordinated_full_forgery,forged,genuine,2,0.034697
family_a_005497_visual_splice,family_a,f792113e8718f742,v1,visual_splice,forged,forged,2,0.999652
family_a_005498_visual_splice,family_a,f792113e8718f742,v1,visual_splice,forged,forged,2,0.996376
family_a_005499_visual_splice,family_a,f792113e8718f742,v1,visual_splice,forged,forged,2,0.102202
family_b_000011_genuine,family_b,8636d7e0ddcf7ebb,v1,genuine,genuine,genuine,1,0.005919
family_b_000012_text_qr_mismatch,family_b,8636d7e0ddcf7ebb,v1,text_qr_mismatch,forged,genuine,1,0.00469
family_b_000013_qr_only_mismatch,family_b,8636d7e0ddcf7ebb,v1,qr_only_mismatch,forged,genuine,1,0.002063
family_b_000014_checksum_invalid,family_b,8636d7e0ddcf7ebb,v1,checksum_invalid,forged,genuine,1,0.002559
family_b_000015_format_invalid,family_b,8636d7e0ddcf7ebb,v1,format_invalid,forged,genuine,1,0.039948
family_b_000016_field_missing,family_b,8636d7e0ddcf7ebb,v1,field_missing,forged,genuine,1,0.000938
family_b_000017_fine_grained_edit,family_b,8636d7e0ddcf7ebb,v1,fine_grained_edit,forged,genuine,1,0.013308
family_b_000018_coordinated_full_forgery,family_b,8636d7e0ddcf7ebb,v1,coordinated_full_forgery,forged,genuine,1,0.001143
family_b_000019_visual_splice,family_b,8636d7e0ddcf7ebb,v1,visual_splice,forged,forged,1,0.999623
family_b_000020_visual_splice,family_b,8636d7e0ddcf7ebb,v1,visual_splice,forged,forged,1,0.086963
family_b_000021_visual_splice,family_b,8636d7e0ddcf7ebb,v1,visual_splice,forged,forged,1,0.999898
family_b_000022_genuine,family_b,ec56929d73813aa6,v1,genuine,genuine,genuine,2,0.004544
family_b_000023_text_qr_mismatch,family_b,ec56929d73813aa6,v1,text_qr_mismatch,forged,genuine,2,0.15902
family_b_000024_qr_only_mismatch,family_b,ec56929d73813aa6,v1,qr_only_mismatch,forged,genuine,2,0.045818
family_b_000025_checksum_invalid,family_b,ec56929d73813aa6,v1,checksum_invalid,forged,genuine,2,0.037064
family_b_000026_format_invalid,family_b,ec56929d73813aa6,v1,format_invalid,forged,genuine,2,0.025609
family_b_000027_field_missing,family_b,ec56929d73813aa6,v1,field_missing,forged,genuine,2,0.017123
family_b_000028_fine_grained_edit,family_b,ec56929d73813aa6,v1,fine_grained_edit,forged,genuine,2,0.229373
family_b_000029_coordinated_full_forgery,family_b,ec56929d73813aa6,v1,coordinated_full_forgery,forged,genuine,2,0.108473
family_b_000030_visual_splice,family_b,ec56929d73813aa6,v1,visual_splice,forged,forged,2,0.999995
family_b_000031_visual_splice,family_b,ec56929d73813aa6,v1,visual_splice,forged,forged,2,0.999789
family_b_000032_visual_splice,family_b,ec56929d73813aa6,v1,visual_splice,forged,forged,2,0.343507
family_b_000033_genuine,family_b,9b7477c9a87d7918,v1,genuine,genuine,genuine,2,0.004684
family_b_000034_text_qr_mismatch,family_b,9b7477c9a87d7918,v1,text_qr_mismatch,forged,genuine,2,0.111535
family_b_000035_qr_only_mismatch,family_b,9b7477c9a87d7918,v1,qr_only_mismatch,forged,genuine,2,0.043175
family_b_000036_checksum_invalid,family_b,9b7477c9a87d7918,v1,checksum_invalid,forged,genuine,2,0.010141
family_b_000037_format_invalid,family_b,9b7477c9a87d7918,v1,format_invalid,forged,genuine,2,0.068277
family_b_000038_field_missing,family_b,9b7477c9a87d7918,v1,field_missing,forged,genuine,2,0.003033
family_b_000039_fine_grained_edit,family_b,9b7477c9a87d7918,v1,fine_grained_edit,forged,genuine,2,0.25211
family_b_000040_coordinated_full_forgery,family_b,9b7477c9a87d7918,v1,coordinated_full_forgery,forged,genuine,2,0.032465
family_b_000041_visual_splice,family_b,9b7477c9a87d7918,v1,visual_splice,forged,forged,2,0.99782
family_b_000042_visual_splice,family_b,9b7477c9a87d7918,v1,visual_splice,forged,forged,2,0.999643
family_b_000043_visual_splice,family_b,9b7477c9a87d7918,v1,visual_splice,forged,forged,2,0.978256
family_b_000055_genuine,family_b,9261679d0356da80,v2,genuine,genuine,genuine,4,0.00371
family_b_000056_text_qr_mismatch,family_b,9261679d0356da80,v2,text_qr_mismatch,forged,genuine,4,0.012176
family_b_000057_qr_only_mismatch,family_b,9261679d0356da80,v2,qr_only_mismatch,forged,genuine,4,0.001055
family_b_000058_checksum_invalid,family_b,9261679d0356da80,v2,checksum_invalid,forged,genuine,4,0.022528
family_b_000059_format_invalid,family_b,9261679d0356da80,v2,format_invalid,forged,genuine,4,0.010474
family_b_000060_field_missing,family_b,9261679d0356da80,v2,field_missing,forged,genuine,4,0.001046
family_b_000061_fine_grained_edit,family_b,9261679d0356da80,v2,fine_grained_edit,forged,genuine,4,0.03206
family_b_000062_coordinated_full_forgery,family_b,9261679d0356da80,v2,coordinated_full_forgery,forged,genuine,4,0.101212
family_b_000063_visual_splice,family_b,9261679d0356da80,v2,visual_splice,forged,forged,4,0.99991
family_b_000064_visual_splice,family_b,9261679d0356da80,v2,visual_splice,forged,forged,4,0.141482
family_b_000065_visual_splice,family_b,9261679d0356da80,v2,visual_splice,forged,forged,4,0.996755
family_b_000066_genuine,family_b,d15bfe4a509d6566,v2,genuine,genuine,genuine,0,0.022357
family_b_000067_text_qr_mismatch,family_b,d15bfe4a509d6566,v2,text_qr_mismatch,forged,genuine,0,0.002225
family_b_000068_qr_only_mismatch,family_b,d15bfe4a509d6566,v2,qr_only_mismatch,forged,genuine,0,0.64116
family_b_000069_checksum_invalid,family_b,d15bfe4a509d6566,v2,checksum_invalid,forged,genuine,0,0.018263
family_b_000070_format_invalid,family_b,d15bfe4a509d6566,v2,format_invalid,forged,genuine,0,0.005983
family_b_000071_field_missing,family_b,d15bfe4a509d6566,v2,field_missing,forged,genuine,0,0.002153
family_b_000072_fine_grained_edit,family_b,d15bfe4a509d6566,v2,fine_grained_edit,forged,genuine,0,0.143486
family_b_000073_coordinated_full_forgery,family_b,d15bfe4a509d6566,v2,coordinated_full_forgery,forged,genuine,0,0.008897
family_b_000074_visual_splice,family_b,d15bfe4a509d6566,v2,visual_splice,forged,forged,0,0.998587
family_b_000075_visual_splice,family_b,d15bfe4a509d6566,v2,visual_splice,forged,forged,0,0.920943
family_b_000076_visual_splice,family_b,d15bfe4a509d6566,v2,visual_splice,forged,forged,0,0.982412
family_b_000099_genuine,family_b,b7cf26672bca7fc2,v2,genuine,genuine,genuine,0,0.004487
family_b_000100_text_qr_mismatch,family_b,b7cf26672bca7fc2,v2,text_qr_mismatch,forged,genuine,0,0.002934
family_b_000101_qr_only_mismatch,family_b,b7cf26672bca7fc2,v2,qr_only_mismatch,forged,genuine,0,0.101714
family_b_000102_checksum_invalid,family_b,b7cf26672bca7fc2,v2,checksum_invalid,forged,genuine,0,0.006106
family_b_000103_format_invalid,family_b,b7cf26672bca7fc2,v2,format_invalid,forged,genuine,0,0.001838
family_b_000104_field_missing,family_b,b7cf26672bca7fc2,v2,field_missing,forged,genuine,0,0.004115
family_b_000105_fine_grained_edit,family_b,b7cf26672bca7fc2,v2,fine_grained_edit,forged,genuine,0,5e-06
family_b_000106_coordinated_full_forgery,family_b,b7cf26672bca7fc2,v2,coordinated_full_forgery,forged,genuine,0,0.026524
family_b_000107_visual_splice,family_b,b7cf26672bca7fc2,v2,visual_splice,forged,forged,0,0.998467
family_b_000108_visual_splice,family_b,b7cf26672bca7fc2,v2,visual_splice,forged,forged,0,0.999661
family_b_000109_visual_splice,family_b,b7cf26672bca7fc2,v2,visual_splice,forged,forged,0,0.999517
family_b_000110_genuine,family_b,ce201ce82f4885c8,v1,genuine,genuine,genuine,1,0.006227
family_b_000111_text_qr_mismatch,family_b,ce201ce82f4885c8,v1,text_qr_mismatch,forged,genuine,1,0.001007
family_b_000112_qr_only_mismatch,family_b,ce201ce82f4885c8,v1,qr_only_mismatch,forged,genuine,1,0.118145
family_b_000113_checksum_invalid,family_b,ce201ce82f4885c8,v1,checksum_invalid,forged,genuine,1,0.001409
family_b_000114_format_invalid,family_b,ce201ce82f4885c8,v1,format_invalid,forged,genuine,1,0.003864
family_b_000115_field_missing,family_b,ce201ce82f4885c8,v1,field_missing,forged,genuine,1,0.000958
family_b_000116_fine_grained_edit,family_b,ce201ce82f4885c8,v1,fine_grained_edit,forged,genuine,1,0.007303
family_b_000117_coordinated_full_forgery,family_b,ce201ce82f4885c8,v1,coordinated_full_forgery,forged,genuine,1,0.005705
family_b_000118_visual_splice,family_b,ce201ce82f4885c8,v1,visual_splice,forged,forged,1,0.995203
family_b_000119_visual_splice,family_b,ce201ce82f4885c8,v1,visual_splice,forged,forged,1,0.997378
family_b_000120_visual_splice,family_b,ce201ce82f4885c8,v1,visual_splice,forged,forged,1,0.107177
family_b_000121_genuine,family_b,261e665ebc559338,v2,genuine,genuine,genuine,3,0.008612
family_b_000122_text_qr_mismatch,family_b,261e665ebc559338,v2,text_qr_mismatch,forged,genuine,3,0.022101
family_b_000123_qr_only_mismatch,family_b,261e665ebc559338,v2,qr_only_mismatch,forged,genuine,3,0.000126
family_b_000124_checksum_invalid,family_b,261e665ebc559338,v2,checksum_invalid,forged,genuine,3,7e-06
family_b_000125_format_invalid,family_b,261e665ebc559338,v2,format_invalid,forged,genuine,3,0.002516
family_b_000126_field_missing,family_b,261e665ebc559338,v2,field_missing,forged,genuine,3,0.001827
family_b_000127_fine_grained_edit,family_b,261e665ebc559338,v2,fine_grained_edit,forged,genuine,3,0.000407
family_b_000128_coordinated_full_forgery,family_b,261e665ebc559338,v2,coordinated_full_forgery,forged,genuine,3,0.012335
family_b_000129_visual_splice,family_b,261e665ebc559338,v2,visual_splice,forged,forged,3,0.964332
family_b_000130_visual_splice,family_b,261e665ebc559338,v2,visual_splice,forged,forged,3,0.986034
family_b_000131_visual_splice,family_b,261e665ebc559338,v2,visual_splice,forged,forged,3,0.976281
family_b_000132_genuine,family_b,5142eb0d561575a4,v1,genuine,genuine,genuine,2,0.00111
family_b_000133_text_qr_mismatch,family_b,5142eb0d561575a4,v1,text_qr_mismatch,forged,genuine,2,0.002392
family_b_000134_qr_only_mismatch,family_b,5142eb0d561575a4,v1,qr_only_mismatch,forged,genuine,2,0.086596
family_b_000135_checksum_invalid,family_b,5142eb0d561575a4,v1,checksum_invalid,forged,genuine,2,0.004855
family_b_000136_format_invalid,family_b,5142eb0d561575a4,v1,format_invalid,forged,genuine,2,0.004362
family_b_000137_field_missing,family_b,5142eb0d561575a4,v1,field_missing,forged,genuine,2,0.000709
family_b_000138_fine_grained_edit,family_b,5142eb0d561575a4,v1,fine_grained_edit,forged,genuine,2,0.001742
family_b_000139_coordinated_full_forgery,family_b,5142eb0d561575a4,v1,coordinated_full_forgery,forged,genuine,2,0.005272
family_b_000140_visual_splice,family_b,5142eb0d561575a4,v1,visual_splice,forged,forged,2,0.999682
family_b_000141_visual_splice,family_b,5142eb0d561575a4,v1,visual_splice,forged,forged,2,0.999875
family_b_000142_visual_splice,family_b,5142eb0d561575a4,v1,visual_splice,forged,forged,2,0.947692
family_b_000165_genuine,family_b,81ff0cdf0dc60b55,v1,genuine,genuine,genuine,2,0.037601
family_b_000166_text_qr_mismatch,family_b,81ff0cdf0dc60b55,v1,text_qr_mismatch,forged,genuine,2,0.035243
family_b_000167_qr_only_mismatch,family_b,81ff0cdf0dc60b55,v1,qr_only_mismatch,forged,genuine,2,0.023703
family_b_000168_checksum_invalid,family_b,81ff0cdf0dc60b55,v1,checksum_invalid,forged,genuine,2,0.611968
family_b_000169_format_invalid,family_b,81ff0cdf0dc60b55,v1,format_invalid,forged,genuine,2,0.020888
family_b_000170_field_missing,family_b,81ff0cdf0dc60b55,v1,field_missing,forged,genuine,2,0.002771
family_b_000171_fine_grained_edit,family_b,81ff0cdf0dc60b55,v1,fine_grained_edit,forged,genuine,2,0.141561
family_b_000172_coordinated_full_forgery,family_b,81ff0cdf0dc60b55,v1,coordinated_full_forgery,forged,genuine,2,0.002229
family_b_000173_visual_splice,family_b,81ff0cdf0dc60b55,v1,visual_splice,forged,forged,2,0.999882
family_b_000174_visual_splice,family_b,81ff0cdf0dc60b55,v1,visual_splice,forged,forged,2,0.927781
family_b_000175_visual_splice,family_b,81ff0cdf0dc60b55,v1,visual_splice,forged,forged,2,0.993765
family_b_000176_genuine,family_b,f758a082ab1e7793,v1,genuine,genuine,genuine,3,0.001816
family_b_000177_text_qr_mismatch,family_b,f758a082ab1e7793,v1,text_qr_mismatch,forged,genuine,3,0.00063
family_b_000178_qr_only_mismatch,family_b,f758a082ab1e7793,v1,qr_only_mismatch,forged,genuine,3,0.016232
family_b_000179_checksum_invalid,family_b,f758a082ab1e7793,v1,checksum_invalid,forged,genuine,3,0.432841
family_b_000180_format_invalid,family_b,f758a082ab1e7793,v1,format_invalid,forged,genuine,3,0.001432
family_b_000181_field_missing,family_b,f758a082ab1e7793,v1,field_missing,forged,genuine,3,0.00027
family_b_000182_fine_grained_edit,family_b,f758a082ab1e7793,v1,fine_grained_edit,forged,genuine,3,0.002032
family_b_000183_coordinated_full_forgery,family_b,f758a082ab1e7793,v1,coordinated_full_forgery,forged,genuine,3,0.001466
family_b_000184_visual_splice,family_b,f758a082ab1e7793,v1,visual_splice,forged,forged,3,0.998625
family_b_000185_visual_splice,family_b,f758a082ab1e7793,v1,visual_splice,forged,forged,3,0.992667
family_b_000186_visual_splice,family_b,f758a082ab1e7793,v1,visual_splice,forged,forged,3,0.997411
family_b_000187_genuine,family_b,40e0d81c8cf3bebf,v1,genuine,genuine,genuine,1,0.004579
family_b_000188_text_qr_mismatch,family_b,40e0d81c8cf3bebf,v1,text_qr_mismatch,forged,genuine,1,0.002519
family_b_000189_qr_only_mismatch,family_b,40e0d81c8cf3bebf,v1,qr_only_mismatch,forged,genuine,1,0.013112
family_b_000190_checksum_invalid,family_b,40e0d81c8cf3bebf,v1,checksum_invalid,forged,genuine,1,0.0535
family_b_000191_format_invalid,family_b,40e0d81c8cf3bebf,v1,format_invalid,forged,genuine,1,0.003753
family_b_000192_field_missing,family_b,40e0d81c8cf3bebf,v1,field_missing,forged,genuine,1,0.000261
family_b_000193_fine_grained_edit,family_b,40e0d81c8cf3bebf,v1,fine_grained_edit,forged,genuine,1,0.003047
family_b_000194_coordinated_full_forgery,family_b,40e0d81c8cf3bebf,v1,coordinated_full_forgery,forged,genuine,1,0.00275
family_b_000195_visual_splice,family_b,40e0d81c8cf3bebf,v1,visual_splice,forged,forged,1,0.989169
family_b_000196_visual_splice,family_b,40e0d81c8cf3bebf,v1,visual_splice,forged,forged,1,0.999173
family_b_000197_visual_splice,family_b,40e0d81c8cf3bebf,v1,visual_splice,forged,forged,1,0.999607
family_b_000220_genuine,family_b,07da6ab0de3e1100,v2,genuine,genuine,genuine,1,0.003357
family_b_000221_text_qr_mismatch,family_b,07da6ab0de3e1100,v2,text_qr_mismatch,forged,genuine,1,0.001166
family_b_000222_qr_only_mismatch,family_b,07da6ab0de3e1100,v2,qr_only_mismatch,forged,genuine,1,0.000574
family_b_000223_checksum_invalid,family_b,07da6ab0de3e1100,v2,checksum_invalid,forged,genuine,1,0.001016
family_b_000224_format_invalid,family_b,07da6ab0de3e1100,v2,format_invalid,forged,genuine,1,0.001298
family_b_000225_field_missing,family_b,07da6ab0de3e1100,v2,field_missing,forged,genuine,1,0.000912
family_b_000226_fine_grained_edit,family_b,07da6ab0de3e1100,v2,fine_grained_edit,forged,genuine,1,0.000312
family_b_000227_coordinated_full_forgery,family_b,07da6ab0de3e1100,v2,coordinated_full_forgery,forged,genuine,1,0.005262
family_b_000228_visual_splice,family_b,07da6ab0de3e1100,v2,visual_splice,forged,forged,1,0.999856
family_b_000229_visual_splice,family_b,07da6ab0de3e1100,v2,visual_splice,forged,forged,1,0.991301
family_b_000230_visual_splice,family_b,07da6ab0de3e1100,v2,visual_splice,forged,forged,1,0.00121
family_b_000231_genuine,family_b,a6eaa03650eaee87,v1,genuine,genuine,genuine,4,0.040017
family_b_000232_text_qr_mismatch,family_b,a6eaa03650eaee87,v1,text_qr_mismatch,forged,genuine,4,0.84425
family_b_000233_qr_only_mismatch,family_b,a6eaa03650eaee87,v1,qr_only_mismatch,forged,genuine,4,0.07001
family_b_000234_checksum_invalid,family_b,a6eaa03650eaee87,v1,checksum_invalid,forged,genuine,4,0.20673
family_b_000235_format_invalid,family_b,a6eaa03650eaee87,v1,format_invalid,forged,genuine,4,0.060266
family_b_000236_field_missing,family_b,a6eaa03650eaee87,v1,field_missing,forged,genuine,4,0.000346
family_b_000237_fine_grained_edit,family_b,a6eaa03650eaee87,v1,fine_grained_edit,forged,genuine,4,0.017296
family_b_000238_coordinated_full_forgery,family_b,a6eaa03650eaee87,v1,coordinated_full_forgery,forged,genuine,4,0.007602
family_b_000239_visual_splice,family_b,a6eaa03650eaee87,v1,visual_splice,forged,forged,4,0.99949
family_b_000240_visual_splice,family_b,a6eaa03650eaee87,v1,visual_splice,forged,forged,4,0.999886
family_b_000241_visual_splice,family_b,a6eaa03650eaee87,v1,visual_splice,forged,forged,4,0.998504
family_b_000242_genuine,family_b,2c1abea49b7c0f1a,v2,genuine,genuine,genuine,2,0.069179
family_b_000243_text_qr_mismatch,family_b,2c1abea49b7c0f1a,v2,text_qr_mismatch,forged,genuine,2,0.013529
family_b_000244_qr_only_mismatch,family_b,2c1abea49b7c0f1a,v2,qr_only_mismatch,forged,genuine,2,0.04348
family_b_000245_checksum_invalid,family_b,2c1abea49b7c0f1a,v2,checksum_invalid,forged,genuine,2,0.020797
family_b_000246_format_invalid,family_b,2c1abea49b7c0f1a,v2,format_invalid,forged,genuine,2,0.03301
family_b_000247_field_missing,family_b,2c1abea49b7c0f1a,v2,field_missing,forged,genuine,2,0.001368
family_b_000248_fine_grained_edit,family_b,2c1abea49b7c0f1a,v2,fine_grained_edit,forged,genuine,2,0.042739
family_b_000249_coordinated_full_forgery,family_b,2c1abea49b7c0f1a,v2,coordinated_full_forgery,forged,genuine,2,0.041437
family_b_000250_visual_splice,family_b,2c1abea49b7c0f1a,v2,visual_splice,forged,forged,2,0.999866
family_b_000251_visual_splice,family_b,2c1abea49b7c0f1a,v2,visual_splice,forged,forged,2,0.999863
family_b_000252_visual_splice,family_b,2c1abea49b7c0f1a,v2,visual_splice,forged,forged,2,0.036649
family_b_000253_genuine,family_b,8c4d847300f80bf2,v1,genuine,genuine,genuine,0,0.000345
family_b_000254_text_qr_mismatch,family_b,8c4d847300f80bf2,v1,text_qr_mismatch,forged,genuine,0,0.001598
family_b_000255_qr_only_mismatch,family_b,8c4d847300f80bf2,v1,qr_only_mismatch,forged,genuine,0,0.000184
family_b_000256_checksum_invalid,family_b,8c4d847300f80bf2,v1,checksum_invalid,forged,genuine,0,0.001329
family_b_000257_format_invalid,family_b,8c4d847300f80bf2,v1,format_invalid,forged,genuine,0,0.010067
family_b_000258_field_missing,family_b,8c4d847300f80bf2,v1,field_missing,forged,genuine,0,4.7e-05
family_b_000259_fine_grained_edit,family_b,8c4d847300f80bf2,v1,fine_grained_edit,forged,genuine,0,0.008102
family_b_000260_coordinated_full_forgery,family_b,8c4d847300f80bf2,v1,coordinated_full_forgery,forged,genuine,0,0.153519
family_b_000261_visual_splice,family_b,8c4d847300f80bf2,v1,visual_splice,forged,forged,0,0.998478
family_b_000262_visual_splice,family_b,8c4d847300f80bf2,v1,visual_splice,forged,forged,0,0.999734
family_b_000263_visual_splice,family_b,8c4d847300f80bf2,v1,visual_splice,forged,forged,0,0.999732
family_b_000264_genuine,family_b,a75be279591de363,v1,genuine,genuine,genuine,2,0.042485
family_b_000265_text_qr_mismatch,family_b,a75be279591de363,v1,text_qr_mismatch,forged,genuine,2,0.002892
family_b_000266_qr_only_mismatch,family_b,a75be279591de363,v1,qr_only_mismatch,forged,genuine,2,0.009814
family_b_000267_checksum_invalid,family_b,a75be279591de363,v1,checksum_invalid,forged,genuine,2,0.016586
family_b_000268_format_invalid,family_b,a75be279591de363,v1,format_invalid,forged,genuine,2,0.01254
family_b_000269_field_missing,family_b,a75be279591de363,v1,field_missing,forged,genuine,2,0.006723
family_b_000270_fine_grained_edit,family_b,a75be279591de363,v1,fine_grained_edit,forged,genuine,2,0.379588
family_b_000271_coordinated_full_forgery,family_b,a75be279591de363,v1,coordinated_full_forgery,forged,genuine,2,0.004639
family_b_000272_visual_splice,family_b,a75be279591de363,v1,visual_splice,forged,forged,2,0.999861
family_b_000273_visual_splice,family_b,a75be279591de363,v1,visual_splice,forged,forged,2,0.930254
family_b_000274_visual_splice,family_b,a75be279591de363,v1,visual_splice,forged,forged,2,0.999989
family_b_000275_genuine,family_b,879553f8764faea5,v1,genuine,genuine,genuine,2,2.7e-05
family_b_000276_text_qr_mismatch,family_b,879553f8764faea5,v1,text_qr_mismatch,forged,genuine,2,0.018042
family_b_000277_qr_only_mismatch,family_b,879553f8764faea5,v1,qr_only_mismatch,forged,genuine,2,0.147394
family_b_000278_checksum_invalid,family_b,879553f8764faea5,v1,checksum_invalid,forged,genuine,2,0.008158
family_b_000279_format_invalid,family_b,879553f8764faea5,v1,format_invalid,forged,genuine,2,0.00068
family_b_000280_field_missing,family_b,879553f8764faea5,v1,field_missing,forged,genuine,2,0.00391
family_b_000281_fine_grained_edit,family_b,879553f8764faea5,v1,fine_grained_edit,forged,genuine,2,0.020662
family_b_000282_coordinated_full_forgery,family_b,879553f8764faea5,v1,coordinated_full_forgery,forged,genuine,2,0.03688
family_b_000283_visual_splice,family_b,879553f8764faea5,v1,visual_splice,forged,forged,2,0.199697
family_b_000284_visual_splice,family_b,879553f8764faea5,v1,visual_splice,forged,forged,2,0.999939
family_b_000285_visual_splice,family_b,879553f8764faea5,v1,visual_splice,forged,forged,2,0.999881
family_b_000297_genuine,family_b,11318356fa2d5c4d,v2,genuine,genuine,genuine,2,0.018483
family_b_000298_text_qr_mismatch,family_b,11318356fa2d5c4d,v2,text_qr_mismatch,forged,genuine,2,0.048248
family_b_000299_qr_only_mismatch,family_b,11318356fa2d5c4d,v2,qr_only_mismatch,forged,genuine,2,0.004276
family_b_000300_checksum_invalid,family_b,11318356fa2d5c4d,v2,checksum_invalid,forged,genuine,2,0.017418
family_b_000301_format_invalid,family_b,11318356fa2d5c4d,v2,format_invalid,forged,genuine,2,0.667562
family_b_000302_field_missing,family_b,11318356fa2d5c4d,v2,field_missing,forged,genuine,2,0.024445
family_b_000303_fine_grained_edit,family_b,11318356fa2d5c4d,v2,fine_grained_edit,forged,genuine,2,0.015967
family_b_000304_coordinated_full_forgery,family_b,11318356fa2d5c4d,v2,coordinated_full_forgery,forged,genuine,2,0.010086
family_b_000305_visual_splice,family_b,11318356fa2d5c4d,v2,visual_splice,forged,forged,2,0.999799
family_b_000306_visual_splice,family_b,11318356fa2d5c4d,v2,visual_splice,forged,forged,2,0.999627
family_b_000307_visual_splice,family_b,11318356fa2d5c4d,v2,visual_splice,forged,forged,2,0.999888
family_b_000308_genuine,family_b,9b991a6f81ddea41,v2,genuine,genuine,genuine,2,0.077901
family_b_000309_text_qr_mismatch,family_b,9b991a6f81ddea41,v2,text_qr_mismatch,forged,genuine,2,0.003702
family_b_000310_qr_only_mismatch,family_b,9b991a6f81ddea41,v2,qr_only_mismatch,forged,genuine,2,0.074875
family_b_000311_checksum_invalid,family_b,9b991a6f81ddea41,v2,checksum_invalid,forged,genuine,2,0.008911
family_b_000312_format_invalid,family_b,9b991a6f81ddea41,v2,format_invalid,forged,genuine,2,0.007004
family_b_000313_field_missing,family_b,9b991a6f81ddea41,v2,field_missing,forged,genuine,2,0.002188
family_b_000314_fine_grained_edit,family_b,9b991a6f81ddea41,v2,fine_grained_edit,forged,genuine,2,0.009861
family_b_000315_coordinated_full_forgery,family_b,9b991a6f81ddea41,v2,coordinated_full_forgery,forged,genuine,2,0.010344
family_b_000316_visual_splice,family_b,9b991a6f81ddea41,v2,visual_splice,forged,forged,2,0.999916
family_b_000317_visual_splice,family_b,9b991a6f81ddea41,v2,visual_splice,forged,forged,2,0.998917
family_b_000318_visual_splice,family_b,9b991a6f81ddea41,v2,visual_splice,forged,forged,2,0.082317
family_b_000330_genuine,family_b,da6bfa5f1c371ef8,v2,genuine,genuine,genuine,1,0.053794
family_b_000331_text_qr_mismatch,family_b,da6bfa5f1c371ef8,v2,text_qr_mismatch,forged,genuine,1,0.043353
family_b_000332_qr_only_mismatch,family_b,da6bfa5f1c371ef8,v2,qr_only_mismatch,forged,genuine,1,0.009442
family_b_000333_checksum_invalid,family_b,da6bfa5f1c371ef8,v2,checksum_invalid,forged,genuine,1,0.052624
family_b_000334_format_invalid,family_b,da6bfa5f1c371ef8,v2,format_invalid,forged,genuine,1,0.006471
family_b_000335_field_missing,family_b,da6bfa5f1c371ef8,v2,field_missing,forged,genuine,1,0.01019
family_b_000336_fine_grained_edit,family_b,da6bfa5f1c371ef8,v2,fine_grained_edit,forged,genuine,1,0.031001
family_b_000337_coordinated_full_forgery,family_b,da6bfa5f1c371ef8,v2,coordinated_full_forgery,forged,genuine,1,0.033207
family_b_000338_visual_splice,family_b,da6bfa5f1c371ef8,v2,visual_splice,forged,forged,1,0.997869
family_b_000339_visual_splice,family_b,da6bfa5f1c371ef8,v2,visual_splice,forged,forged,1,0.999498
family_b_000340_visual_splice,family_b,da6bfa5f1c371ef8,v2,visual_splice,forged,forged,1,0.99964
family_b_000341_genuine,family_b,25e2939bca7029af,v2,genuine,genuine,genuine,0,0.006476
family_b_000342_text_qr_mismatch,family_b,25e2939bca7029af,v2,text_qr_mismatch,forged,genuine,0,0.003432
family_b_000343_qr_only_mismatch,family_b,25e2939bca7029af,v2,qr_only_mismatch,forged,genuine,0,0.013717
family_b_000344_checksum_invalid,family_b,25e2939bca7029af,v2,checksum_invalid,forged,genuine,0,0.003563
family_b_000345_format_invalid,family_b,25e2939bca7029af,v2,format_invalid,forged,genuine,0,0.004028
family_b_000346_field_missing,family_b,25e2939bca7029af,v2,field_missing,forged,genuine,0,0.001354
family_b_000347_fine_grained_edit,family_b,25e2939bca7029af,v2,fine_grained_edit,forged,genuine,0,0.002911
family_b_000348_coordinated_full_forgery,family_b,25e2939bca7029af,v2,coordinated_full_forgery,forged,genuine,0,0.001354
family_b_000349_visual_splice,family_b,25e2939bca7029af,v2,visual_splice,forged,forged,0,0.963376
family_b_000350_visual_splice,family_b,25e2939bca7029af,v2,visual_splice,forged,forged,0,0.999709
family_b_000351_visual_splice,family_b,25e2939bca7029af,v2,visual_splice,forged,forged,0,0.999424
family_b_000352_genuine,family_b,13224fc58e67ed2a,v2,genuine,genuine,genuine,4,0.043694
family_b_000353_text_qr_mismatch,family_b,13224fc58e67ed2a,v2,text_qr_mismatch,forged,genuine,4,0.021454
family_b_000354_qr_only_mismatch,family_b,13224fc58e67ed2a,v2,qr_only_mismatch,forged,genuine,4,0.00024
family_b_000355_checksum_invalid,family_b,13224fc58e67ed2a,v2,checksum_invalid,forged,genuine,4,0.041838
family_b_000356_format_invalid,family_b,13224fc58e67ed2a,v2,format_invalid,forged,genuine,4,0.000401
family_b_000357_field_missing,family_b,13224fc58e67ed2a,v2,field_missing,forged,genuine,4,0.003643
family_b_000358_fine_grained_edit,family_b,13224fc58e67ed2a,v2,fine_grained_edit,forged,genuine,4,0.081505
family_b_000359_coordinated_full_forgery,family_b,13224fc58e67ed2a,v2,coordinated_full_forgery,forged,genuine,4,0.00526
family_b_000360_visual_splice,family_b,13224fc58e67ed2a,v2,visual_splice,forged,forged,4,0.989674
family_b_000361_visual_splice,family_b,13224fc58e67ed2a,v2,visual_splice,forged,forged,4,0.999866
family_b_000362_visual_splice,family_b,13224fc58e67ed2a,v2,visual_splice,forged,forged,4,0.999824
family_b_000363_genuine,family_b,cf39b3483195455a,v1,genuine,genuine,genuine,3,0.962658
family_b_000364_text_qr_mismatch,family_b,cf39b3483195455a,v1,text_qr_mismatch,forged,genuine,3,0.057647
family_b_000365_qr_only_mismatch,family_b,cf39b3483195455a,v1,qr_only_mismatch,forged,genuine,3,0.014064
family_b_000366_checksum_invalid,family_b,cf39b3483195455a,v1,checksum_invalid,forged,genuine,3,0.084272
family_b_000367_format_invalid,family_b,cf39b3483195455a,v1,format_invalid,forged,genuine,3,0.018476
family_b_000368_field_missing,family_b,cf39b3483195455a,v1,field_missing,forged,genuine,3,0.00293
family_b_000369_fine_grained_edit,family_b,cf39b3483195455a,v1,fine_grained_edit,forged,genuine,3,0.513124
family_b_000370_coordinated_full_forgery,family_b,cf39b3483195455a,v1,coordinated_full_forgery,forged,genuine,3,0.004336
family_b_000371_visual_splice,family_b,cf39b3483195455a,v1,visual_splice,forged,forged,3,1.9e-05
family_b_000372_visual_splice,family_b,cf39b3483195455a,v1,visual_splice,forged,forged,3,0.997827
family_b_000373_visual_splice,family_b,cf39b3483195455a,v1,visual_splice,forged,forged,3,0.864228
family_b_000374_genuine,family_b,2008bde7849cceb0,v2,genuine,genuine,genuine,0,0.013951
family_b_000375_text_qr_mismatch,family_b,2008bde7849cceb0,v2,text_qr_mismatch,forged,genuine,0,0.020747
family_b_000376_qr_only_mismatch,family_b,2008bde7849cceb0,v2,qr_only_mismatch,forged,genuine,0,0.001079
family_b_000377_checksum_invalid,family_b,2008bde7849cceb0,v2,checksum_invalid,forged,genuine,0,0.180399
family_b_000378_format_invalid,family_b,2008bde7849cceb0,v2,format_invalid,forged,genuine,0,0.000766
family_b_000379_field_missing,family_b,2008bde7849cceb0,v2,field_missing,forged,genuine,0,0.178974
family_b_000380_fine_grained_edit,family_b,2008bde7849cceb0,v2,fine_grained_edit,forged,genuine,0,0.01497
family_b_000381_coordinated_full_forgery,family_b,2008bde7849cceb0,v2,coordinated_full_forgery,forged,genuine,0,0.000197
family_b_000382_visual_splice,family_b,2008bde7849cceb0,v2,visual_splice,forged,forged,0,0.780449
family_b_000383_visual_splice,family_b,2008bde7849cceb0,v2,visual_splice,forged,forged,0,0.014628
family_b_000384_visual_splice,family_b,2008bde7849cceb0,v2,visual_splice,forged,forged,0,0.999919
family_b_000385_genuine,family_b,bc2f0aaadf2d9ebb,v1,genuine,genuine,genuine,2,0.004127
family_b_000386_text_qr_mismatch,family_b,bc2f0aaadf2d9ebb,v1,text_qr_mismatch,forged,genuine,2,0.001672
family_b_000387_qr_only_mismatch,family_b,bc2f0aaadf2d9ebb,v1,qr_only_mismatch,forged,genuine,2,0.019319
family_b_000388_checksum_invalid,family_b,bc2f0aaadf2d9ebb,v1,checksum_invalid,forged,genuine,2,0.012194
family_b_000389_format_invalid,family_b,bc2f0aaadf2d9ebb,v1,format_invalid,forged,genuine,2,0.001757
family_b_000390_field_missing,family_b,bc2f0aaadf2d9ebb,v1,field_missing,forged,genuine,2,0.00024
family_b_000391_fine_grained_edit,family_b,bc2f0aaadf2d9ebb,v1,fine_grained_edit,forged,genuine,2,0.004955
family_b_000392_coordinated_full_forgery,family_b,bc2f0aaadf2d9ebb,v1,coordinated_full_forgery,forged,genuine,2,0.042427
family_b_000393_visual_splice,family_b,bc2f0aaadf2d9ebb,v1,visual_splice,forged,forged,2,0.999814
family_b_000394_visual_splice,family_b,bc2f0aaadf2d9ebb,v1,visual_splice,forged,forged,2,0.999933
family_b_000395_visual_splice,family_b,bc2f0aaadf2d9ebb,v1,visual_splice,forged,forged,2,0.999661
family_b_000396_genuine,family_b,b3aca4d553529307,v1,genuine,genuine,genuine,4,0.023314
family_b_000397_text_qr_mismatch,family_b,b3aca4d553529307,v1,text_qr_mismatch,forged,genuine,4,0.030185
family_b_000398_qr_only_mismatch,family_b,b3aca4d553529307,v1,qr_only_mismatch,forged,genuine,4,0.010425
family_b_000399_checksum_invalid,family_b,b3aca4d553529307,v1,checksum_invalid,forged,genuine,4,0.033148
family_b_000400_format_invalid,family_b,b3aca4d553529307,v1,format_invalid,forged,genuine,4,0.022463
family_b_000401_field_missing,family_b,b3aca4d553529307,v1,field_missing,forged,genuine,4,0.00032
family_b_000402_fine_grained_edit,family_b,b3aca4d553529307,v1,fine_grained_edit,forged,genuine,4,0.032075
family_b_000403_coordinated_full_forgery,family_b,b3aca4d553529307,v1,coordinated_full_forgery,forged,genuine,4,0.014753
family_b_000404_visual_splice,family_b,b3aca4d553529307,v1,visual_splice,forged,forged,4,0.99953
family_b_000405_visual_splice,family_b,b3aca4d553529307,v1,visual_splice,forged,forged,4,0.999483
family_b_000406_visual_splice,family_b,b3aca4d553529307,v1,visual_splice,forged,forged,4,0.999694
family_b_000407_genuine,family_b,8dc62acce46af64d,v1,genuine,genuine,genuine,2,0.093336
family_b_000408_text_qr_mismatch,family_b,8dc62acce46af64d,v1,text_qr_mismatch,forged,genuine,2,0.027449
family_b_000409_qr_only_mismatch,family_b,8dc62acce46af64d,v1,qr_only_mismatch,forged,genuine,2,0.028927
family_b_000410_checksum_invalid,family_b,8dc62acce46af64d,v1,checksum_invalid,forged,genuine,2,0.081933
family_b_000411_format_invalid,family_b,8dc62acce46af64d,v1,format_invalid,forged,genuine,2,0.01521
family_b_000412_field_missing,family_b,8dc62acce46af64d,v1,field_missing,forged,genuine,2,0.000717
family_b_000413_fine_grained_edit,family_b,8dc62acce46af64d,v1,fine_grained_edit,forged,genuine,2,0.000278
family_b_000414_coordinated_full_forgery,family_b,8dc62acce46af64d,v1,coordinated_full_forgery,forged,genuine,2,0.946559
family_b_000415_visual_splice,family_b,8dc62acce46af64d,v1,visual_splice,forged,forged,2,0.905142
family_b_000416_visual_splice,family_b,8dc62acce46af64d,v1,visual_splice,forged,forged,2,0.999879
family_b_000417_visual_splice,family_b,8dc62acce46af64d,v1,visual_splice,forged,forged,2,0.978545
family_b_000418_genuine,family_b,5b1f7e853cc3404a,v1,genuine,genuine,genuine,4,0.001698
family_b_000419_text_qr_mismatch,family_b,5b1f7e853cc3404a,v1,text_qr_mismatch,forged,genuine,4,0.000302
family_b_000420_qr_only_mismatch,family_b,5b1f7e853cc3404a,v1,qr_only_mismatch,forged,genuine,4,0.011651
family_b_000421_checksum_invalid,family_b,5b1f7e853cc3404a,v1,checksum_invalid,forged,genuine,4,0.001007
family_b_000422_format_invalid,family_b,5b1f7e853cc3404a,v1,format_invalid,forged,genuine,4,0.004952
family_b_000423_field_missing,family_b,5b1f7e853cc3404a,v1,field_missing,forged,genuine,4,0.000472
family_b_000424_fine_grained_edit,family_b,5b1f7e853cc3404a,v1,fine_grained_edit,forged,genuine,4,0.144594
family_b_000425_coordinated_full_forgery,family_b,5b1f7e853cc3404a,v1,coordinated_full_forgery,forged,genuine,4,0.014022
family_b_000426_visual_splice,family_b,5b1f7e853cc3404a,v1,visual_splice,forged,forged,4,0.997372
family_b_000427_visual_splice,family_b,5b1f7e853cc3404a,v1,visual_splice,forged,forged,4,0.91466
family_b_000428_visual_splice,family_b,5b1f7e853cc3404a,v1,visual_splice,forged,forged,4,0.99989
family_b_000429_genuine,family_b,53c561e159e65ddc,v2,genuine,genuine,genuine,3,0.003182
family_b_000430_text_qr_mismatch,family_b,53c561e159e65ddc,v2,text_qr_mismatch,forged,genuine,3,0.19639
family_b_000431_qr_only_mismatch,family_b,53c561e159e65ddc,v2,qr_only_mismatch,forged,genuine,3,0.024776
family_b_000432_checksum_invalid,family_b,53c561e159e65ddc,v2,checksum_invalid,forged,genuine,3,0.00453
family_b_000433_format_invalid,family_b,53c561e159e65ddc,v2,format_invalid,forged,genuine,3,0.009799
family_b_000434_field_missing,family_b,53c561e159e65ddc,v2,field_missing,forged,genuine,3,0.001028
family_b_000435_fine_grained_edit,family_b,53c561e159e65ddc,v2,fine_grained_edit,forged,genuine,3,0.006945
family_b_000436_coordinated_full_forgery,family_b,53c561e159e65ddc,v2,coordinated_full_forgery,forged,genuine,3,0.056011
family_b_000437_visual_splice,family_b,53c561e159e65ddc,v2,visual_splice,forged,forged,3,0.997844
family_b_000438_visual_splice,family_b,53c561e159e65ddc,v2,visual_splice,forged,forged,3,0.021208
family_b_000439_visual_splice,family_b,53c561e159e65ddc,v2,visual_splice,forged,forged,3,0.069096
family_b_000473_genuine,family_b,269f1261700b250b,v2,genuine,genuine,genuine,1,0.000913
family_b_000474_text_qr_mismatch,family_b,269f1261700b250b,v2,text_qr_mismatch,forged,genuine,1,0.000132
family_b_000475_qr_only_mismatch,family_b,269f1261700b250b,v2,qr_only_mismatch,forged,genuine,1,0.001194
family_b_000476_checksum_invalid,family_b,269f1261700b250b,v2,checksum_invalid,forged,genuine,1,9.7e-05
family_b_000477_format_invalid,family_b,269f1261700b250b,v2,format_invalid,forged,genuine,1,0.000322
family_b_000478_field_missing,family_b,269f1261700b250b,v2,field_missing,forged,genuine,1,0.007578
family_b_000479_fine_grained_edit,family_b,269f1261700b250b,v2,fine_grained_edit,forged,genuine,1,0.092731
family_b_000480_coordinated_full_forgery,family_b,269f1261700b250b,v2,coordinated_full_forgery,forged,genuine,1,0.002078
family_b_000481_visual_splice,family_b,269f1261700b250b,v2,visual_splice,forged,forged,1,0.99783
family_b_000482_visual_splice,family_b,269f1261700b250b,v2,visual_splice,forged,forged,1,0.999644
family_b_000483_visual_splice,family_b,269f1261700b250b,v2,visual_splice,forged,forged,1,0.999571
family_b_000484_genuine,family_b,5582e9f60732c091,v1,genuine,genuine,genuine,4,0.007358
family_b_000485_text_qr_mismatch,family_b,5582e9f60732c091,v1,text_qr_mismatch,forged,genuine,4,0.09385
family_b_000486_qr_only_mismatch,family_b,5582e9f60732c091,v1,qr_only_mismatch,forged,genuine,4,0.048254
family_b_000487_checksum_invalid,family_b,5582e9f60732c091,v1,checksum_invalid,forged,genuine,4,0.068557
family_b_000488_format_invalid,family_b,5582e9f60732c091,v1,format_invalid,forged,genuine,4,0.007997
family_b_000489_field_missing,family_b,5582e9f60732c091,v1,field_missing,forged,genuine,4,0.023261
family_b_000490_fine_grained_edit,family_b,5582e9f60732c091,v1,fine_grained_edit,forged,genuine,4,0.122521
family_b_000491_coordinated_full_forgery,family_b,5582e9f60732c091,v1,coordinated_full_forgery,forged,genuine,4,0.206475
family_b_000492_visual_splice,family_b,5582e9f60732c091,v1,visual_splice,forged,forged,4,0.706346
family_b_000493_visual_splice,family_b,5582e9f60732c091,v1,visual_splice,forged,forged,4,0.835765
family_b_000494_visual_splice,family_b,5582e9f60732c091,v1,visual_splice,forged,forged,4,0.999238
family_b_000495_genuine,family_b,e1f7c92d86944741,v2,genuine,genuine,genuine,2,0.234317
family_b_000496_text_qr_mismatch,family_b,e1f7c92d86944741,v2,text_qr_mismatch,forged,genuine,2,0.145124
family_b_000497_qr_only_mismatch,family_b,e1f7c92d86944741,v2,qr_only_mismatch,forged,genuine,2,0.529455
family_b_000498_checksum_invalid,family_b,e1f7c92d86944741,v2,checksum_invalid,forged,genuine,2,0.382155
family_b_000499_format_invalid,family_b,e1f7c92d86944741,v2,format_invalid,forged,genuine,2,0.046106
family_b_000500_field_missing,family_b,e1f7c92d86944741,v2,field_missing,forged,genuine,2,0.008234
family_b_000501_fine_grained_edit,family_b,e1f7c92d86944741,v2,fine_grained_edit,forged,genuine,2,0.140464
family_b_000502_coordinated_full_forgery,family_b,e1f7c92d86944741,v2,coordinated_full_forgery,forged,genuine,2,0.024978
family_b_000503_visual_splice,family_b,e1f7c92d86944741,v2,visual_splice,forged,forged,2,0.999847
family_b_000504_visual_splice,family_b,e1f7c92d86944741,v2,visual_splice,forged,forged,2,0.9999
family_b_000505_visual_splice,family_b,e1f7c92d86944741,v2,visual_splice,forged,forged,2,0.999871
family_b_000506_genuine,family_b,92e020d72c5fb13f,v1,genuine,genuine,genuine,3,0.000297
family_b_000507_text_qr_mismatch,family_b,92e020d72c5fb13f,v1,text_qr_mismatch,forged,genuine,3,0.000553
family_b_000508_qr_only_mismatch,family_b,92e020d72c5fb13f,v1,qr_only_mismatch,forged,genuine,3,5e-06
family_b_000509_checksum_invalid,family_b,92e020d72c5fb13f,v1,checksum_invalid,forged,genuine,3,0.000321
family_b_000510_format_invalid,family_b,92e020d72c5fb13f,v1,format_invalid,forged,genuine,3,0.000207
family_b_000511_field_missing,family_b,92e020d72c5fb13f,v1,field_missing,forged,genuine,3,0.000112
family_b_000512_fine_grained_edit,family_b,92e020d72c5fb13f,v1,fine_grained_edit,forged,genuine,3,0.004612
family_b_000513_coordinated_full_forgery,family_b,92e020d72c5fb13f,v1,coordinated_full_forgery,forged,genuine,3,0.003247
family_b_000514_visual_splice,family_b,92e020d72c5fb13f,v1,visual_splice,forged,forged,3,0.990965
family_b_000515_visual_splice,family_b,92e020d72c5fb13f,v1,visual_splice,forged,forged,3,0.997025
family_b_000516_visual_splice,family_b,92e020d72c5fb13f,v1,visual_splice,forged,forged,3,0.006502
family_b_000517_genuine,family_b,191c0b117d8b5ffa,v2,genuine,genuine,genuine,1,0.313153
family_b_000518_text_qr_mismatch,family_b,191c0b117d8b5ffa,v2,text_qr_mismatch,forged,genuine,1,0.089486
family_b_000519_qr_only_mismatch,family_b,191c0b117d8b5ffa,v2,qr_only_mismatch,forged,genuine,1,0.002616
family_b_000520_checksum_invalid,family_b,191c0b117d8b5ffa,v2,checksum_invalid,forged,genuine,1,0.00331
family_b_000521_format_invalid,family_b,191c0b117d8b5ffa,v2,format_invalid,forged,genuine,1,0.001626
family_b_000522_field_missing,family_b,191c0b117d8b5ffa,v2,field_missing,forged,genuine,1,0.000859
family_b_000523_fine_grained_edit,family_b,191c0b117d8b5ffa,v2,fine_grained_edit,forged,genuine,1,0.006442
family_b_000524_coordinated_full_forgery,family_b,191c0b117d8b5ffa,v2,coordinated_full_forgery,forged,genuine,1,0.00759
family_b_000525_visual_splice,family_b,191c0b117d8b5ffa,v2,visual_splice,forged,forged,1,0.982817
family_b_000526_visual_splice,family_b,191c0b117d8b5ffa,v2,visual_splice,forged,forged,1,0.9976
family_b_000527_visual_splice,family_b,191c0b117d8b5ffa,v2,visual_splice,forged,forged,1,0.999268
family_b_000528_genuine,family_b,a6c009632dc8c9f8,v1,genuine,genuine,genuine,0,0.039501
family_b_000529_text_qr_mismatch,family_b,a6c009632dc8c9f8,v1,text_qr_mismatch,forged,genuine,0,0.003667
family_b_000530_qr_only_mismatch,family_b,a6c009632dc8c9f8,v1,qr_only_mismatch,forged,genuine,0,0.15923
family_b_000531_checksum_invalid,family_b,a6c009632dc8c9f8,v1,checksum_invalid,forged,genuine,0,0.005578
family_b_000532_format_invalid,family_b,a6c009632dc8c9f8,v1,format_invalid,forged,genuine,0,0.002723
family_b_000533_field_missing,family_b,a6c009632dc8c9f8,v1,field_missing,forged,genuine,0,0.001275
family_b_000534_fine_grained_edit,family_b,a6c009632dc8c9f8,v1,fine_grained_edit,forged,genuine,0,0.000263
family_b_000535_coordinated_full_forgery,family_b,a6c009632dc8c9f8,v1,coordinated_full_forgery,forged,genuine,0,0.006135
family_b_000536_visual_splice,family_b,a6c009632dc8c9f8,v1,visual_splice,forged,forged,0,0.999844
family_b_000537_visual_splice,family_b,a6c009632dc8c9f8,v1,visual_splice,forged,forged,0,0.999764
family_b_000538_visual_splice,family_b,a6c009632dc8c9f8,v1,visual_splice,forged,forged,0,0.999291
family_b_000539_genuine,family_b,06a40b112aa1b224,v2,genuine,genuine,genuine,4,0.072804
family_b_000540_text_qr_mismatch,family_b,06a40b112aa1b224,v2,text_qr_mismatch,forged,genuine,4,0.058057
family_b_000541_qr_only_mismatch,family_b,06a40b112aa1b224,v2,qr_only_mismatch,forged,genuine,4,0.009191
family_b_000542_checksum_invalid,family_b,06a40b112aa1b224,v2,checksum_invalid,forged,genuine,4,0.088965
family_b_000543_format_invalid,family_b,06a40b112aa1b224,v2,format_invalid,forged,genuine,4,0.010928
family_b_000544_field_missing,family_b,06a40b112aa1b224,v2,field_missing,forged,genuine,4,0.003248
family_b_000545_fine_grained_edit,family_b,06a40b112aa1b224,v2,fine_grained_edit,forged,genuine,4,0.038072
family_b_000546_coordinated_full_forgery,family_b,06a40b112aa1b224,v2,coordinated_full_forgery,forged,genuine,4,0.000838
family_b_000547_visual_splice,family_b,06a40b112aa1b224,v2,visual_splice,forged,forged,4,0.99981
family_b_000548_visual_splice,family_b,06a40b112aa1b224,v2,visual_splice,forged,forged,4,0.999869
family_b_000549_visual_splice,family_b,06a40b112aa1b224,v2,visual_splice,forged,forged,4,0.997616
family_b_000550_genuine,family_b,502ffc4ab2870430,v1,genuine,genuine,genuine,1,0.011948
family_b_000551_text_qr_mismatch,family_b,502ffc4ab2870430,v1,text_qr_mismatch,forged,genuine,1,0.019933
family_b_000552_qr_only_mismatch,family_b,502ffc4ab2870430,v1,qr_only_mismatch,forged,genuine,1,0.009147
family_b_000553_checksum_invalid,family_b,502ffc4ab2870430,v1,checksum_invalid,forged,genuine,1,0.017333
family_b_000554_format_invalid,family_b,502ffc4ab2870430,v1,format_invalid,forged,genuine,1,0.044186
family_b_000555_field_missing,family_b,502ffc4ab2870430,v1,field_missing,forged,genuine,1,0.001896
family_b_000556_fine_grained_edit,family_b,502ffc4ab2870430,v1,fine_grained_edit,forged,genuine,1,0.109181
family_b_000557_coordinated_full_forgery,family_b,502ffc4ab2870430,v1,coordinated_full_forgery,forged,genuine,1,0.001882
family_b_000558_visual_splice,family_b,502ffc4ab2870430,v1,visual_splice,forged,forged,1,0.99981
family_b_000559_visual_splice,family_b,502ffc4ab2870430,v1,visual_splice,forged,forged,1,0.358725
family_b_000560_visual_splice,family_b,502ffc4ab2870430,v1,visual_splice,forged,forged,1,0.999755
family_b_000572_genuine,family_b,9a5e660b3485448d,v2,genuine,genuine,genuine,3,0.02156
family_b_000573_text_qr_mismatch,family_b,9a5e660b3485448d,v2,text_qr_mismatch,forged,genuine,3,0.002706
family_b_000574_qr_only_mismatch,family_b,9a5e660b3485448d,v2,qr_only_mismatch,forged,genuine,3,0.003712
family_b_000575_checksum_invalid,family_b,9a5e660b3485448d,v2,checksum_invalid,forged,genuine,3,0.041687
family_b_000576_format_invalid,family_b,9a5e660b3485448d,v2,format_invalid,forged,genuine,3,0.000971
family_b_000577_field_missing,family_b,9a5e660b3485448d,v2,field_missing,forged,genuine,3,0.001004
family_b_000578_fine_grained_edit,family_b,9a5e660b3485448d,v2,fine_grained_edit,forged,genuine,3,0.002052
family_b_000579_coordinated_full_forgery,family_b,9a5e660b3485448d,v2,coordinated_full_forgery,forged,genuine,3,0.002516
family_b_000580_visual_splice,family_b,9a5e660b3485448d,v2,visual_splice,forged,forged,3,0.751913
family_b_000581_visual_splice,family_b,9a5e660b3485448d,v2,visual_splice,forged,forged,3,0.997105
family_b_000582_visual_splice,family_b,9a5e660b3485448d,v2,visual_splice,forged,forged,3,0.992286
family_b_000583_genuine,family_b,a664c9ffd24e8ad2,v2,genuine,genuine,genuine,4,0.04314
family_b_000584_text_qr_mismatch,family_b,a664c9ffd24e8ad2,v2,text_qr_mismatch,forged,genuine,4,0.103344
family_b_000585_qr_only_mismatch,family_b,a664c9ffd24e8ad2,v2,qr_only_mismatch,forged,genuine,4,0.147858
family_b_000586_checksum_invalid,family_b,a664c9ffd24e8ad2,v2,checksum_invalid,forged,genuine,4,0.035728
family_b_000587_format_invalid,family_b,a664c9ffd24e8ad2,v2,format_invalid,forged,genuine,4,0.027542
family_b_000588_field_missing,family_b,a664c9ffd24e8ad2,v2,field_missing,forged,genuine,4,0.000321
family_b_000589_fine_grained_edit,family_b,a664c9ffd24e8ad2,v2,fine_grained_edit,forged,genuine,4,0.000696
family_b_000590_coordinated_full_forgery,family_b,a664c9ffd24e8ad2,v2,coordinated_full_forgery,forged,genuine,4,0.013458
family_b_000591_visual_splice,family_b,a664c9ffd24e8ad2,v2,visual_splice,forged,forged,4,0.999429
family_b_000592_visual_splice,family_b,a664c9ffd24e8ad2,v2,visual_splice,forged,forged,4,0.716582
family_b_000593_visual_splice,family_b,a664c9ffd24e8ad2,v2,visual_splice,forged,forged,4,0.695563
family_b_000594_genuine,family_b,8b8003ce6e600c84,v2,genuine,genuine,genuine,0,0.054651
family_b_000595_text_qr_mismatch,family_b,8b8003ce6e600c84,v2,text_qr_mismatch,forged,genuine,0,0.048074
family_b_000596_qr_only_mismatch,family_b,8b8003ce6e600c84,v2,qr_only_mismatch,forged,genuine,0,0.030478
family_b_000597_checksum_invalid,family_b,8b8003ce6e600c84,v2,checksum_invalid,forged,genuine,0,0.006112
family_b_000598_format_invalid,family_b,8b8003ce6e600c84,v2,format_invalid,forged,genuine,0,0.00237
family_b_000599_field_missing,family_b,8b8003ce6e600c84,v2,field_missing,forged,genuine,0,0.002901
family_b_000600_fine_grained_edit,family_b,8b8003ce6e600c84,v2,fine_grained_edit,forged,genuine,0,0.006205
family_b_000601_coordinated_full_forgery,family_b,8b8003ce6e600c84,v2,coordinated_full_forgery,forged,genuine,0,0.000377
family_b_000602_visual_splice,family_b,8b8003ce6e600c84,v2,visual_splice,forged,forged,0,0.998428
family_b_000603_visual_splice,family_b,8b8003ce6e600c84,v2,visual_splice,forged,forged,0,0.999555
family_b_000604_visual_splice,family_b,8b8003ce6e600c84,v2,visual_splice,forged,forged,0,0.999914
family_b_000649_genuine,family_b,a21ce2aca732dc39,v1,genuine,genuine,genuine,4,0.012307
family_b_000650_text_qr_mismatch,family_b,a21ce2aca732dc39,v1,text_qr_mismatch,forged,genuine,4,0.010536
family_b_000651_qr_only_mismatch,family_b,a21ce2aca732dc39,v1,qr_only_mismatch,forged,genuine,4,0.018149
family_b_000652_checksum_invalid,family_b,a21ce2aca732dc39,v1,checksum_invalid,forged,genuine,4,0.007057
family_b_000653_format_invalid,family_b,a21ce2aca732dc39,v1,format_invalid,forged,genuine,4,0.017818
family_b_000654_field_missing,family_b,a21ce2aca732dc39,v1,field_missing,forged,genuine,4,0.001722
family_b_000655_fine_grained_edit,family_b,a21ce2aca732dc39,v1,fine_grained_edit,forged,genuine,4,0.022124
family_b_000656_coordinated_full_forgery,family_b,a21ce2aca732dc39,v1,coordinated_full_forgery,forged,genuine,4,0.102135
family_b_000657_visual_splice,family_b,a21ce2aca732dc39,v1,visual_splice,forged,forged,4,0.99863
family_b_000658_visual_splice,family_b,a21ce2aca732dc39,v1,visual_splice,forged,forged,4,0.022912
family_b_000659_visual_splice,family_b,a21ce2aca732dc39,v1,visual_splice,forged,forged,4,0.999625
family_b_000682_genuine,family_b,23f3e202c8865aee,v1,genuine,genuine,genuine,3,0.001413
family_b_000683_text_qr_mismatch,family_b,23f3e202c8865aee,v1,text_qr_mismatch,forged,genuine,3,0.001626
family_b_000684_qr_only_mismatch,family_b,23f3e202c8865aee,v1,qr_only_mismatch,forged,genuine,3,0.001035
family_b_000685_checksum_invalid,family_b,23f3e202c8865aee,v1,checksum_invalid,forged,genuine,3,0.000251
family_b_000686_format_invalid,family_b,23f3e202c8865aee,v1,format_invalid,forged,genuine,3,7.6e-05
family_b_000687_field_missing,family_b,23f3e202c8865aee,v1,field_missing,forged,genuine,3,0.000104
family_b_000688_fine_grained_edit,family_b,23f3e202c8865aee,v1,fine_grained_edit,forged,genuine,3,0.002507
family_b_000689_coordinated_full_forgery,family_b,23f3e202c8865aee,v1,coordinated_full_forgery,forged,genuine,3,0.00043
family_b_000690_visual_splice,family_b,23f3e202c8865aee,v1,visual_splice,forged,forged,3,0.997753
family_b_000691_visual_splice,family_b,23f3e202c8865aee,v1,visual_splice,forged,forged,3,0.99579
family_b_000692_visual_splice,family_b,23f3e202c8865aee,v1,visual_splice,forged,forged,3,0.998366
family_b_000693_genuine,family_b,a07838a6849ef38e,v1,genuine,genuine,genuine,4,0.007908
family_b_000694_text_qr_mismatch,family_b,a07838a6849ef38e,v1,text_qr_mismatch,forged,genuine,4,0.004778
family_b_000695_qr_only_mismatch,family_b,a07838a6849ef38e,v1,qr_only_mismatch,forged,genuine,4,0.010263
family_b_000696_checksum_invalid,family_b,a07838a6849ef38e,v1,checksum_invalid,forged,genuine,4,0.023635
family_b_000697_format_invalid,family_b,a07838a6849ef38e,v1,format_invalid,forged,genuine,4,0.006185
family_b_000698_field_missing,family_b,a07838a6849ef38e,v1,field_missing,forged,genuine,4,0.000578
family_b_000699_fine_grained_edit,family_b,a07838a6849ef38e,v1,fine_grained_edit,forged,genuine,4,0.008167
family_b_000700_coordinated_full_forgery,family_b,a07838a6849ef38e,v1,coordinated_full_forgery,forged,genuine,4,0.261524
family_b_000701_visual_splice,family_b,a07838a6849ef38e,v1,visual_splice,forged,forged,4,0.998187
family_b_000702_visual_splice,family_b,a07838a6849ef38e,v1,visual_splice,forged,forged,4,0.999744
family_b_000703_visual_splice,family_b,a07838a6849ef38e,v1,visual_splice,forged,forged,4,0.98029
family_b_000715_genuine,family_b,7e1acf1d7d81297f,v1,genuine,genuine,genuine,0,0.008959
family_b_000716_text_qr_mismatch,family_b,7e1acf1d7d81297f,v1,text_qr_mismatch,forged,genuine,0,0.007932
family_b_000717_qr_only_mismatch,family_b,7e1acf1d7d81297f,v1,qr_only_mismatch,forged,genuine,0,0.000467
family_b_000718_checksum_invalid,family_b,7e1acf1d7d81297f,v1,checksum_invalid,forged,genuine,0,0.006566
family_b_000719_format_invalid,family_b,7e1acf1d7d81297f,v1,format_invalid,forged,genuine,0,0.0052
family_b_000720_field_missing,family_b,7e1acf1d7d81297f,v1,field_missing,forged,genuine,0,0.001884
family_b_000721_fine_grained_edit,family_b,7e1acf1d7d81297f,v1,fine_grained_edit,forged,genuine,0,0.00875
family_b_000722_coordinated_full_forgery,family_b,7e1acf1d7d81297f,v1,coordinated_full_forgery,forged,genuine,0,0.02861
family_b_000723_visual_splice,family_b,7e1acf1d7d81297f,v1,visual_splice,forged,forged,0,0.999841
family_b_000724_visual_splice,family_b,7e1acf1d7d81297f,v1,visual_splice,forged,forged,0,0.999574
family_b_000725_visual_splice,family_b,7e1acf1d7d81297f,v1,visual_splice,forged,forged,0,0.992918
family_b_000737_genuine,family_b,8d0917922bc9bdcc,v1,genuine,genuine,genuine,1,0.043281
family_b_000738_text_qr_mismatch,family_b,8d0917922bc9bdcc,v1,text_qr_mismatch,forged,genuine,1,0.043322
family_b_000739_qr_only_mismatch,family_b,8d0917922bc9bdcc,v1,qr_only_mismatch,forged,genuine,1,0.059905
family_b_000740_checksum_invalid,family_b,8d0917922bc9bdcc,v1,checksum_invalid,forged,genuine,1,0.034235
family_b_000741_format_invalid,family_b,8d0917922bc9bdcc,v1,format_invalid,forged,genuine,1,0.009392
family_b_000742_field_missing,family_b,8d0917922bc9bdcc,v1,field_missing,forged,genuine,1,0.001444
family_b_000743_fine_grained_edit,family_b,8d0917922bc9bdcc,v1,fine_grained_edit,forged,genuine,1,0.819924
family_b_000744_coordinated_full_forgery,family_b,8d0917922bc9bdcc,v1,coordinated_full_forgery,forged,genuine,1,0.03472
family_b_000745_visual_splice,family_b,8d0917922bc9bdcc,v1,visual_splice,forged,forged,1,0.999801
family_b_000746_visual_splice,family_b,8d0917922bc9bdcc,v1,visual_splice,forged,forged,1,0.98907
family_b_000747_visual_splice,family_b,8d0917922bc9bdcc,v1,visual_splice,forged,forged,1,0.999154
family_b_000748_genuine,family_b,32505f81cbc2c76c,v2,genuine,genuine,genuine,3,0.004034
family_b_000749_text_qr_mismatch,family_b,32505f81cbc2c76c,v2,text_qr_mismatch,forged,genuine,3,0.003809
family_b_000750_qr_only_mismatch,family_b,32505f81cbc2c76c,v2,qr_only_mismatch,forged,genuine,3,0.000931
family_b_000751_checksum_invalid,family_b,32505f81cbc2c76c,v2,checksum_invalid,forged,genuine,3,0.001187
family_b_000752_format_invalid,family_b,32505f81cbc2c76c,v2,format_invalid,forged,genuine,3,0.001273
family_b_000753_field_missing,family_b,32505f81cbc2c76c,v2,field_missing,forged,genuine,3,0.000554
family_b_000754_fine_grained_edit,family_b,32505f81cbc2c76c,v2,fine_grained_edit,forged,genuine,3,0.009243
family_b_000755_coordinated_full_forgery,family_b,32505f81cbc2c76c,v2,coordinated_full_forgery,forged,genuine,3,0.036747
family_b_000756_visual_splice,family_b,32505f81cbc2c76c,v2,visual_splice,forged,forged,3,0.75778
family_b_000757_visual_splice,family_b,32505f81cbc2c76c,v2,visual_splice,forged,forged,3,0.999392
family_b_000758_visual_splice,family_b,32505f81cbc2c76c,v2,visual_splice,forged,forged,3,0.998867
family_b_000759_genuine,family_b,c9342833503fa8f2,v2,genuine,genuine,genuine,1,0.002697
family_b_000760_text_qr_mismatch,family_b,c9342833503fa8f2,v2,text_qr_mismatch,forged,genuine,1,0.001087
family_b_000761_qr_only_mismatch,family_b,c9342833503fa8f2,v2,qr_only_mismatch,forged,genuine,1,0.003869
family_b_000762_checksum_invalid,family_b,c9342833503fa8f2,v2,checksum_invalid,forged,genuine,1,0.000993
family_b_000763_format_invalid,family_b,c9342833503fa8f2,v2,format_invalid,forged,genuine,1,0.001633
family_b_000764_field_missing,family_b,c9342833503fa8f2,v2,field_missing,forged,genuine,1,0.002269
family_b_000765_fine_grained_edit,family_b,c9342833503fa8f2,v2,fine_grained_edit,forged,genuine,1,0.152484
family_b_000766_coordinated_full_forgery,family_b,c9342833503fa8f2,v2,coordinated_full_forgery,forged,genuine,1,0.021905
family_b_000767_visual_splice,family_b,c9342833503fa8f2,v2,visual_splice,forged,forged,1,0.999722
family_b_000768_visual_splice,family_b,c9342833503fa8f2,v2,visual_splice,forged,forged,1,0.991714
family_b_000769_visual_splice,family_b,c9342833503fa8f2,v2,visual_splice,forged,forged,1,0.025308
family_b_000770_genuine,family_b,4d6b7010fda5639c,v2,genuine,genuine,genuine,3,0.060096
family_b_000771_text_qr_mismatch,family_b,4d6b7010fda5639c,v2,text_qr_mismatch,forged,genuine,3,0.109723
family_b_000772_qr_only_mismatch,family_b,4d6b7010fda5639c,v2,qr_only_mismatch,forged,genuine,3,0.002571
family_b_000773_checksum_invalid,family_b,4d6b7010fda5639c,v2,checksum_invalid,forged,genuine,3,0.056837
family_b_000774_format_invalid,family_b,4d6b7010fda5639c,v2,format_invalid,forged,genuine,3,0.168137
family_b_000775_field_missing,family_b,4d6b7010fda5639c,v2,field_missing,forged,genuine,3,0.000242
family_b_000776_fine_grained_edit,family_b,4d6b7010fda5639c,v2,fine_grained_edit,forged,genuine,3,0.002477
family_b_000777_coordinated_full_forgery,family_b,4d6b7010fda5639c,v2,coordinated_full_forgery,forged,genuine,3,0.613275
family_b_000778_visual_splice,family_b,4d6b7010fda5639c,v2,visual_splice,forged,forged,3,0.9876
family_b_000779_visual_splice,family_b,4d6b7010fda5639c,v2,visual_splice,forged,forged,3,0.999186
family_b_000780_visual_splice,family_b,4d6b7010fda5639c,v2,visual_splice,forged,forged,3,0.998395
family_b_000781_genuine,family_b,923aa331f2c11a99,v2,genuine,genuine,genuine,2,0.011449
family_b_000782_text_qr_mismatch,family_b,923aa331f2c11a99,v2,text_qr_mismatch,forged,genuine,2,0.016136
family_b_000783_qr_only_mismatch,family_b,923aa331f2c11a99,v2,qr_only_mismatch,forged,genuine,2,0.002164
family_b_000784_checksum_invalid,family_b,923aa331f2c11a99,v2,checksum_invalid,forged,genuine,2,0.000779
family_b_000785_format_invalid,family_b,923aa331f2c11a99,v2,format_invalid,forged,genuine,2,0.007495
family_b_000786_field_missing,family_b,923aa331f2c11a99,v2,field_missing,forged,genuine,2,0.002183
family_b_000787_fine_grained_edit,family_b,923aa331f2c11a99,v2,fine_grained_edit,forged,genuine,2,0.001197
family_b_000788_coordinated_full_forgery,family_b,923aa331f2c11a99,v2,coordinated_full_forgery,forged,genuine,2,0.090164
family_b_000789_visual_splice,family_b,923aa331f2c11a99,v2,visual_splice,forged,forged,2,0.9996
family_b_000790_visual_splice,family_b,923aa331f2c11a99,v2,visual_splice,forged,forged,2,0.999979
family_b_000791_visual_splice,family_b,923aa331f2c11a99,v2,visual_splice,forged,forged,2,0.991656
family_b_000803_genuine,family_b,5ec1b21866f32d0f,v2,genuine,genuine,genuine,2,0.022146
family_b_000804_text_qr_mismatch,family_b,5ec1b21866f32d0f,v2,text_qr_mismatch,forged,genuine,2,0.009586
family_b_000805_qr_only_mismatch,family_b,5ec1b21866f32d0f,v2,qr_only_mismatch,forged,genuine,2,0.391095
family_b_000806_checksum_invalid,family_b,5ec1b21866f32d0f,v2,checksum_invalid,forged,genuine,2,0.006231
family_b_000807_format_invalid,family_b,5ec1b21866f32d0f,v2,format_invalid,forged,genuine,2,0.009485
family_b_000808_field_missing,family_b,5ec1b21866f32d0f,v2,field_missing,forged,genuine,2,0.000635
family_b_000809_fine_grained_edit,family_b,5ec1b21866f32d0f,v2,fine_grained_edit,forged,genuine,2,0.015483
family_b_000810_coordinated_full_forgery,family_b,5ec1b21866f32d0f,v2,coordinated_full_forgery,forged,genuine,2,0.002236
family_b_000811_visual_splice,family_b,5ec1b21866f32d0f,v2,visual_splice,forged,forged,2,0.93253
family_b_000812_visual_splice,family_b,5ec1b21866f32d0f,v2,visual_splice,forged,forged,2,0.652927
family_b_000813_visual_splice,family_b,5ec1b21866f32d0f,v2,visual_splice,forged,forged,2,0.999886
family_b_000814_genuine,family_b,d6983ef5bc012262,v1,genuine,genuine,genuine,1,0.387388
family_b_000815_text_qr_mismatch,family_b,d6983ef5bc012262,v1,text_qr_mismatch,forged,genuine,1,0.175012
family_b_000816_qr_only_mismatch,family_b,d6983ef5bc012262,v1,qr_only_mismatch,forged,genuine,1,0.016369
family_b_000817_checksum_invalid,family_b,d6983ef5bc012262,v1,checksum_invalid,forged,genuine,1,0.076112
family_b_000818_format_invalid,family_b,d6983ef5bc012262,v1,format_invalid,forged,genuine,1,0.182796
family_b_000819_field_missing,family_b,d6983ef5bc012262,v1,field_missing,forged,genuine,1,0.00616
family_b_000820_fine_grained_edit,family_b,d6983ef5bc012262,v1,fine_grained_edit,forged,genuine,1,0.105937
family_b_000821_coordinated_full_forgery,family_b,d6983ef5bc012262,v1,coordinated_full_forgery,forged,genuine,1,0.007255
family_b_000822_visual_splice,family_b,d6983ef5bc012262,v1,visual_splice,forged,forged,1,0.996675
family_b_000823_visual_splice,family_b,d6983ef5bc012262,v1,visual_splice,forged,forged,1,0.999636
family_b_000824_visual_splice,family_b,d6983ef5bc012262,v1,visual_splice,forged,forged,1,0.999079
family_b_000825_genuine,family_b,ed345bdf846c9594,v1,genuine,genuine,genuine,4,0.108768
family_b_000826_text_qr_mismatch,family_b,ed345bdf846c9594,v1,text_qr_mismatch,forged,genuine,4,0.362909
family_b_000827_qr_only_mismatch,family_b,ed345bdf846c9594,v1,qr_only_mismatch,forged,genuine,4,0.259897
family_b_000828_checksum_invalid,family_b,ed345bdf846c9594,v1,checksum_invalid,forged,genuine,4,0.187057
family_b_000829_format_invalid,family_b,ed345bdf846c9594,v1,format_invalid,forged,genuine,4,0.024753
family_b_000830_field_missing,family_b,ed345bdf846c9594,v1,field_missing,forged,genuine,4,0.002317
family_b_000831_fine_grained_edit,family_b,ed345bdf846c9594,v1,fine_grained_edit,forged,genuine,4,0.220831
family_b_000832_coordinated_full_forgery,family_b,ed345bdf846c9594,v1,coordinated_full_forgery,forged,genuine,4,0.122081
family_b_000833_visual_splice,family_b,ed345bdf846c9594,v1,visual_splice,forged,forged,4,0.973338
family_b_000834_visual_splice,family_b,ed345bdf846c9594,v1,visual_splice,forged,forged,4,0.999231
family_b_000835_visual_splice,family_b,ed345bdf846c9594,v1,visual_splice,forged,forged,4,0.999939
family_b_000836_genuine,family_b,c00d64964fdb2d01,v1,genuine,genuine,genuine,3,0.00211
family_b_000837_text_qr_mismatch,family_b,c00d64964fdb2d01,v1,text_qr_mismatch,forged,genuine,3,0.001405
family_b_000838_qr_only_mismatch,family_b,c00d64964fdb2d01,v1,qr_only_mismatch,forged,genuine,3,0.004917
family_b_000839_checksum_invalid,family_b,c00d64964fdb2d01,v1,checksum_invalid,forged,genuine,3,0.004592
family_b_000840_format_invalid,family_b,c00d64964fdb2d01,v1,format_invalid,forged,genuine,3,0.000679
family_b_000841_field_missing,family_b,c00d64964fdb2d01,v1,field_missing,forged,genuine,3,0.000485
family_b_000842_fine_grained_edit,family_b,c00d64964fdb2d01,v1,fine_grained_edit,forged,genuine,3,0.002531
family_b_000843_coordinated_full_forgery,family_b,c00d64964fdb2d01,v1,coordinated_full_forgery,forged,genuine,3,0.00015
family_b_000844_visual_splice,family_b,c00d64964fdb2d01,v1,visual_splice,forged,forged,3,0.063419
family_b_000845_visual_splice,family_b,c00d64964fdb2d01,v1,visual_splice,forged,forged,3,0.974538
family_b_000846_visual_splice,family_b,c00d64964fdb2d01,v1,visual_splice,forged,forged,3,0.988517
family_b_000858_genuine,family_b,d8c65648d6be9f21,v2,genuine,genuine,genuine,1,0.005175
family_b_000859_text_qr_mismatch,family_b,d8c65648d6be9f21,v2,text_qr_mismatch,forged,genuine,1,0.01079
family_b_000860_qr_only_mismatch,family_b,d8c65648d6be9f21,v2,qr_only_mismatch,forged,genuine,1,0.002213
family_b_000861_checksum_invalid,family_b,d8c65648d6be9f21,v2,checksum_invalid,forged,genuine,1,0.001847
family_b_000862_format_invalid,family_b,d8c65648d6be9f21,v2,format_invalid,forged,genuine,1,0.288375
family_b_000863_field_missing,family_b,d8c65648d6be9f21,v2,field_missing,forged,genuine,1,0.001128
family_b_000864_fine_grained_edit,family_b,d8c65648d6be9f21,v2,fine_grained_edit,forged,genuine,1,0.002571
family_b_000865_coordinated_full_forgery,family_b,d8c65648d6be9f21,v2,coordinated_full_forgery,forged,genuine,1,0.001559
family_b_000866_visual_splice,family_b,d8c65648d6be9f21,v2,visual_splice,forged,forged,1,0.998109
family_b_000867_visual_splice,family_b,d8c65648d6be9f21,v2,visual_splice,forged,forged,1,0.999506
family_b_000868_visual_splice,family_b,d8c65648d6be9f21,v2,visual_splice,forged,forged,1,0.98954
family_b_000869_genuine,family_b,33d3b486a39aa977,v1,genuine,genuine,genuine,0,0.00666
family_b_000870_text_qr_mismatch,family_b,33d3b486a39aa977,v1,text_qr_mismatch,forged,genuine,0,0.008501
family_b_000871_qr_only_mismatch,family_b,33d3b486a39aa977,v1,qr_only_mismatch,forged,genuine,0,0.022624
family_b_000872_checksum_invalid,family_b,33d3b486a39aa977,v1,checksum_invalid,forged,genuine,0,0.05533
family_b_000873_format_invalid,family_b,33d3b486a39aa977,v1,format_invalid,forged,genuine,0,0.00304
family_b_000874_field_missing,family_b,33d3b486a39aa977,v1,field_missing,forged,genuine,0,0.00788
family_b_000875_fine_grained_edit,family_b,33d3b486a39aa977,v1,fine_grained_edit,forged,genuine,0,0.78468
family_b_000876_coordinated_full_forgery,family_b,33d3b486a39aa977,v1,coordinated_full_forgery,forged,genuine,0,0.004534
family_b_000877_visual_splice,family_b,33d3b486a39aa977,v1,visual_splice,forged,forged,0,0.999846
family_b_000878_visual_splice,family_b,33d3b486a39aa977,v1,visual_splice,forged,forged,0,0.824101
family_b_000879_visual_splice,family_b,33d3b486a39aa977,v1,visual_splice,forged,forged,0,0.999334
family_b_000880_genuine,family_b,027dcbc04ae635dd,v1,genuine,genuine,genuine,4,0.002136
family_b_000881_text_qr_mismatch,family_b,027dcbc04ae635dd,v1,text_qr_mismatch,forged,genuine,4,0.030473
family_b_000882_qr_only_mismatch,family_b,027dcbc04ae635dd,v1,qr_only_mismatch,forged,genuine,4,0.010024
family_b_000883_checksum_invalid,family_b,027dcbc04ae635dd,v1,checksum_invalid,forged,genuine,4,0.614637
family_b_000884_format_invalid,family_b,027dcbc04ae635dd,v1,format_invalid,forged,genuine,4,0.003198
family_b_000885_field_missing,family_b,027dcbc04ae635dd,v1,field_missing,forged,genuine,4,0.001117
family_b_000886_fine_grained_edit,family_b,027dcbc04ae635dd,v1,fine_grained_edit,forged,genuine,4,0.945622
family_b_000887_coordinated_full_forgery,family_b,027dcbc04ae635dd,v1,coordinated_full_forgery,forged,genuine,4,0.388549
family_b_000888_visual_splice,family_b,027dcbc04ae635dd,v1,visual_splice,forged,forged,4,0.013065
family_b_000889_visual_splice,family_b,027dcbc04ae635dd,v1,visual_splice,forged,forged,4,0.017274
family_b_000890_visual_splice,family_b,027dcbc04ae635dd,v1,visual_splice,forged,forged,4,0.991551
family_b_000891_genuine,family_b,51d70ff392779a07,v2,genuine,genuine,genuine,2,0.013255
family_b_000892_text_qr_mismatch,family_b,51d70ff392779a07,v2,text_qr_mismatch,forged,genuine,2,0.109189
family_b_000893_qr_only_mismatch,family_b,51d70ff392779a07,v2,qr_only_mismatch,forged,genuine,2,0.018677
family_b_000894_checksum_invalid,family_b,51d70ff392779a07,v2,checksum_invalid,forged,genuine,2,0.00435
family_b_000895_format_invalid,family_b,51d70ff392779a07,v2,format_invalid,forged,genuine,2,0.018224
family_b_000896_field_missing,family_b,51d70ff392779a07,v2,field_missing,forged,genuine,2,0.004589
family_b_000897_fine_grained_edit,family_b,51d70ff392779a07,v2,fine_grained_edit,forged,genuine,2,0.009234
family_b_000898_coordinated_full_forgery,family_b,51d70ff392779a07,v2,coordinated_full_forgery,forged,genuine,2,0.019929
family_b_000899_visual_splice,family_b,51d70ff392779a07,v2,visual_splice,forged,forged,2,0.99985
family_b_000900_visual_splice,family_b,51d70ff392779a07,v2,visual_splice,forged,forged,2,0.99986
family_b_000901_visual_splice,family_b,51d70ff392779a07,v2,visual_splice,forged,forged,2,0.99996
family_b_000902_genuine,family_b,c2ed22f93a14dbe2,v2,genuine,genuine,genuine,0,0.001199
family_b_000903_text_qr_mismatch,family_b,c2ed22f93a14dbe2,v2,text_qr_mismatch,forged,genuine,0,0.001173
family_b_000904_qr_only_mismatch,family_b,c2ed22f93a14dbe2,v2,qr_only_mismatch,forged,genuine,0,0.001052
family_b_000905_checksum_invalid,family_b,c2ed22f93a14dbe2,v2,checksum_invalid,forged,genuine,0,0.000378
family_b_000906_format_invalid,family_b,c2ed22f93a14dbe2,v2,format_invalid,forged,genuine,0,9.2e-05
family_b_000907_field_missing,family_b,c2ed22f93a14dbe2,v2,field_missing,forged,genuine,0,0.00091
family_b_000908_fine_grained_edit,family_b,c2ed22f93a14dbe2,v2,fine_grained_edit,forged,genuine,0,0.000505
family_b_000909_coordinated_full_forgery,family_b,c2ed22f93a14dbe2,v2,coordinated_full_forgery,forged,genuine,0,0.001358
family_b_000910_visual_splice,family_b,c2ed22f93a14dbe2,v2,visual_splice,forged,forged,0,0.999444
family_b_000911_visual_splice,family_b,c2ed22f93a14dbe2,v2,visual_splice,forged,forged,0,0.999793
family_b_000912_visual_splice,family_b,c2ed22f93a14dbe2,v2,visual_splice,forged,forged,0,0.990826
family_b_000913_genuine,family_b,f9fa73934e94c605,v1,genuine,genuine,genuine,0,0.008177
family_b_000914_text_qr_mismatch,family_b,f9fa73934e94c605,v1,text_qr_mismatch,forged,genuine,0,0.024777
family_b_000915_qr_only_mismatch,family_b,f9fa73934e94c605,v1,qr_only_mismatch,forged,genuine,0,0.021696
family_b_000916_checksum_invalid,family_b,f9fa73934e94c605,v1,checksum_invalid,forged,genuine,0,0.36218
family_b_000917_format_invalid,family_b,f9fa73934e94c605,v1,format_invalid,forged,genuine,0,0.000566
family_b_000918_field_missing,family_b,f9fa73934e94c605,v1,field_missing,forged,genuine,0,0.004001
family_b_000919_fine_grained_edit,family_b,f9fa73934e94c605,v1,fine_grained_edit,forged,genuine,0,0.208471
family_b_000920_coordinated_full_forgery,family_b,f9fa73934e94c605,v1,coordinated_full_forgery,forged,genuine,0,0.023558
family_b_000921_visual_splice,family_b,f9fa73934e94c605,v1,visual_splice,forged,forged,0,0.999859
family_b_000922_visual_splice,family_b,f9fa73934e94c605,v1,visual_splice,forged,forged,0,0.999841
family_b_000923_visual_splice,family_b,f9fa73934e94c605,v1,visual_splice,forged,forged,0,0.99985
family_b_000946_genuine,family_b,aa64c3c91af3420e,v1,genuine,genuine,genuine,0,0.007083
family_b_000947_text_qr_mismatch,family_b,aa64c3c91af3420e,v1,text_qr_mismatch,forged,genuine,0,0.005117
family_b_000948_qr_only_mismatch,family_b,aa64c3c91af3420e,v1,qr_only_mismatch,forged,genuine,0,0.024588
family_b_000949_checksum_invalid,family_b,aa64c3c91af3420e,v1,checksum_invalid,forged,genuine,0,0.011893
family_b_000950_format_invalid,family_b,aa64c3c91af3420e,v1,format_invalid,forged,genuine,0,0.287913
family_b_000951_field_missing,family_b,aa64c3c91af3420e,v1,field_missing,forged,genuine,0,0.084817
family_b_000952_fine_grained_edit,family_b,aa64c3c91af3420e,v1,fine_grained_edit,forged,genuine,0,0.00671
family_b_000953_coordinated_full_forgery,family_b,aa64c3c91af3420e,v1,coordinated_full_forgery,forged,genuine,0,3e-06
family_b_000954_visual_splice,family_b,aa64c3c91af3420e,v1,visual_splice,forged,forged,0,0.018607
family_b_000955_visual_splice,family_b,aa64c3c91af3420e,v1,visual_splice,forged,forged,0,0.994987
family_b_000956_visual_splice,family_b,aa64c3c91af3420e,v1,visual_splice,forged,forged,0,0.999924
family_b_000979_genuine,family_b,c3b7fe795379f1b2,v2,genuine,genuine,genuine,0,0.014697
family_b_000980_text_qr_mismatch,family_b,c3b7fe795379f1b2,v2,text_qr_mismatch,forged,genuine,0,0.008535
family_b_000981_qr_only_mismatch,family_b,c3b7fe795379f1b2,v2,qr_only_mismatch,forged,genuine,0,0.000226
family_b_000982_checksum_invalid,family_b,c3b7fe795379f1b2,v2,checksum_invalid,forged,genuine,0,0.011819
family_b_000983_format_invalid,family_b,c3b7fe795379f1b2,v2,format_invalid,forged,genuine,0,0.027672
family_b_000984_field_missing,family_b,c3b7fe795379f1b2,v2,field_missing,forged,genuine,0,0.001162
family_b_000985_fine_grained_edit,family_b,c3b7fe795379f1b2,v2,fine_grained_edit,forged,genuine,0,0.023636
family_b_000986_coordinated_full_forgery,family_b,c3b7fe795379f1b2,v2,coordinated_full_forgery,forged,genuine,0,0.005263
family_b_000987_visual_splice,family_b,c3b7fe795379f1b2,v2,visual_splice,forged,forged,0,0.999875
family_b_000988_visual_splice,family_b,c3b7fe795379f1b2,v2,visual_splice,forged,forged,0,0.358401
family_b_000989_visual_splice,family_b,c3b7fe795379f1b2,v2,visual_splice,forged,forged,0,0.999634
family_b_000990_genuine,family_b,a068abaaefd4ee22,v2,genuine,genuine,genuine,3,0.001043
family_b_000991_text_qr_mismatch,family_b,a068abaaefd4ee22,v2,text_qr_mismatch,forged,genuine,3,0.001309
family_b_000992_qr_only_mismatch,family_b,a068abaaefd4ee22,v2,qr_only_mismatch,forged,genuine,3,0.000139
family_b_000993_checksum_invalid,family_b,a068abaaefd4ee22,v2,checksum_invalid,forged,genuine,3,0.109084
family_b_000994_format_invalid,family_b,a068abaaefd4ee22,v2,format_invalid,forged,genuine,3,0.000717
family_b_000995_field_missing,family_b,a068abaaefd4ee22,v2,field_missing,forged,genuine,3,0.00069
family_b_000996_fine_grained_edit,family_b,a068abaaefd4ee22,v2,fine_grained_edit,forged,genuine,3,0.000731
family_b_000997_coordinated_full_forgery,family_b,a068abaaefd4ee22,v2,coordinated_full_forgery,forged,genuine,3,0.000216
family_b_000998_visual_splice,family_b,a068abaaefd4ee22,v2,visual_splice,forged,forged,3,0.997849
family_b_000999_visual_splice,family_b,a068abaaefd4ee22,v2,visual_splice,forged,forged,3,0.935685
family_b_001000_visual_splice,family_b,a068abaaefd4ee22,v2,visual_splice,forged,forged,3,0.99365
family_b_001001_genuine,family_b,f7a1d17f76d41072,v2,genuine,genuine,genuine,1,0.001142
family_b_001002_text_qr_mismatch,family_b,f7a1d17f76d41072,v2,text_qr_mismatch,forged,genuine,1,0.000472
family_b_001003_qr_only_mismatch,family_b,f7a1d17f76d41072,v2,qr_only_mismatch,forged,genuine,1,0.000203
family_b_001004_checksum_invalid,family_b,f7a1d17f76d41072,v2,checksum_invalid,forged,genuine,1,0.00044
family_b_001005_format_invalid,family_b,f7a1d17f76d41072,v2,format_invalid,forged,genuine,1,0.000383
family_b_001006_field_missing,family_b,f7a1d17f76d41072,v2,field_missing,forged,genuine,1,0.002186
family_b_001007_fine_grained_edit,family_b,f7a1d17f76d41072,v2,fine_grained_edit,forged,genuine,1,0.004316
family_b_001008_coordinated_full_forgery,family_b,f7a1d17f76d41072,v2,coordinated_full_forgery,forged,genuine,1,0.004181
family_b_001009_visual_splice,family_b,f7a1d17f76d41072,v2,visual_splice,forged,forged,1,0.99736
family_b_001010_visual_splice,family_b,f7a1d17f76d41072,v2,visual_splice,forged,forged,1,0.998521
family_b_001011_visual_splice,family_b,f7a1d17f76d41072,v2,visual_splice,forged,forged,1,0.994927
family_b_001034_genuine,family_b,44322a4bfb95e295,v1,genuine,genuine,genuine,3,0.004536
family_b_001035_text_qr_mismatch,family_b,44322a4bfb95e295,v1,text_qr_mismatch,forged,genuine,3,0.501427
family_b_001036_qr_only_mismatch,family_b,44322a4bfb95e295,v1,qr_only_mismatch,forged,genuine,3,0.009838
family_b_001037_checksum_invalid,family_b,44322a4bfb95e295,v1,checksum_invalid,forged,genuine,3,0.003757
family_b_001038_format_invalid,family_b,44322a4bfb95e295,v1,format_invalid,forged,genuine,3,0.000726
family_b_001039_field_missing,family_b,44322a4bfb95e295,v1,field_missing,forged,genuine,3,0.00145
family_b_001040_fine_grained_edit,family_b,44322a4bfb95e295,v1,fine_grained_edit,forged,genuine,3,0.008839
family_b_001041_coordinated_full_forgery,family_b,44322a4bfb95e295,v1,coordinated_full_forgery,forged,genuine,3,0.001894
family_b_001042_visual_splice,family_b,44322a4bfb95e295,v1,visual_splice,forged,forged,3,0.999048
family_b_001043_visual_splice,family_b,44322a4bfb95e295,v1,visual_splice,forged,forged,3,0.998418
family_b_001044_visual_splice,family_b,44322a4bfb95e295,v1,visual_splice,forged,forged,3,0.999406
family_b_001045_genuine,family_b,8c303721666e0dd0,v1,genuine,genuine,genuine,1,0.007384
family_b_001046_text_qr_mismatch,family_b,8c303721666e0dd0,v1,text_qr_mismatch,forged,genuine,1,0.011131
family_b_001047_qr_only_mismatch,family_b,8c303721666e0dd0,v1,qr_only_mismatch,forged,genuine,1,0.008202
family_b_001048_checksum_invalid,family_b,8c303721666e0dd0,v1,checksum_invalid,forged,genuine,1,0.070075
family_b_001049_format_invalid,family_b,8c303721666e0dd0,v1,format_invalid,forged,genuine,1,0.000821
family_b_001050_field_missing,family_b,8c303721666e0dd0,v1,field_missing,forged,genuine,1,0.004444
family_b_001051_fine_grained_edit,family_b,8c303721666e0dd0,v1,fine_grained_edit,forged,genuine,1,0.00427
family_b_001052_coordinated_full_forgery,family_b,8c303721666e0dd0,v1,coordinated_full_forgery,forged,genuine,1,0.006674
family_b_001053_visual_splice,family_b,8c303721666e0dd0,v1,visual_splice,forged,forged,1,0.996789
family_b_001054_visual_splice,family_b,8c303721666e0dd0,v1,visual_splice,forged,forged,1,0.999811
family_b_001055_visual_splice,family_b,8c303721666e0dd0,v1,visual_splice,forged,forged,1,0.99934
family_b_001056_genuine,family_b,c62de1fee7134007,v1,genuine,genuine,genuine,0,0.002165
family_b_001057_text_qr_mismatch,family_b,c62de1fee7134007,v1,text_qr_mismatch,forged,genuine,0,0.002552
family_b_001058_qr_only_mismatch,family_b,c62de1fee7134007,v1,qr_only_mismatch,forged,genuine,0,0.002373
family_b_001059_checksum_invalid,family_b,c62de1fee7134007,v1,checksum_invalid,forged,genuine,0,0.035458
family_b_001060_format_invalid,family_b,c62de1fee7134007,v1,format_invalid,forged,genuine,0,0.002513
family_b_001061_field_missing,family_b,c62de1fee7134007,v1,field_missing,forged,genuine,0,0.000299
family_b_001062_fine_grained_edit,family_b,c62de1fee7134007,v1,fine_grained_edit,forged,genuine,0,0.002582
family_b_001063_coordinated_full_forgery,family_b,c62de1fee7134007,v1,coordinated_full_forgery,forged,genuine,0,0.09079
family_b_001064_visual_splice,family_b,c62de1fee7134007,v1,visual_splice,forged,forged,0,0.999877
family_b_001065_visual_splice,family_b,c62de1fee7134007,v1,visual_splice,forged,forged,0,0.002384
family_b_001066_visual_splice,family_b,c62de1fee7134007,v1,visual_splice,forged,forged,0,0.20649
family_b_001067_genuine,family_b,6f2dbca16ca2ce96,v2,genuine,genuine,genuine,3,0.001754
family_b_001068_text_qr_mismatch,family_b,6f2dbca16ca2ce96,v2,text_qr_mismatch,forged,genuine,3,0.006271
family_b_001069_qr_only_mismatch,family_b,6f2dbca16ca2ce96,v2,qr_only_mismatch,forged,genuine,3,0.003285
family_b_001070_checksum_invalid,family_b,6f2dbca16ca2ce96,v2,checksum_invalid,forged,genuine,3,0.003
family_b_001071_format_invalid,family_b,6f2dbca16ca2ce96,v2,format_invalid,forged,genuine,3,0.000866
family_b_001072_field_missing,family_b,6f2dbca16ca2ce96,v2,field_missing,forged,genuine,3,0.0002
family_b_001073_fine_grained_edit,family_b,6f2dbca16ca2ce96,v2,fine_grained_edit,forged,genuine,3,0.000351
family_b_001074_coordinated_full_forgery,family_b,6f2dbca16ca2ce96,v2,coordinated_full_forgery,forged,genuine,3,0.098077
family_b_001075_visual_splice,family_b,6f2dbca16ca2ce96,v2,visual_splice,forged,forged,3,0.997434
family_b_001076_visual_splice,family_b,6f2dbca16ca2ce96,v2,visual_splice,forged,forged,3,0.999183
family_b_001077_visual_splice,family_b,6f2dbca16ca2ce96,v2,visual_splice,forged,forged,3,0.951433
family_b_001078_genuine,family_b,1013103ec8210e53,v1,genuine,genuine,genuine,1,0.142233
family_b_001079_text_qr_mismatch,family_b,1013103ec8210e53,v1,text_qr_mismatch,forged,genuine,1,0.034635
family_b_001080_qr_only_mismatch,family_b,1013103ec8210e53,v1,qr_only_mismatch,forged,genuine,1,0.009024
family_b_001081_checksum_invalid,family_b,1013103ec8210e53,v1,checksum_invalid,forged,genuine,1,0.003971
family_b_001082_format_invalid,family_b,1013103ec8210e53,v1,format_invalid,forged,genuine,1,0.002987
family_b_001083_field_missing,family_b,1013103ec8210e53,v1,field_missing,forged,genuine,1,0.003165
family_b_001084_fine_grained_edit,family_b,1013103ec8210e53,v1,fine_grained_edit,forged,genuine,1,0.001142
family_b_001085_coordinated_full_forgery,family_b,1013103ec8210e53,v1,coordinated_full_forgery,forged,genuine,1,0.000404
family_b_001086_visual_splice,family_b,1013103ec8210e53,v1,visual_splice,forged,forged,1,0.99996
family_b_001087_visual_splice,family_b,1013103ec8210e53,v1,visual_splice,forged,forged,1,0.999446
family_b_001088_visual_splice,family_b,1013103ec8210e53,v1,visual_splice,forged,forged,1,0.99989
family_b_001089_genuine,family_b,0072e1fd0c929bd4,v2,genuine,genuine,genuine,3,0.397928
family_b_001090_text_qr_mismatch,family_b,0072e1fd0c929bd4,v2,text_qr_mismatch,forged,genuine,3,0.031842
family_b_001091_qr_only_mismatch,family_b,0072e1fd0c929bd4,v2,qr_only_mismatch,forged,genuine,3,0.076101
family_b_001092_checksum_invalid,family_b,0072e1fd0c929bd4,v2,checksum_invalid,forged,genuine,3,0.462286
family_b_001093_format_invalid,family_b,0072e1fd0c929bd4,v2,format_invalid,forged,genuine,3,0.039468
family_b_001094_field_missing,family_b,0072e1fd0c929bd4,v2,field_missing,forged,genuine,3,0.004078
family_b_001095_fine_grained_edit,family_b,0072e1fd0c929bd4,v2,fine_grained_edit,forged,genuine,3,0.011752
family_b_001096_coordinated_full_forgery,family_b,0072e1fd0c929bd4,v2,coordinated_full_forgery,forged,genuine,3,0.045468
family_b_001097_visual_splice,family_b,0072e1fd0c929bd4,v2,visual_splice,forged,forged,3,0.999685
family_b_001098_visual_splice,family_b,0072e1fd0c929bd4,v2,visual_splice,forged,forged,3,0.230936
family_b_001099_visual_splice,family_b,0072e1fd0c929bd4,v2,visual_splice,forged,forged,3,0.999873
family_b_001100_genuine,family_b,c3f20b2f0058332e,v1,genuine,genuine,genuine,4,0.001771
family_b_001101_text_qr_mismatch,family_b,c3f20b2f0058332e,v1,text_qr_mismatch,forged,genuine,4,0.004232
family_b_001102_qr_only_mismatch,family_b,c3f20b2f0058332e,v1,qr_only_mismatch,forged,genuine,4,0.037056
family_b_001103_checksum_invalid,family_b,c3f20b2f0058332e,v1,checksum_invalid,forged,genuine,4,0.002909
family_b_001104_format_invalid,family_b,c3f20b2f0058332e,v1,format_invalid,forged,genuine,4,0.005915
family_b_001105_field_missing,family_b,c3f20b2f0058332e,v1,field_missing,forged,genuine,4,0.020179
family_b_001106_fine_grained_edit,family_b,c3f20b2f0058332e,v1,fine_grained_edit,forged,genuine,4,0.008499
family_b_001107_coordinated_full_forgery,family_b,c3f20b2f0058332e,v1,coordinated_full_forgery,forged,genuine,4,0.026849
family_b_001108_visual_splice,family_b,c3f20b2f0058332e,v1,visual_splice,forged,forged,4,0.998212
family_b_001109_visual_splice,family_b,c3f20b2f0058332e,v1,visual_splice,forged,forged,4,0.952629
family_b_001110_visual_splice,family_b,c3f20b2f0058332e,v1,visual_splice,forged,forged,4,0.999192
family_b_001111_genuine,family_b,372866dd5c4bb518,v1,genuine,genuine,genuine,2,0.00098
family_b_001112_text_qr_mismatch,family_b,372866dd5c4bb518,v1,text_qr_mismatch,forged,genuine,2,0.001778
family_b_001113_qr_only_mismatch,family_b,372866dd5c4bb518,v1,qr_only_mismatch,forged,genuine,2,0.270451
family_b_001114_checksum_invalid,family_b,372866dd5c4bb518,v1,checksum_invalid,forged,genuine,2,0.001227
family_b_001115_format_invalid,family_b,372866dd5c4bb518,v1,format_invalid,forged,genuine,2,4.1e-05
family_b_001116_field_missing,family_b,372866dd5c4bb518,v1,field_missing,forged,genuine,2,0.000412
family_b_001117_fine_grained_edit,family_b,372866dd5c4bb518,v1,fine_grained_edit,forged,genuine,2,0.000688
family_b_001118_coordinated_full_forgery,family_b,372866dd5c4bb518,v1,coordinated_full_forgery,forged,genuine,2,0.299342
family_b_001119_visual_splice,family_b,372866dd5c4bb518,v1,visual_splice,forged,forged,2,0.999902
family_b_001120_visual_splice,family_b,372866dd5c4bb518,v1,visual_splice,forged,forged,2,0.016593
family_b_001121_visual_splice,family_b,372866dd5c4bb518,v1,visual_splice,forged,forged,2,0.999989
family_b_001133_genuine,family_b,a351446b42846b50,v1,genuine,genuine,genuine,3,0.016223
family_b_001134_text_qr_mismatch,family_b,a351446b42846b50,v1,text_qr_mismatch,forged,genuine,3,0.029095
family_b_001135_qr_only_mismatch,family_b,a351446b42846b50,v1,qr_only_mismatch,forged,genuine,3,0.009705
family_b_001136_checksum_invalid,family_b,a351446b42846b50,v1,checksum_invalid,forged,genuine,3,0.033713
family_b_001137_format_invalid,family_b,a351446b42846b50,v1,format_invalid,forged,genuine,3,0.013341
family_b_001138_field_missing,family_b,a351446b42846b50,v1,field_missing,forged,genuine,3,0.008802
family_b_001139_fine_grained_edit,family_b,a351446b42846b50,v1,fine_grained_edit,forged,genuine,3,0.006566
family_b_001140_coordinated_full_forgery,family_b,a351446b42846b50,v1,coordinated_full_forgery,forged,genuine,3,0.00257
family_b_001141_visual_splice,family_b,a351446b42846b50,v1,visual_splice,forged,forged,3,0.99796
family_b_001142_visual_splice,family_b,a351446b42846b50,v1,visual_splice,forged,forged,3,0.139164
family_b_001143_visual_splice,family_b,a351446b42846b50,v1,visual_splice,forged,forged,3,0.997567
family_b_001144_genuine,family_b,d960732d4f2d70df,v2,genuine,genuine,genuine,1,0.049862
family_b_001145_text_qr_mismatch,family_b,d960732d4f2d70df,v2,text_qr_mismatch,forged,genuine,1,0.231504
family_b_001146_qr_only_mismatch,family_b,d960732d4f2d70df,v2,qr_only_mismatch,forged,genuine,1,0.023476
family_b_001147_checksum_invalid,family_b,d960732d4f2d70df,v2,checksum_invalid,forged,genuine,1,0.001079
family_b_001148_format_invalid,family_b,d960732d4f2d70df,v2,format_invalid,forged,genuine,1,0.02237
family_b_001149_field_missing,family_b,d960732d4f2d70df,v2,field_missing,forged,genuine,1,0.000634
family_b_001150_fine_grained_edit,family_b,d960732d4f2d70df,v2,fine_grained_edit,forged,genuine,1,0.141092
family_b_001151_coordinated_full_forgery,family_b,d960732d4f2d70df,v2,coordinated_full_forgery,forged,genuine,1,0.000395
family_b_001152_visual_splice,family_b,d960732d4f2d70df,v2,visual_splice,forged,forged,1,0.999167
family_b_001153_visual_splice,family_b,d960732d4f2d70df,v2,visual_splice,forged,forged,1,0.99985
family_b_001154_visual_splice,family_b,d960732d4f2d70df,v2,visual_splice,forged,forged,1,0.909662
family_b_001155_genuine,family_b,677039bcdf34f234,v2,genuine,genuine,genuine,2,0.08269
family_b_001156_text_qr_mismatch,family_b,677039bcdf34f234,v2,text_qr_mismatch,forged,genuine,2,0.010106
family_b_001157_qr_only_mismatch,family_b,677039bcdf34f234,v2,qr_only_mismatch,forged,genuine,2,0.074681
family_b_001158_checksum_invalid,family_b,677039bcdf34f234,v2,checksum_invalid,forged,genuine,2,0.001663
family_b_001159_format_invalid,family_b,677039bcdf34f234,v2,format_invalid,forged,genuine,2,0.016119
family_b_001160_field_missing,family_b,677039bcdf34f234,v2,field_missing,forged,genuine,2,0.002195
family_b_001161_fine_grained_edit,family_b,677039bcdf34f234,v2,fine_grained_edit,forged,genuine,2,0.500299
family_b_001162_coordinated_full_forgery,family_b,677039bcdf34f234,v2,coordinated_full_forgery,forged,genuine,2,0.005777
family_b_001163_visual_splice,family_b,677039bcdf34f234,v2,visual_splice,forged,forged,2,0.035031
family_b_001164_visual_splice,family_b,677039bcdf34f234,v2,visual_splice,forged,forged,2,0.999441
family_b_001165_visual_splice,family_b,677039bcdf34f234,v2,visual_splice,forged,forged,2,0.999354
family_b_001166_genuine,family_b,7127aaf42992a522,v1,genuine,genuine,genuine,3,6e-05
family_b_001167_text_qr_mismatch,family_b,7127aaf42992a522,v1,text_qr_mismatch,forged,genuine,3,0.000331
family_b_001168_qr_only_mismatch,family_b,7127aaf42992a522,v1,qr_only_mismatch,forged,genuine,3,0.000168
family_b_001169_checksum_invalid,family_b,7127aaf42992a522,v1,checksum_invalid,forged,genuine,3,0.003094
family_b_001170_format_invalid,family_b,7127aaf42992a522,v1,format_invalid,forged,genuine,3,0.003329
family_b_001171_field_missing,family_b,7127aaf42992a522,v1,field_missing,forged,genuine,3,0.000224
family_b_001172_fine_grained_edit,family_b,7127aaf42992a522,v1,fine_grained_edit,forged,genuine,3,0.000454
family_b_001173_coordinated_full_forgery,family_b,7127aaf42992a522,v1,coordinated_full_forgery,forged,genuine,3,0.003605
family_b_001174_visual_splice,family_b,7127aaf42992a522,v1,visual_splice,forged,forged,3,0.998316
family_b_001175_visual_splice,family_b,7127aaf42992a522,v1,visual_splice,forged,forged,3,0.998945
family_b_001176_visual_splice,family_b,7127aaf42992a522,v1,visual_splice,forged,forged,3,0.998984
family_b_001177_genuine,family_b,7cfdeb3c864b9b62,v2,genuine,genuine,genuine,1,0.005409
family_b_001178_text_qr_mismatch,family_b,7cfdeb3c864b9b62,v2,text_qr_mismatch,forged,genuine,1,0.000949
family_b_001179_qr_only_mismatch,family_b,7cfdeb3c864b9b62,v2,qr_only_mismatch,forged,genuine,1,0.015748
family_b_001180_checksum_invalid,family_b,7cfdeb3c864b9b62,v2,checksum_invalid,forged,genuine,1,0.031615
family_b_001181_format_invalid,family_b,7cfdeb3c864b9b62,v2,format_invalid,forged,genuine,1,0.001005
family_b_001182_field_missing,family_b,7cfdeb3c864b9b62,v2,field_missing,forged,genuine,1,0.002706
family_b_001183_fine_grained_edit,family_b,7cfdeb3c864b9b62,v2,fine_grained_edit,forged,genuine,1,0.008951
family_b_001184_coordinated_full_forgery,family_b,7cfdeb3c864b9b62,v2,coordinated_full_forgery,forged,genuine,1,0.000182
family_b_001185_visual_splice,family_b,7cfdeb3c864b9b62,v2,visual_splice,forged,forged,1,0.999188
family_b_001186_visual_splice,family_b,7cfdeb3c864b9b62,v2,visual_splice,forged,forged,1,0.058656
family_b_001187_visual_splice,family_b,7cfdeb3c864b9b62,v2,visual_splice,forged,forged,1,0.999498
family_b_001199_genuine,family_b,f487c2505b920799,v1,genuine,genuine,genuine,2,0.018322
family_b_001200_text_qr_mismatch,family_b,f487c2505b920799,v1,text_qr_mismatch,forged,genuine,2,0.014876
family_b_001201_qr_only_mismatch,family_b,f487c2505b920799,v1,qr_only_mismatch,forged,genuine,2,0.05212
family_b_001202_checksum_invalid,family_b,f487c2505b920799,v1,checksum_invalid,forged,genuine,2,0.440779
family_b_001203_format_invalid,family_b,f487c2505b920799,v1,format_invalid,forged,genuine,2,0.007566
family_b_001204_field_missing,family_b,f487c2505b920799,v1,field_missing,forged,genuine,2,0.000767
family_b_001205_fine_grained_edit,family_b,f487c2505b920799,v1,fine_grained_edit,forged,genuine,2,0.116102
family_b_001206_coordinated_full_forgery,family_b,f487c2505b920799,v1,coordinated_full_forgery,forged,genuine,2,0.023433
family_b_001207_visual_splice,family_b,f487c2505b920799,v1,visual_splice,forged,forged,2,0.995453
family_b_001208_visual_splice,family_b,f487c2505b920799,v1,visual_splice,forged,forged,2,0.999935
family_b_001209_visual_splice,family_b,f487c2505b920799,v1,visual_splice,forged,forged,2,0.999939
family_b_001232_genuine,family_b,8f3e29b2b93834cf,v1,genuine,genuine,genuine,4,0.130415
family_b_001233_text_qr_mismatch,family_b,8f3e29b2b93834cf,v1,text_qr_mismatch,forged,genuine,4,0.006562
family_b_001234_qr_only_mismatch,family_b,8f3e29b2b93834cf,v1,qr_only_mismatch,forged,genuine,4,0.01136
family_b_001235_checksum_invalid,family_b,8f3e29b2b93834cf,v1,checksum_invalid,forged,genuine,4,0.45957
family_b_001236_format_invalid,family_b,8f3e29b2b93834cf,v1,format_invalid,forged,genuine,4,0.00954
family_b_001237_field_missing,family_b,8f3e29b2b93834cf,v1,field_missing,forged,genuine,4,0.000102
family_b_001238_fine_grained_edit,family_b,8f3e29b2b93834cf,v1,fine_grained_edit,forged,genuine,4,0.027534
family_b_001239_coordinated_full_forgery,family_b,8f3e29b2b93834cf,v1,coordinated_full_forgery,forged,genuine,4,0.226435
family_b_001240_visual_splice,family_b,8f3e29b2b93834cf,v1,visual_splice,forged,forged,4,0.999272
family_b_001241_visual_splice,family_b,8f3e29b2b93834cf,v1,visual_splice,forged,forged,4,0.99992
family_b_001242_visual_splice,family_b,8f3e29b2b93834cf,v1,visual_splice,forged,forged,4,0.992059
family_b_001243_genuine,family_b,1371ca1c105435e1,v2,genuine,genuine,genuine,2,0.003802
family_b_001244_text_qr_mismatch,family_b,1371ca1c105435e1,v2,text_qr_mismatch,forged,genuine,2,0.12409
family_b_001245_qr_only_mismatch,family_b,1371ca1c105435e1,v2,qr_only_mismatch,forged,genuine,2,0.003157
family_b_001246_checksum_invalid,family_b,1371ca1c105435e1,v2,checksum_invalid,forged,genuine,2,0.04006
family_b_001247_format_invalid,family_b,1371ca1c105435e1,v2,format_invalid,forged,genuine,2,0.004165
family_b_001248_field_missing,family_b,1371ca1c105435e1,v2,field_missing,forged,genuine,2,0.000943
family_b_001249_fine_grained_edit,family_b,1371ca1c105435e1,v2,fine_grained_edit,forged,genuine,2,0.007081
family_b_001250_coordinated_full_forgery,family_b,1371ca1c105435e1,v2,coordinated_full_forgery,forged,genuine,2,0.007625
family_b_001251_visual_splice,family_b,1371ca1c105435e1,v2,visual_splice,forged,forged,2,0.074897
family_b_001252_visual_splice,family_b,1371ca1c105435e1,v2,visual_splice,forged,forged,2,0.999829
family_b_001253_visual_splice,family_b,1371ca1c105435e1,v2,visual_splice,forged,forged,2,0.999817
family_b_001254_genuine,family_b,ca78a480c2623eb2,v1,genuine,genuine,genuine,1,0.005945
family_b_001255_text_qr_mismatch,family_b,ca78a480c2623eb2,v1,text_qr_mismatch,forged,genuine,1,0.004023
family_b_001256_qr_only_mismatch,family_b,ca78a480c2623eb2,v1,qr_only_mismatch,forged,genuine,1,0.013957
family_b_001257_checksum_invalid,family_b,ca78a480c2623eb2,v1,checksum_invalid,forged,genuine,1,0.002501
family_b_001258_format_invalid,family_b,ca78a480c2623eb2,v1,format_invalid,forged,genuine,1,0.017597
family_b_001259_field_missing,family_b,ca78a480c2623eb2,v1,field_missing,forged,genuine,1,0.002259
family_b_001260_fine_grained_edit,family_b,ca78a480c2623eb2,v1,fine_grained_edit,forged,genuine,1,0.164494
family_b_001261_coordinated_full_forgery,family_b,ca78a480c2623eb2,v1,coordinated_full_forgery,forged,genuine,1,0.008332
family_b_001262_visual_splice,family_b,ca78a480c2623eb2,v1,visual_splice,forged,forged,1,0.948514
family_b_001263_visual_splice,family_b,ca78a480c2623eb2,v1,visual_splice,forged,forged,1,0.999805
family_b_001264_visual_splice,family_b,ca78a480c2623eb2,v1,visual_splice,forged,forged,1,0.999199
family_b_001265_genuine,family_b,704a824b9c2c4bed,v2,genuine,genuine,genuine,2,0.014473
family_b_001266_text_qr_mismatch,family_b,704a824b9c2c4bed,v2,text_qr_mismatch,forged,genuine,2,0.096396
family_b_001267_qr_only_mismatch,family_b,704a824b9c2c4bed,v2,qr_only_mismatch,forged,genuine,2,0.045285
family_b_001268_checksum_invalid,family_b,704a824b9c2c4bed,v2,checksum_invalid,forged,genuine,2,0.016247
family_b_001269_format_invalid,family_b,704a824b9c2c4bed,v2,format_invalid,forged,genuine,2,0.767742
family_b_001270_field_missing,family_b,704a824b9c2c4bed,v2,field_missing,forged,genuine,2,0.000844
family_b_001271_fine_grained_edit,family_b,704a824b9c2c4bed,v2,fine_grained_edit,forged,genuine,2,0.127449
family_b_001272_coordinated_full_forgery,family_b,704a824b9c2c4bed,v2,coordinated_full_forgery,forged,genuine,2,0.006992
family_b_001273_visual_splice,family_b,704a824b9c2c4bed,v2,visual_splice,forged,forged,2,0.99996
family_b_001274_visual_splice,family_b,704a824b9c2c4bed,v2,visual_splice,forged,forged,2,0.023453
family_b_001275_visual_splice,family_b,704a824b9c2c4bed,v2,visual_splice,forged,forged,2,0.999973
family_b_001276_genuine,family_b,707d1d3c0b6f45aa,v1,genuine,genuine,genuine,1,0.009792
family_b_001277_text_qr_mismatch,family_b,707d1d3c0b6f45aa,v1,text_qr_mismatch,forged,genuine,1,0.003407
family_b_001278_qr_only_mismatch,family_b,707d1d3c0b6f45aa,v1,qr_only_mismatch,forged,genuine,1,0.015397
family_b_001279_checksum_invalid,family_b,707d1d3c0b6f45aa,v1,checksum_invalid,forged,genuine,1,0.028404
family_b_001280_format_invalid,family_b,707d1d3c0b6f45aa,v1,format_invalid,forged,genuine,1,0.001145
family_b_001281_field_missing,family_b,707d1d3c0b6f45aa,v1,field_missing,forged,genuine,1,0.017291
family_b_001282_fine_grained_edit,family_b,707d1d3c0b6f45aa,v1,fine_grained_edit,forged,genuine,1,0.91006
family_b_001283_coordinated_full_forgery,family_b,707d1d3c0b6f45aa,v1,coordinated_full_forgery,forged,genuine,1,0.024356
family_b_001284_visual_splice,family_b,707d1d3c0b6f45aa,v1,visual_splice,forged,forged,1,0.996161
family_b_001285_visual_splice,family_b,707d1d3c0b6f45aa,v1,visual_splice,forged,forged,1,0.999723
family_b_001286_visual_splice,family_b,707d1d3c0b6f45aa,v1,visual_splice,forged,forged,1,0.999309
family_b_001309_genuine,family_b,4131699894ea9a7b,v1,genuine,genuine,genuine,0,0.037996
family_b_001310_text_qr_mismatch,family_b,4131699894ea9a7b,v1,text_qr_mismatch,forged,genuine,0,0.572887
family_b_001311_qr_only_mismatch,family_b,4131699894ea9a7b,v1,qr_only_mismatch,forged,genuine,0,9.3e-05
family_b_001312_checksum_invalid,family_b,4131699894ea9a7b,v1,checksum_invalid,forged,genuine,0,0.014343
family_b_001313_format_invalid,family_b,4131699894ea9a7b,v1,format_invalid,forged,genuine,0,0.015957
family_b_001314_field_missing,family_b,4131699894ea9a7b,v1,field_missing,forged,genuine,0,0.013856
family_b_001315_fine_grained_edit,family_b,4131699894ea9a7b,v1,fine_grained_edit,forged,genuine,0,0.373914
family_b_001316_coordinated_full_forgery,family_b,4131699894ea9a7b,v1,coordinated_full_forgery,forged,genuine,0,0.000238
family_b_001317_visual_splice,family_b,4131699894ea9a7b,v1,visual_splice,forged,forged,0,0.964853
family_b_001318_visual_splice,family_b,4131699894ea9a7b,v1,visual_splice,forged,forged,0,0.017743
family_b_001319_visual_splice,family_b,4131699894ea9a7b,v1,visual_splice,forged,forged,0,0.999931
family_b_001331_genuine,family_b,a005e0f5afc48b41,v1,genuine,genuine,genuine,0,0.000148
family_b_001332_text_qr_mismatch,family_b,a005e0f5afc48b41,v1,text_qr_mismatch,forged,genuine,0,0.014106
family_b_001333_qr_only_mismatch,family_b,a005e0f5afc48b41,v1,qr_only_mismatch,forged,genuine,0,0.023176
family_b_001334_checksum_invalid,family_b,a005e0f5afc48b41,v1,checksum_invalid,forged,genuine,0,0.002058
family_b_001335_format_invalid,family_b,a005e0f5afc48b41,v1,format_invalid,forged,genuine,0,0.000427
family_b_001336_field_missing,family_b,a005e0f5afc48b41,v1,field_missing,forged,genuine,0,0.000345
family_b_001337_fine_grained_edit,family_b,a005e0f5afc48b41,v1,fine_grained_edit,forged,genuine,0,0.000982
family_b_001338_coordinated_full_forgery,family_b,a005e0f5afc48b41,v1,coordinated_full_forgery,forged,genuine,0,0.004483
family_b_001339_visual_splice,family_b,a005e0f5afc48b41,v1,visual_splice,forged,forged,0,0.999241
family_b_001340_visual_splice,family_b,a005e0f5afc48b41,v1,visual_splice,forged,forged,0,0.999911
family_b_001341_visual_splice,family_b,a005e0f5afc48b41,v1,visual_splice,forged,forged,0,0.999915
family_b_001342_genuine,family_b,339ff247f996a341,v2,genuine,genuine,genuine,4,0.06521
family_b_001343_text_qr_mismatch,family_b,339ff247f996a341,v2,text_qr_mismatch,forged,genuine,4,0.164735
family_b_001344_qr_only_mismatch,family_b,339ff247f996a341,v2,qr_only_mismatch,forged,genuine,4,0.0979
family_b_001345_checksum_invalid,family_b,339ff247f996a341,v2,checksum_invalid,forged,genuine,4,0.960567
family_b_001346_format_invalid,family_b,339ff247f996a341,v2,format_invalid,forged,genuine,4,0.022519
family_b_001347_field_missing,family_b,339ff247f996a341,v2,field_missing,forged,genuine,4,0.014731
family_b_001348_fine_grained_edit,family_b,339ff247f996a341,v2,fine_grained_edit,forged,genuine,4,0.266044
family_b_001349_coordinated_full_forgery,family_b,339ff247f996a341,v2,coordinated_full_forgery,forged,genuine,4,0.005023
family_b_001350_visual_splice,family_b,339ff247f996a341,v2,visual_splice,forged,forged,4,0.998085
family_b_001351_visual_splice,family_b,339ff247f996a341,v2,visual_splice,forged,forged,4,0.999075
family_b_001352_visual_splice,family_b,339ff247f996a341,v2,visual_splice,forged,forged,4,0.943365
family_b_001353_genuine,family_b,85bbaf3e2b8d7dfb,v1,genuine,genuine,genuine,4,0.337481
family_b_001354_text_qr_mismatch,family_b,85bbaf3e2b8d7dfb,v1,text_qr_mismatch,forged,genuine,4,0.188237
family_b_001355_qr_only_mismatch,family_b,85bbaf3e2b8d7dfb,v1,qr_only_mismatch,forged,genuine,4,0.281598
family_b_001356_checksum_invalid,family_b,85bbaf3e2b8d7dfb,v1,checksum_invalid,forged,genuine,4,0.014735
family_b_001357_format_invalid,family_b,85bbaf3e2b8d7dfb,v1,format_invalid,forged,genuine,4,0.647262
family_b_001358_field_missing,family_b,85bbaf3e2b8d7dfb,v1,field_missing,forged,genuine,4,0.054307
family_b_001359_fine_grained_edit,family_b,85bbaf3e2b8d7dfb,v1,fine_grained_edit,forged,genuine,4,0.37114
family_b_001360_coordinated_full_forgery,family_b,85bbaf3e2b8d7dfb,v1,coordinated_full_forgery,forged,genuine,4,0.0263
family_b_001361_visual_splice,family_b,85bbaf3e2b8d7dfb,v1,visual_splice,forged,forged,4,0.999864
family_b_001362_visual_splice,family_b,85bbaf3e2b8d7dfb,v1,visual_splice,forged,forged,4,0.999805
family_b_001363_visual_splice,family_b,85bbaf3e2b8d7dfb,v1,visual_splice,forged,forged,4,0.99992
family_b_001364_genuine,family_b,e9ec888c8dd08202,v1,genuine,genuine,genuine,0,0.023332
family_b_001365_text_qr_mismatch,family_b,e9ec888c8dd08202,v1,text_qr_mismatch,forged,genuine,0,0.924554
family_b_001366_qr_only_mismatch,family_b,e9ec888c8dd08202,v1,qr_only_mismatch,forged,genuine,0,0.0367
family_b_001367_checksum_invalid,family_b,e9ec888c8dd08202,v1,checksum_invalid,forged,genuine,0,0.017929
family_b_001368_format_invalid,family_b,e9ec888c8dd08202,v1,format_invalid,forged,genuine,0,0.06783
family_b_001369_field_missing,family_b,e9ec888c8dd08202,v1,field_missing,forged,genuine,0,0.004783
family_b_001370_fine_grained_edit,family_b,e9ec888c8dd08202,v1,fine_grained_edit,forged,genuine,0,0.196801
family_b_001371_coordinated_full_forgery,family_b,e9ec888c8dd08202,v1,coordinated_full_forgery,forged,genuine,0,0.004018
family_b_001372_visual_splice,family_b,e9ec888c8dd08202,v1,visual_splice,forged,forged,0,0.515268
family_b_001373_visual_splice,family_b,e9ec888c8dd08202,v1,visual_splice,forged,forged,0,0.999
family_b_001374_visual_splice,family_b,e9ec888c8dd08202,v1,visual_splice,forged,forged,0,0.999921
family_b_001375_genuine,family_b,4a5eb724f646177d,v2,genuine,genuine,genuine,2,0.016911
family_b_001376_text_qr_mismatch,family_b,4a5eb724f646177d,v2,text_qr_mismatch,forged,genuine,2,0.018428
family_b_001377_qr_only_mismatch,family_b,4a5eb724f646177d,v2,qr_only_mismatch,forged,genuine,2,0.00945
family_b_001378_checksum_invalid,family_b,4a5eb724f646177d,v2,checksum_invalid,forged,genuine,2,0.006387
family_b_001379_format_invalid,family_b,4a5eb724f646177d,v2,format_invalid,forged,genuine,2,0.0261
family_b_001380_field_missing,family_b,4a5eb724f646177d,v2,field_missing,forged,genuine,2,0.001549
family_b_001381_fine_grained_edit,family_b,4a5eb724f646177d,v2,fine_grained_edit,forged,genuine,2,0.617708
family_b_001382_coordinated_full_forgery,family_b,4a5eb724f646177d,v2,coordinated_full_forgery,forged,genuine,2,0.034119
family_b_001383_visual_splice,family_b,4a5eb724f646177d,v2,visual_splice,forged,forged,2,0.999863
family_b_001384_visual_splice,family_b,4a5eb724f646177d,v2,visual_splice,forged,forged,2,0.999691
family_b_001385_visual_splice,family_b,4a5eb724f646177d,v2,visual_splice,forged,forged,2,0.994328
family_b_001386_genuine,family_b,72476bf1bfd311d1,v2,genuine,genuine,genuine,4,0.05605
family_b_001387_text_qr_mismatch,family_b,72476bf1bfd311d1,v2,text_qr_mismatch,forged,genuine,4,0.050711
family_b_001388_qr_only_mismatch,family_b,72476bf1bfd311d1,v2,qr_only_mismatch,forged,genuine,4,0.244516
family_b_001389_checksum_invalid,family_b,72476bf1bfd311d1,v2,checksum_invalid,forged,genuine,4,0.103136
family_b_001390_format_invalid,family_b,72476bf1bfd311d1,v2,format_invalid,forged,genuine,4,0.016485
family_b_001391_field_missing,family_b,72476bf1bfd311d1,v2,field_missing,forged,genuine,4,0.004323
family_b_001392_fine_grained_edit,family_b,72476bf1bfd311d1,v2,fine_grained_edit,forged,genuine,4,0.960895
family_b_001393_coordinated_full_forgery,family_b,72476bf1bfd311d1,v2,coordinated_full_forgery,forged,genuine,4,0.119167
family_b_001394_visual_splice,family_b,72476bf1bfd311d1,v2,visual_splice,forged,forged,4,0.994647
family_b_001395_visual_splice,family_b,72476bf1bfd311d1,v2,visual_splice,forged,forged,4,0.999812
family_b_001396_visual_splice,family_b,72476bf1bfd311d1,v2,visual_splice,forged,forged,4,0.066297
family_b_001408_genuine,family_b,d90c3207cf0c33fb,v2,genuine,genuine,genuine,0,0.004301
family_b_001409_text_qr_mismatch,family_b,d90c3207cf0c33fb,v2,text_qr_mismatch,forged,genuine,0,0.00021
family_b_001410_qr_only_mismatch,family_b,d90c3207cf0c33fb,v2,qr_only_mismatch,forged,genuine,0,0.001516
family_b_001411_checksum_invalid,family_b,d90c3207cf0c33fb,v2,checksum_invalid,forged,genuine,0,0.013904
family_b_001412_format_invalid,family_b,d90c3207cf0c33fb,v2,format_invalid,forged,genuine,0,0.00207
family_b_001413_field_missing,family_b,d90c3207cf0c33fb,v2,field_missing,forged,genuine,0,0.267431
family_b_001414_fine_grained_edit,family_b,d90c3207cf0c33fb,v2,fine_grained_edit,forged,genuine,0,0.003034
family_b_001415_coordinated_full_forgery,family_b,d90c3207cf0c33fb,v2,coordinated_full_forgery,forged,genuine,0,0.029609
family_b_001416_visual_splice,family_b,d90c3207cf0c33fb,v2,visual_splice,forged,forged,0,0.999311
family_b_001417_visual_splice,family_b,d90c3207cf0c33fb,v2,visual_splice,forged,forged,0,0.486124
family_b_001418_visual_splice,family_b,d90c3207cf0c33fb,v2,visual_splice,forged,forged,0,0.704185
family_b_001441_genuine,family_b,70ba236dd7c55dcf,v2,genuine,genuine,genuine,4,0.073974
family_b_001442_text_qr_mismatch,family_b,70ba236dd7c55dcf,v2,text_qr_mismatch,forged,genuine,4,0.008264
family_b_001443_qr_only_mismatch,family_b,70ba236dd7c55dcf,v2,qr_only_mismatch,forged,genuine,4,0.000253
family_b_001444_checksum_invalid,family_b,70ba236dd7c55dcf,v2,checksum_invalid,forged,genuine,4,0.156247
family_b_001445_format_invalid,family_b,70ba236dd7c55dcf,v2,format_invalid,forged,genuine,4,0.093662
family_b_001446_field_missing,family_b,70ba236dd7c55dcf,v2,field_missing,forged,genuine,4,0.004716
family_b_001447_fine_grained_edit,family_b,70ba236dd7c55dcf,v2,fine_grained_edit,forged,genuine,4,0.040336
family_b_001448_coordinated_full_forgery,family_b,70ba236dd7c55dcf,v2,coordinated_full_forgery,forged,genuine,4,0.220294
family_b_001449_visual_splice,family_b,70ba236dd7c55dcf,v2,visual_splice,forged,forged,4,0.998381
family_b_001450_visual_splice,family_b,70ba236dd7c55dcf,v2,visual_splice,forged,forged,4,0.999541
family_b_001451_visual_splice,family_b,70ba236dd7c55dcf,v2,visual_splice,forged,forged,4,0.999512
family_b_001452_genuine,family_b,ed6f89ae131150ad,v1,genuine,genuine,genuine,3,0.034475
family_b_001453_text_qr_mismatch,family_b,ed6f89ae131150ad,v1,text_qr_mismatch,forged,genuine,3,0.004431
family_b_001454_qr_only_mismatch,family_b,ed6f89ae131150ad,v1,qr_only_mismatch,forged,genuine,3,0.003175
family_b_001455_checksum_invalid,family_b,ed6f89ae131150ad,v1,checksum_invalid,forged,genuine,3,0.000938
family_b_001456_format_invalid,family_b,ed6f89ae131150ad,v1,format_invalid,forged,genuine,3,0.011767
family_b_001457_field_missing,family_b,ed6f89ae131150ad,v1,field_missing,forged,genuine,3,0.002324
family_b_001458_fine_grained_edit,family_b,ed6f89ae131150ad,v1,fine_grained_edit,forged,genuine,3,0.032161
family_b_001459_coordinated_full_forgery,family_b,ed6f89ae131150ad,v1,coordinated_full_forgery,forged,genuine,3,0.000218
family_b_001460_visual_splice,family_b,ed6f89ae131150ad,v1,visual_splice,forged,forged,3,0.999396
family_b_001461_visual_splice,family_b,ed6f89ae131150ad,v1,visual_splice,forged,forged,3,0.999688
family_b_001462_visual_splice,family_b,ed6f89ae131150ad,v1,visual_splice,forged,forged,3,0.999107
family_b_001463_genuine,family_b,b9278446ff2169fa,v1,genuine,genuine,genuine,3,0.030262
family_b_001464_text_qr_mismatch,family_b,b9278446ff2169fa,v1,text_qr_mismatch,forged,genuine,3,0.588737
family_b_001465_qr_only_mismatch,family_b,b9278446ff2169fa,v1,qr_only_mismatch,forged,genuine,3,0.006333
family_b_001466_checksum_invalid,family_b,b9278446ff2169fa,v1,checksum_invalid,forged,genuine,3,0.001591
family_b_001467_format_invalid,family_b,b9278446ff2169fa,v1,format_invalid,forged,genuine,3,0.009685
family_b_001468_field_missing,family_b,b9278446ff2169fa,v1,field_missing,forged,genuine,3,0.002188
family_b_001469_fine_grained_edit,family_b,b9278446ff2169fa,v1,fine_grained_edit,forged,genuine,3,0.056028
family_b_001470_coordinated_full_forgery,family_b,b9278446ff2169fa,v1,coordinated_full_forgery,forged,genuine,3,0.063653
family_b_001471_visual_splice,family_b,b9278446ff2169fa,v1,visual_splice,forged,forged,3,0.999674
family_b_001472_visual_splice,family_b,b9278446ff2169fa,v1,visual_splice,forged,forged,3,0.999824
family_b_001473_visual_splice,family_b,b9278446ff2169fa,v1,visual_splice,forged,forged,3,0.998616
family_b_001485_genuine,family_b,525e400bb2f9e06e,v1,genuine,genuine,genuine,4,0.006178
family_b_001486_text_qr_mismatch,family_b,525e400bb2f9e06e,v1,text_qr_mismatch,forged,genuine,4,0.002666
family_b_001487_qr_only_mismatch,family_b,525e400bb2f9e06e,v1,qr_only_mismatch,forged,genuine,4,0.002625
family_b_001488_checksum_invalid,family_b,525e400bb2f9e06e,v1,checksum_invalid,forged,genuine,4,0.02698
family_b_001489_format_invalid,family_b,525e400bb2f9e06e,v1,format_invalid,forged,genuine,4,0.014923
family_b_001490_field_missing,family_b,525e400bb2f9e06e,v1,field_missing,forged,genuine,4,0.004138
family_b_001491_fine_grained_edit,family_b,525e400bb2f9e06e,v1,fine_grained_edit,forged,genuine,4,0.233815
family_b_001492_coordinated_full_forgery,family_b,525e400bb2f9e06e,v1,coordinated_full_forgery,forged,genuine,4,0.000928
family_b_001493_visual_splice,family_b,525e400bb2f9e06e,v1,visual_splice,forged,forged,4,0.999626
family_b_001494_visual_splice,family_b,525e400bb2f9e06e,v1,visual_splice,forged,forged,4,0.00373
family_b_001495_visual_splice,family_b,525e400bb2f9e06e,v1,visual_splice,forged,forged,4,0.999771
family_b_001496_genuine,family_b,b7b144075aaed857,v1,genuine,genuine,genuine,4,0.000475
family_b_001497_text_qr_mismatch,family_b,b7b144075aaed857,v1,text_qr_mismatch,forged,genuine,4,0.001275
family_b_001498_qr_only_mismatch,family_b,b7b144075aaed857,v1,qr_only_mismatch,forged,genuine,4,0.001788
family_b_001499_checksum_invalid,family_b,b7b144075aaed857,v1,checksum_invalid,forged,genuine,4,0.000787
family_b_001500_format_invalid,family_b,b7b144075aaed857,v1,format_invalid,forged,genuine,4,0.001593
family_b_001501_field_missing,family_b,b7b144075aaed857,v1,field_missing,forged,genuine,4,0.000339
family_b_001502_fine_grained_edit,family_b,b7b144075aaed857,v1,fine_grained_edit,forged,genuine,4,0.000904
family_b_001503_coordinated_full_forgery,family_b,b7b144075aaed857,v1,coordinated_full_forgery,forged,genuine,4,0.001897
family_b_001504_visual_splice,family_b,b7b144075aaed857,v1,visual_splice,forged,forged,4,0.998503
family_b_001505_visual_splice,family_b,b7b144075aaed857,v1,visual_splice,forged,forged,4,0.998651
family_b_001506_visual_splice,family_b,b7b144075aaed857,v1,visual_splice,forged,forged,4,0.706485
family_b_001507_genuine,family_b,0df18a1eef8e0437,v2,genuine,genuine,genuine,0,0.000383
family_b_001508_text_qr_mismatch,family_b,0df18a1eef8e0437,v2,text_qr_mismatch,forged,genuine,0,0.018585
family_b_001509_qr_only_mismatch,family_b,0df18a1eef8e0437,v2,qr_only_mismatch,forged,genuine,0,0.004919
family_b_001510_checksum_invalid,family_b,0df18a1eef8e0437,v2,checksum_invalid,forged,genuine,0,0.003896
family_b_001511_format_invalid,family_b,0df18a1eef8e0437,v2,format_invalid,forged,genuine,0,0.001129
family_b_001512_field_missing,family_b,0df18a1eef8e0437,v2,field_missing,forged,genuine,0,0.000285
family_b_001513_fine_grained_edit,family_b,0df18a1eef8e0437,v2,fine_grained_edit,forged,genuine,0,0.00657
family_b_001514_coordinated_full_forgery,family_b,0df18a1eef8e0437,v2,coordinated_full_forgery,forged,genuine,0,0.013249
family_b_001515_visual_splice,family_b,0df18a1eef8e0437,v2,visual_splice,forged,forged,0,0.198733
family_b_001516_visual_splice,family_b,0df18a1eef8e0437,v2,visual_splice,forged,forged,0,0.9999
family_b_001517_visual_splice,family_b,0df18a1eef8e0437,v2,visual_splice,forged,forged,0,0.999921
family_b_001518_genuine,family_b,c3f2860741bc5817,v1,genuine,genuine,genuine,4,0.013312
family_b_001519_text_qr_mismatch,family_b,c3f2860741bc5817,v1,text_qr_mismatch,forged,genuine,4,0.001542
family_b_001520_qr_only_mismatch,family_b,c3f2860741bc5817,v1,qr_only_mismatch,forged,genuine,4,0.021124
family_b_001521_checksum_invalid,family_b,c3f2860741bc5817,v1,checksum_invalid,forged,genuine,4,0.005732
family_b_001522_format_invalid,family_b,c3f2860741bc5817,v1,format_invalid,forged,genuine,4,0.00283
family_b_001523_field_missing,family_b,c3f2860741bc5817,v1,field_missing,forged,genuine,4,0.004244
family_b_001524_fine_grained_edit,family_b,c3f2860741bc5817,v1,fine_grained_edit,forged,genuine,4,0.007003
family_b_001525_coordinated_full_forgery,family_b,c3f2860741bc5817,v1,coordinated_full_forgery,forged,genuine,4,0.439919
family_b_001526_visual_splice,family_b,c3f2860741bc5817,v1,visual_splice,forged,forged,4,0.993757
family_b_001527_visual_splice,family_b,c3f2860741bc5817,v1,visual_splice,forged,forged,4,0.999796
family_b_001528_visual_splice,family_b,c3f2860741bc5817,v1,visual_splice,forged,forged,4,0.987643
family_b_001529_genuine,family_b,f911843ffae4b358,v1,genuine,genuine,genuine,2,0.004692
family_b_001530_text_qr_mismatch,family_b,f911843ffae4b358,v1,text_qr_mismatch,forged,genuine,2,0.016904
family_b_001531_qr_only_mismatch,family_b,f911843ffae4b358,v1,qr_only_mismatch,forged,genuine,2,0.04525
family_b_001532_checksum_invalid,family_b,f911843ffae4b358,v1,checksum_invalid,forged,genuine,2,0.011591
family_b_001533_format_invalid,family_b,f911843ffae4b358,v1,format_invalid,forged,genuine,2,0.006481
family_b_001534_field_missing,family_b,f911843ffae4b358,v1,field_missing,forged,genuine,2,0.000591
family_b_001535_fine_grained_edit,family_b,f911843ffae4b358,v1,fine_grained_edit,forged,genuine,2,0.027617
family_b_001536_coordinated_full_forgery,family_b,f911843ffae4b358,v1,coordinated_full_forgery,forged,genuine,2,0.006834
family_b_001537_visual_splice,family_b,f911843ffae4b358,v1,visual_splice,forged,forged,2,0.999532
family_b_001538_visual_splice,family_b,f911843ffae4b358,v1,visual_splice,forged,forged,2,0.998821
family_b_001539_visual_splice,family_b,f911843ffae4b358,v1,visual_splice,forged,forged,2,0.992915
family_b_001551_genuine,family_b,b29333785baaec21,v1,genuine,genuine,genuine,1,0.022329
family_b_001552_text_qr_mismatch,family_b,b29333785baaec21,v1,text_qr_mismatch,forged,genuine,1,0.007144
family_b_001553_qr_only_mismatch,family_b,b29333785baaec21,v1,qr_only_mismatch,forged,genuine,1,0.002627
family_b_001554_checksum_invalid,family_b,b29333785baaec21,v1,checksum_invalid,forged,genuine,1,0.003421
family_b_001555_format_invalid,family_b,b29333785baaec21,v1,format_invalid,forged,genuine,1,0.001735
family_b_001556_field_missing,family_b,b29333785baaec21,v1,field_missing,forged,genuine,1,0.000761
family_b_001557_fine_grained_edit,family_b,b29333785baaec21,v1,fine_grained_edit,forged,genuine,1,0.002822
family_b_001558_coordinated_full_forgery,family_b,b29333785baaec21,v1,coordinated_full_forgery,forged,genuine,1,0.025805
family_b_001559_visual_splice,family_b,b29333785baaec21,v1,visual_splice,forged,forged,1,0.999787
family_b_001560_visual_splice,family_b,b29333785baaec21,v1,visual_splice,forged,forged,1,0.843081
family_b_001561_visual_splice,family_b,b29333785baaec21,v1,visual_splice,forged,forged,1,0.989942
family_b_001562_genuine,family_b,7874ba9820366fa6,v1,genuine,genuine,genuine,2,0.07456
family_b_001563_text_qr_mismatch,family_b,7874ba9820366fa6,v1,text_qr_mismatch,forged,genuine,2,0.1294
family_b_001564_qr_only_mismatch,family_b,7874ba9820366fa6,v1,qr_only_mismatch,forged,genuine,2,0.279756
family_b_001565_checksum_invalid,family_b,7874ba9820366fa6,v1,checksum_invalid,forged,genuine,2,0.423626
family_b_001566_format_invalid,family_b,7874ba9820366fa6,v1,format_invalid,forged,genuine,2,0.087196
family_b_001567_field_missing,family_b,7874ba9820366fa6,v1,field_missing,forged,genuine,2,0.00683
family_b_001568_fine_grained_edit,family_b,7874ba9820366fa6,v1,fine_grained_edit,forged,genuine,2,0.07189
family_b_001569_coordinated_full_forgery,family_b,7874ba9820366fa6,v1,coordinated_full_forgery,forged,genuine,2,0.009069
family_b_001570_visual_splice,family_b,7874ba9820366fa6,v1,visual_splice,forged,forged,2,0.999042
family_b_001571_visual_splice,family_b,7874ba9820366fa6,v1,visual_splice,forged,forged,2,0.835812
family_b_001572_visual_splice,family_b,7874ba9820366fa6,v1,visual_splice,forged,forged,2,0.999942
family_b_001573_genuine,family_b,21c4ddaf1b938ff0,v1,genuine,genuine,genuine,1,0.002214
family_b_001574_text_qr_mismatch,family_b,21c4ddaf1b938ff0,v1,text_qr_mismatch,forged,genuine,1,0.019543
family_b_001575_qr_only_mismatch,family_b,21c4ddaf1b938ff0,v1,qr_only_mismatch,forged,genuine,1,0.073841
family_b_001576_checksum_invalid,family_b,21c4ddaf1b938ff0,v1,checksum_invalid,forged,genuine,1,0.147999
family_b_001577_format_invalid,family_b,21c4ddaf1b938ff0,v1,format_invalid,forged,genuine,1,0.002771
family_b_001578_field_missing,family_b,21c4ddaf1b938ff0,v1,field_missing,forged,genuine,1,0.005159
family_b_001579_fine_grained_edit,family_b,21c4ddaf1b938ff0,v1,fine_grained_edit,forged,genuine,1,0.032139
family_b_001580_coordinated_full_forgery,family_b,21c4ddaf1b938ff0,v1,coordinated_full_forgery,forged,genuine,1,0.000531
family_b_001581_visual_splice,family_b,21c4ddaf1b938ff0,v1,visual_splice,forged,forged,1,0.989815
family_b_001582_visual_splice,family_b,21c4ddaf1b938ff0,v1,visual_splice,forged,forged,1,0.99667
family_b_001583_visual_splice,family_b,21c4ddaf1b938ff0,v1,visual_splice,forged,forged,1,0.999695
family_b_001595_genuine,family_b,fc3cd5cbb993bc1f,v1,genuine,genuine,genuine,1,0.019105
family_b_001596_text_qr_mismatch,family_b,fc3cd5cbb993bc1f,v1,text_qr_mismatch,forged,genuine,1,0.006787
family_b_001597_qr_only_mismatch,family_b,fc3cd5cbb993bc1f,v1,qr_only_mismatch,forged,genuine,1,0.015439
family_b_001598_checksum_invalid,family_b,fc3cd5cbb993bc1f,v1,checksum_invalid,forged,genuine,1,0.185241
family_b_001599_format_invalid,family_b,fc3cd5cbb993bc1f,v1,format_invalid,forged,genuine,1,0.002825
family_b_001600_field_missing,family_b,fc3cd5cbb993bc1f,v1,field_missing,forged,genuine,1,0.022826
family_b_001601_fine_grained_edit,family_b,fc3cd5cbb993bc1f,v1,fine_grained_edit,forged,genuine,1,0.091147
family_b_001602_coordinated_full_forgery,family_b,fc3cd5cbb993bc1f,v1,coordinated_full_forgery,forged,genuine,1,0.021623
family_b_001603_visual_splice,family_b,fc3cd5cbb993bc1f,v1,visual_splice,forged,forged,1,0.305555
family_b_001604_visual_splice,family_b,fc3cd5cbb993bc1f,v1,visual_splice,forged,forged,1,0.01979
family_b_001605_visual_splice,family_b,fc3cd5cbb993bc1f,v1,visual_splice,forged,forged,1,0.999879
family_b_001617_genuine,family_b,0b80bfc21dc2b475,v1,genuine,genuine,genuine,1,0.033689
family_b_001618_text_qr_mismatch,family_b,0b80bfc21dc2b475,v1,text_qr_mismatch,forged,genuine,1,0.001193
family_b_001619_qr_only_mismatch,family_b,0b80bfc21dc2b475,v1,qr_only_mismatch,forged,genuine,1,0.001408
family_b_001620_checksum_invalid,family_b,0b80bfc21dc2b475,v1,checksum_invalid,forged,genuine,1,0.002133
family_b_001621_format_invalid,family_b,0b80bfc21dc2b475,v1,format_invalid,forged,genuine,1,0.000768
family_b_001622_field_missing,family_b,0b80bfc21dc2b475,v1,field_missing,forged,genuine,1,0.000104
family_b_001623_fine_grained_edit,family_b,0b80bfc21dc2b475,v1,fine_grained_edit,forged,genuine,1,0.011473
family_b_001624_coordinated_full_forgery,family_b,0b80bfc21dc2b475,v1,coordinated_full_forgery,forged,genuine,1,0.001218
family_b_001625_visual_splice,family_b,0b80bfc21dc2b475,v1,visual_splice,forged,forged,1,0.989255
family_b_001626_visual_splice,family_b,0b80bfc21dc2b475,v1,visual_splice,forged,forged,1,0.999837
family_b_001627_visual_splice,family_b,0b80bfc21dc2b475,v1,visual_splice,forged,forged,1,0.998552
family_b_001628_genuine,family_b,f82bed7b1908c000,v2,genuine,genuine,genuine,2,0.209381
family_b_001629_text_qr_mismatch,family_b,f82bed7b1908c000,v2,text_qr_mismatch,forged,genuine,2,0.129659
family_b_001630_qr_only_mismatch,family_b,f82bed7b1908c000,v2,qr_only_mismatch,forged,genuine,2,0.000204
family_b_001631_checksum_invalid,family_b,f82bed7b1908c000,v2,checksum_invalid,forged,genuine,2,0.102811
family_b_001632_format_invalid,family_b,f82bed7b1908c000,v2,format_invalid,forged,genuine,2,0.055163
family_b_001633_field_missing,family_b,f82bed7b1908c000,v2,field_missing,forged,genuine,2,0.007182
family_b_001634_fine_grained_edit,family_b,f82bed7b1908c000,v2,fine_grained_edit,forged,genuine,2,0.080441
family_b_001635_coordinated_full_forgery,family_b,f82bed7b1908c000,v2,coordinated_full_forgery,forged,genuine,2,0.00761
family_b_001636_visual_splice,family_b,f82bed7b1908c000,v2,visual_splice,forged,forged,2,0.999977
family_b_001637_visual_splice,family_b,f82bed7b1908c000,v2,visual_splice,forged,forged,2,0.999859
family_b_001638_visual_splice,family_b,f82bed7b1908c000,v2,visual_splice,forged,forged,2,0.999961
family_b_001650_genuine,family_b,2ca027314272d7ff,v1,genuine,genuine,genuine,1,0.003488
family_b_001651_text_qr_mismatch,family_b,2ca027314272d7ff,v1,text_qr_mismatch,forged,genuine,1,0.004853
family_b_001652_qr_only_mismatch,family_b,2ca027314272d7ff,v1,qr_only_mismatch,forged,genuine,1,0.011522
family_b_001653_checksum_invalid,family_b,2ca027314272d7ff,v1,checksum_invalid,forged,genuine,1,0.007433
family_b_001654_format_invalid,family_b,2ca027314272d7ff,v1,format_invalid,forged,genuine,1,0.002065
family_b_001655_field_missing,family_b,2ca027314272d7ff,v1,field_missing,forged,genuine,1,0.001085
family_b_001656_fine_grained_edit,family_b,2ca027314272d7ff,v1,fine_grained_edit,forged,genuine,1,0.020994
family_b_001657_coordinated_full_forgery,family_b,2ca027314272d7ff,v1,coordinated_full_forgery,forged,genuine,1,0.01864
family_b_001658_visual_splice,family_b,2ca027314272d7ff,v1,visual_splice,forged,forged,1,0.998905
family_b_001659_visual_splice,family_b,2ca027314272d7ff,v1,visual_splice,forged,forged,1,0.315638
family_b_001660_visual_splice,family_b,2ca027314272d7ff,v1,visual_splice,forged,forged,1,0.983988
family_b_001672_genuine,family_b,a87590b6707c7add,v1,genuine,genuine,genuine,4,0.029121
family_b_001673_text_qr_mismatch,family_b,a87590b6707c7add,v1,text_qr_mismatch,forged,genuine,4,0.020035
family_b_001674_qr_only_mismatch,family_b,a87590b6707c7add,v1,qr_only_mismatch,forged,genuine,4,0.009903
family_b_001675_checksum_invalid,family_b,a87590b6707c7add,v1,checksum_invalid,forged,genuine,4,0.40919
family_b_001676_format_invalid,family_b,a87590b6707c7add,v1,format_invalid,forged,genuine,4,0.010375
family_b_001677_field_missing,family_b,a87590b6707c7add,v1,field_missing,forged,genuine,4,0.00125
family_b_001678_fine_grained_edit,family_b,a87590b6707c7add,v1,fine_grained_edit,forged,genuine,4,0.02021
family_b_001679_coordinated_full_forgery,family_b,a87590b6707c7add,v1,coordinated_full_forgery,forged,genuine,4,0.492966
family_b_001680_visual_splice,family_b,a87590b6707c7add,v1,visual_splice,forged,forged,4,0.999527
family_b_001681_visual_splice,family_b,a87590b6707c7add,v1,visual_splice,forged,forged,4,0.999878
family_b_001682_visual_splice,family_b,a87590b6707c7add,v1,visual_splice,forged,forged,4,0.998234
family_b_001683_genuine,family_b,17b3e9f08e1d2a36,v2,genuine,genuine,genuine,3,0.001022
family_b_001684_text_qr_mismatch,family_b,17b3e9f08e1d2a36,v2,text_qr_mismatch,forged,genuine,3,0.00035
family_b_001685_qr_only_mismatch,family_b,17b3e9f08e1d2a36,v2,qr_only_mismatch,forged,genuine,3,0.004326
family_b_001686_checksum_invalid,family_b,17b3e9f08e1d2a36,v2,checksum_invalid,forged,genuine,3,0.001034
family_b_001687_format_invalid,family_b,17b3e9f08e1d2a36,v2,format_invalid,forged,genuine,3,0.002632
family_b_001688_field_missing,family_b,17b3e9f08e1d2a36,v2,field_missing,forged,genuine,3,0.000385
family_b_001689_fine_grained_edit,family_b,17b3e9f08e1d2a36,v2,fine_grained_edit,forged,genuine,3,0.000226
family_b_001690_coordinated_full_forgery,family_b,17b3e9f08e1d2a36,v2,coordinated_full_forgery,forged,genuine,3,0.00559
family_b_001691_visual_splice,family_b,17b3e9f08e1d2a36,v2,visual_splice,forged,forged,3,0.003085
family_b_001692_visual_splice,family_b,17b3e9f08e1d2a36,v2,visual_splice,forged,forged,3,0.99719
family_b_001693_visual_splice,family_b,17b3e9f08e1d2a36,v2,visual_splice,forged,forged,3,0.150785
family_b_001694_genuine,family_b,1f8953603eda9db2,v1,genuine,genuine,genuine,1,0.113223
family_b_001695_text_qr_mismatch,family_b,1f8953603eda9db2,v1,text_qr_mismatch,forged,genuine,1,0.036846
family_b_001696_qr_only_mismatch,family_b,1f8953603eda9db2,v1,qr_only_mismatch,forged,genuine,1,0.03198
family_b_001697_checksum_invalid,family_b,1f8953603eda9db2,v1,checksum_invalid,forged,genuine,1,0.019148
family_b_001698_format_invalid,family_b,1f8953603eda9db2,v1,format_invalid,forged,genuine,1,0.00455
family_b_001699_field_missing,family_b,1f8953603eda9db2,v1,field_missing,forged,genuine,1,0.002713
family_b_001700_fine_grained_edit,family_b,1f8953603eda9db2,v1,fine_grained_edit,forged,genuine,1,0.031133
family_b_001701_coordinated_full_forgery,family_b,1f8953603eda9db2,v1,coordinated_full_forgery,forged,genuine,1,0.001615
family_b_001702_visual_splice,family_b,1f8953603eda9db2,v1,visual_splice,forged,forged,1,0.999045
family_b_001703_visual_splice,family_b,1f8953603eda9db2,v1,visual_splice,forged,forged,1,0.999325
family_b_001704_visual_splice,family_b,1f8953603eda9db2,v1,visual_splice,forged,forged,1,0.998811
family_b_001705_genuine,family_b,11ac759d2c3fad17,v1,genuine,genuine,genuine,0,0.023862
family_b_001706_text_qr_mismatch,family_b,11ac759d2c3fad17,v1,text_qr_mismatch,forged,genuine,0,0.000677
family_b_001707_qr_only_mismatch,family_b,11ac759d2c3fad17,v1,qr_only_mismatch,forged,genuine,0,0.000448
family_b_001708_checksum_invalid,family_b,11ac759d2c3fad17,v1,checksum_invalid,forged,genuine,0,0.007943
family_b_001709_format_invalid,family_b,11ac759d2c3fad17,v1,format_invalid,forged,genuine,0,0.001156
family_b_001710_field_missing,family_b,11ac759d2c3fad17,v1,field_missing,forged,genuine,0,0.000214
family_b_001711_fine_grained_edit,family_b,11ac759d2c3fad17,v1,fine_grained_edit,forged,genuine,0,5e-06
family_b_001712_coordinated_full_forgery,family_b,11ac759d2c3fad17,v1,coordinated_full_forgery,forged,genuine,0,0.043615
family_b_001713_visual_splice,family_b,11ac759d2c3fad17,v1,visual_splice,forged,forged,0,0.99948
family_b_001714_visual_splice,family_b,11ac759d2c3fad17,v1,visual_splice,forged,forged,0,0.999333
family_b_001715_visual_splice,family_b,11ac759d2c3fad17,v1,visual_splice,forged,forged,0,0.999875
family_b_001716_genuine,family_b,c1dba83e28a713d3,v2,genuine,genuine,genuine,4,0.202005
family_b_001717_text_qr_mismatch,family_b,c1dba83e28a713d3,v2,text_qr_mismatch,forged,genuine,4,0.995594
family_b_001718_qr_only_mismatch,family_b,c1dba83e28a713d3,v2,qr_only_mismatch,forged,genuine,4,0.134091
family_b_001719_checksum_invalid,family_b,c1dba83e28a713d3,v2,checksum_invalid,forged,genuine,4,0.431217
family_b_001720_format_invalid,family_b,c1dba83e28a713d3,v2,format_invalid,forged,genuine,4,0.01938
family_b_001721_field_missing,family_b,c1dba83e28a713d3,v2,field_missing,forged,genuine,4,0.02318
family_b_001722_fine_grained_edit,family_b,c1dba83e28a713d3,v2,fine_grained_edit,forged,genuine,4,0.928215
family_b_001723_coordinated_full_forgery,family_b,c1dba83e28a713d3,v2,coordinated_full_forgery,forged,genuine,4,0.005772
family_b_001724_visual_splice,family_b,c1dba83e28a713d3,v2,visual_splice,forged,forged,4,0.999784
family_b_001725_visual_splice,family_b,c1dba83e28a713d3,v2,visual_splice,forged,forged,4,0.903402
family_b_001726_visual_splice,family_b,c1dba83e28a713d3,v2,visual_splice,forged,forged,4,0.999955
family_b_001738_genuine,family_b,0e04ee2e2244991a,v2,genuine,genuine,genuine,4,0.004309
family_b_001739_text_qr_mismatch,family_b,0e04ee2e2244991a,v2,text_qr_mismatch,forged,genuine,4,0.124513
family_b_001740_qr_only_mismatch,family_b,0e04ee2e2244991a,v2,qr_only_mismatch,forged,genuine,4,0.009422
family_b_001741_checksum_invalid,family_b,0e04ee2e2244991a,v2,checksum_invalid,forged,genuine,4,0.051672
family_b_001742_format_invalid,family_b,0e04ee2e2244991a,v2,format_invalid,forged,genuine,4,0.085133
family_b_001743_field_missing,family_b,0e04ee2e2244991a,v2,field_missing,forged,genuine,4,0.001602
family_b_001744_fine_grained_edit,family_b,0e04ee2e2244991a,v2,fine_grained_edit,forged,genuine,4,0.160311
family_b_001745_coordinated_full_forgery,family_b,0e04ee2e2244991a,v2,coordinated_full_forgery,forged,genuine,4,0.013766
family_b_001746_visual_splice,family_b,0e04ee2e2244991a,v2,visual_splice,forged,forged,4,0.027802
family_b_001747_visual_splice,family_b,0e04ee2e2244991a,v2,visual_splice,forged,forged,4,0.999554
family_b_001748_visual_splice,family_b,0e04ee2e2244991a,v2,visual_splice,forged,forged,4,0.999387
family_b_001749_genuine,family_b,20513e1c9f90d64a,v2,genuine,genuine,genuine,4,0.07284
family_b_001750_text_qr_mismatch,family_b,20513e1c9f90d64a,v2,text_qr_mismatch,forged,genuine,4,0.084104
family_b_001751_qr_only_mismatch,family_b,20513e1c9f90d64a,v2,qr_only_mismatch,forged,genuine,4,0.108806
family_b_001752_checksum_invalid,family_b,20513e1c9f90d64a,v2,checksum_invalid,forged,genuine,4,0.110029
family_b_001753_format_invalid,family_b,20513e1c9f90d64a,v2,format_invalid,forged,genuine,4,0.093153
family_b_001754_field_missing,family_b,20513e1c9f90d64a,v2,field_missing,forged,genuine,4,0.066976
family_b_001755_fine_grained_edit,family_b,20513e1c9f90d64a,v2,fine_grained_edit,forged,genuine,4,0.010337
family_b_001756_coordinated_full_forgery,family_b,20513e1c9f90d64a,v2,coordinated_full_forgery,forged,genuine,4,0.002291
family_b_001757_visual_splice,family_b,20513e1c9f90d64a,v2,visual_splice,forged,forged,4,0.999886
family_b_001758_visual_splice,family_b,20513e1c9f90d64a,v2,visual_splice,forged,forged,4,0.431765
family_b_001759_visual_splice,family_b,20513e1c9f90d64a,v2,visual_splice,forged,forged,4,0.999942
family_b_001760_genuine,family_b,2d96046bde7527ba,v1,genuine,genuine,genuine,1,0.008585
family_b_001761_text_qr_mismatch,family_b,2d96046bde7527ba,v1,text_qr_mismatch,forged,genuine,1,0.00646
family_b_001762_qr_only_mismatch,family_b,2d96046bde7527ba,v1,qr_only_mismatch,forged,genuine,1,0.050474
family_b_001763_checksum_invalid,family_b,2d96046bde7527ba,v1,checksum_invalid,forged,genuine,1,0.004023
family_b_001764_format_invalid,family_b,2d96046bde7527ba,v1,format_invalid,forged,genuine,1,0.006033
family_b_001765_field_missing,family_b,2d96046bde7527ba,v1,field_missing,forged,genuine,1,0.005603
family_b_001766_fine_grained_edit,family_b,2d96046bde7527ba,v1,fine_grained_edit,forged,genuine,1,0.004703
family_b_001767_coordinated_full_forgery,family_b,2d96046bde7527ba,v1,coordinated_full_forgery,forged,genuine,1,0.153306
family_b_001768_visual_splice,family_b,2d96046bde7527ba,v1,visual_splice,forged,forged,1,0.998434
family_b_001769_visual_splice,family_b,2d96046bde7527ba,v1,visual_splice,forged,forged,1,0.999952
family_b_001770_visual_splice,family_b,2d96046bde7527ba,v1,visual_splice,forged,forged,1,0.999548
family_b_001771_genuine,family_b,ba39eefa2ac6e26b,v2,genuine,genuine,genuine,0,0.027258
family_b_001772_text_qr_mismatch,family_b,ba39eefa2ac6e26b,v2,text_qr_mismatch,forged,genuine,0,0.028457
family_b_001773_qr_only_mismatch,family_b,ba39eefa2ac6e26b,v2,qr_only_mismatch,forged,genuine,0,0.008096
family_b_001774_checksum_invalid,family_b,ba39eefa2ac6e26b,v2,checksum_invalid,forged,genuine,0,0.028292
family_b_001775_format_invalid,family_b,ba39eefa2ac6e26b,v2,format_invalid,forged,genuine,0,0.014445
family_b_001776_field_missing,family_b,ba39eefa2ac6e26b,v2,field_missing,forged,genuine,0,0.000435
family_b_001777_fine_grained_edit,family_b,ba39eefa2ac6e26b,v2,fine_grained_edit,forged,genuine,0,0.102339
family_b_001778_coordinated_full_forgery,family_b,ba39eefa2ac6e26b,v2,coordinated_full_forgery,forged,genuine,0,0.025772
family_b_001779_visual_splice,family_b,ba39eefa2ac6e26b,v2,visual_splice,forged,forged,0,0.999926
family_b_001780_visual_splice,family_b,ba39eefa2ac6e26b,v2,visual_splice,forged,forged,0,0.99821
family_b_001781_visual_splice,family_b,ba39eefa2ac6e26b,v2,visual_splice,forged,forged,0,0.999805
family_b_001782_genuine,family_b,15496b0c3280a4da,v1,genuine,genuine,genuine,1,0.010128
family_b_001783_text_qr_mismatch,family_b,15496b0c3280a4da,v1,text_qr_mismatch,forged,genuine,1,0.000914
family_b_001784_qr_only_mismatch,family_b,15496b0c3280a4da,v1,qr_only_mismatch,forged,genuine,1,0.066767
family_b_001785_checksum_invalid,family_b,15496b0c3280a4da,v1,checksum_invalid,forged,genuine,1,0.011939
family_b_001786_format_invalid,family_b,15496b0c3280a4da,v1,format_invalid,forged,genuine,1,0.002779
family_b_001787_field_missing,family_b,15496b0c3280a4da,v1,field_missing,forged,genuine,1,0.005518
family_b_001788_fine_grained_edit,family_b,15496b0c3280a4da,v1,fine_grained_edit,forged,genuine,1,0.001587
family_b_001789_coordinated_full_forgery,family_b,15496b0c3280a4da,v1,coordinated_full_forgery,forged,genuine,1,0.012251
family_b_001790_visual_splice,family_b,15496b0c3280a4da,v1,visual_splice,forged,forged,1,0.999856
family_b_001791_visual_splice,family_b,15496b0c3280a4da,v1,visual_splice,forged,forged,1,0.999852
family_b_001792_visual_splice,family_b,15496b0c3280a4da,v1,visual_splice,forged,forged,1,0.999059
family_b_001793_genuine,family_b,c1ca4cef80147f6e,v2,genuine,genuine,genuine,0,0.01478
family_b_001794_text_qr_mismatch,family_b,c1ca4cef80147f6e,v2,text_qr_mismatch,forged,genuine,0,0.056599
family_b_001795_qr_only_mismatch,family_b,c1ca4cef80147f6e,v2,qr_only_mismatch,forged,genuine,0,0.022886
family_b_001796_checksum_invalid,family_b,c1ca4cef80147f6e,v2,checksum_invalid,forged,genuine,0,0.02899
family_b_001797_format_invalid,family_b,c1ca4cef80147f6e,v2,format_invalid,forged,genuine,0,0.010581
family_b_001798_field_missing,family_b,c1ca4cef80147f6e,v2,field_missing,forged,genuine,0,0.000568
family_b_001799_fine_grained_edit,family_b,c1ca4cef80147f6e,v2,fine_grained_edit,forged,genuine,0,1.1e-05
family_b_001800_coordinated_full_forgery,family_b,c1ca4cef80147f6e,v2,coordinated_full_forgery,forged,genuine,0,0.132466
family_b_001801_visual_splice,family_b,c1ca4cef80147f6e,v2,visual_splice,forged,forged,0,0.970076
family_b_001802_visual_splice,family_b,c1ca4cef80147f6e,v2,visual_splice,forged,forged,0,0.98965
family_b_001803_visual_splice,family_b,c1ca4cef80147f6e,v2,visual_splice,forged,forged,0,0.843663
family_b_001804_genuine,family_b,172195fcdbcb6f45,v2,genuine,genuine,genuine,0,0.490577
family_b_001805_text_qr_mismatch,family_b,172195fcdbcb6f45,v2,text_qr_mismatch,forged,genuine,0,0.000756
family_b_001806_qr_only_mismatch,family_b,172195fcdbcb6f45,v2,qr_only_mismatch,forged,genuine,0,0.005121
family_b_001807_checksum_invalid,family_b,172195fcdbcb6f45,v2,checksum_invalid,forged,genuine,0,0.000753
family_b_001808_format_invalid,family_b,172195fcdbcb6f45,v2,format_invalid,forged,genuine,0,0.00049
family_b_001809_field_missing,family_b,172195fcdbcb6f45,v2,field_missing,forged,genuine,0,1e-06
family_b_001810_fine_grained_edit,family_b,172195fcdbcb6f45,v2,fine_grained_edit,forged,genuine,0,0.008814
family_b_001811_coordinated_full_forgery,family_b,172195fcdbcb6f45,v2,coordinated_full_forgery,forged,genuine,0,0.093001
family_b_001812_visual_splice,family_b,172195fcdbcb6f45,v2,visual_splice,forged,forged,0,0.909609
family_b_001813_visual_splice,family_b,172195fcdbcb6f45,v2,visual_splice,forged,forged,0,0.999534
family_b_001814_visual_splice,family_b,172195fcdbcb6f45,v2,visual_splice,forged,forged,0,0.997866
family_b_001815_genuine,family_b,25edcdeb93e79d6f,v2,genuine,genuine,genuine,4,0.300232
family_b_001816_text_qr_mismatch,family_b,25edcdeb93e79d6f,v2,text_qr_mismatch,forged,genuine,4,0.582078
family_b_001817_qr_only_mismatch,family_b,25edcdeb93e79d6f,v2,qr_only_mismatch,forged,genuine,4,0.001698
family_b_001818_checksum_invalid,family_b,25edcdeb93e79d6f,v2,checksum_invalid,forged,genuine,4,0.094931
family_b_001819_format_invalid,family_b,25edcdeb93e79d6f,v2,format_invalid,forged,genuine,4,0.045607
family_b_001820_field_missing,family_b,25edcdeb93e79d6f,v2,field_missing,forged,genuine,4,0.197422
family_b_001821_fine_grained_edit,family_b,25edcdeb93e79d6f,v2,fine_grained_edit,forged,genuine,4,0.083844
family_b_001822_coordinated_full_forgery,family_b,25edcdeb93e79d6f,v2,coordinated_full_forgery,forged,genuine,4,0.046269
family_b_001823_visual_splice,family_b,25edcdeb93e79d6f,v2,visual_splice,forged,forged,4,0.998695
family_b_001824_visual_splice,family_b,25edcdeb93e79d6f,v2,visual_splice,forged,forged,4,0.832651
family_b_001825_visual_splice,family_b,25edcdeb93e79d6f,v2,visual_splice,forged,forged,4,0.999227
family_b_001837_genuine,family_b,175bab7e087ecfa0,v1,genuine,genuine,genuine,4,0.009775
family_b_001838_text_qr_mismatch,family_b,175bab7e087ecfa0,v1,text_qr_mismatch,forged,genuine,4,0.000666
family_b_001839_qr_only_mismatch,family_b,175bab7e087ecfa0,v1,qr_only_mismatch,forged,genuine,4,0.020479
family_b_001840_checksum_invalid,family_b,175bab7e087ecfa0,v1,checksum_invalid,forged,genuine,4,0.004838
family_b_001841_format_invalid,family_b,175bab7e087ecfa0,v1,format_invalid,forged,genuine,4,0.005775
family_b_001842_field_missing,family_b,175bab7e087ecfa0,v1,field_missing,forged,genuine,4,0.000721
family_b_001843_fine_grained_edit,family_b,175bab7e087ecfa0,v1,fine_grained_edit,forged,genuine,4,0.015176
family_b_001844_coordinated_full_forgery,family_b,175bab7e087ecfa0,v1,coordinated_full_forgery,forged,genuine,4,0.609573
family_b_001845_visual_splice,family_b,175bab7e087ecfa0,v1,visual_splice,forged,forged,4,0.94116
family_b_001846_visual_splice,family_b,175bab7e087ecfa0,v1,visual_splice,forged,forged,4,0.953265
family_b_001847_visual_splice,family_b,175bab7e087ecfa0,v1,visual_splice,forged,forged,4,0.992718
family_b_001848_genuine,family_b,4ac3634477480b93,v1,genuine,genuine,genuine,1,0.023889
family_b_001849_text_qr_mismatch,family_b,4ac3634477480b93,v1,text_qr_mismatch,forged,genuine,1,0.011613
family_b_001850_qr_only_mismatch,family_b,4ac3634477480b93,v1,qr_only_mismatch,forged,genuine,1,0.040323
family_b_001851_checksum_invalid,family_b,4ac3634477480b93,v1,checksum_invalid,forged,genuine,1,0.144128
family_b_001852_format_invalid,family_b,4ac3634477480b93,v1,format_invalid,forged,genuine,1,0.041819
family_b_001853_field_missing,family_b,4ac3634477480b93,v1,field_missing,forged,genuine,1,0.005095
family_b_001854_fine_grained_edit,family_b,4ac3634477480b93,v1,fine_grained_edit,forged,genuine,1,0.004538
family_b_001855_coordinated_full_forgery,family_b,4ac3634477480b93,v1,coordinated_full_forgery,forged,genuine,1,0.001957
family_b_001856_visual_splice,family_b,4ac3634477480b93,v1,visual_splice,forged,forged,1,0.999805
family_b_001857_visual_splice,family_b,4ac3634477480b93,v1,visual_splice,forged,forged,1,0.998714
family_b_001858_visual_splice,family_b,4ac3634477480b93,v1,visual_splice,forged,forged,1,0.982974
family_b_001859_genuine,family_b,abd413f6892474d0,v1,genuine,genuine,genuine,2,0.607981
family_b_001860_text_qr_mismatch,family_b,abd413f6892474d0,v1,text_qr_mismatch,forged,genuine,2,0.008618
family_b_001861_qr_only_mismatch,family_b,abd413f6892474d0,v1,qr_only_mismatch,forged,genuine,2,0.045472
family_b_001862_checksum_invalid,family_b,abd413f6892474d0,v1,checksum_invalid,forged,genuine,2,0.040631
family_b_001863_format_invalid,family_b,abd413f6892474d0,v1,format_invalid,forged,genuine,2,0.066385
family_b_001864_field_missing,family_b,abd413f6892474d0,v1,field_missing,forged,genuine,2,0.003125
family_b_001865_fine_grained_edit,family_b,abd413f6892474d0,v1,fine_grained_edit,forged,genuine,2,0.147789
family_b_001866_coordinated_full_forgery,family_b,abd413f6892474d0,v1,coordinated_full_forgery,forged,genuine,2,0.00014
family_b_001867_visual_splice,family_b,abd413f6892474d0,v1,visual_splice,forged,forged,2,0.999956
family_b_001868_visual_splice,family_b,abd413f6892474d0,v1,visual_splice,forged,forged,2,0.999981
family_b_001869_visual_splice,family_b,abd413f6892474d0,v1,visual_splice,forged,forged,2,0.738194
family_b_001870_genuine,family_b,38c803a46dffa4b0,v2,genuine,genuine,genuine,4,0.013917
family_b_001871_text_qr_mismatch,family_b,38c803a46dffa4b0,v2,text_qr_mismatch,forged,genuine,4,0.003471
family_b_001872_qr_only_mismatch,family_b,38c803a46dffa4b0,v2,qr_only_mismatch,forged,genuine,4,0.018326
family_b_001873_checksum_invalid,family_b,38c803a46dffa4b0,v2,checksum_invalid,forged,genuine,4,0.118662
family_b_001874_format_invalid,family_b,38c803a46dffa4b0,v2,format_invalid,forged,genuine,4,0.022245
family_b_001875_field_missing,family_b,38c803a46dffa4b0,v2,field_missing,forged,genuine,4,0.002097
family_b_001876_fine_grained_edit,family_b,38c803a46dffa4b0,v2,fine_grained_edit,forged,genuine,4,0.005562
family_b_001877_coordinated_full_forgery,family_b,38c803a46dffa4b0,v2,coordinated_full_forgery,forged,genuine,4,0.00309
family_b_001878_visual_splice,family_b,38c803a46dffa4b0,v2,visual_splice,forged,forged,4,0.281832
family_b_001879_visual_splice,family_b,38c803a46dffa4b0,v2,visual_splice,forged,forged,4,0.999783
family_b_001880_visual_splice,family_b,38c803a46dffa4b0,v2,visual_splice,forged,forged,4,0.974765
family_b_001881_genuine,family_b,c2f8f32c395a6232,v2,genuine,genuine,genuine,0,0.454363
family_b_001882_text_qr_mismatch,family_b,c2f8f32c395a6232,v2,text_qr_mismatch,forged,genuine,0,0.003454
family_b_001883_qr_only_mismatch,family_b,c2f8f32c395a6232,v2,qr_only_mismatch,forged,genuine,0,0.12535
family_b_001884_checksum_invalid,family_b,c2f8f32c395a6232,v2,checksum_invalid,forged,genuine,0,0.013929
family_b_001885_format_invalid,family_b,c2f8f32c395a6232,v2,format_invalid,forged,genuine,0,0.000141
family_b_001886_field_missing,family_b,c2f8f32c395a6232,v2,field_missing,forged,genuine,0,8.4e-05
family_b_001887_fine_grained_edit,family_b,c2f8f32c395a6232,v2,fine_grained_edit,forged,genuine,0,0.013142
family_b_001888_coordinated_full_forgery,family_b,c2f8f32c395a6232,v2,coordinated_full_forgery,forged,genuine,0,0.005849
family_b_001889_visual_splice,family_b,c2f8f32c395a6232,v2,visual_splice,forged,forged,0,0.99929
family_b_001890_visual_splice,family_b,c2f8f32c395a6232,v2,visual_splice,forged,forged,0,0.579254
family_b_001891_visual_splice,family_b,c2f8f32c395a6232,v2,visual_splice,forged,forged,0,0.999978
family_b_001903_genuine,family_b,e9b0f2a9f49ce920,v2,genuine,genuine,genuine,3,0.370295
family_b_001904_text_qr_mismatch,family_b,e9b0f2a9f49ce920,v2,text_qr_mismatch,forged,genuine,3,0.005042
family_b_001905_qr_only_mismatch,family_b,e9b0f2a9f49ce920,v2,qr_only_mismatch,forged,genuine,3,0.000151
family_b_001906_checksum_invalid,family_b,e9b0f2a9f49ce920,v2,checksum_invalid,forged,genuine,3,0.0034
family_b_001907_format_invalid,family_b,e9b0f2a9f49ce920,v2,format_invalid,forged,genuine,3,0.001586
family_b_001908_field_missing,family_b,e9b0f2a9f49ce920,v2,field_missing,forged,genuine,3,0.000662
family_b_001909_fine_grained_edit,family_b,e9b0f2a9f49ce920,v2,fine_grained_edit,forged,genuine,3,0.00584
family_b_001910_coordinated_full_forgery,family_b,e9b0f2a9f49ce920,v2,coordinated_full_forgery,forged,genuine,3,0.011807
family_b_001911_visual_splice,family_b,e9b0f2a9f49ce920,v2,visual_splice,forged,forged,3,0.999138
family_b_001912_visual_splice,family_b,e9b0f2a9f49ce920,v2,visual_splice,forged,forged,3,0.999047
family_b_001913_visual_splice,family_b,e9b0f2a9f49ce920,v2,visual_splice,forged,forged,3,0.999704
family_b_001925_genuine,family_b,251cad12fb9c8196,v1,genuine,genuine,genuine,1,0.001759
family_b_001926_text_qr_mismatch,family_b,251cad12fb9c8196,v1,text_qr_mismatch,forged,genuine,1,0.000546
family_b_001927_qr_only_mismatch,family_b,251cad12fb9c8196,v1,qr_only_mismatch,forged,genuine,1,0.000121
family_b_001928_checksum_invalid,family_b,251cad12fb9c8196,v1,checksum_invalid,forged,genuine,1,0.002745
family_b_001929_format_invalid,family_b,251cad12fb9c8196,v1,format_invalid,forged,genuine,1,0.001549
family_b_001930_field_missing,family_b,251cad12fb9c8196,v1,field_missing,forged,genuine,1,0.00013
family_b_001931_fine_grained_edit,family_b,251cad12fb9c8196,v1,fine_grained_edit,forged,genuine,1,0.002992
family_b_001932_coordinated_full_forgery,family_b,251cad12fb9c8196,v1,coordinated_full_forgery,forged,genuine,1,0.00531
family_b_001933_visual_splice,family_b,251cad12fb9c8196,v1,visual_splice,forged,forged,1,0.996263
family_b_001934_visual_splice,family_b,251cad12fb9c8196,v1,visual_splice,forged,forged,1,0.99908
family_b_001935_visual_splice,family_b,251cad12fb9c8196,v1,visual_splice,forged,forged,1,0.99392
family_b_001936_genuine,family_b,ce1090715282b7f6,v1,genuine,genuine,genuine,2,0.073952
family_b_001937_text_qr_mismatch,family_b,ce1090715282b7f6,v1,text_qr_mismatch,forged,genuine,2,0.377799
family_b_001938_qr_only_mismatch,family_b,ce1090715282b7f6,v1,qr_only_mismatch,forged,genuine,2,0.04047
family_b_001939_checksum_invalid,family_b,ce1090715282b7f6,v1,checksum_invalid,forged,genuine,2,0.056298
family_b_001940_format_invalid,family_b,ce1090715282b7f6,v1,format_invalid,forged,genuine,2,0.49122
family_b_001941_field_missing,family_b,ce1090715282b7f6,v1,field_missing,forged,genuine,2,0.01606
family_b_001942_fine_grained_edit,family_b,ce1090715282b7f6,v1,fine_grained_edit,forged,genuine,2,0.110432
family_b_001943_coordinated_full_forgery,family_b,ce1090715282b7f6,v1,coordinated_full_forgery,forged,genuine,2,0.012246
family_b_001944_visual_splice,family_b,ce1090715282b7f6,v1,visual_splice,forged,forged,2,0.999988
family_b_001945_visual_splice,family_b,ce1090715282b7f6,v1,visual_splice,forged,forged,2,0.999444
family_b_001946_visual_splice,family_b,ce1090715282b7f6,v1,visual_splice,forged,forged,2,0.999947
family_b_001958_genuine,family_b,024fa29d0c4e488a,v1,genuine,genuine,genuine,1,0.04603
family_b_001959_text_qr_mismatch,family_b,024fa29d0c4e488a,v1,text_qr_mismatch,forged,genuine,1,0.072248
family_b_001960_qr_only_mismatch,family_b,024fa29d0c4e488a,v1,qr_only_mismatch,forged,genuine,1,0.006368
family_b_001961_checksum_invalid,family_b,024fa29d0c4e488a,v1,checksum_invalid,forged,genuine,1,0.032948
family_b_001962_format_invalid,family_b,024fa29d0c4e488a,v1,format_invalid,forged,genuine,1,0.003119
family_b_001963_field_missing,family_b,024fa29d0c4e488a,v1,field_missing,forged,genuine,1,0.001385
family_b_001964_fine_grained_edit,family_b,024fa29d0c4e488a,v1,fine_grained_edit,forged,genuine,1,0.025819
family_b_001965_coordinated_full_forgery,family_b,024fa29d0c4e488a,v1,coordinated_full_forgery,forged,genuine,1,0.051416
family_b_001966_visual_splice,family_b,024fa29d0c4e488a,v1,visual_splice,forged,forged,1,0.999765
family_b_001967_visual_splice,family_b,024fa29d0c4e488a,v1,visual_splice,forged,forged,1,0.9997
family_b_001968_visual_splice,family_b,024fa29d0c4e488a,v1,visual_splice,forged,forged,1,0.999663
family_b_001969_genuine,family_b,0f1cfdb7db91de87,v2,genuine,genuine,genuine,0,0.009549
family_b_001970_text_qr_mismatch,family_b,0f1cfdb7db91de87,v2,text_qr_mismatch,forged,genuine,0,0.008552
family_b_001971_qr_only_mismatch,family_b,0f1cfdb7db91de87,v2,qr_only_mismatch,forged,genuine,0,0.014582
family_b_001972_checksum_invalid,family_b,0f1cfdb7db91de87,v2,checksum_invalid,forged,genuine,0,0.006235
family_b_001973_format_invalid,family_b,0f1cfdb7db91de87,v2,format_invalid,forged,genuine,0,0.005908
family_b_001974_field_missing,family_b,0f1cfdb7db91de87,v2,field_missing,forged,genuine,0,0.000548
family_b_001975_fine_grained_edit,family_b,0f1cfdb7db91de87,v2,fine_grained_edit,forged,genuine,0,0.015693
family_b_001976_coordinated_full_forgery,family_b,0f1cfdb7db91de87,v2,coordinated_full_forgery,forged,genuine,0,0.00096
family_b_001977_visual_splice,family_b,0f1cfdb7db91de87,v2,visual_splice,forged,forged,0,0.69697
family_b_001978_visual_splice,family_b,0f1cfdb7db91de87,v2,visual_splice,forged,forged,0,0.999824
family_b_001979_visual_splice,family_b,0f1cfdb7db91de87,v2,visual_splice,forged,forged,0,0.999885
family_b_001980_genuine,family_b,6dc37b158cf5e469,v1,genuine,genuine,genuine,2,0.022546
family_b_001981_text_qr_mismatch,family_b,6dc37b158cf5e469,v1,text_qr_mismatch,forged,genuine,2,0.030042
family_b_001982_qr_only_mismatch,family_b,6dc37b158cf5e469,v1,qr_only_mismatch,forged,genuine,2,0.034627
family_b_001983_checksum_invalid,family_b,6dc37b158cf5e469,v1,checksum_invalid,forged,genuine,2,0.008161
family_b_001984_format_invalid,family_b,6dc37b158cf5e469,v1,format_invalid,forged,genuine,2,0.005
family_b_001985_field_missing,family_b,6dc37b158cf5e469,v1,field_missing,forged,genuine,2,0.006707
family_b_001986_fine_grained_edit,family_b,6dc37b158cf5e469,v1,fine_grained_edit,forged,genuine,2,0.014257
family_b_001987_coordinated_full_forgery,family_b,6dc37b158cf5e469,v1,coordinated_full_forgery,forged,genuine,2,0.019807
family_b_001988_visual_splice,family_b,6dc37b158cf5e469,v1,visual_splice,forged,forged,2,0.999844
family_b_001989_visual_splice,family_b,6dc37b158cf5e469,v1,visual_splice,forged,forged,2,0.999958
family_b_001990_visual_splice,family_b,6dc37b158cf5e469,v1,visual_splice,forged,forged,2,0.995088
family_b_001991_genuine,family_b,01937f712e74e1fc,v1,genuine,genuine,genuine,4,0.037828
family_b_001992_text_qr_mismatch,family_b,01937f712e74e1fc,v1,text_qr_mismatch,forged,genuine,4,0.060766
family_b_001993_qr_only_mismatch,family_b,01937f712e74e1fc,v1,qr_only_mismatch,forged,genuine,4,0.039578
family_b_001994_checksum_invalid,family_b,01937f712e74e1fc,v1,checksum_invalid,forged,genuine,4,0.009593
family_b_001995_format_invalid,family_b,01937f712e74e1fc,v1,format_invalid,forged,genuine,4,0.002383
family_b_001996_field_missing,family_b,01937f712e74e1fc,v1,field_missing,forged,genuine,4,0.000435
family_b_001997_fine_grained_edit,family_b,01937f712e74e1fc,v1,fine_grained_edit,forged,genuine,4,0.072055
family_b_001998_coordinated_full_forgery,family_b,01937f712e74e1fc,v1,coordinated_full_forgery,forged,genuine,4,0.047718
family_b_001999_visual_splice,family_b,01937f712e74e1fc,v1,visual_splice,forged,forged,4,0.947817
family_b_002000_visual_splice,family_b,01937f712e74e1fc,v1,visual_splice,forged,forged,4,0.994442
family_b_002001_visual_splice,family_b,01937f712e74e1fc,v1,visual_splice,forged,forged,4,0.999875
family_b_002002_genuine,family_b,aa4305967a0ecc36,v1,genuine,genuine,genuine,1,0.001263
family_b_002003_text_qr_mismatch,family_b,aa4305967a0ecc36,v1,text_qr_mismatch,forged,genuine,1,0.040224
family_b_002004_qr_only_mismatch,family_b,aa4305967a0ecc36,v1,qr_only_mismatch,forged,genuine,1,0.005962
family_b_002005_checksum_invalid,family_b,aa4305967a0ecc36,v1,checksum_invalid,forged,genuine,1,0.007576
family_b_002006_format_invalid,family_b,aa4305967a0ecc36,v1,format_invalid,forged,genuine,1,0.002465
family_b_002007_field_missing,family_b,aa4305967a0ecc36,v1,field_missing,forged,genuine,1,0.000218
family_b_002008_fine_grained_edit,family_b,aa4305967a0ecc36,v1,fine_grained_edit,forged,genuine,1,0.000894
family_b_002009_coordinated_full_forgery,family_b,aa4305967a0ecc36,v1,coordinated_full_forgery,forged,genuine,1,0.003093
family_b_002010_visual_splice,family_b,aa4305967a0ecc36,v1,visual_splice,forged,forged,1,0.982128
family_b_002011_visual_splice,family_b,aa4305967a0ecc36,v1,visual_splice,forged,forged,1,0.995286
family_b_002012_visual_splice,family_b,aa4305967a0ecc36,v1,visual_splice,forged,forged,1,0.999837
family_b_002013_genuine,family_b,777bdaab229d7247,v1,genuine,genuine,genuine,1,0.057232
family_b_002014_text_qr_mismatch,family_b,777bdaab229d7247,v1,text_qr_mismatch,forged,genuine,1,0.055234
family_b_002015_qr_only_mismatch,family_b,777bdaab229d7247,v1,qr_only_mismatch,forged,genuine,1,0.019131
family_b_002016_checksum_invalid,family_b,777bdaab229d7247,v1,checksum_invalid,forged,genuine,1,0.011219
family_b_002017_format_invalid,family_b,777bdaab229d7247,v1,format_invalid,forged,genuine,1,0.316704
family_b_002018_field_missing,family_b,777bdaab229d7247,v1,field_missing,forged,genuine,1,0.001236
family_b_002019_fine_grained_edit,family_b,777bdaab229d7247,v1,fine_grained_edit,forged,genuine,1,0.006636
family_b_002020_coordinated_full_forgery,family_b,777bdaab229d7247,v1,coordinated_full_forgery,forged,genuine,1,0.000308
family_b_002021_visual_splice,family_b,777bdaab229d7247,v1,visual_splice,forged,forged,1,0.999363
family_b_002022_visual_splice,family_b,777bdaab229d7247,v1,visual_splice,forged,forged,1,0.999502
family_b_002023_visual_splice,family_b,777bdaab229d7247,v1,visual_splice,forged,forged,1,0.999707
family_b_002024_genuine,family_b,dae47f5cd8279661,v2,genuine,genuine,genuine,0,0.003472
family_b_002025_text_qr_mismatch,family_b,dae47f5cd8279661,v2,text_qr_mismatch,forged,genuine,0,0.015755
family_b_002026_qr_only_mismatch,family_b,dae47f5cd8279661,v2,qr_only_mismatch,forged,genuine,0,0.023254
family_b_002027_checksum_invalid,family_b,dae47f5cd8279661,v2,checksum_invalid,forged,genuine,0,0.009077
family_b_002028_format_invalid,family_b,dae47f5cd8279661,v2,format_invalid,forged,genuine,0,0.012723
family_b_002029_field_missing,family_b,dae47f5cd8279661,v2,field_missing,forged,genuine,0,0.003472
family_b_002030_fine_grained_edit,family_b,dae47f5cd8279661,v2,fine_grained_edit,forged,genuine,0,0.203235
family_b_002031_coordinated_full_forgery,family_b,dae47f5cd8279661,v2,coordinated_full_forgery,forged,genuine,0,0.04853
family_b_002032_visual_splice,family_b,dae47f5cd8279661,v2,visual_splice,forged,forged,0,0.982348
family_b_002033_visual_splice,family_b,dae47f5cd8279661,v2,visual_splice,forged,forged,0,0.999336
family_b_002034_visual_splice,family_b,dae47f5cd8279661,v2,visual_splice,forged,forged,0,0.986943
family_b_002035_genuine,family_b,922512167c9f4166,v2,genuine,genuine,genuine,4,0.240806
family_b_002036_text_qr_mismatch,family_b,922512167c9f4166,v2,text_qr_mismatch,forged,genuine,4,0.158778
family_b_002037_qr_only_mismatch,family_b,922512167c9f4166,v2,qr_only_mismatch,forged,genuine,4,0.014456
family_b_002038_checksum_invalid,family_b,922512167c9f4166,v2,checksum_invalid,forged,genuine,4,0.085364
family_b_002039_format_invalid,family_b,922512167c9f4166,v2,format_invalid,forged,genuine,4,0.064056
family_b_002040_field_missing,family_b,922512167c9f4166,v2,field_missing,forged,genuine,4,0.007381
family_b_002041_fine_grained_edit,family_b,922512167c9f4166,v2,fine_grained_edit,forged,genuine,4,0.251182
family_b_002042_coordinated_full_forgery,family_b,922512167c9f4166,v2,coordinated_full_forgery,forged,genuine,4,0.020874
family_b_002043_visual_splice,family_b,922512167c9f4166,v2,visual_splice,forged,forged,4,0.999825
family_b_002044_visual_splice,family_b,922512167c9f4166,v2,visual_splice,forged,forged,4,0.999592
family_b_002045_visual_splice,family_b,922512167c9f4166,v2,visual_splice,forged,forged,4,0.999677
family_b_002068_genuine,family_b,531f4c44c053edf2,v1,genuine,genuine,genuine,1,0.029217
family_b_002069_text_qr_mismatch,family_b,531f4c44c053edf2,v1,text_qr_mismatch,forged,genuine,1,0.052951
family_b_002070_qr_only_mismatch,family_b,531f4c44c053edf2,v1,qr_only_mismatch,forged,genuine,1,0.014049
family_b_002071_checksum_invalid,family_b,531f4c44c053edf2,v1,checksum_invalid,forged,genuine,1,0.007929
family_b_002072_format_invalid,family_b,531f4c44c053edf2,v1,format_invalid,forged,genuine,1,0.021752
family_b_002073_field_missing,family_b,531f4c44c053edf2,v1,field_missing,forged,genuine,1,0.001214
family_b_002074_fine_grained_edit,family_b,531f4c44c053edf2,v1,fine_grained_edit,forged,genuine,1,0.063538
family_b_002075_coordinated_full_forgery,family_b,531f4c44c053edf2,v1,coordinated_full_forgery,forged,genuine,1,0.003476
family_b_002076_visual_splice,family_b,531f4c44c053edf2,v1,visual_splice,forged,forged,1,0.986248
family_b_002077_visual_splice,family_b,531f4c44c053edf2,v1,visual_splice,forged,forged,1,0.975784
family_b_002078_visual_splice,family_b,531f4c44c053edf2,v1,visual_splice,forged,forged,1,0.999209
family_b_002090_genuine,family_b,a509dd7cd009ceee,v2,genuine,genuine,genuine,4,0.000409
family_b_002091_text_qr_mismatch,family_b,a509dd7cd009ceee,v2,text_qr_mismatch,forged,genuine,4,0.761694
family_b_002092_qr_only_mismatch,family_b,a509dd7cd009ceee,v2,qr_only_mismatch,forged,genuine,4,0.35406
family_b_002093_checksum_invalid,family_b,a509dd7cd009ceee,v2,checksum_invalid,forged,genuine,4,0.034488
family_b_002094_format_invalid,family_b,a509dd7cd009ceee,v2,format_invalid,forged,genuine,4,0.016847
family_b_002095_field_missing,family_b,a509dd7cd009ceee,v2,field_missing,forged,genuine,4,0.002081
family_b_002096_fine_grained_edit,family_b,a509dd7cd009ceee,v2,fine_grained_edit,forged,genuine,4,0.983102
family_b_002097_coordinated_full_forgery,family_b,a509dd7cd009ceee,v2,coordinated_full_forgery,forged,genuine,4,0.385082
family_b_002098_visual_splice,family_b,a509dd7cd009ceee,v2,visual_splice,forged,forged,4,0.999466
family_b_002099_visual_splice,family_b,a509dd7cd009ceee,v2,visual_splice,forged,forged,4,0.999917
family_b_002100_visual_splice,family_b,a509dd7cd009ceee,v2,visual_splice,forged,forged,4,0.80503
family_b_002101_genuine,family_b,0f9ee1cd43aab05f,v2,genuine,genuine,genuine,4,0.008017
family_b_002102_text_qr_mismatch,family_b,0f9ee1cd43aab05f,v2,text_qr_mismatch,forged,genuine,4,0.06402
family_b_002103_qr_only_mismatch,family_b,0f9ee1cd43aab05f,v2,qr_only_mismatch,forged,genuine,4,0.108906
family_b_002104_checksum_invalid,family_b,0f9ee1cd43aab05f,v2,checksum_invalid,forged,genuine,4,0.064076
family_b_002105_format_invalid,family_b,0f9ee1cd43aab05f,v2,format_invalid,forged,genuine,4,0.001414
family_b_002106_field_missing,family_b,0f9ee1cd43aab05f,v2,field_missing,forged,genuine,4,0.006958
family_b_002107_fine_grained_edit,family_b,0f9ee1cd43aab05f,v2,fine_grained_edit,forged,genuine,4,0.105874
family_b_002108_coordinated_full_forgery,family_b,0f9ee1cd43aab05f,v2,coordinated_full_forgery,forged,genuine,4,0.013256
family_b_002109_visual_splice,family_b,0f9ee1cd43aab05f,v2,visual_splice,forged,forged,4,0.998489
family_b_002110_visual_splice,family_b,0f9ee1cd43aab05f,v2,visual_splice,forged,forged,4,0.994265
family_b_002111_visual_splice,family_b,0f9ee1cd43aab05f,v2,visual_splice,forged,forged,4,0.940266
family_b_002112_genuine,family_b,f2eed4fc71dd3b01,v2,genuine,genuine,genuine,0,0.244837
family_b_002113_text_qr_mismatch,family_b,f2eed4fc71dd3b01,v2,text_qr_mismatch,forged,genuine,0,0.00943
family_b_002114_qr_only_mismatch,family_b,f2eed4fc71dd3b01,v2,qr_only_mismatch,forged,genuine,0,0.053583
family_b_002115_checksum_invalid,family_b,f2eed4fc71dd3b01,v2,checksum_invalid,forged,genuine,0,0.014876
family_b_002116_format_invalid,family_b,f2eed4fc71dd3b01,v2,format_invalid,forged,genuine,0,0.092081
family_b_002117_field_missing,family_b,f2eed4fc71dd3b01,v2,field_missing,forged,genuine,0,0.002223
family_b_002118_fine_grained_edit,family_b,f2eed4fc71dd3b01,v2,fine_grained_edit,forged,genuine,0,0.039206
family_b_002119_coordinated_full_forgery,family_b,f2eed4fc71dd3b01,v2,coordinated_full_forgery,forged,genuine,0,0.094214
family_b_002120_visual_splice,family_b,f2eed4fc71dd3b01,v2,visual_splice,forged,forged,0,0.999869
family_b_002121_visual_splice,family_b,f2eed4fc71dd3b01,v2,visual_splice,forged,forged,0,0.999383
family_b_002122_visual_splice,family_b,f2eed4fc71dd3b01,v2,visual_splice,forged,forged,0,0.999528
family_b_002145_genuine,family_b,6e79fc419d2cfbf4,v1,genuine,genuine,genuine,3,0.002559
family_b_002146_text_qr_mismatch,family_b,6e79fc419d2cfbf4,v1,text_qr_mismatch,forged,genuine,3,0.000535
family_b_002147_qr_only_mismatch,family_b,6e79fc419d2cfbf4,v1,qr_only_mismatch,forged,genuine,3,0.064798
family_b_002148_checksum_invalid,family_b,6e79fc419d2cfbf4,v1,checksum_invalid,forged,genuine,3,0.00135
family_b_002149_format_invalid,family_b,6e79fc419d2cfbf4,v1,format_invalid,forged,genuine,3,0.00852
family_b_002150_field_missing,family_b,6e79fc419d2cfbf4,v1,field_missing,forged,genuine,3,0.00042
family_b_002151_fine_grained_edit,family_b,6e79fc419d2cfbf4,v1,fine_grained_edit,forged,genuine,3,0.011981
family_b_002152_coordinated_full_forgery,family_b,6e79fc419d2cfbf4,v1,coordinated_full_forgery,forged,genuine,3,0.193109
family_b_002153_visual_splice,family_b,6e79fc419d2cfbf4,v1,visual_splice,forged,forged,3,0.999536
family_b_002154_visual_splice,family_b,6e79fc419d2cfbf4,v1,visual_splice,forged,forged,3,0.998127
family_b_002155_visual_splice,family_b,6e79fc419d2cfbf4,v1,visual_splice,forged,forged,3,0.787651
family_b_002156_genuine,family_b,094ea8c6db6aeacb,v2,genuine,genuine,genuine,3,0.001134
family_b_002157_text_qr_mismatch,family_b,094ea8c6db6aeacb,v2,text_qr_mismatch,forged,genuine,3,0.000303
family_b_002158_qr_only_mismatch,family_b,094ea8c6db6aeacb,v2,qr_only_mismatch,forged,genuine,3,0.000699
family_b_002159_checksum_invalid,family_b,094ea8c6db6aeacb,v2,checksum_invalid,forged,genuine,3,0.000501
family_b_002160_format_invalid,family_b,094ea8c6db6aeacb,v2,format_invalid,forged,genuine,3,8.2e-05
family_b_002161_field_missing,family_b,094ea8c6db6aeacb,v2,field_missing,forged,genuine,3,0.000255
family_b_002162_fine_grained_edit,family_b,094ea8c6db6aeacb,v2,fine_grained_edit,forged,genuine,3,0.022019
family_b_002163_coordinated_full_forgery,family_b,094ea8c6db6aeacb,v2,coordinated_full_forgery,forged,genuine,3,0.000327
family_b_002164_visual_splice,family_b,094ea8c6db6aeacb,v2,visual_splice,forged,forged,3,0.997092
family_b_002165_visual_splice,family_b,094ea8c6db6aeacb,v2,visual_splice,forged,forged,3,0.049968
family_b_002166_visual_splice,family_b,094ea8c6db6aeacb,v2,visual_splice,forged,forged,3,0.997927
family_b_002167_genuine,family_b,a33e20ceef3227d4,v1,genuine,genuine,genuine,0,0.003182
family_b_002168_text_qr_mismatch,family_b,a33e20ceef3227d4,v1,text_qr_mismatch,forged,genuine,0,0.009687
family_b_002169_qr_only_mismatch,family_b,a33e20ceef3227d4,v1,qr_only_mismatch,forged,genuine,0,0.009339
family_b_002170_checksum_invalid,family_b,a33e20ceef3227d4,v1,checksum_invalid,forged,genuine,0,0.007829
family_b_002171_format_invalid,family_b,a33e20ceef3227d4,v1,format_invalid,forged,genuine,0,0.283437
family_b_002172_field_missing,family_b,a33e20ceef3227d4,v1,field_missing,forged,genuine,0,0.002872
family_b_002173_fine_grained_edit,family_b,a33e20ceef3227d4,v1,fine_grained_edit,forged,genuine,0,0.006501
family_b_002174_coordinated_full_forgery,family_b,a33e20ceef3227d4,v1,coordinated_full_forgery,forged,genuine,0,0.022432
family_b_002175_visual_splice,family_b,a33e20ceef3227d4,v1,visual_splice,forged,forged,0,0.999493
family_b_002176_visual_splice,family_b,a33e20ceef3227d4,v1,visual_splice,forged,forged,0,0.687914
family_b_002177_visual_splice,family_b,a33e20ceef3227d4,v1,visual_splice,forged,forged,0,0.997314
family_b_002178_genuine,family_b,fb1390e59f976456,v1,genuine,genuine,genuine,2,0.007107
family_b_002179_text_qr_mismatch,family_b,fb1390e59f976456,v1,text_qr_mismatch,forged,genuine,2,0.024734
family_b_002180_qr_only_mismatch,family_b,fb1390e59f976456,v1,qr_only_mismatch,forged,genuine,2,0.010242
family_b_002181_checksum_invalid,family_b,fb1390e59f976456,v1,checksum_invalid,forged,genuine,2,0.020776
family_b_002182_format_invalid,family_b,fb1390e59f976456,v1,format_invalid,forged,genuine,2,0.005925
family_b_002183_field_missing,family_b,fb1390e59f976456,v1,field_missing,forged,genuine,2,0.002832
family_b_002184_fine_grained_edit,family_b,fb1390e59f976456,v1,fine_grained_edit,forged,genuine,2,0.00396
family_b_002185_coordinated_full_forgery,family_b,fb1390e59f976456,v1,coordinated_full_forgery,forged,genuine,2,0.009556
family_b_002186_visual_splice,family_b,fb1390e59f976456,v1,visual_splice,forged,forged,2,0.999917
family_b_002187_visual_splice,family_b,fb1390e59f976456,v1,visual_splice,forged,forged,2,0.896616
family_b_002188_visual_splice,family_b,fb1390e59f976456,v1,visual_splice,forged,forged,2,0.005779
family_b_002200_genuine,family_b,a07b0d93bf519f0c,v2,genuine,genuine,genuine,2,0.028256
family_b_002201_text_qr_mismatch,family_b,a07b0d93bf519f0c,v2,text_qr_mismatch,forged,genuine,2,0.022861
family_b_002202_qr_only_mismatch,family_b,a07b0d93bf519f0c,v2,qr_only_mismatch,forged,genuine,2,0.015832
family_b_002203_checksum_invalid,family_b,a07b0d93bf519f0c,v2,checksum_invalid,forged,genuine,2,0.015422
family_b_002204_format_invalid,family_b,a07b0d93bf519f0c,v2,format_invalid,forged,genuine,2,0.014612
family_b_002205_field_missing,family_b,a07b0d93bf519f0c,v2,field_missing,forged,genuine,2,0.000444
family_b_002206_fine_grained_edit,family_b,a07b0d93bf519f0c,v2,fine_grained_edit,forged,genuine,2,0.044753
family_b_002207_coordinated_full_forgery,family_b,a07b0d93bf519f0c,v2,coordinated_full_forgery,forged,genuine,2,0.152468
family_b_002208_visual_splice,family_b,a07b0d93bf519f0c,v2,visual_splice,forged,forged,2,0.999838
family_b_002209_visual_splice,family_b,a07b0d93bf519f0c,v2,visual_splice,forged,forged,2,0.998363
family_b_002210_visual_splice,family_b,a07b0d93bf519f0c,v2,visual_splice,forged,forged,2,0.999979
family_b_002211_genuine,family_b,77bdddfac05b650a,v1,genuine,genuine,genuine,0,2.3e-05
family_b_002212_text_qr_mismatch,family_b,77bdddfac05b650a,v1,text_qr_mismatch,forged,genuine,0,0.000445
family_b_002213_qr_only_mismatch,family_b,77bdddfac05b650a,v1,qr_only_mismatch,forged,genuine,0,0.000426
family_b_002214_checksum_invalid,family_b,77bdddfac05b650a,v1,checksum_invalid,forged,genuine,0,0.000588
family_b_002215_format_invalid,family_b,77bdddfac05b650a,v1,format_invalid,forged,genuine,0,0.00051
family_b_002216_field_missing,family_b,77bdddfac05b650a,v1,field_missing,forged,genuine,0,0.000461
family_b_002217_fine_grained_edit,family_b,77bdddfac05b650a,v1,fine_grained_edit,forged,genuine,0,0.000217
family_b_002218_coordinated_full_forgery,family_b,77bdddfac05b650a,v1,coordinated_full_forgery,forged,genuine,0,0.003252
family_b_002219_visual_splice,family_b,77bdddfac05b650a,v1,visual_splice,forged,forged,0,0.999776
family_b_002220_visual_splice,family_b,77bdddfac05b650a,v1,visual_splice,forged,forged,0,0.999952
family_b_002221_visual_splice,family_b,77bdddfac05b650a,v1,visual_splice,forged,forged,0,0.999148
family_b_002222_genuine,family_b,605d347ff0fe9224,v2,genuine,genuine,genuine,1,0.234606
family_b_002223_text_qr_mismatch,family_b,605d347ff0fe9224,v2,text_qr_mismatch,forged,genuine,1,0.208323
family_b_002224_qr_only_mismatch,family_b,605d347ff0fe9224,v2,qr_only_mismatch,forged,genuine,1,0.455024
family_b_002225_checksum_invalid,family_b,605d347ff0fe9224,v2,checksum_invalid,forged,genuine,1,0.200519
family_b_002226_format_invalid,family_b,605d347ff0fe9224,v2,format_invalid,forged,genuine,1,0.044028
family_b_002227_field_missing,family_b,605d347ff0fe9224,v2,field_missing,forged,genuine,1,0.01172
family_b_002228_fine_grained_edit,family_b,605d347ff0fe9224,v2,fine_grained_edit,forged,genuine,1,0.486617
family_b_002229_coordinated_full_forgery,family_b,605d347ff0fe9224,v2,coordinated_full_forgery,forged,genuine,1,0.019587
family_b_002230_visual_splice,family_b,605d347ff0fe9224,v2,visual_splice,forged,forged,1,0.999593
family_b_002231_visual_splice,family_b,605d347ff0fe9224,v2,visual_splice,forged,forged,1,0.905232
family_b_002232_visual_splice,family_b,605d347ff0fe9224,v2,visual_splice,forged,forged,1,0.999954
family_b_002233_genuine,family_b,9f5f083f8183256c,v1,genuine,genuine,genuine,2,0.065044
family_b_002234_text_qr_mismatch,family_b,9f5f083f8183256c,v1,text_qr_mismatch,forged,genuine,2,0.006109
family_b_002235_qr_only_mismatch,family_b,9f5f083f8183256c,v1,qr_only_mismatch,forged,genuine,2,0.014245
family_b_002236_checksum_invalid,family_b,9f5f083f8183256c,v1,checksum_invalid,forged,genuine,2,0.148279
family_b_002237_format_invalid,family_b,9f5f083f8183256c,v1,format_invalid,forged,genuine,2,0.004612
family_b_002238_field_missing,family_b,9f5f083f8183256c,v1,field_missing,forged,genuine,2,0.004594
family_b_002239_fine_grained_edit,family_b,9f5f083f8183256c,v1,fine_grained_edit,forged,genuine,2,0.01257
family_b_002240_coordinated_full_forgery,family_b,9f5f083f8183256c,v1,coordinated_full_forgery,forged,genuine,2,0.054158
family_b_002241_visual_splice,family_b,9f5f083f8183256c,v1,visual_splice,forged,forged,2,0.999924
family_b_002242_visual_splice,family_b,9f5f083f8183256c,v1,visual_splice,forged,forged,2,0.9998
family_b_002243_visual_splice,family_b,9f5f083f8183256c,v1,visual_splice,forged,forged,2,0.999914
family_b_002255_genuine,family_b,a939247c2d175192,v2,genuine,genuine,genuine,3,0.02479
family_b_002256_text_qr_mismatch,family_b,a939247c2d175192,v2,text_qr_mismatch,forged,genuine,3,0.000944
family_b_002257_qr_only_mismatch,family_b,a939247c2d175192,v2,qr_only_mismatch,forged,genuine,3,0.001437
family_b_002258_checksum_invalid,family_b,a939247c2d175192,v2,checksum_invalid,forged,genuine,3,0.064191
family_b_002259_format_invalid,family_b,a939247c2d175192,v2,format_invalid,forged,genuine,3,0.00106
family_b_002260_field_missing,family_b,a939247c2d175192,v2,field_missing,forged,genuine,3,0.001216
family_b_002261_fine_grained_edit,family_b,a939247c2d175192,v2,fine_grained_edit,forged,genuine,3,0.000445
family_b_002262_coordinated_full_forgery,family_b,a939247c2d175192,v2,coordinated_full_forgery,forged,genuine,3,0.001747
family_b_002263_visual_splice,family_b,a939247c2d175192,v2,visual_splice,forged,forged,3,0.998433
family_b_002264_visual_splice,family_b,a939247c2d175192,v2,visual_splice,forged,forged,3,0.999166
family_b_002265_visual_splice,family_b,a939247c2d175192,v2,visual_splice,forged,forged,3,0.999552
family_b_002266_genuine,family_b,03d890b10499b7da,v2,genuine,genuine,genuine,0,0.008802
family_b_002267_text_qr_mismatch,family_b,03d890b10499b7da,v2,text_qr_mismatch,forged,genuine,0,0.022204
family_b_002268_qr_only_mismatch,family_b,03d890b10499b7da,v2,qr_only_mismatch,forged,genuine,0,0.056364
family_b_002269_checksum_invalid,family_b,03d890b10499b7da,v2,checksum_invalid,forged,genuine,0,0.001027
family_b_002270_format_invalid,family_b,03d890b10499b7da,v2,format_invalid,forged,genuine,0,0.015745
family_b_002271_field_missing,family_b,03d890b10499b7da,v2,field_missing,forged,genuine,0,0.004095
family_b_002272_fine_grained_edit,family_b,03d890b10499b7da,v2,fine_grained_edit,forged,genuine,0,0.015436
family_b_002273_coordinated_full_forgery,family_b,03d890b10499b7da,v2,coordinated_full_forgery,forged,genuine,0,0.000896
family_b_002274_visual_splice,family_b,03d890b10499b7da,v2,visual_splice,forged,forged,0,0.999781
family_b_002275_visual_splice,family_b,03d890b10499b7da,v2,visual_splice,forged,forged,0,0.840662
family_b_002276_visual_splice,family_b,03d890b10499b7da,v2,visual_splice,forged,forged,0,0.99957
family_b_002299_genuine,family_b,8cea59d5f1e53612,v2,genuine,genuine,genuine,2,0.023645
family_b_002300_text_qr_mismatch,family_b,8cea59d5f1e53612,v2,text_qr_mismatch,forged,genuine,2,0.007825
family_b_002301_qr_only_mismatch,family_b,8cea59d5f1e53612,v2,qr_only_mismatch,forged,genuine,2,0.021955
family_b_002302_checksum_invalid,family_b,8cea59d5f1e53612,v2,checksum_invalid,forged,genuine,2,0.001723
family_b_002303_format_invalid,family_b,8cea59d5f1e53612,v2,format_invalid,forged,genuine,2,0.004103
family_b_002304_field_missing,family_b,8cea59d5f1e53612,v2,field_missing,forged,genuine,2,0.019487
family_b_002305_fine_grained_edit,family_b,8cea59d5f1e53612,v2,fine_grained_edit,forged,genuine,2,0.011751
family_b_002306_coordinated_full_forgery,family_b,8cea59d5f1e53612,v2,coordinated_full_forgery,forged,genuine,2,0.779802
family_b_002307_visual_splice,family_b,8cea59d5f1e53612,v2,visual_splice,forged,forged,2,0.997803
family_b_002308_visual_splice,family_b,8cea59d5f1e53612,v2,visual_splice,forged,forged,2,0.899709
family_b_002309_visual_splice,family_b,8cea59d5f1e53612,v2,visual_splice,forged,forged,2,0.994489
family_b_002310_genuine,family_b,ae5c3120cf095a07,v2,genuine,genuine,genuine,2,0.028097
family_b_002311_text_qr_mismatch,family_b,ae5c3120cf095a07,v2,text_qr_mismatch,forged,genuine,2,0.018134
family_b_002312_qr_only_mismatch,family_b,ae5c3120cf095a07,v2,qr_only_mismatch,forged,genuine,2,0.029652
family_b_002313_checksum_invalid,family_b,ae5c3120cf095a07,v2,checksum_invalid,forged,genuine,2,0.052768
family_b_002314_format_invalid,family_b,ae5c3120cf095a07,v2,format_invalid,forged,genuine,2,0.077078
family_b_002315_field_missing,family_b,ae5c3120cf095a07,v2,field_missing,forged,genuine,2,0.003145
family_b_002316_fine_grained_edit,family_b,ae5c3120cf095a07,v2,fine_grained_edit,forged,genuine,2,0.449361
family_b_002317_coordinated_full_forgery,family_b,ae5c3120cf095a07,v2,coordinated_full_forgery,forged,genuine,2,0.045056
family_b_002318_visual_splice,family_b,ae5c3120cf095a07,v2,visual_splice,forged,forged,2,0.99988
family_b_002319_visual_splice,family_b,ae5c3120cf095a07,v2,visual_splice,forged,forged,2,0.999509
family_b_002320_visual_splice,family_b,ae5c3120cf095a07,v2,visual_splice,forged,forged,2,0.999747
family_b_002343_genuine,family_b,2bae41e2a696ce60,v1,genuine,genuine,genuine,0,0.001631
family_b_002344_text_qr_mismatch,family_b,2bae41e2a696ce60,v1,text_qr_mismatch,forged,genuine,0,0.010678
family_b_002345_qr_only_mismatch,family_b,2bae41e2a696ce60,v1,qr_only_mismatch,forged,genuine,0,0.001266
family_b_002346_checksum_invalid,family_b,2bae41e2a696ce60,v1,checksum_invalid,forged,genuine,0,0.002398
family_b_002347_format_invalid,family_b,2bae41e2a696ce60,v1,format_invalid,forged,genuine,0,0.001808
family_b_002348_field_missing,family_b,2bae41e2a696ce60,v1,field_missing,forged,genuine,0,0.003927
family_b_002349_fine_grained_edit,family_b,2bae41e2a696ce60,v1,fine_grained_edit,forged,genuine,0,0.5343
family_b_002350_coordinated_full_forgery,family_b,2bae41e2a696ce60,v1,coordinated_full_forgery,forged,genuine,0,0.020233
family_b_002351_visual_splice,family_b,2bae41e2a696ce60,v1,visual_splice,forged,forged,0,0.999666
family_b_002352_visual_splice,family_b,2bae41e2a696ce60,v1,visual_splice,forged,forged,0,0.998675
family_b_002353_visual_splice,family_b,2bae41e2a696ce60,v1,visual_splice,forged,forged,0,0.006183
family_b_002354_genuine,family_b,a82189a1cbb90806,v2,genuine,genuine,genuine,3,0.006983
family_b_002355_text_qr_mismatch,family_b,a82189a1cbb90806,v2,text_qr_mismatch,forged,genuine,3,0.012252
family_b_002356_qr_only_mismatch,family_b,a82189a1cbb90806,v2,qr_only_mismatch,forged,genuine,3,0.008551
family_b_002357_checksum_invalid,family_b,a82189a1cbb90806,v2,checksum_invalid,forged,genuine,3,0.017445
family_b_002358_format_invalid,family_b,a82189a1cbb90806,v2,format_invalid,forged,genuine,3,0.020906
family_b_002359_field_missing,family_b,a82189a1cbb90806,v2,field_missing,forged,genuine,3,0.002073
family_b_002360_fine_grained_edit,family_b,a82189a1cbb90806,v2,fine_grained_edit,forged,genuine,3,0.244358
family_b_002361_coordinated_full_forgery,family_b,a82189a1cbb90806,v2,coordinated_full_forgery,forged,genuine,3,0.164144
family_b_002362_visual_splice,family_b,a82189a1cbb90806,v2,visual_splice,forged,forged,3,0.999402
family_b_002363_visual_splice,family_b,a82189a1cbb90806,v2,visual_splice,forged,forged,3,0.968976
family_b_002364_visual_splice,family_b,a82189a1cbb90806,v2,visual_splice,forged,forged,3,0.999915
family_b_002365_genuine,family_b,ab9e653da8b48624,v1,genuine,genuine,genuine,3,0.000619
family_b_002366_text_qr_mismatch,family_b,ab9e653da8b48624,v1,text_qr_mismatch,forged,genuine,3,0.000862
family_b_002367_qr_only_mismatch,family_b,ab9e653da8b48624,v1,qr_only_mismatch,forged,genuine,3,0.000181
family_b_002368_checksum_invalid,family_b,ab9e653da8b48624,v1,checksum_invalid,forged,genuine,3,0.00452
family_b_002369_format_invalid,family_b,ab9e653da8b48624,v1,format_invalid,forged,genuine,3,4.4e-05
family_b_002370_field_missing,family_b,ab9e653da8b48624,v1,field_missing,forged,genuine,3,0.000677
family_b_002371_fine_grained_edit,family_b,ab9e653da8b48624,v1,fine_grained_edit,forged,genuine,3,0.021725
family_b_002372_coordinated_full_forgery,family_b,ab9e653da8b48624,v1,coordinated_full_forgery,forged,genuine,3,0.002341
family_b_002373_visual_splice,family_b,ab9e653da8b48624,v1,visual_splice,forged,forged,3,0.996004
family_b_002374_visual_splice,family_b,ab9e653da8b48624,v1,visual_splice,forged,forged,3,0.999249
family_b_002375_visual_splice,family_b,ab9e653da8b48624,v1,visual_splice,forged,forged,3,0.002338
family_b_002376_genuine,family_b,a47016d093ba460e,v1,genuine,genuine,genuine,0,0.005792
family_b_002377_text_qr_mismatch,family_b,a47016d093ba460e,v1,text_qr_mismatch,forged,genuine,0,0.004422
family_b_002378_qr_only_mismatch,family_b,a47016d093ba460e,v1,qr_only_mismatch,forged,genuine,0,0.000569
family_b_002379_checksum_invalid,family_b,a47016d093ba460e,v1,checksum_invalid,forged,genuine,0,0.007606
family_b_002380_format_invalid,family_b,a47016d093ba460e,v1,format_invalid,forged,genuine,0,0.012111
family_b_002381_field_missing,family_b,a47016d093ba460e,v1,field_missing,forged,genuine,0,0.00214
family_b_002382_fine_grained_edit,family_b,a47016d093ba460e,v1,fine_grained_edit,forged,genuine,0,0.000334
family_b_002383_coordinated_full_forgery,family_b,a47016d093ba460e,v1,coordinated_full_forgery,forged,genuine,0,0.002185
family_b_002384_visual_splice,family_b,a47016d093ba460e,v1,visual_splice,forged,forged,0,0.111879
family_b_002385_visual_splice,family_b,a47016d093ba460e,v1,visual_splice,forged,forged,0,0.9998
family_b_002386_visual_splice,family_b,a47016d093ba460e,v1,visual_splice,forged,forged,0,0.999945
family_b_002387_genuine,family_b,5010b6f7403ff8fe,v1,genuine,genuine,genuine,3,0.002916
family_b_002388_text_qr_mismatch,family_b,5010b6f7403ff8fe,v1,text_qr_mismatch,forged,genuine,3,0.725455
family_b_002389_qr_only_mismatch,family_b,5010b6f7403ff8fe,v1,qr_only_mismatch,forged,genuine,3,0.00498
family_b_002390_checksum_invalid,family_b,5010b6f7403ff8fe,v1,checksum_invalid,forged,genuine,3,0.326651
family_b_002391_format_invalid,family_b,5010b6f7403ff8fe,v1,format_invalid,forged,genuine,3,0.003244
family_b_002392_field_missing,family_b,5010b6f7403ff8fe,v1,field_missing,forged,genuine,3,0.007864
family_b_002393_fine_grained_edit,family_b,5010b6f7403ff8fe,v1,fine_grained_edit,forged,genuine,3,0.046135
family_b_002394_coordinated_full_forgery,family_b,5010b6f7403ff8fe,v1,coordinated_full_forgery,forged,genuine,3,0.004103
family_b_002395_visual_splice,family_b,5010b6f7403ff8fe,v1,visual_splice,forged,forged,3,0.999815
family_b_002396_visual_splice,family_b,5010b6f7403ff8fe,v1,visual_splice,forged,forged,3,0.999361
family_b_002397_visual_splice,family_b,5010b6f7403ff8fe,v1,visual_splice,forged,forged,3,0.999928
family_b_002409_genuine,family_b,c6d8598d982133f1,v2,genuine,genuine,genuine,3,0.009244
family_b_002410_text_qr_mismatch,family_b,c6d8598d982133f1,v2,text_qr_mismatch,forged,genuine,3,0.008413
family_b_002411_qr_only_mismatch,family_b,c6d8598d982133f1,v2,qr_only_mismatch,forged,genuine,3,0.002837
family_b_002412_checksum_invalid,family_b,c6d8598d982133f1,v2,checksum_invalid,forged,genuine,3,0.014204
family_b_002413_format_invalid,family_b,c6d8598d982133f1,v2,format_invalid,forged,genuine,3,0.00382
family_b_002414_field_missing,family_b,c6d8598d982133f1,v2,field_missing,forged,genuine,3,0.002843
family_b_002415_fine_grained_edit,family_b,c6d8598d982133f1,v2,fine_grained_edit,forged,genuine,3,0.011058
family_b_002416_coordinated_full_forgery,family_b,c6d8598d982133f1,v2,coordinated_full_forgery,forged,genuine,3,0.012713
family_b_002417_visual_splice,family_b,c6d8598d982133f1,v2,visual_splice,forged,forged,3,0.999695
family_b_002418_visual_splice,family_b,c6d8598d982133f1,v2,visual_splice,forged,forged,3,0.999583
family_b_002419_visual_splice,family_b,c6d8598d982133f1,v2,visual_splice,forged,forged,3,0.99605
family_b_002420_genuine,family_b,827c80354ac86b04,v2,genuine,genuine,genuine,0,0.005981
family_b_002421_text_qr_mismatch,family_b,827c80354ac86b04,v2,text_qr_mismatch,forged,genuine,0,0.070968
family_b_002422_qr_only_mismatch,family_b,827c80354ac86b04,v2,qr_only_mismatch,forged,genuine,0,0.006006
family_b_002423_checksum_invalid,family_b,827c80354ac86b04,v2,checksum_invalid,forged,genuine,0,0.010781
family_b_002424_format_invalid,family_b,827c80354ac86b04,v2,format_invalid,forged,genuine,0,0.219125
family_b_002425_field_missing,family_b,827c80354ac86b04,v2,field_missing,forged,genuine,0,0.002579
family_b_002426_fine_grained_edit,family_b,827c80354ac86b04,v2,fine_grained_edit,forged,genuine,0,0.067134
family_b_002427_coordinated_full_forgery,family_b,827c80354ac86b04,v2,coordinated_full_forgery,forged,genuine,0,0.05805
family_b_002428_visual_splice,family_b,827c80354ac86b04,v2,visual_splice,forged,forged,0,0.996324
family_b_002429_visual_splice,family_b,827c80354ac86b04,v2,visual_splice,forged,forged,0,0.990327
family_b_002430_visual_splice,family_b,827c80354ac86b04,v2,visual_splice,forged,forged,0,0.980493
family_b_002431_genuine,family_b,c9e519968665af42,v1,genuine,genuine,genuine,3,0.004944
family_b_002432_text_qr_mismatch,family_b,c9e519968665af42,v1,text_qr_mismatch,forged,genuine,3,0.024845
family_b_002433_qr_only_mismatch,family_b,c9e519968665af42,v1,qr_only_mismatch,forged,genuine,3,0.020066
family_b_002434_checksum_invalid,family_b,c9e519968665af42,v1,checksum_invalid,forged,genuine,3,0.007869
family_b_002435_format_invalid,family_b,c9e519968665af42,v1,format_invalid,forged,genuine,3,0.001319
family_b_002436_field_missing,family_b,c9e519968665af42,v1,field_missing,forged,genuine,3,0.001681
family_b_002437_fine_grained_edit,family_b,c9e519968665af42,v1,fine_grained_edit,forged,genuine,3,0.005507
family_b_002438_coordinated_full_forgery,family_b,c9e519968665af42,v1,coordinated_full_forgery,forged,genuine,3,0.472017
family_b_002439_visual_splice,family_b,c9e519968665af42,v1,visual_splice,forged,forged,3,0.999444
family_b_002440_visual_splice,family_b,c9e519968665af42,v1,visual_splice,forged,forged,3,0.928975
family_b_002441_visual_splice,family_b,c9e519968665af42,v1,visual_splice,forged,forged,3,0.997995
family_b_002442_genuine,family_b,65f741f2bae74efb,v1,genuine,genuine,genuine,3,0.064173
family_b_002443_text_qr_mismatch,family_b,65f741f2bae74efb,v1,text_qr_mismatch,forged,genuine,3,0.000808
family_b_002444_qr_only_mismatch,family_b,65f741f2bae74efb,v1,qr_only_mismatch,forged,genuine,3,0.000877
family_b_002445_checksum_invalid,family_b,65f741f2bae74efb,v1,checksum_invalid,forged,genuine,3,0.002959
family_b_002446_format_invalid,family_b,65f741f2bae74efb,v1,format_invalid,forged,genuine,3,0.007476
family_b_002447_field_missing,family_b,65f741f2bae74efb,v1,field_missing,forged,genuine,3,0.000679
family_b_002448_fine_grained_edit,family_b,65f741f2bae74efb,v1,fine_grained_edit,forged,genuine,3,0.003971
family_b_002449_coordinated_full_forgery,family_b,65f741f2bae74efb,v1,coordinated_full_forgery,forged,genuine,3,0.00619
family_b_002450_visual_splice,family_b,65f741f2bae74efb,v1,visual_splice,forged,forged,3,0.995545
family_b_002451_visual_splice,family_b,65f741f2bae74efb,v1,visual_splice,forged,forged,3,0.028276
family_b_002452_visual_splice,family_b,65f741f2bae74efb,v1,visual_splice,forged,forged,3,0.998555
family_b_002453_genuine,family_b,709def9fa2238da0,v2,genuine,genuine,genuine,0,0.021433
family_b_002454_text_qr_mismatch,family_b,709def9fa2238da0,v2,text_qr_mismatch,forged,genuine,0,0.001969
family_b_002455_qr_only_mismatch,family_b,709def9fa2238da0,v2,qr_only_mismatch,forged,genuine,0,0.000407
family_b_002456_checksum_invalid,family_b,709def9fa2238da0,v2,checksum_invalid,forged,genuine,0,0.000375
family_b_002457_format_invalid,family_b,709def9fa2238da0,v2,format_invalid,forged,genuine,0,0.00146
family_b_002458_field_missing,family_b,709def9fa2238da0,v2,field_missing,forged,genuine,0,0.00025
family_b_002459_fine_grained_edit,family_b,709def9fa2238da0,v2,fine_grained_edit,forged,genuine,0,0.000731
family_b_002460_coordinated_full_forgery,family_b,709def9fa2238da0,v2,coordinated_full_forgery,forged,genuine,0,0.000489
family_b_002461_visual_splice,family_b,709def9fa2238da0,v2,visual_splice,forged,forged,0,0.864409
family_b_002462_visual_splice,family_b,709def9fa2238da0,v2,visual_splice,forged,forged,0,0.03534
family_b_002463_visual_splice,family_b,709def9fa2238da0,v2,visual_splice,forged,forged,0,0.997176
family_b_002475_genuine,family_b,ebcb20aae1d1e97a,v1,genuine,genuine,genuine,3,0.014939
family_b_002476_text_qr_mismatch,family_b,ebcb20aae1d1e97a,v1,text_qr_mismatch,forged,genuine,3,0.000648
family_b_002477_qr_only_mismatch,family_b,ebcb20aae1d1e97a,v1,qr_only_mismatch,forged,genuine,3,0.000104
family_b_002478_checksum_invalid,family_b,ebcb20aae1d1e97a,v1,checksum_invalid,forged,genuine,3,0.000715
family_b_002479_format_invalid,family_b,ebcb20aae1d1e97a,v1,format_invalid,forged,genuine,3,8.6e-05
family_b_002480_field_missing,family_b,ebcb20aae1d1e97a,v1,field_missing,forged,genuine,3,0.042894
family_b_002481_fine_grained_edit,family_b,ebcb20aae1d1e97a,v1,fine_grained_edit,forged,genuine,3,0.00084
family_b_002482_coordinated_full_forgery,family_b,ebcb20aae1d1e97a,v1,coordinated_full_forgery,forged,genuine,3,0.012606
family_b_002483_visual_splice,family_b,ebcb20aae1d1e97a,v1,visual_splice,forged,forged,3,5e-05
family_b_002484_visual_splice,family_b,ebcb20aae1d1e97a,v1,visual_splice,forged,forged,3,0.998069
family_b_002485_visual_splice,family_b,ebcb20aae1d1e97a,v1,visual_splice,forged,forged,3,0.999484
family_b_002486_genuine,family_b,02f1657640b1a947,v1,genuine,genuine,genuine,1,0.003928
family_b_002487_text_qr_mismatch,family_b,02f1657640b1a947,v1,text_qr_mismatch,forged,genuine,1,0.000833
family_b_002488_qr_only_mismatch,family_b,02f1657640b1a947,v1,qr_only_mismatch,forged,genuine,1,0.008514
family_b_002489_checksum_invalid,family_b,02f1657640b1a947,v1,checksum_invalid,forged,genuine,1,0.008882
family_b_002490_format_invalid,family_b,02f1657640b1a947,v1,format_invalid,forged,genuine,1,0.029204
family_b_002491_field_missing,family_b,02f1657640b1a947,v1,field_missing,forged,genuine,1,0.027141
family_b_002492_fine_grained_edit,family_b,02f1657640b1a947,v1,fine_grained_edit,forged,genuine,1,0.00041
family_b_002493_coordinated_full_forgery,family_b,02f1657640b1a947,v1,coordinated_full_forgery,forged,genuine,1,0.001214
family_b_002494_visual_splice,family_b,02f1657640b1a947,v1,visual_splice,forged,forged,1,0.991532
family_b_002495_visual_splice,family_b,02f1657640b1a947,v1,visual_splice,forged,forged,1,0.999456
family_b_002496_visual_splice,family_b,02f1657640b1a947,v1,visual_splice,forged,forged,1,0.999803
family_b_002508_genuine,family_b,a8f44ddceed8312e,v1,genuine,genuine,genuine,0,0.654293
family_b_002509_text_qr_mismatch,family_b,a8f44ddceed8312e,v1,text_qr_mismatch,forged,genuine,0,0.001276
family_b_002510_qr_only_mismatch,family_b,a8f44ddceed8312e,v1,qr_only_mismatch,forged,genuine,0,0.007856
family_b_002511_checksum_invalid,family_b,a8f44ddceed8312e,v1,checksum_invalid,forged,genuine,0,0.002742
family_b_002512_format_invalid,family_b,a8f44ddceed8312e,v1,format_invalid,forged,genuine,0,1.7e-05
family_b_002513_field_missing,family_b,a8f44ddceed8312e,v1,field_missing,forged,genuine,0,0.000155
family_b_002514_fine_grained_edit,family_b,a8f44ddceed8312e,v1,fine_grained_edit,forged,genuine,0,0.001915
family_b_002515_coordinated_full_forgery,family_b,a8f44ddceed8312e,v1,coordinated_full_forgery,forged,genuine,0,0.198077
family_b_002516_visual_splice,family_b,a8f44ddceed8312e,v1,visual_splice,forged,forged,0,0.999984
family_b_002517_visual_splice,family_b,a8f44ddceed8312e,v1,visual_splice,forged,forged,0,0.998932
family_b_002518_visual_splice,family_b,a8f44ddceed8312e,v1,visual_splice,forged,forged,0,0.999803
family_b_002519_genuine,family_b,9dfd0d8c8f6b3d13,v2,genuine,genuine,genuine,3,0.004938
family_b_002520_text_qr_mismatch,family_b,9dfd0d8c8f6b3d13,v2,text_qr_mismatch,forged,genuine,3,0.000557
family_b_002521_qr_only_mismatch,family_b,9dfd0d8c8f6b3d13,v2,qr_only_mismatch,forged,genuine,3,0.002499
family_b_002522_checksum_invalid,family_b,9dfd0d8c8f6b3d13,v2,checksum_invalid,forged,genuine,3,0.017351
family_b_002523_format_invalid,family_b,9dfd0d8c8f6b3d13,v2,format_invalid,forged,genuine,3,0.001572
family_b_002524_field_missing,family_b,9dfd0d8c8f6b3d13,v2,field_missing,forged,genuine,3,0.003453
family_b_002525_fine_grained_edit,family_b,9dfd0d8c8f6b3d13,v2,fine_grained_edit,forged,genuine,3,0.012857
family_b_002526_coordinated_full_forgery,family_b,9dfd0d8c8f6b3d13,v2,coordinated_full_forgery,forged,genuine,3,0.006017
family_b_002527_visual_splice,family_b,9dfd0d8c8f6b3d13,v2,visual_splice,forged,forged,3,0.99943
family_b_002528_visual_splice,family_b,9dfd0d8c8f6b3d13,v2,visual_splice,forged,forged,3,0.999432
family_b_002529_visual_splice,family_b,9dfd0d8c8f6b3d13,v2,visual_splice,forged,forged,3,0.006678
family_b_002530_genuine,family_b,a30f860eca93b64f,v2,genuine,genuine,genuine,1,0.006825
family_b_002531_text_qr_mismatch,family_b,a30f860eca93b64f,v2,text_qr_mismatch,forged,genuine,1,0.000677
family_b_002532_qr_only_mismatch,family_b,a30f860eca93b64f,v2,qr_only_mismatch,forged,genuine,1,0.042993
family_b_002533_checksum_invalid,family_b,a30f860eca93b64f,v2,checksum_invalid,forged,genuine,1,0.000816
family_b_002534_format_invalid,family_b,a30f860eca93b64f,v2,format_invalid,forged,genuine,1,0.003223
family_b_002535_field_missing,family_b,a30f860eca93b64f,v2,field_missing,forged,genuine,1,0.00027
family_b_002536_fine_grained_edit,family_b,a30f860eca93b64f,v2,fine_grained_edit,forged,genuine,1,0.005147
family_b_002537_coordinated_full_forgery,family_b,a30f860eca93b64f,v2,coordinated_full_forgery,forged,genuine,1,0.000542
family_b_002538_visual_splice,family_b,a30f860eca93b64f,v2,visual_splice,forged,forged,1,0.999793
family_b_002539_visual_splice,family_b,a30f860eca93b64f,v2,visual_splice,forged,forged,1,0.999397
family_b_002540_visual_splice,family_b,a30f860eca93b64f,v2,visual_splice,forged,forged,1,0.99982
family_b_002541_genuine,family_b,6f0cdef542e155ad,v2,genuine,genuine,genuine,4,0.001784
family_b_002542_text_qr_mismatch,family_b,6f0cdef542e155ad,v2,text_qr_mismatch,forged,genuine,4,0.00925
family_b_002543_qr_only_mismatch,family_b,6f0cdef542e155ad,v2,qr_only_mismatch,forged,genuine,4,0.001549
family_b_002544_checksum_invalid,family_b,6f0cdef542e155ad,v2,checksum_invalid,forged,genuine,4,0.002076
family_b_002545_format_invalid,family_b,6f0cdef542e155ad,v2,format_invalid,forged,genuine,4,0.000729
family_b_002546_field_missing,family_b,6f0cdef542e155ad,v2,field_missing,forged,genuine,4,0.000587
family_b_002547_fine_grained_edit,family_b,6f0cdef542e155ad,v2,fine_grained_edit,forged,genuine,4,0.003282
family_b_002548_coordinated_full_forgery,family_b,6f0cdef542e155ad,v2,coordinated_full_forgery,forged,genuine,4,0.016006
family_b_002549_visual_splice,family_b,6f0cdef542e155ad,v2,visual_splice,forged,forged,4,0.999726
family_b_002550_visual_splice,family_b,6f0cdef542e155ad,v2,visual_splice,forged,forged,4,0.995683
family_b_002551_visual_splice,family_b,6f0cdef542e155ad,v2,visual_splice,forged,forged,4,0.999665
family_b_002552_genuine,family_b,7b4800c6223902ba,v2,genuine,genuine,genuine,3,0.000222
family_b_002553_text_qr_mismatch,family_b,7b4800c6223902ba,v2,text_qr_mismatch,forged,genuine,3,0.000418
family_b_002554_qr_only_mismatch,family_b,7b4800c6223902ba,v2,qr_only_mismatch,forged,genuine,3,0.000635
family_b_002555_checksum_invalid,family_b,7b4800c6223902ba,v2,checksum_invalid,forged,genuine,3,9.8e-05
family_b_002556_format_invalid,family_b,7b4800c6223902ba,v2,format_invalid,forged,genuine,3,8.3e-05
family_b_002557_field_missing,family_b,7b4800c6223902ba,v2,field_missing,forged,genuine,3,1.3e-05
family_b_002558_fine_grained_edit,family_b,7b4800c6223902ba,v2,fine_grained_edit,forged,genuine,3,0.003551
family_b_002559_coordinated_full_forgery,family_b,7b4800c6223902ba,v2,coordinated_full_forgery,forged,genuine,3,0.000281
family_b_002560_visual_splice,family_b,7b4800c6223902ba,v2,visual_splice,forged,forged,3,0.99675
family_b_002561_visual_splice,family_b,7b4800c6223902ba,v2,visual_splice,forged,forged,3,0.99676
family_b_002562_visual_splice,family_b,7b4800c6223902ba,v2,visual_splice,forged,forged,3,4.1e-05
family_b_002563_genuine,family_b,93f61b99a0e64b0b,v2,genuine,genuine,genuine,4,0.013252
family_b_002564_text_qr_mismatch,family_b,93f61b99a0e64b0b,v2,text_qr_mismatch,forged,genuine,4,0.000611
family_b_002565_qr_only_mismatch,family_b,93f61b99a0e64b0b,v2,qr_only_mismatch,forged,genuine,4,0.012279
family_b_002566_checksum_invalid,family_b,93f61b99a0e64b0b,v2,checksum_invalid,forged,genuine,4,0.005155
family_b_002567_format_invalid,family_b,93f61b99a0e64b0b,v2,format_invalid,forged,genuine,4,0.003444
family_b_002568_field_missing,family_b,93f61b99a0e64b0b,v2,field_missing,forged,genuine,4,0.009195
family_b_002569_fine_grained_edit,family_b,93f61b99a0e64b0b,v2,fine_grained_edit,forged,genuine,4,0.005106
family_b_002570_coordinated_full_forgery,family_b,93f61b99a0e64b0b,v2,coordinated_full_forgery,forged,genuine,4,0.0178
family_b_002571_visual_splice,family_b,93f61b99a0e64b0b,v2,visual_splice,forged,forged,4,0.985606
family_b_002572_visual_splice,family_b,93f61b99a0e64b0b,v2,visual_splice,forged,forged,4,0.999557
family_b_002573_visual_splice,family_b,93f61b99a0e64b0b,v2,visual_splice,forged,forged,4,0.998291
family_b_002574_genuine,family_b,a68e8c945f508744,v2,genuine,genuine,genuine,2,0.005665
family_b_002575_text_qr_mismatch,family_b,a68e8c945f508744,v2,text_qr_mismatch,forged,genuine,2,0.001802
family_b_002576_qr_only_mismatch,family_b,a68e8c945f508744,v2,qr_only_mismatch,forged,genuine,2,0.006161
family_b_002577_checksum_invalid,family_b,a68e8c945f508744,v2,checksum_invalid,forged,genuine,2,0.006271
family_b_002578_format_invalid,family_b,a68e8c945f508744,v2,format_invalid,forged,genuine,2,0.004229
family_b_002579_field_missing,family_b,a68e8c945f508744,v2,field_missing,forged,genuine,2,0.021546
family_b_002580_fine_grained_edit,family_b,a68e8c945f508744,v2,fine_grained_edit,forged,genuine,2,0.075184
family_b_002581_coordinated_full_forgery,family_b,a68e8c945f508744,v2,coordinated_full_forgery,forged,genuine,2,0.279986
family_b_002582_visual_splice,family_b,a68e8c945f508744,v2,visual_splice,forged,forged,2,0.999809
family_b_002583_visual_splice,family_b,a68e8c945f508744,v2,visual_splice,forged,forged,2,0.999931
family_b_002584_visual_splice,family_b,a68e8c945f508744,v2,visual_splice,forged,forged,2,0.995706
family_b_002585_genuine,family_b,c8675cde2fd3991d,v2,genuine,genuine,genuine,3,0.000719
family_b_002586_text_qr_mismatch,family_b,c8675cde2fd3991d,v2,text_qr_mismatch,forged,genuine,3,0.000352
family_b_002587_qr_only_mismatch,family_b,c8675cde2fd3991d,v2,qr_only_mismatch,forged,genuine,3,0.00623
family_b_002588_checksum_invalid,family_b,c8675cde2fd3991d,v2,checksum_invalid,forged,genuine,3,0.002312
family_b_002589_format_invalid,family_b,c8675cde2fd3991d,v2,format_invalid,forged,genuine,3,0.000338
family_b_002590_field_missing,family_b,c8675cde2fd3991d,v2,field_missing,forged,genuine,3,0.001996
family_b_002591_fine_grained_edit,family_b,c8675cde2fd3991d,v2,fine_grained_edit,forged,genuine,3,0.001331
family_b_002592_coordinated_full_forgery,family_b,c8675cde2fd3991d,v2,coordinated_full_forgery,forged,genuine,3,0.000239
family_b_002593_visual_splice,family_b,c8675cde2fd3991d,v2,visual_splice,forged,forged,3,0.999554
family_b_002594_visual_splice,family_b,c8675cde2fd3991d,v2,visual_splice,forged,forged,3,0.092164
family_b_002595_visual_splice,family_b,c8675cde2fd3991d,v2,visual_splice,forged,forged,3,0.996528
family_b_002607_genuine,family_b,58b23e02f70b4ed9,v1,genuine,genuine,genuine,0,0.041485
family_b_002608_text_qr_mismatch,family_b,58b23e02f70b4ed9,v1,text_qr_mismatch,forged,genuine,0,0.013074
family_b_002609_qr_only_mismatch,family_b,58b23e02f70b4ed9,v1,qr_only_mismatch,forged,genuine,0,0.005167
family_b_002610_checksum_invalid,family_b,58b23e02f70b4ed9,v1,checksum_invalid,forged,genuine,0,0.0
family_b_002611_format_invalid,family_b,58b23e02f70b4ed9,v1,format_invalid,forged,genuine,0,2.7e-05
family_b_002612_field_missing,family_b,58b23e02f70b4ed9,v1,field_missing,forged,genuine,0,0.001845
family_b_002613_fine_grained_edit,family_b,58b23e02f70b4ed9,v1,fine_grained_edit,forged,genuine,0,0.003867
family_b_002614_coordinated_full_forgery,family_b,58b23e02f70b4ed9,v1,coordinated_full_forgery,forged,genuine,0,0.005884
family_b_002615_visual_splice,family_b,58b23e02f70b4ed9,v1,visual_splice,forged,forged,0,0.999401
family_b_002616_visual_splice,family_b,58b23e02f70b4ed9,v1,visual_splice,forged,forged,0,0.998854
family_b_002617_visual_splice,family_b,58b23e02f70b4ed9,v1,visual_splice,forged,forged,0,0.14748
family_b_002629_genuine,family_b,2d1d7c6cf0809de8,v2,genuine,genuine,genuine,3,9.2e-05
family_b_002630_text_qr_mismatch,family_b,2d1d7c6cf0809de8,v2,text_qr_mismatch,forged,genuine,3,0.408153
family_b_002631_qr_only_mismatch,family_b,2d1d7c6cf0809de8,v2,qr_only_mismatch,forged,genuine,3,0.001044
family_b_002632_checksum_invalid,family_b,2d1d7c6cf0809de8,v2,checksum_invalid,forged,genuine,3,0.007335
family_b_002633_format_invalid,family_b,2d1d7c6cf0809de8,v2,format_invalid,forged,genuine,3,0.007428
family_b_002634_field_missing,family_b,2d1d7c6cf0809de8,v2,field_missing,forged,genuine,3,0.001839
family_b_002635_fine_grained_edit,family_b,2d1d7c6cf0809de8,v2,fine_grained_edit,forged,genuine,3,0.005372
family_b_002636_coordinated_full_forgery,family_b,2d1d7c6cf0809de8,v2,coordinated_full_forgery,forged,genuine,3,0.001573
family_b_002637_visual_splice,family_b,2d1d7c6cf0809de8,v2,visual_splice,forged,forged,3,0.872779
family_b_002638_visual_splice,family_b,2d1d7c6cf0809de8,v2,visual_splice,forged,forged,3,0.999085
family_b_002639_visual_splice,family_b,2d1d7c6cf0809de8,v2,visual_splice,forged,forged,3,0.99509
family_b_002640_genuine,family_b,f8bdf52016d906fb,v1,genuine,genuine,genuine,4,0.001587
family_b_002641_text_qr_mismatch,family_b,f8bdf52016d906fb,v1,text_qr_mismatch,forged,genuine,4,0.034342
family_b_002642_qr_only_mismatch,family_b,f8bdf52016d906fb,v1,qr_only_mismatch,forged,genuine,4,0.046863
family_b_002643_checksum_invalid,family_b,f8bdf52016d906fb,v1,checksum_invalid,forged,genuine,4,0.311175
family_b_002644_format_invalid,family_b,f8bdf52016d906fb,v1,format_invalid,forged,genuine,4,0.028832
family_b_002645_field_missing,family_b,f8bdf52016d906fb,v1,field_missing,forged,genuine,4,0.003684
family_b_002646_fine_grained_edit,family_b,f8bdf52016d906fb,v1,fine_grained_edit,forged,genuine,4,0.904274
family_b_002647_coordinated_full_forgery,family_b,f8bdf52016d906fb,v1,coordinated_full_forgery,forged,genuine,4,0.010184
family_b_002648_visual_splice,family_b,f8bdf52016d906fb,v1,visual_splice,forged,forged,4,0.999622
family_b_002649_visual_splice,family_b,f8bdf52016d906fb,v1,visual_splice,forged,forged,4,0.887424
family_b_002650_visual_splice,family_b,f8bdf52016d906fb,v1,visual_splice,forged,forged,4,0.99961
family_b_002651_genuine,family_b,3ea751c673b29295,v1,genuine,genuine,genuine,3,0.047593
family_b_002652_text_qr_mismatch,family_b,3ea751c673b29295,v1,text_qr_mismatch,forged,genuine,3,0.008148
family_b_002653_qr_only_mismatch,family_b,3ea751c673b29295,v1,qr_only_mismatch,forged,genuine,3,0.014983
family_b_002654_checksum_invalid,family_b,3ea751c673b29295,v1,checksum_invalid,forged,genuine,3,0.008712
family_b_002655_format_invalid,family_b,3ea751c673b29295,v1,format_invalid,forged,genuine,3,0.001898
family_b_002656_field_missing,family_b,3ea751c673b29295,v1,field_missing,forged,genuine,3,0.00319
family_b_002657_fine_grained_edit,family_b,3ea751c673b29295,v1,fine_grained_edit,forged,genuine,3,0.014381
family_b_002658_coordinated_full_forgery,family_b,3ea751c673b29295,v1,coordinated_full_forgery,forged,genuine,3,0.027265
family_b_002659_visual_splice,family_b,3ea751c673b29295,v1,visual_splice,forged,forged,3,0.999564
family_b_002660_visual_splice,family_b,3ea751c673b29295,v1,visual_splice,forged,forged,3,0.999011
family_b_002661_visual_splice,family_b,3ea751c673b29295,v1,visual_splice,forged,forged,3,0.961783
family_b_002662_genuine,family_b,26552c8d9b5366e8,v2,genuine,genuine,genuine,2,0.325474
family_b_002663_text_qr_mismatch,family_b,26552c8d9b5366e8,v2,text_qr_mismatch,forged,genuine,2,0.00913
family_b_002664_qr_only_mismatch,family_b,26552c8d9b5366e8,v2,qr_only_mismatch,forged,genuine,2,0.035289
family_b_002665_checksum_invalid,family_b,26552c8d9b5366e8,v2,checksum_invalid,forged,genuine,2,0.01288
family_b_002666_format_invalid,family_b,26552c8d9b5366e8,v2,format_invalid,forged,genuine,2,0.024472
family_b_002667_field_missing,family_b,26552c8d9b5366e8,v2,field_missing,forged,genuine,2,0.002226
family_b_002668_fine_grained_edit,family_b,26552c8d9b5366e8,v2,fine_grained_edit,forged,genuine,2,0.011426
family_b_002669_coordinated_full_forgery,family_b,26552c8d9b5366e8,v2,coordinated_full_forgery,forged,genuine,2,0.001157
family_b_002670_visual_splice,family_b,26552c8d9b5366e8,v2,visual_splice,forged,forged,2,0.994963
family_b_002671_visual_splice,family_b,26552c8d9b5366e8,v2,visual_splice,forged,forged,2,0.016893
family_b_002672_visual_splice,family_b,26552c8d9b5366e8,v2,visual_splice,forged,forged,2,0.999975
family_b_002673_genuine,family_b,b11a5d50b8209eab,v1,genuine,genuine,genuine,3,0.000405
family_b_002674_text_qr_mismatch,family_b,b11a5d50b8209eab,v1,text_qr_mismatch,forged,genuine,3,0.000145
family_b_002675_qr_only_mismatch,family_b,b11a5d50b8209eab,v1,qr_only_mismatch,forged,genuine,3,0.000222
family_b_002676_checksum_invalid,family_b,b11a5d50b8209eab,v1,checksum_invalid,forged,genuine,3,0.001011
family_b_002677_format_invalid,family_b,b11a5d50b8209eab,v1,format_invalid,forged,genuine,3,0.00012
family_b_002678_field_missing,family_b,b11a5d50b8209eab,v1,field_missing,forged,genuine,3,0.000134
family_b_002679_fine_grained_edit,family_b,b11a5d50b8209eab,v1,fine_grained_edit,forged,genuine,3,2.5e-05
family_b_002680_coordinated_full_forgery,family_b,b11a5d50b8209eab,v1,coordinated_full_forgery,forged,genuine,3,5e-06
family_b_002681_visual_splice,family_b,b11a5d50b8209eab,v1,visual_splice,forged,forged,3,0.992308
family_b_002682_visual_splice,family_b,b11a5d50b8209eab,v1,visual_splice,forged,forged,3,0.998745
family_b_002683_visual_splice,family_b,b11a5d50b8209eab,v1,visual_splice,forged,forged,3,0.997811
family_b_002695_genuine,family_b,07ac5f1944422198,v1,genuine,genuine,genuine,2,0.203466
family_b_002696_text_qr_mismatch,family_b,07ac5f1944422198,v1,text_qr_mismatch,forged,genuine,2,0.008933
family_b_002697_qr_only_mismatch,family_b,07ac5f1944422198,v1,qr_only_mismatch,forged,genuine,2,0.085354
family_b_002698_checksum_invalid,family_b,07ac5f1944422198,v1,checksum_invalid,forged,genuine,2,0.029504
family_b_002699_format_invalid,family_b,07ac5f1944422198,v1,format_invalid,forged,genuine,2,0.030402
family_b_002700_field_missing,family_b,07ac5f1944422198,v1,field_missing,forged,genuine,2,0.007579
family_b_002701_fine_grained_edit,family_b,07ac5f1944422198,v1,fine_grained_edit,forged,genuine,2,0.958778
family_b_002702_coordinated_full_forgery,family_b,07ac5f1944422198,v1,coordinated_full_forgery,forged,genuine,2,0.50784
family_b_002703_visual_splice,family_b,07ac5f1944422198,v1,visual_splice,forged,forged,2,0.999975
family_b_002704_visual_splice,family_b,07ac5f1944422198,v1,visual_splice,forged,forged,2,0.999979
family_b_002705_visual_splice,family_b,07ac5f1944422198,v1,visual_splice,forged,forged,2,0.999948
family_b_002706_genuine,family_b,c7e4715fe9b8a090,v2,genuine,genuine,genuine,1,0.001343
family_b_002707_text_qr_mismatch,family_b,c7e4715fe9b8a090,v2,text_qr_mismatch,forged,genuine,1,0.000747
family_b_002708_qr_only_mismatch,family_b,c7e4715fe9b8a090,v2,qr_only_mismatch,forged,genuine,1,0.007021
family_b_002709_checksum_invalid,family_b,c7e4715fe9b8a090,v2,checksum_invalid,forged,genuine,1,0.02415
family_b_002710_format_invalid,family_b,c7e4715fe9b8a090,v2,format_invalid,forged,genuine,1,0.002132
family_b_002711_field_missing,family_b,c7e4715fe9b8a090,v2,field_missing,forged,genuine,1,0.001837
family_b_002712_fine_grained_edit,family_b,c7e4715fe9b8a090,v2,fine_grained_edit,forged,genuine,1,0.000751
family_b_002713_coordinated_full_forgery,family_b,c7e4715fe9b8a090,v2,coordinated_full_forgery,forged,genuine,1,0.006957
family_b_002714_visual_splice,family_b,c7e4715fe9b8a090,v2,visual_splice,forged,forged,1,0.999507
family_b_002715_visual_splice,family_b,c7e4715fe9b8a090,v2,visual_splice,forged,forged,1,0.990037
family_b_002716_visual_splice,family_b,c7e4715fe9b8a090,v2,visual_splice,forged,forged,1,0.996188
family_b_002717_genuine,family_b,8b2ae79d113e4e4e,v2,genuine,genuine,genuine,3,0.002427
family_b_002718_text_qr_mismatch,family_b,8b2ae79d113e4e4e,v2,text_qr_mismatch,forged,genuine,3,0.001862
family_b_002719_qr_only_mismatch,family_b,8b2ae79d113e4e4e,v2,qr_only_mismatch,forged,genuine,3,0.015646
family_b_002720_checksum_invalid,family_b,8b2ae79d113e4e4e,v2,checksum_invalid,forged,genuine,3,0.575413
family_b_002721_format_invalid,family_b,8b2ae79d113e4e4e,v2,format_invalid,forged,genuine,3,0.001738
family_b_002722_field_missing,family_b,8b2ae79d113e4e4e,v2,field_missing,forged,genuine,3,0.005187
family_b_002723_fine_grained_edit,family_b,8b2ae79d113e4e4e,v2,fine_grained_edit,forged,genuine,3,0.040065
family_b_002724_coordinated_full_forgery,family_b,8b2ae79d113e4e4e,v2,coordinated_full_forgery,forged,genuine,3,0.879338
family_b_002725_visual_splice,family_b,8b2ae79d113e4e4e,v2,visual_splice,forged,forged,3,0.9971
family_b_002726_visual_splice,family_b,8b2ae79d113e4e4e,v2,visual_splice,forged,forged,3,0.99874
family_b_002727_visual_splice,family_b,8b2ae79d113e4e4e,v2,visual_splice,forged,forged,3,0.995732
family_b_002728_genuine,family_b,d5b61e1ef2e94a13,v1,genuine,genuine,genuine,1,0.001771
family_b_002729_text_qr_mismatch,family_b,d5b61e1ef2e94a13,v1,text_qr_mismatch,forged,genuine,1,0.001484
family_b_002730_qr_only_mismatch,family_b,d5b61e1ef2e94a13,v1,qr_only_mismatch,forged,genuine,1,0.0164
family_b_002731_checksum_invalid,family_b,d5b61e1ef2e94a13,v1,checksum_invalid,forged,genuine,1,0.047808
family_b_002732_format_invalid,family_b,d5b61e1ef2e94a13,v1,format_invalid,forged,genuine,1,0.002016
family_b_002733_field_missing,family_b,d5b61e1ef2e94a13,v1,field_missing,forged,genuine,1,0.000489
family_b_002734_fine_grained_edit,family_b,d5b61e1ef2e94a13,v1,fine_grained_edit,forged,genuine,1,0.00211
family_b_002735_coordinated_full_forgery,family_b,d5b61e1ef2e94a13,v1,coordinated_full_forgery,forged,genuine,1,0.059106
family_b_002736_visual_splice,family_b,d5b61e1ef2e94a13,v1,visual_splice,forged,forged,1,0.997388
family_b_002737_visual_splice,family_b,d5b61e1ef2e94a13,v1,visual_splice,forged,forged,1,0.999182
family_b_002738_visual_splice,family_b,d5b61e1ef2e94a13,v1,visual_splice,forged,forged,1,0.315891
family_b_002739_genuine,family_b,57f73fe3bac5f799,v1,genuine,genuine,genuine,4,0.018205
family_b_002740_text_qr_mismatch,family_b,57f73fe3bac5f799,v1,text_qr_mismatch,forged,genuine,4,0.008716
family_b_002741_qr_only_mismatch,family_b,57f73fe3bac5f799,v1,qr_only_mismatch,forged,genuine,4,0.034738
family_b_002742_checksum_invalid,family_b,57f73fe3bac5f799,v1,checksum_invalid,forged,genuine,4,0.002421
family_b_002743_format_invalid,family_b,57f73fe3bac5f799,v1,format_invalid,forged,genuine,4,0.003871
family_b_002744_field_missing,family_b,57f73fe3bac5f799,v1,field_missing,forged,genuine,4,0.005839
family_b_002745_fine_grained_edit,family_b,57f73fe3bac5f799,v1,fine_grained_edit,forged,genuine,4,0.009827
family_b_002746_coordinated_full_forgery,family_b,57f73fe3bac5f799,v1,coordinated_full_forgery,forged,genuine,4,0.173027
family_b_002747_visual_splice,family_b,57f73fe3bac5f799,v1,visual_splice,forged,forged,4,0.99813
family_b_002748_visual_splice,family_b,57f73fe3bac5f799,v1,visual_splice,forged,forged,4,0.086412
family_b_002749_visual_splice,family_b,57f73fe3bac5f799,v1,visual_splice,forged,forged,4,0.995563
family_b_002761_genuine,family_b,e1b6f4c0e463e108,v1,genuine,genuine,genuine,4,0.006179
family_b_002762_text_qr_mismatch,family_b,e1b6f4c0e463e108,v1,text_qr_mismatch,forged,genuine,4,0.061557
family_b_002763_qr_only_mismatch,family_b,e1b6f4c0e463e108,v1,qr_only_mismatch,forged,genuine,4,0.039988
family_b_002764_checksum_invalid,family_b,e1b6f4c0e463e108,v1,checksum_invalid,forged,genuine,4,0.017462
family_b_002765_format_invalid,family_b,e1b6f4c0e463e108,v1,format_invalid,forged,genuine,4,0.067821
family_b_002766_field_missing,family_b,e1b6f4c0e463e108,v1,field_missing,forged,genuine,4,0.003135
family_b_002767_fine_grained_edit,family_b,e1b6f4c0e463e108,v1,fine_grained_edit,forged,genuine,4,0.260948
family_b_002768_coordinated_full_forgery,family_b,e1b6f4c0e463e108,v1,coordinated_full_forgery,forged,genuine,4,0.827233
family_b_002769_visual_splice,family_b,e1b6f4c0e463e108,v1,visual_splice,forged,forged,4,0.932204
family_b_002770_visual_splice,family_b,e1b6f4c0e463e108,v1,visual_splice,forged,forged,4,0.998843
family_b_002771_visual_splice,family_b,e1b6f4c0e463e108,v1,visual_splice,forged,forged,4,0.455126
family_b_002772_genuine,family_b,be625815cb2b3b0d,v1,genuine,genuine,genuine,2,0.581878
family_b_002773_text_qr_mismatch,family_b,be625815cb2b3b0d,v1,text_qr_mismatch,forged,genuine,2,0.096889
family_b_002774_qr_only_mismatch,family_b,be625815cb2b3b0d,v1,qr_only_mismatch,forged,genuine,2,0.629246
family_b_002775_checksum_invalid,family_b,be625815cb2b3b0d,v1,checksum_invalid,forged,genuine,2,0.631434
family_b_002776_format_invalid,family_b,be625815cb2b3b0d,v1,format_invalid,forged,genuine,2,0.097437
family_b_002777_field_missing,family_b,be625815cb2b3b0d,v1,field_missing,forged,genuine,2,0.020203
family_b_002778_fine_grained_edit,family_b,be625815cb2b3b0d,v1,fine_grained_edit,forged,genuine,2,0.131805
family_b_002779_coordinated_full_forgery,family_b,be625815cb2b3b0d,v1,coordinated_full_forgery,forged,genuine,2,0.00011
family_b_002780_visual_splice,family_b,be625815cb2b3b0d,v1,visual_splice,forged,forged,2,0.99998
family_b_002781_visual_splice,family_b,be625815cb2b3b0d,v1,visual_splice,forged,forged,2,0.99999
family_b_002782_visual_splice,family_b,be625815cb2b3b0d,v1,visual_splice,forged,forged,2,0.998917
family_b_002783_genuine,family_b,77c656e4a82f5f74,v2,genuine,genuine,genuine,4,0.397828
family_b_002784_text_qr_mismatch,family_b,77c656e4a82f5f74,v2,text_qr_mismatch,forged,genuine,4,0.177772
family_b_002785_qr_only_mismatch,family_b,77c656e4a82f5f74,v2,qr_only_mismatch,forged,genuine,4,0.28767
family_b_002786_checksum_invalid,family_b,77c656e4a82f5f74,v2,checksum_invalid,forged,genuine,4,0.112335
family_b_002787_format_invalid,family_b,77c656e4a82f5f74,v2,format_invalid,forged,genuine,4,0.86994
family_b_002788_field_missing,family_b,77c656e4a82f5f74,v2,field_missing,forged,genuine,4,0.000622
family_b_002789_fine_grained_edit,family_b,77c656e4a82f5f74,v2,fine_grained_edit,forged,genuine,4,0.137094
family_b_002790_coordinated_full_forgery,family_b,77c656e4a82f5f74,v2,coordinated_full_forgery,forged,genuine,4,0.011175
family_b_002791_visual_splice,family_b,77c656e4a82f5f74,v2,visual_splice,forged,forged,4,0.997172
family_b_002792_visual_splice,family_b,77c656e4a82f5f74,v2,visual_splice,forged,forged,4,0.999357
family_b_002793_visual_splice,family_b,77c656e4a82f5f74,v2,visual_splice,forged,forged,4,0.994188
family_b_002794_genuine,family_b,5424243d6ed6c0f7,v1,genuine,genuine,genuine,2,0.019925
family_b_002795_text_qr_mismatch,family_b,5424243d6ed6c0f7,v1,text_qr_mismatch,forged,genuine,2,0.558144
family_b_002796_qr_only_mismatch,family_b,5424243d6ed6c0f7,v1,qr_only_mismatch,forged,genuine,2,0.146412
family_b_002797_checksum_invalid,family_b,5424243d6ed6c0f7,v1,checksum_invalid,forged,genuine,2,0.08962
family_b_002798_format_invalid,family_b,5424243d6ed6c0f7,v1,format_invalid,forged,genuine,2,0.017397
family_b_002799_field_missing,family_b,5424243d6ed6c0f7,v1,field_missing,forged,genuine,2,0.007971
family_b_002800_fine_grained_edit,family_b,5424243d6ed6c0f7,v1,fine_grained_edit,forged,genuine,2,0.014507
family_b_002801_coordinated_full_forgery,family_b,5424243d6ed6c0f7,v1,coordinated_full_forgery,forged,genuine,2,0.026442
family_b_002802_visual_splice,family_b,5424243d6ed6c0f7,v1,visual_splice,forged,forged,2,0.999878
family_b_002803_visual_splice,family_b,5424243d6ed6c0f7,v1,visual_splice,forged,forged,2,0.999978
family_b_002804_visual_splice,family_b,5424243d6ed6c0f7,v1,visual_splice,forged,forged,2,0.19923
family_b_002805_genuine,family_b,8a17dd1e62704840,v2,genuine,genuine,genuine,2,0.000839
family_b_002806_text_qr_mismatch,family_b,8a17dd1e62704840,v2,text_qr_mismatch,forged,genuine,2,0.228021
family_b_002807_qr_only_mismatch,family_b,8a17dd1e62704840,v2,qr_only_mismatch,forged,genuine,2,0.077737
family_b_002808_checksum_invalid,family_b,8a17dd1e62704840,v2,checksum_invalid,forged,genuine,2,0.13048
family_b_002809_format_invalid,family_b,8a17dd1e62704840,v2,format_invalid,forged,genuine,2,0.378627
family_b_002810_field_missing,family_b,8a17dd1e62704840,v2,field_missing,forged,genuine,2,0.014618
family_b_002811_fine_grained_edit,family_b,8a17dd1e62704840,v2,fine_grained_edit,forged,genuine,2,0.051432
family_b_002812_coordinated_full_forgery,family_b,8a17dd1e62704840,v2,coordinated_full_forgery,forged,genuine,2,0.12574
family_b_002813_visual_splice,family_b,8a17dd1e62704840,v2,visual_splice,forged,forged,2,0.072685
family_b_002814_visual_splice,family_b,8a17dd1e62704840,v2,visual_splice,forged,forged,2,0.999128
family_b_002815_visual_splice,family_b,8a17dd1e62704840,v2,visual_splice,forged,forged,2,0.999917
family_b_002849_genuine,family_b,1e16ee931adb44f4,v2,genuine,genuine,genuine,4,0.032038
family_b_002850_text_qr_mismatch,family_b,1e16ee931adb44f4,v2,text_qr_mismatch,forged,genuine,4,0.031084
family_b_002851_qr_only_mismatch,family_b,1e16ee931adb44f4,v2,qr_only_mismatch,forged,genuine,4,0.009351
family_b_002852_checksum_invalid,family_b,1e16ee931adb44f4,v2,checksum_invalid,forged,genuine,4,0.028679
family_b_002853_format_invalid,family_b,1e16ee931adb44f4,v2,format_invalid,forged,genuine,4,0.178973
family_b_002854_field_missing,family_b,1e16ee931adb44f4,v2,field_missing,forged,genuine,4,0.000723
family_b_002855_fine_grained_edit,family_b,1e16ee931adb44f4,v2,fine_grained_edit,forged,genuine,4,0.054452
family_b_002856_coordinated_full_forgery,family_b,1e16ee931adb44f4,v2,coordinated_full_forgery,forged,genuine,4,0.054458
family_b_002857_visual_splice,family_b,1e16ee931adb44f4,v2,visual_splice,forged,forged,4,0.999515
family_b_002858_visual_splice,family_b,1e16ee931adb44f4,v2,visual_splice,forged,forged,4,0.999843
family_b_002859_visual_splice,family_b,1e16ee931adb44f4,v2,visual_splice,forged,forged,4,0.999731
family_b_002860_genuine,family_b,5e08c328579204b9,v1,genuine,genuine,genuine,4,0.052529
family_b_002861_text_qr_mismatch,family_b,5e08c328579204b9,v1,text_qr_mismatch,forged,genuine,4,0.006211
family_b_002862_qr_only_mismatch,family_b,5e08c328579204b9,v1,qr_only_mismatch,forged,genuine,4,0.566111
family_b_002863_checksum_invalid,family_b,5e08c328579204b9,v1,checksum_invalid,forged,genuine,4,0.033605
family_b_002864_format_invalid,family_b,5e08c328579204b9,v1,format_invalid,forged,genuine,4,0.524496
family_b_002865_field_missing,family_b,5e08c328579204b9,v1,field_missing,forged,genuine,4,8.5e-05
family_b_002866_fine_grained_edit,family_b,5e08c328579204b9,v1,fine_grained_edit,forged,genuine,4,0.002095
family_b_002867_coordinated_full_forgery,family_b,5e08c328579204b9,v1,coordinated_full_forgery,forged,genuine,4,0.004344
family_b_002868_visual_splice,family_b,5e08c328579204b9,v1,visual_splice,forged,forged,4,0.995462
family_b_002869_visual_splice,family_b,5e08c328579204b9,v1,visual_splice,forged,forged,4,0.990195
family_b_002870_visual_splice,family_b,5e08c328579204b9,v1,visual_splice,forged,forged,4,0.999788
family_b_002882_genuine,family_b,de7abaabefc51250,v2,genuine,genuine,genuine,1,0.003856
family_b_002883_text_qr_mismatch,family_b,de7abaabefc51250,v2,text_qr_mismatch,forged,genuine,1,0.000712
family_b_002884_qr_only_mismatch,family_b,de7abaabefc51250,v2,qr_only_mismatch,forged,genuine,1,0.086067
family_b_002885_checksum_invalid,family_b,de7abaabefc51250,v2,checksum_invalid,forged,genuine,1,0.000781
family_b_002886_format_invalid,family_b,de7abaabefc51250,v2,format_invalid,forged,genuine,1,0.000689
family_b_002887_field_missing,family_b,de7abaabefc51250,v2,field_missing,forged,genuine,1,0.000385
family_b_002888_fine_grained_edit,family_b,de7abaabefc51250,v2,fine_grained_edit,forged,genuine,1,0.002383
family_b_002889_coordinated_full_forgery,family_b,de7abaabefc51250,v2,coordinated_full_forgery,forged,genuine,1,0.183717
family_b_002890_visual_splice,family_b,de7abaabefc51250,v2,visual_splice,forged,forged,1,0.99763
family_b_002891_visual_splice,family_b,de7abaabefc51250,v2,visual_splice,forged,forged,1,0.999283
family_b_002892_visual_splice,family_b,de7abaabefc51250,v2,visual_splice,forged,forged,1,0.999662
family_b_002893_genuine,family_b,1e2347b2729f1554,v2,genuine,genuine,genuine,1,0.014983
family_b_002894_text_qr_mismatch,family_b,1e2347b2729f1554,v2,text_qr_mismatch,forged,genuine,1,0.03943
family_b_002895_qr_only_mismatch,family_b,1e2347b2729f1554,v2,qr_only_mismatch,forged,genuine,1,0.020583
family_b_002896_checksum_invalid,family_b,1e2347b2729f1554,v2,checksum_invalid,forged,genuine,1,0.012893
family_b_002897_format_invalid,family_b,1e2347b2729f1554,v2,format_invalid,forged,genuine,1,0.004675
family_b_002898_field_missing,family_b,1e2347b2729f1554,v2,field_missing,forged,genuine,1,0.002645
family_b_002899_fine_grained_edit,family_b,1e2347b2729f1554,v2,fine_grained_edit,forged,genuine,1,0.004548
family_b_002900_coordinated_full_forgery,family_b,1e2347b2729f1554,v2,coordinated_full_forgery,forged,genuine,1,0.017648
family_b_002901_visual_splice,family_b,1e2347b2729f1554,v2,visual_splice,forged,forged,1,0.093664
family_b_002902_visual_splice,family_b,1e2347b2729f1554,v2,visual_splice,forged,forged,1,0.014253
family_b_002903_visual_splice,family_b,1e2347b2729f1554,v2,visual_splice,forged,forged,1,0.999274
family_b_002904_genuine,family_b,ee2c677269a13dcf,v1,genuine,genuine,genuine,2,0.035376
family_b_002905_text_qr_mismatch,family_b,ee2c677269a13dcf,v1,text_qr_mismatch,forged,genuine,2,0.294229
family_b_002906_qr_only_mismatch,family_b,ee2c677269a13dcf,v1,qr_only_mismatch,forged,genuine,2,0.112065
family_b_002907_checksum_invalid,family_b,ee2c677269a13dcf,v1,checksum_invalid,forged,genuine,2,0.117888
family_b_002908_format_invalid,family_b,ee2c677269a13dcf,v1,format_invalid,forged,genuine,2,0.006433
family_b_002909_field_missing,family_b,ee2c677269a13dcf,v1,field_missing,forged,genuine,2,0.022546
family_b_002910_fine_grained_edit,family_b,ee2c677269a13dcf,v1,fine_grained_edit,forged,genuine,2,0.253623
family_b_002911_coordinated_full_forgery,family_b,ee2c677269a13dcf,v1,coordinated_full_forgery,forged,genuine,2,0.31626
family_b_002912_visual_splice,family_b,ee2c677269a13dcf,v1,visual_splice,forged,forged,2,0.998819
family_b_002913_visual_splice,family_b,ee2c677269a13dcf,v1,visual_splice,forged,forged,2,0.999526
family_b_002914_visual_splice,family_b,ee2c677269a13dcf,v1,visual_splice,forged,forged,2,0.999685
family_b_002926_genuine,family_b,bea74caf1d6d0ecb,v2,genuine,genuine,genuine,4,0.019212
family_b_002927_text_qr_mismatch,family_b,bea74caf1d6d0ecb,v2,text_qr_mismatch,forged,genuine,4,0.030026
family_b_002928_qr_only_mismatch,family_b,bea74caf1d6d0ecb,v2,qr_only_mismatch,forged,genuine,4,0.598083
family_b_002929_checksum_invalid,family_b,bea74caf1d6d0ecb,v2,checksum_invalid,forged,genuine,4,0.015426
family_b_002930_format_invalid,family_b,bea74caf1d6d0ecb,v2,format_invalid,forged,genuine,4,0.016912
family_b_002931_field_missing,family_b,bea74caf1d6d0ecb,v2,field_missing,forged,genuine,4,0.000758
family_b_002932_fine_grained_edit,family_b,bea74caf1d6d0ecb,v2,fine_grained_edit,forged,genuine,4,0.014397
family_b_002933_coordinated_full_forgery,family_b,bea74caf1d6d0ecb,v2,coordinated_full_forgery,forged,genuine,4,0.005585
family_b_002934_visual_splice,family_b,bea74caf1d6d0ecb,v2,visual_splice,forged,forged,4,0.999845
family_b_002935_visual_splice,family_b,bea74caf1d6d0ecb,v2,visual_splice,forged,forged,4,0.999119
family_b_002936_visual_splice,family_b,bea74caf1d6d0ecb,v2,visual_splice,forged,forged,4,0.998675
family_b_002937_genuine,family_b,f2bf1b2b28118497,v2,genuine,genuine,genuine,1,0.293718
family_b_002938_text_qr_mismatch,family_b,f2bf1b2b28118497,v2,text_qr_mismatch,forged,genuine,1,0.38205
family_b_002939_qr_only_mismatch,family_b,f2bf1b2b28118497,v2,qr_only_mismatch,forged,genuine,1,0.025572
family_b_002940_checksum_invalid,family_b,f2bf1b2b28118497,v2,checksum_invalid,forged,genuine,1,0.647155
family_b_002941_format_invalid,family_b,f2bf1b2b28118497,v2,format_invalid,forged,genuine,1,0.033004
family_b_002942_field_missing,family_b,f2bf1b2b28118497,v2,field_missing,forged,genuine,1,0.036593
family_b_002943_fine_grained_edit,family_b,f2bf1b2b28118497,v2,fine_grained_edit,forged,genuine,1,0.222381
family_b_002944_coordinated_full_forgery,family_b,f2bf1b2b28118497,v2,coordinated_full_forgery,forged,genuine,1,0.032964
family_b_002945_visual_splice,family_b,f2bf1b2b28118497,v2,visual_splice,forged,forged,1,0.999931
family_b_002946_visual_splice,family_b,f2bf1b2b28118497,v2,visual_splice,forged,forged,1,0.159327
family_b_002947_visual_splice,family_b,f2bf1b2b28118497,v2,visual_splice,forged,forged,1,0.999853
family_b_002959_genuine,family_b,2eb0da77cce6e82e,v2,genuine,genuine,genuine,3,0.076248
family_b_002960_text_qr_mismatch,family_b,2eb0da77cce6e82e,v2,text_qr_mismatch,forged,genuine,3,0.056548
family_b_002961_qr_only_mismatch,family_b,2eb0da77cce6e82e,v2,qr_only_mismatch,forged,genuine,3,0.019136
family_b_002962_checksum_invalid,family_b,2eb0da77cce6e82e,v2,checksum_invalid,forged,genuine,3,0.010325
family_b_002963_format_invalid,family_b,2eb0da77cce6e82e,v2,format_invalid,forged,genuine,3,0.030765
family_b_002964_field_missing,family_b,2eb0da77cce6e82e,v2,field_missing,forged,genuine,3,0.000302
family_b_002965_fine_grained_edit,family_b,2eb0da77cce6e82e,v2,fine_grained_edit,forged,genuine,3,0.003367
family_b_002966_coordinated_full_forgery,family_b,2eb0da77cce6e82e,v2,coordinated_full_forgery,forged,genuine,3,0.001513
family_b_002967_visual_splice,family_b,2eb0da77cce6e82e,v2,visual_splice,forged,forged,3,0.99794
family_b_002968_visual_splice,family_b,2eb0da77cce6e82e,v2,visual_splice,forged,forged,3,0.996111
family_b_002969_visual_splice,family_b,2eb0da77cce6e82e,v2,visual_splice,forged,forged,3,0.999038
family_b_002992_genuine,family_b,0813f4429d761365,v2,genuine,genuine,genuine,0,0.011949
family_b_002993_text_qr_mismatch,family_b,0813f4429d761365,v2,text_qr_mismatch,forged,genuine,0,0.001079
family_b_002994_qr_only_mismatch,family_b,0813f4429d761365,v2,qr_only_mismatch,forged,genuine,0,0.005941
family_b_002995_checksum_invalid,family_b,0813f4429d761365,v2,checksum_invalid,forged,genuine,0,0.01707
family_b_002996_format_invalid,family_b,0813f4429d761365,v2,format_invalid,forged,genuine,0,0.019799
family_b_002997_field_missing,family_b,0813f4429d761365,v2,field_missing,forged,genuine,0,0.00121
family_b_002998_fine_grained_edit,family_b,0813f4429d761365,v2,fine_grained_edit,forged,genuine,0,0.00922
family_b_002999_coordinated_full_forgery,family_b,0813f4429d761365,v2,coordinated_full_forgery,forged,genuine,0,0.003548
family_b_003000_visual_splice,family_b,0813f4429d761365,v2,visual_splice,forged,forged,0,0.999955
family_b_003001_visual_splice,family_b,0813f4429d761365,v2,visual_splice,forged,forged,0,0.999618
family_b_003002_visual_splice,family_b,0813f4429d761365,v2,visual_splice,forged,forged,0,0.998597
family_b_003003_genuine,family_b,7ceb91b72fb6b039,v1,genuine,genuine,genuine,2,0.058233
family_b_003004_text_qr_mismatch,family_b,7ceb91b72fb6b039,v1,text_qr_mismatch,forged,genuine,2,0.305718
family_b_003005_qr_only_mismatch,family_b,7ceb91b72fb6b039,v1,qr_only_mismatch,forged,genuine,2,0.014143
family_b_003006_checksum_invalid,family_b,7ceb91b72fb6b039,v1,checksum_invalid,forged,genuine,2,0.078726
family_b_003007_format_invalid,family_b,7ceb91b72fb6b039,v1,format_invalid,forged,genuine,2,0.003378
family_b_003008_field_missing,family_b,7ceb91b72fb6b039,v1,field_missing,forged,genuine,2,0.002931
family_b_003009_fine_grained_edit,family_b,7ceb91b72fb6b039,v1,fine_grained_edit,forged,genuine,2,0.068096
family_b_003010_coordinated_full_forgery,family_b,7ceb91b72fb6b039,v1,coordinated_full_forgery,forged,genuine,2,0.018752
family_b_003011_visual_splice,family_b,7ceb91b72fb6b039,v1,visual_splice,forged,forged,2,0.999933
family_b_003012_visual_splice,family_b,7ceb91b72fb6b039,v1,visual_splice,forged,forged,2,0.999871
family_b_003013_visual_splice,family_b,7ceb91b72fb6b039,v1,visual_splice,forged,forged,2,0.999277
family_b_003014_genuine,family_b,343154b51399a7f2,v1,genuine,genuine,genuine,3,0.385872
family_b_003015_text_qr_mismatch,family_b,343154b51399a7f2,v1,text_qr_mismatch,forged,genuine,3,0.001956
family_b_003016_qr_only_mismatch,family_b,343154b51399a7f2,v1,qr_only_mismatch,forged,genuine,3,0.000745
family_b_003017_checksum_invalid,family_b,343154b51399a7f2,v1,checksum_invalid,forged,genuine,3,0.014669
family_b_003018_format_invalid,family_b,343154b51399a7f2,v1,format_invalid,forged,genuine,3,0.002203
family_b_003019_field_missing,family_b,343154b51399a7f2,v1,field_missing,forged,genuine,3,0.002899
family_b_003020_fine_grained_edit,family_b,343154b51399a7f2,v1,fine_grained_edit,forged,genuine,3,0.816063
family_b_003021_coordinated_full_forgery,family_b,343154b51399a7f2,v1,coordinated_full_forgery,forged,genuine,3,0.01244
family_b_003022_visual_splice,family_b,343154b51399a7f2,v1,visual_splice,forged,forged,3,0.280693
family_b_003023_visual_splice,family_b,343154b51399a7f2,v1,visual_splice,forged,forged,3,0.55979
family_b_003024_visual_splice,family_b,343154b51399a7f2,v1,visual_splice,forged,forged,3,0.998857
family_b_003025_genuine,family_b,f54829210ea6a0dc,v1,genuine,genuine,genuine,3,0.003846
family_b_003026_text_qr_mismatch,family_b,f54829210ea6a0dc,v1,text_qr_mismatch,forged,genuine,3,0.001932
family_b_003027_qr_only_mismatch,family_b,f54829210ea6a0dc,v1,qr_only_mismatch,forged,genuine,3,0.016972
family_b_003028_checksum_invalid,family_b,f54829210ea6a0dc,v1,checksum_invalid,forged,genuine,3,0.002723
family_b_003029_format_invalid,family_b,f54829210ea6a0dc,v1,format_invalid,forged,genuine,3,0.787178
family_b_003030_field_missing,family_b,f54829210ea6a0dc,v1,field_missing,forged,genuine,3,0.000914
family_b_003031_fine_grained_edit,family_b,f54829210ea6a0dc,v1,fine_grained_edit,forged,genuine,3,0.822026
family_b_003032_coordinated_full_forgery,family_b,f54829210ea6a0dc,v1,coordinated_full_forgery,forged,genuine,3,0.000195
family_b_003033_visual_splice,family_b,f54829210ea6a0dc,v1,visual_splice,forged,forged,3,0.999714
family_b_003034_visual_splice,family_b,f54829210ea6a0dc,v1,visual_splice,forged,forged,3,0.944779
family_b_003035_visual_splice,family_b,f54829210ea6a0dc,v1,visual_splice,forged,forged,3,0.998322
family_b_003069_genuine,family_b,4f534b99522feebe,v2,genuine,genuine,genuine,4,0.064292
family_b_003070_text_qr_mismatch,family_b,4f534b99522feebe,v2,text_qr_mismatch,forged,genuine,4,0.195613
family_b_003071_qr_only_mismatch,family_b,4f534b99522feebe,v2,qr_only_mismatch,forged,genuine,4,0.202856
family_b_003072_checksum_invalid,family_b,4f534b99522feebe,v2,checksum_invalid,forged,genuine,4,0.003174
family_b_003073_format_invalid,family_b,4f534b99522feebe,v2,format_invalid,forged,genuine,4,0.0266
family_b_003074_field_missing,family_b,4f534b99522feebe,v2,field_missing,forged,genuine,4,0.02424
family_b_003075_fine_grained_edit,family_b,4f534b99522feebe,v2,fine_grained_edit,forged,genuine,4,0.048312
family_b_003076_coordinated_full_forgery,family_b,4f534b99522feebe,v2,coordinated_full_forgery,forged,genuine,4,0.624651
family_b_003077_visual_splice,family_b,4f534b99522feebe,v2,visual_splice,forged,forged,4,0.999886
family_b_003078_visual_splice,family_b,4f534b99522feebe,v2,visual_splice,forged,forged,4,0.999599
family_b_003079_visual_splice,family_b,4f534b99522feebe,v2,visual_splice,forged,forged,4,0.999784
family_b_003091_genuine,family_b,05277317520d3d60,v2,genuine,genuine,genuine,1,0.005082
family_b_003092_text_qr_mismatch,family_b,05277317520d3d60,v2,text_qr_mismatch,forged,genuine,1,0.009467
family_b_003093_qr_only_mismatch,family_b,05277317520d3d60,v2,qr_only_mismatch,forged,genuine,1,0.000913
family_b_003094_checksum_invalid,family_b,05277317520d3d60,v2,checksum_invalid,forged,genuine,1,0.006728
family_b_003095_format_invalid,family_b,05277317520d3d60,v2,format_invalid,forged,genuine,1,0.000377
family_b_003096_field_missing,family_b,05277317520d3d60,v2,field_missing,forged,genuine,1,0.311396
family_b_003097_fine_grained_edit,family_b,05277317520d3d60,v2,fine_grained_edit,forged,genuine,1,0.00285
family_b_003098_coordinated_full_forgery,family_b,05277317520d3d60,v2,coordinated_full_forgery,forged,genuine,1,0.046356
family_b_003099_visual_splice,family_b,05277317520d3d60,v2,visual_splice,forged,forged,1,0.934163
family_b_003100_visual_splice,family_b,05277317520d3d60,v2,visual_splice,forged,forged,1,0.999567
family_b_003101_visual_splice,family_b,05277317520d3d60,v2,visual_splice,forged,forged,1,0.999878
family_b_003113_genuine,family_b,deca29b56293d8b0,v2,genuine,genuine,genuine,4,0.052026
family_b_003114_text_qr_mismatch,family_b,deca29b56293d8b0,v2,text_qr_mismatch,forged,genuine,4,0.086613
family_b_003115_qr_only_mismatch,family_b,deca29b56293d8b0,v2,qr_only_mismatch,forged,genuine,4,0.759543
family_b_003116_checksum_invalid,family_b,deca29b56293d8b0,v2,checksum_invalid,forged,genuine,4,0.068582
family_b_003117_format_invalid,family_b,deca29b56293d8b0,v2,format_invalid,forged,genuine,4,0.004061
family_b_003118_field_missing,family_b,deca29b56293d8b0,v2,field_missing,forged,genuine,4,0.005541
family_b_003119_fine_grained_edit,family_b,deca29b56293d8b0,v2,fine_grained_edit,forged,genuine,4,0.044266
family_b_003120_coordinated_full_forgery,family_b,deca29b56293d8b0,v2,coordinated_full_forgery,forged,genuine,4,0.125349
family_b_003121_visual_splice,family_b,deca29b56293d8b0,v2,visual_splice,forged,forged,4,0.932172
family_b_003122_visual_splice,family_b,deca29b56293d8b0,v2,visual_splice,forged,forged,4,0.015004
family_b_003123_visual_splice,family_b,deca29b56293d8b0,v2,visual_splice,forged,forged,4,0.998809
family_b_003146_genuine,family_b,5cfe67dd7e9a83dd,v1,genuine,genuine,genuine,3,0.000309
family_b_003147_text_qr_mismatch,family_b,5cfe67dd7e9a83dd,v1,text_qr_mismatch,forged,genuine,3,0.000512
family_b_003148_qr_only_mismatch,family_b,5cfe67dd7e9a83dd,v1,qr_only_mismatch,forged,genuine,3,0.003499
family_b_003149_checksum_invalid,family_b,5cfe67dd7e9a83dd,v1,checksum_invalid,forged,genuine,3,0.000553
family_b_003150_format_invalid,family_b,5cfe67dd7e9a83dd,v1,format_invalid,forged,genuine,3,0.000201
family_b_003151_field_missing,family_b,5cfe67dd7e9a83dd,v1,field_missing,forged,genuine,3,0.000422
family_b_003152_fine_grained_edit,family_b,5cfe67dd7e9a83dd,v1,fine_grained_edit,forged,genuine,3,0.00012
family_b_003153_coordinated_full_forgery,family_b,5cfe67dd7e9a83dd,v1,coordinated_full_forgery,forged,genuine,3,0.000299
family_b_003154_visual_splice,family_b,5cfe67dd7e9a83dd,v1,visual_splice,forged,forged,3,0.996772
family_b_003155_visual_splice,family_b,5cfe67dd7e9a83dd,v1,visual_splice,forged,forged,3,0.999047
family_b_003156_visual_splice,family_b,5cfe67dd7e9a83dd,v1,visual_splice,forged,forged,3,0.99365
family_b_003157_genuine,family_b,fad6f2b00f8dc169,v2,genuine,genuine,genuine,4,0.00393
family_b_003158_text_qr_mismatch,family_b,fad6f2b00f8dc169,v2,text_qr_mismatch,forged,genuine,4,0.004637
family_b_003159_qr_only_mismatch,family_b,fad6f2b00f8dc169,v2,qr_only_mismatch,forged,genuine,4,0.006528
family_b_003160_checksum_invalid,family_b,fad6f2b00f8dc169,v2,checksum_invalid,forged,genuine,4,0.000635
family_b_003161_format_invalid,family_b,fad6f2b00f8dc169,v2,format_invalid,forged,genuine,4,0.014467
family_b_003162_field_missing,family_b,fad6f2b00f8dc169,v2,field_missing,forged,genuine,4,7.1e-05
family_b_003163_fine_grained_edit,family_b,fad6f2b00f8dc169,v2,fine_grained_edit,forged,genuine,4,0.000687
family_b_003164_coordinated_full_forgery,family_b,fad6f2b00f8dc169,v2,coordinated_full_forgery,forged,genuine,4,0.014062
family_b_003165_visual_splice,family_b,fad6f2b00f8dc169,v2,visual_splice,forged,forged,4,0.994962
family_b_003166_visual_splice,family_b,fad6f2b00f8dc169,v2,visual_splice,forged,forged,4,0.999651
family_b_003167_visual_splice,family_b,fad6f2b00f8dc169,v2,visual_splice,forged,forged,4,0.268394
family_b_003168_genuine,family_b,85c3f5ddea643b6b,v1,genuine,genuine,genuine,0,0.01336
family_b_003169_text_qr_mismatch,family_b,85c3f5ddea643b6b,v1,text_qr_mismatch,forged,genuine,0,0.001406
family_b_003170_qr_only_mismatch,family_b,85c3f5ddea643b6b,v1,qr_only_mismatch,forged,genuine,0,0.069505
family_b_003171_checksum_invalid,family_b,85c3f5ddea643b6b,v1,checksum_invalid,forged,genuine,0,0.012041
family_b_003172_format_invalid,family_b,85c3f5ddea643b6b,v1,format_invalid,forged,genuine,0,0.005431
family_b_003173_field_missing,family_b,85c3f5ddea643b6b,v1,field_missing,forged,genuine,0,0.010534
family_b_003174_fine_grained_edit,family_b,85c3f5ddea643b6b,v1,fine_grained_edit,forged,genuine,0,0.028023
family_b_003175_coordinated_full_forgery,family_b,85c3f5ddea643b6b,v1,coordinated_full_forgery,forged,genuine,0,0.011156
family_b_003176_visual_splice,family_b,85c3f5ddea643b6b,v1,visual_splice,forged,forged,0,0.999632
family_b_003177_visual_splice,family_b,85c3f5ddea643b6b,v1,visual_splice,forged,forged,0,0.896415
family_b_003178_visual_splice,family_b,85c3f5ddea643b6b,v1,visual_splice,forged,forged,0,0.982934
family_b_003179_genuine,family_b,0e866b80c3213c21,v2,genuine,genuine,genuine,2,0.122296
family_b_003180_text_qr_mismatch,family_b,0e866b80c3213c21,v2,text_qr_mismatch,forged,genuine,2,0.390479
family_b_003181_qr_only_mismatch,family_b,0e866b80c3213c21,v2,qr_only_mismatch,forged,genuine,2,0.222451
family_b_003182_checksum_invalid,family_b,0e866b80c3213c21,v2,checksum_invalid,forged,genuine,2,0.383059
family_b_003183_format_invalid,family_b,0e866b80c3213c21,v2,format_invalid,forged,genuine,2,0.108838
family_b_003184_field_missing,family_b,0e866b80c3213c21,v2,field_missing,forged,genuine,2,0.002276
family_b_003185_fine_grained_edit,family_b,0e866b80c3213c21,v2,fine_grained_edit,forged,genuine,2,0.877611
family_b_003186_coordinated_full_forgery,family_b,0e866b80c3213c21,v2,coordinated_full_forgery,forged,genuine,2,0.09477
family_b_003187_visual_splice,family_b,0e866b80c3213c21,v2,visual_splice,forged,forged,2,0.999939
family_b_003188_visual_splice,family_b,0e866b80c3213c21,v2,visual_splice,forged,forged,2,0.69863
family_b_003189_visual_splice,family_b,0e866b80c3213c21,v2,visual_splice,forged,forged,2,0.99992
family_b_003190_genuine,family_b,e9d3710ddb0c4b9c,v1,genuine,genuine,genuine,1,0.003457
family_b_003191_text_qr_mismatch,family_b,e9d3710ddb0c4b9c,v1,text_qr_mismatch,forged,genuine,1,0.003056
family_b_003192_qr_only_mismatch,family_b,e9d3710ddb0c4b9c,v1,qr_only_mismatch,forged,genuine,1,0.04744
family_b_003193_checksum_invalid,family_b,e9d3710ddb0c4b9c,v1,checksum_invalid,forged,genuine,1,0.01279
family_b_003194_format_invalid,family_b,e9d3710ddb0c4b9c,v1,format_invalid,forged,genuine,1,0.001422
family_b_003195_field_missing,family_b,e9d3710ddb0c4b9c,v1,field_missing,forged,genuine,1,0.000399
family_b_003196_fine_grained_edit,family_b,e9d3710ddb0c4b9c,v1,fine_grained_edit,forged,genuine,1,0.000708
family_b_003197_coordinated_full_forgery,family_b,e9d3710ddb0c4b9c,v1,coordinated_full_forgery,forged,genuine,1,0.092787
family_b_003198_visual_splice,family_b,e9d3710ddb0c4b9c,v1,visual_splice,forged,forged,1,0.97523
family_b_003199_visual_splice,family_b,e9d3710ddb0c4b9c,v1,visual_splice,forged,forged,1,0.844674
family_b_003200_visual_splice,family_b,e9d3710ddb0c4b9c,v1,visual_splice,forged,forged,1,0.999098
family_b_003223_genuine,family_b,e776427ac131e2bb,v1,genuine,genuine,genuine,2,0.008185
family_b_003224_text_qr_mismatch,family_b,e776427ac131e2bb,v1,text_qr_mismatch,forged,genuine,2,0.089471
family_b_003225_qr_only_mismatch,family_b,e776427ac131e2bb,v1,qr_only_mismatch,forged,genuine,2,0.043615
family_b_003226_checksum_invalid,family_b,e776427ac131e2bb,v1,checksum_invalid,forged,genuine,2,0.003301
family_b_003227_format_invalid,family_b,e776427ac131e2bb,v1,format_invalid,forged,genuine,2,0.002762
family_b_003228_field_missing,family_b,e776427ac131e2bb,v1,field_missing,forged,genuine,2,0.005522
family_b_003229_fine_grained_edit,family_b,e776427ac131e2bb,v1,fine_grained_edit,forged,genuine,2,0.042064
family_b_003230_coordinated_full_forgery,family_b,e776427ac131e2bb,v1,coordinated_full_forgery,forged,genuine,2,0.008442
family_b_003231_visual_splice,family_b,e776427ac131e2bb,v1,visual_splice,forged,forged,2,0.006458
family_b_003232_visual_splice,family_b,e776427ac131e2bb,v1,visual_splice,forged,forged,2,0.999985
family_b_003233_visual_splice,family_b,e776427ac131e2bb,v1,visual_splice,forged,forged,2,0.99982
family_b_003245_genuine,family_b,3def6eed7960ee8d,v1,genuine,genuine,genuine,0,0.017742
family_b_003246_text_qr_mismatch,family_b,3def6eed7960ee8d,v1,text_qr_mismatch,forged,genuine,0,0.015683
family_b_003247_qr_only_mismatch,family_b,3def6eed7960ee8d,v1,qr_only_mismatch,forged,genuine,0,0.002034
family_b_003248_checksum_invalid,family_b,3def6eed7960ee8d,v1,checksum_invalid,forged,genuine,0,0.033989
family_b_003249_format_invalid,family_b,3def6eed7960ee8d,v1,format_invalid,forged,genuine,0,0.003409
family_b_003250_field_missing,family_b,3def6eed7960ee8d,v1,field_missing,forged,genuine,0,0.004584
family_b_003251_fine_grained_edit,family_b,3def6eed7960ee8d,v1,fine_grained_edit,forged,genuine,0,0.22709
family_b_003252_coordinated_full_forgery,family_b,3def6eed7960ee8d,v1,coordinated_full_forgery,forged,genuine,0,0.151785
family_b_003253_visual_splice,family_b,3def6eed7960ee8d,v1,visual_splice,forged,forged,0,0.99986
family_b_003254_visual_splice,family_b,3def6eed7960ee8d,v1,visual_splice,forged,forged,0,0.994666
family_b_003255_visual_splice,family_b,3def6eed7960ee8d,v1,visual_splice,forged,forged,0,0.999189
family_b_003256_genuine,family_b,bb61124c84e1ce21,v2,genuine,genuine,genuine,4,0.030614
family_b_003257_text_qr_mismatch,family_b,bb61124c84e1ce21,v2,text_qr_mismatch,forged,genuine,4,0.008732
family_b_003258_qr_only_mismatch,family_b,bb61124c84e1ce21,v2,qr_only_mismatch,forged,genuine,4,0.058222
family_b_003259_checksum_invalid,family_b,bb61124c84e1ce21,v2,checksum_invalid,forged,genuine,4,0.13137
family_b_003260_format_invalid,family_b,bb61124c84e1ce21,v2,format_invalid,forged,genuine,4,0.634273
family_b_003261_field_missing,family_b,bb61124c84e1ce21,v2,field_missing,forged,genuine,4,0.006391
family_b_003262_fine_grained_edit,family_b,bb61124c84e1ce21,v2,fine_grained_edit,forged,genuine,4,0.039094
family_b_003263_coordinated_full_forgery,family_b,bb61124c84e1ce21,v2,coordinated_full_forgery,forged,genuine,4,0.248466
family_b_003264_visual_splice,family_b,bb61124c84e1ce21,v2,visual_splice,forged,forged,4,0.999309
family_b_003265_visual_splice,family_b,bb61124c84e1ce21,v2,visual_splice,forged,forged,4,0.999816
family_b_003266_visual_splice,family_b,bb61124c84e1ce21,v2,visual_splice,forged,forged,4,0.645321
family_b_003267_genuine,family_b,edb43a2e200dbfc8,v1,genuine,genuine,genuine,2,0.00399
family_b_003268_text_qr_mismatch,family_b,edb43a2e200dbfc8,v1,text_qr_mismatch,forged,genuine,2,0.45679
family_b_003269_qr_only_mismatch,family_b,edb43a2e200dbfc8,v1,qr_only_mismatch,forged,genuine,2,0.046825
family_b_003270_checksum_invalid,family_b,edb43a2e200dbfc8,v1,checksum_invalid,forged,genuine,2,0.007921
family_b_003271_format_invalid,family_b,edb43a2e200dbfc8,v1,format_invalid,forged,genuine,2,0.004292
family_b_003272_field_missing,family_b,edb43a2e200dbfc8,v1,field_missing,forged,genuine,2,0.007874
family_b_003273_fine_grained_edit,family_b,edb43a2e200dbfc8,v1,fine_grained_edit,forged,genuine,2,0.035318
family_b_003274_coordinated_full_forgery,family_b,edb43a2e200dbfc8,v1,coordinated_full_forgery,forged,genuine,2,0.025154
family_b_003275_visual_splice,family_b,edb43a2e200dbfc8,v1,visual_splice,forged,forged,2,0.999893
family_b_003276_visual_splice,family_b,edb43a2e200dbfc8,v1,visual_splice,forged,forged,2,0.99822
family_b_003277_visual_splice,family_b,edb43a2e200dbfc8,v1,visual_splice,forged,forged,2,0.999942
family_b_003278_genuine,family_b,6ad71f0d0495fe53,v1,genuine,genuine,genuine,3,4.1e-05
family_b_003279_text_qr_mismatch,family_b,6ad71f0d0495fe53,v1,text_qr_mismatch,forged,genuine,3,0.007245
family_b_003280_qr_only_mismatch,family_b,6ad71f0d0495fe53,v1,qr_only_mismatch,forged,genuine,3,0.00012
family_b_003281_checksum_invalid,family_b,6ad71f0d0495fe53,v1,checksum_invalid,forged,genuine,3,0.000163
family_b_003282_format_invalid,family_b,6ad71f0d0495fe53,v1,format_invalid,forged,genuine,3,7.2e-05
family_b_003283_field_missing,family_b,6ad71f0d0495fe53,v1,field_missing,forged,genuine,3,2.7e-05
family_b_003284_fine_grained_edit,family_b,6ad71f0d0495fe53,v1,fine_grained_edit,forged,genuine,3,0.000295
family_b_003285_coordinated_full_forgery,family_b,6ad71f0d0495fe53,v1,coordinated_full_forgery,forged,genuine,3,0.010173
family_b_003286_visual_splice,family_b,6ad71f0d0495fe53,v1,visual_splice,forged,forged,3,0.996132
family_b_003287_visual_splice,family_b,6ad71f0d0495fe53,v1,visual_splice,forged,forged,3,0.995177
family_b_003288_visual_splice,family_b,6ad71f0d0495fe53,v1,visual_splice,forged,forged,3,0.971516
family_b_003311_genuine,family_b,4e52d9e6945ba4e7,v2,genuine,genuine,genuine,1,0.06943
family_b_003312_text_qr_mismatch,family_b,4e52d9e6945ba4e7,v2,text_qr_mismatch,forged,genuine,1,0.001226
family_b_003313_qr_only_mismatch,family_b,4e52d9e6945ba4e7,v2,qr_only_mismatch,forged,genuine,1,0.001704
family_b_003314_checksum_invalid,family_b,4e52d9e6945ba4e7,v2,checksum_invalid,forged,genuine,1,0.021258
family_b_003315_format_invalid,family_b,4e52d9e6945ba4e7,v2,format_invalid,forged,genuine,1,0.002881
family_b_003316_field_missing,family_b,4e52d9e6945ba4e7,v2,field_missing,forged,genuine,1,0.001191
family_b_003317_fine_grained_edit,family_b,4e52d9e6945ba4e7,v2,fine_grained_edit,forged,genuine,1,0.001664
family_b_003318_coordinated_full_forgery,family_b,4e52d9e6945ba4e7,v2,coordinated_full_forgery,forged,genuine,1,0.000537
family_b_003319_visual_splice,family_b,4e52d9e6945ba4e7,v2,visual_splice,forged,forged,1,0.999711
family_b_003320_visual_splice,family_b,4e52d9e6945ba4e7,v2,visual_splice,forged,forged,1,0.999099
family_b_003321_visual_splice,family_b,4e52d9e6945ba4e7,v2,visual_splice,forged,forged,1,0.992891
family_b_003344_genuine,family_b,793095c76886ed8b,v2,genuine,genuine,genuine,1,0.003155
family_b_003345_text_qr_mismatch,family_b,793095c76886ed8b,v2,text_qr_mismatch,forged,genuine,1,0.006272
family_b_003346_qr_only_mismatch,family_b,793095c76886ed8b,v2,qr_only_mismatch,forged,genuine,1,0.001812
family_b_003347_checksum_invalid,family_b,793095c76886ed8b,v2,checksum_invalid,forged,genuine,1,0.017231
family_b_003348_format_invalid,family_b,793095c76886ed8b,v2,format_invalid,forged,genuine,1,0.000252
family_b_003349_field_missing,family_b,793095c76886ed8b,v2,field_missing,forged,genuine,1,0.000654
family_b_003350_fine_grained_edit,family_b,793095c76886ed8b,v2,fine_grained_edit,forged,genuine,1,0.009644
family_b_003351_coordinated_full_forgery,family_b,793095c76886ed8b,v2,coordinated_full_forgery,forged,genuine,1,0.00194
family_b_003352_visual_splice,family_b,793095c76886ed8b,v2,visual_splice,forged,forged,1,0.999454
family_b_003353_visual_splice,family_b,793095c76886ed8b,v2,visual_splice,forged,forged,1,0.99992
family_b_003354_visual_splice,family_b,793095c76886ed8b,v2,visual_splice,forged,forged,1,0.997534
family_b_003377_genuine,family_b,79b27bb3f1ea2a22,v1,genuine,genuine,genuine,3,0.026791
family_b_003378_text_qr_mismatch,family_b,79b27bb3f1ea2a22,v1,text_qr_mismatch,forged,genuine,3,0.219438
family_b_003379_qr_only_mismatch,family_b,79b27bb3f1ea2a22,v1,qr_only_mismatch,forged,genuine,3,0.018531
family_b_003380_checksum_invalid,family_b,79b27bb3f1ea2a22,v1,checksum_invalid,forged,genuine,3,0.029554
family_b_003381_format_invalid,family_b,79b27bb3f1ea2a22,v1,format_invalid,forged,genuine,3,4.5e-05
family_b_003382_field_missing,family_b,79b27bb3f1ea2a22,v1,field_missing,forged,genuine,3,0.001513
family_b_003383_fine_grained_edit,family_b,79b27bb3f1ea2a22,v1,fine_grained_edit,forged,genuine,3,0.003512
family_b_003384_coordinated_full_forgery,family_b,79b27bb3f1ea2a22,v1,coordinated_full_forgery,forged,genuine,3,0.013502
family_b_003385_visual_splice,family_b,79b27bb3f1ea2a22,v1,visual_splice,forged,forged,3,0.998555
family_b_003386_visual_splice,family_b,79b27bb3f1ea2a22,v1,visual_splice,forged,forged,3,0.999148
family_b_003387_visual_splice,family_b,79b27bb3f1ea2a22,v1,visual_splice,forged,forged,3,0.999455
family_b_003388_genuine,family_b,bc9114ad1f97e411,v2,genuine,genuine,genuine,0,0.004076
family_b_003389_text_qr_mismatch,family_b,bc9114ad1f97e411,v2,text_qr_mismatch,forged,genuine,0,0.001147
family_b_003390_qr_only_mismatch,family_b,bc9114ad1f97e411,v2,qr_only_mismatch,forged,genuine,0,0.003461
family_b_003391_checksum_invalid,family_b,bc9114ad1f97e411,v2,checksum_invalid,forged,genuine,0,0.05637
family_b_003392_format_invalid,family_b,bc9114ad1f97e411,v2,format_invalid,forged,genuine,0,0.000609
family_b_003393_field_missing,family_b,bc9114ad1f97e411,v2,field_missing,forged,genuine,0,0.000395
family_b_003394_fine_grained_edit,family_b,bc9114ad1f97e411,v2,fine_grained_edit,forged,genuine,0,0.088078
family_b_003395_coordinated_full_forgery,family_b,bc9114ad1f97e411,v2,coordinated_full_forgery,forged,genuine,0,0.180654
family_b_003396_visual_splice,family_b,bc9114ad1f97e411,v2,visual_splice,forged,forged,0,0.999818
family_b_003397_visual_splice,family_b,bc9114ad1f97e411,v2,visual_splice,forged,forged,0,0.539068
family_b_003398_visual_splice,family_b,bc9114ad1f97e411,v2,visual_splice,forged,forged,0,0.99944
family_b_003399_genuine,family_b,2d786f10f26519dd,v1,genuine,genuine,genuine,2,0.022482
family_b_003400_text_qr_mismatch,family_b,2d786f10f26519dd,v1,text_qr_mismatch,forged,genuine,2,0.017027
family_b_003401_qr_only_mismatch,family_b,2d786f10f26519dd,v1,qr_only_mismatch,forged,genuine,2,0.003104
family_b_003402_checksum_invalid,family_b,2d786f10f26519dd,v1,checksum_invalid,forged,genuine,2,0.100876
family_b_003403_format_invalid,family_b,2d786f10f26519dd,v1,format_invalid,forged,genuine,2,0.066354
family_b_003404_field_missing,family_b,2d786f10f26519dd,v1,field_missing,forged,genuine,2,0.036212
family_b_003405_fine_grained_edit,family_b,2d786f10f26519dd,v1,fine_grained_edit,forged,genuine,2,0.34393
family_b_003406_coordinated_full_forgery,family_b,2d786f10f26519dd,v1,coordinated_full_forgery,forged,genuine,2,0.01101
family_b_003407_visual_splice,family_b,2d786f10f26519dd,v1,visual_splice,forged,forged,2,0.999833
family_b_003408_visual_splice,family_b,2d786f10f26519dd,v1,visual_splice,forged,forged,2,0.999833
family_b_003409_visual_splice,family_b,2d786f10f26519dd,v1,visual_splice,forged,forged,2,0.970196
family_b_003421_genuine,family_b,50491a94aee87d78,v1,genuine,genuine,genuine,3,0.067646
family_b_003422_text_qr_mismatch,family_b,50491a94aee87d78,v1,text_qr_mismatch,forged,genuine,3,0.000105
family_b_003423_qr_only_mismatch,family_b,50491a94aee87d78,v1,qr_only_mismatch,forged,genuine,3,0.000604
family_b_003424_checksum_invalid,family_b,50491a94aee87d78,v1,checksum_invalid,forged,genuine,3,0.000154
family_b_003425_format_invalid,family_b,50491a94aee87d78,v1,format_invalid,forged,genuine,3,0.000518
family_b_003426_field_missing,family_b,50491a94aee87d78,v1,field_missing,forged,genuine,3,0.000556
family_b_003427_fine_grained_edit,family_b,50491a94aee87d78,v1,fine_grained_edit,forged,genuine,3,0.000112
family_b_003428_coordinated_full_forgery,family_b,50491a94aee87d78,v1,coordinated_full_forgery,forged,genuine,3,0.007898
family_b_003429_visual_splice,family_b,50491a94aee87d78,v1,visual_splice,forged,forged,3,0.996967
family_b_003430_visual_splice,family_b,50491a94aee87d78,v1,visual_splice,forged,forged,3,0.007177
family_b_003431_visual_splice,family_b,50491a94aee87d78,v1,visual_splice,forged,forged,3,0.000196
family_b_003443_genuine,family_b,96d641b07b3559e9,v1,genuine,genuine,genuine,4,0.024861
family_b_003444_text_qr_mismatch,family_b,96d641b07b3559e9,v1,text_qr_mismatch,forged,genuine,4,0.028479
family_b_003445_qr_only_mismatch,family_b,96d641b07b3559e9,v1,qr_only_mismatch,forged,genuine,4,0.010143
family_b_003446_checksum_invalid,family_b,96d641b07b3559e9,v1,checksum_invalid,forged,genuine,4,0.016039
family_b_003447_format_invalid,family_b,96d641b07b3559e9,v1,format_invalid,forged,genuine,4,0.005123
family_b_003448_field_missing,family_b,96d641b07b3559e9,v1,field_missing,forged,genuine,4,6e-05
family_b_003449_fine_grained_edit,family_b,96d641b07b3559e9,v1,fine_grained_edit,forged,genuine,4,0.008614
family_b_003450_coordinated_full_forgery,family_b,96d641b07b3559e9,v1,coordinated_full_forgery,forged,genuine,4,0.287699
family_b_003451_visual_splice,family_b,96d641b07b3559e9,v1,visual_splice,forged,forged,4,0.998688
family_b_003452_visual_splice,family_b,96d641b07b3559e9,v1,visual_splice,forged,forged,4,0.999729
family_b_003453_visual_splice,family_b,96d641b07b3559e9,v1,visual_splice,forged,forged,4,0.999424
family_b_003454_genuine,family_b,dec1357ac29eee9d,v1,genuine,genuine,genuine,0,0.020204
family_b_003455_text_qr_mismatch,family_b,dec1357ac29eee9d,v1,text_qr_mismatch,forged,genuine,0,0.004951
family_b_003456_qr_only_mismatch,family_b,dec1357ac29eee9d,v1,qr_only_mismatch,forged,genuine,0,0.038696
family_b_003457_checksum_invalid,family_b,dec1357ac29eee9d,v1,checksum_invalid,forged,genuine,0,0.003025
family_b_003458_format_invalid,family_b,dec1357ac29eee9d,v1,format_invalid,forged,genuine,0,0.005497
family_b_003459_field_missing,family_b,dec1357ac29eee9d,v1,field_missing,forged,genuine,0,0.014765
family_b_003460_fine_grained_edit,family_b,dec1357ac29eee9d,v1,fine_grained_edit,forged,genuine,0,0.012133
family_b_003461_coordinated_full_forgery,family_b,dec1357ac29eee9d,v1,coordinated_full_forgery,forged,genuine,0,0.01194
family_b_003462_visual_splice,family_b,dec1357ac29eee9d,v1,visual_splice,forged,forged,0,0.999547
family_b_003463_visual_splice,family_b,dec1357ac29eee9d,v1,visual_splice,forged,forged,0,0.999707
family_b_003464_visual_splice,family_b,dec1357ac29eee9d,v1,visual_splice,forged,forged,0,0.999381
family_b_003465_genuine,family_b,61a787b842d9080c,v1,genuine,genuine,genuine,2,0.08967
family_b_003466_text_qr_mismatch,family_b,61a787b842d9080c,v1,text_qr_mismatch,forged,genuine,2,0.006702
family_b_003467_qr_only_mismatch,family_b,61a787b842d9080c,v1,qr_only_mismatch,forged,genuine,2,0.258294
family_b_003468_checksum_invalid,family_b,61a787b842d9080c,v1,checksum_invalid,forged,genuine,2,0.166627
family_b_003469_format_invalid,family_b,61a787b842d9080c,v1,format_invalid,forged,genuine,2,0.589926
family_b_003470_field_missing,family_b,61a787b842d9080c,v1,field_missing,forged,genuine,2,0.013282
family_b_003471_fine_grained_edit,family_b,61a787b842d9080c,v1,fine_grained_edit,forged,genuine,2,0.336773
family_b_003472_coordinated_full_forgery,family_b,61a787b842d9080c,v1,coordinated_full_forgery,forged,genuine,2,0.448082
family_b_003473_visual_splice,family_b,61a787b842d9080c,v1,visual_splice,forged,forged,2,0.999903
family_b_003474_visual_splice,family_b,61a787b842d9080c,v1,visual_splice,forged,forged,2,0.999657
family_b_003475_visual_splice,family_b,61a787b842d9080c,v1,visual_splice,forged,forged,2,0.999927
family_b_003476_genuine,family_b,97123f290116c32c,v2,genuine,genuine,genuine,2,0.108241
family_b_003477_text_qr_mismatch,family_b,97123f290116c32c,v2,text_qr_mismatch,forged,genuine,2,0.001464
family_b_003478_qr_only_mismatch,family_b,97123f290116c32c,v2,qr_only_mismatch,forged,genuine,2,0.336978
family_b_003479_checksum_invalid,family_b,97123f290116c32c,v2,checksum_invalid,forged,genuine,2,0.016271
family_b_003480_format_invalid,family_b,97123f290116c32c,v2,format_invalid,forged,genuine,2,0.026875
family_b_003481_field_missing,family_b,97123f290116c32c,v2,field_missing,forged,genuine,2,0.016245
family_b_003482_fine_grained_edit,family_b,97123f290116c32c,v2,fine_grained_edit,forged,genuine,2,0.354659
family_b_003483_coordinated_full_forgery,family_b,97123f290116c32c,v2,coordinated_full_forgery,forged,genuine,2,0.038085
family_b_003484_visual_splice,family_b,97123f290116c32c,v2,visual_splice,forged,forged,2,0.912399
family_b_003485_visual_splice,family_b,97123f290116c32c,v2,visual_splice,forged,forged,2,0.999909
family_b_003486_visual_splice,family_b,97123f290116c32c,v2,visual_splice,forged,forged,2,0.999952
family_b_003487_genuine,family_b,04e7e01c9fb6c383,v2,genuine,genuine,genuine,3,0.000272
family_b_003488_text_qr_mismatch,family_b,04e7e01c9fb6c383,v2,text_qr_mismatch,forged,genuine,3,5.1e-05
family_b_003489_qr_only_mismatch,family_b,04e7e01c9fb6c383,v2,qr_only_mismatch,forged,genuine,3,0.01921
family_b_003490_checksum_invalid,family_b,04e7e01c9fb6c383,v2,checksum_invalid,forged,genuine,3,0.000427
family_b_003491_format_invalid,family_b,04e7e01c9fb6c383,v2,format_invalid,forged,genuine,3,0.000274
family_b_003492_field_missing,family_b,04e7e01c9fb6c383,v2,field_missing,forged,genuine,3,0.082028
family_b_003493_fine_grained_edit,family_b,04e7e01c9fb6c383,v2,fine_grained_edit,forged,genuine,3,0.003691
family_b_003494_coordinated_full_forgery,family_b,04e7e01c9fb6c383,v2,coordinated_full_forgery,forged,genuine,3,0.005819
family_b_003495_visual_splice,family_b,04e7e01c9fb6c383,v2,visual_splice,forged,forged,3,0.751548
family_b_003496_visual_splice,family_b,04e7e01c9fb6c383,v2,visual_splice,forged,forged,3,0.995908
family_b_003497_visual_splice,family_b,04e7e01c9fb6c383,v2,visual_splice,forged,forged,3,0.988087
family_b_003498_genuine,family_b,77d32ebc0cb6ac2a,v2,genuine,genuine,genuine,3,0.010873
family_b_003499_text_qr_mismatch,family_b,77d32ebc0cb6ac2a,v2,text_qr_mismatch,forged,genuine,3,3.4e-05
family_b_003500_qr_only_mismatch,family_b,77d32ebc0cb6ac2a,v2,qr_only_mismatch,forged,genuine,3,0.088343
family_b_003501_checksum_invalid,family_b,77d32ebc0cb6ac2a,v2,checksum_invalid,forged,genuine,3,6.8e-05
family_b_003502_format_invalid,family_b,77d32ebc0cb6ac2a,v2,format_invalid,forged,genuine,3,0.000163
family_b_003503_field_missing,family_b,77d32ebc0cb6ac2a,v2,field_missing,forged,genuine,3,0.056922
family_b_003504_fine_grained_edit,family_b,77d32ebc0cb6ac2a,v2,fine_grained_edit,forged,genuine,3,0.000923
family_b_003505_coordinated_full_forgery,family_b,77d32ebc0cb6ac2a,v2,coordinated_full_forgery,forged,genuine,3,0.001357
family_b_003506_visual_splice,family_b,77d32ebc0cb6ac2a,v2,visual_splice,forged,forged,3,0.000443
family_b_003507_visual_splice,family_b,77d32ebc0cb6ac2a,v2,visual_splice,forged,forged,3,0.998674
family_b_003508_visual_splice,family_b,77d32ebc0cb6ac2a,v2,visual_splice,forged,forged,3,0.990298
family_b_003509_genuine,family_b,6902e7d25e90b636,v2,genuine,genuine,genuine,4,0.072345
family_b_003510_text_qr_mismatch,family_b,6902e7d25e90b636,v2,text_qr_mismatch,forged,genuine,4,0.441208
family_b_003511_qr_only_mismatch,family_b,6902e7d25e90b636,v2,qr_only_mismatch,forged,genuine,4,0.910249
family_b_003512_checksum_invalid,family_b,6902e7d25e90b636,v2,checksum_invalid,forged,genuine,4,0.495425
family_b_003513_format_invalid,family_b,6902e7d25e90b636,v2,format_invalid,forged,genuine,4,0.332249
family_b_003514_field_missing,family_b,6902e7d25e90b636,v2,field_missing,forged,genuine,4,0.133945
family_b_003515_fine_grained_edit,family_b,6902e7d25e90b636,v2,fine_grained_edit,forged,genuine,4,0.241503
family_b_003516_coordinated_full_forgery,family_b,6902e7d25e90b636,v2,coordinated_full_forgery,forged,genuine,4,0.903622
family_b_003517_visual_splice,family_b,6902e7d25e90b636,v2,visual_splice,forged,forged,4,0.999934
family_b_003518_visual_splice,family_b,6902e7d25e90b636,v2,visual_splice,forged,forged,4,0.999894
family_b_003519_visual_splice,family_b,6902e7d25e90b636,v2,visual_splice,forged,forged,4,0.999924
family_b_003531_genuine,family_b,56a94659b5df74ac,v2,genuine,genuine,genuine,2,0.000976
family_b_003532_text_qr_mismatch,family_b,56a94659b5df74ac,v2,text_qr_mismatch,forged,genuine,2,0.071011
family_b_003533_qr_only_mismatch,family_b,56a94659b5df74ac,v2,qr_only_mismatch,forged,genuine,2,0.002876
family_b_003534_checksum_invalid,family_b,56a94659b5df74ac,v2,checksum_invalid,forged,genuine,2,0.010426
family_b_003535_format_invalid,family_b,56a94659b5df74ac,v2,format_invalid,forged,genuine,2,0.004516
family_b_003536_field_missing,family_b,56a94659b5df74ac,v2,field_missing,forged,genuine,2,0.001101
family_b_003537_fine_grained_edit,family_b,56a94659b5df74ac,v2,fine_grained_edit,forged,genuine,2,0.001824
family_b_003538_coordinated_full_forgery,family_b,56a94659b5df74ac,v2,coordinated_full_forgery,forged,genuine,2,0.002319
family_b_003539_visual_splice,family_b,56a94659b5df74ac,v2,visual_splice,forged,forged,2,0.999642
family_b_003540_visual_splice,family_b,56a94659b5df74ac,v2,visual_splice,forged,forged,2,0.97652
family_b_003541_visual_splice,family_b,56a94659b5df74ac,v2,visual_splice,forged,forged,2,0.526157
family_b_003542_genuine,family_b,d73e89e4157183a9,v1,genuine,genuine,genuine,0,0.628959
family_b_003543_text_qr_mismatch,family_b,d73e89e4157183a9,v1,text_qr_mismatch,forged,genuine,0,0.002308
family_b_003544_qr_only_mismatch,family_b,d73e89e4157183a9,v1,qr_only_mismatch,forged,genuine,0,0.001341
family_b_003545_checksum_invalid,family_b,d73e89e4157183a9,v1,checksum_invalid,forged,genuine,0,0.007473
family_b_003546_format_invalid,family_b,d73e89e4157183a9,v1,format_invalid,forged,genuine,0,5.5e-05
family_b_003547_field_missing,family_b,d73e89e4157183a9,v1,field_missing,forged,genuine,0,0.000219
family_b_003548_fine_grained_edit,family_b,d73e89e4157183a9,v1,fine_grained_edit,forged,genuine,0,0.000876
family_b_003549_coordinated_full_forgery,family_b,d73e89e4157183a9,v1,coordinated_full_forgery,forged,genuine,0,0.001495
family_b_003550_visual_splice,family_b,d73e89e4157183a9,v1,visual_splice,forged,forged,0,0.983415
family_b_003551_visual_splice,family_b,d73e89e4157183a9,v1,visual_splice,forged,forged,0,0.999475
family_b_003552_visual_splice,family_b,d73e89e4157183a9,v1,visual_splice,forged,forged,0,0.995436
family_b_003575_genuine,family_b,fb402c95ee2abede,v1,genuine,genuine,genuine,0,0.007481
family_b_003576_text_qr_mismatch,family_b,fb402c95ee2abede,v1,text_qr_mismatch,forged,genuine,0,0.000217
family_b_003577_qr_only_mismatch,family_b,fb402c95ee2abede,v1,qr_only_mismatch,forged,genuine,0,0.010129
family_b_003578_checksum_invalid,family_b,fb402c95ee2abede,v1,checksum_invalid,forged,genuine,0,0.010454
family_b_003579_format_invalid,family_b,fb402c95ee2abede,v1,format_invalid,forged,genuine,0,0.003103
family_b_003580_field_missing,family_b,fb402c95ee2abede,v1,field_missing,forged,genuine,0,0.000147
family_b_003581_fine_grained_edit,family_b,fb402c95ee2abede,v1,fine_grained_edit,forged,genuine,0,0.099537
family_b_003582_coordinated_full_forgery,family_b,fb402c95ee2abede,v1,coordinated_full_forgery,forged,genuine,0,0.082807
family_b_003583_visual_splice,family_b,fb402c95ee2abede,v1,visual_splice,forged,forged,0,0.997244
family_b_003584_visual_splice,family_b,fb402c95ee2abede,v1,visual_splice,forged,forged,0,0.98267
family_b_003585_visual_splice,family_b,fb402c95ee2abede,v1,visual_splice,forged,forged,0,0.007825
family_b_003586_genuine,family_b,32405a761d5a3717,v2,genuine,genuine,genuine,4,0.088168
family_b_003587_text_qr_mismatch,family_b,32405a761d5a3717,v2,text_qr_mismatch,forged,genuine,4,0.017734
family_b_003588_qr_only_mismatch,family_b,32405a761d5a3717,v2,qr_only_mismatch,forged,genuine,4,0.025521
family_b_003589_checksum_invalid,family_b,32405a761d5a3717,v2,checksum_invalid,forged,genuine,4,0.026766
family_b_003590_format_invalid,family_b,32405a761d5a3717,v2,format_invalid,forged,genuine,4,0.035561
family_b_003591_field_missing,family_b,32405a761d5a3717,v2,field_missing,forged,genuine,4,0.002973
family_b_003592_fine_grained_edit,family_b,32405a761d5a3717,v2,fine_grained_edit,forged,genuine,4,0.067246
family_b_003593_coordinated_full_forgery,family_b,32405a761d5a3717,v2,coordinated_full_forgery,forged,genuine,4,0.057114
family_b_003594_visual_splice,family_b,32405a761d5a3717,v2,visual_splice,forged,forged,4,0.999902
family_b_003595_visual_splice,family_b,32405a761d5a3717,v2,visual_splice,forged,forged,4,0.999225
family_b_003596_visual_splice,family_b,32405a761d5a3717,v2,visual_splice,forged,forged,4,0.999846
family_b_003597_genuine,family_b,3158b2ff1ae0b701,v1,genuine,genuine,genuine,3,0.000381
family_b_003598_text_qr_mismatch,family_b,3158b2ff1ae0b701,v1,text_qr_mismatch,forged,genuine,3,5.7e-05
family_b_003599_qr_only_mismatch,family_b,3158b2ff1ae0b701,v1,qr_only_mismatch,forged,genuine,3,4.9e-05
family_b_003600_checksum_invalid,family_b,3158b2ff1ae0b701,v1,checksum_invalid,forged,genuine,3,0.00154
family_b_003601_format_invalid,family_b,3158b2ff1ae0b701,v1,format_invalid,forged,genuine,3,7.6e-05
family_b_003602_field_missing,family_b,3158b2ff1ae0b701,v1,field_missing,forged,genuine,3,0.000422
family_b_003603_fine_grained_edit,family_b,3158b2ff1ae0b701,v1,fine_grained_edit,forged,genuine,3,7.6e-05
family_b_003604_coordinated_full_forgery,family_b,3158b2ff1ae0b701,v1,coordinated_full_forgery,forged,genuine,3,0.009052
family_b_003605_visual_splice,family_b,3158b2ff1ae0b701,v1,visual_splice,forged,forged,3,0.719774
family_b_003606_visual_splice,family_b,3158b2ff1ae0b701,v1,visual_splice,forged,forged,3,0.996224
family_b_003607_visual_splice,family_b,3158b2ff1ae0b701,v1,visual_splice,forged,forged,3,0.985675
family_b_003608_genuine,family_b,e5ad2f1a4c9aceb2,v1,genuine,genuine,genuine,3,0.000184
family_b_003609_text_qr_mismatch,family_b,e5ad2f1a4c9aceb2,v1,text_qr_mismatch,forged,genuine,3,0.001844
family_b_003610_qr_only_mismatch,family_b,e5ad2f1a4c9aceb2,v1,qr_only_mismatch,forged,genuine,3,0.000194
family_b_003611_checksum_invalid,family_b,e5ad2f1a4c9aceb2,v1,checksum_invalid,forged,genuine,3,0.000145
family_b_003612_format_invalid,family_b,e5ad2f1a4c9aceb2,v1,format_invalid,forged,genuine,3,0.000535
family_b_003613_field_missing,family_b,e5ad2f1a4c9aceb2,v1,field_missing,forged,genuine,3,0.000858
family_b_003614_fine_grained_edit,family_b,e5ad2f1a4c9aceb2,v1,fine_grained_edit,forged,genuine,3,0.000367
family_b_003615_coordinated_full_forgery,family_b,e5ad2f1a4c9aceb2,v1,coordinated_full_forgery,forged,genuine,3,0.000757
family_b_003616_visual_splice,family_b,e5ad2f1a4c9aceb2,v1,visual_splice,forged,forged,3,0.997874
family_b_003617_visual_splice,family_b,e5ad2f1a4c9aceb2,v1,visual_splice,forged,forged,3,0.99972
family_b_003618_visual_splice,family_b,e5ad2f1a4c9aceb2,v1,visual_splice,forged,forged,3,0.966173
family_b_003619_genuine,family_b,0033e65b677f307b,v1,genuine,genuine,genuine,4,0.003474
family_b_003620_text_qr_mismatch,family_b,0033e65b677f307b,v1,text_qr_mismatch,forged,genuine,4,0.175886
family_b_003621_qr_only_mismatch,family_b,0033e65b677f307b,v1,qr_only_mismatch,forged,genuine,4,0.003302
family_b_003622_checksum_invalid,family_b,0033e65b677f307b,v1,checksum_invalid,forged,genuine,4,0.006836
family_b_003623_format_invalid,family_b,0033e65b677f307b,v1,format_invalid,forged,genuine,4,0.021777
family_b_003624_field_missing,family_b,0033e65b677f307b,v1,field_missing,forged,genuine,4,0.000826
family_b_003625_fine_grained_edit,family_b,0033e65b677f307b,v1,fine_grained_edit,forged,genuine,4,0.252648
family_b_003626_coordinated_full_forgery,family_b,0033e65b677f307b,v1,coordinated_full_forgery,forged,genuine,4,0.021462
family_b_003627_visual_splice,family_b,0033e65b677f307b,v1,visual_splice,forged,forged,4,0.999822
family_b_003628_visual_splice,family_b,0033e65b677f307b,v1,visual_splice,forged,forged,4,0.998451
family_b_003629_visual_splice,family_b,0033e65b677f307b,v1,visual_splice,forged,forged,4,0.999021
family_b_003630_genuine,family_b,f16e04d48be723ea,v2,genuine,genuine,genuine,1,0.000727
family_b_003631_text_qr_mismatch,family_b,f16e04d48be723ea,v2,text_qr_mismatch,forged,genuine,1,0.000673
family_b_003632_qr_only_mismatch,family_b,f16e04d48be723ea,v2,qr_only_mismatch,forged,genuine,1,0.001739
family_b_003633_checksum_invalid,family_b,f16e04d48be723ea,v2,checksum_invalid,forged,genuine,1,0.000561
family_b_003634_format_invalid,family_b,f16e04d48be723ea,v2,format_invalid,forged,genuine,1,0.000407
family_b_003635_field_missing,family_b,f16e04d48be723ea,v2,field_missing,forged,genuine,1,8e-05
family_b_003636_fine_grained_edit,family_b,f16e04d48be723ea,v2,fine_grained_edit,forged,genuine,1,0.00056
family_b_003637_coordinated_full_forgery,family_b,f16e04d48be723ea,v2,coordinated_full_forgery,forged,genuine,1,0.008059
family_b_003638_visual_splice,family_b,f16e04d48be723ea,v2,visual_splice,forged,forged,1,0.998529
family_b_003639_visual_splice,family_b,f16e04d48be723ea,v2,visual_splice,forged,forged,1,0.999643
family_b_003640_visual_splice,family_b,f16e04d48be723ea,v2,visual_splice,forged,forged,1,0.001015
family_b_003641_genuine,family_b,a5396e7145761f3b,v1,genuine,genuine,genuine,3,0.000251
family_b_003642_text_qr_mismatch,family_b,a5396e7145761f3b,v1,text_qr_mismatch,forged,genuine,3,0.000488
family_b_003643_qr_only_mismatch,family_b,a5396e7145761f3b,v1,qr_only_mismatch,forged,genuine,3,0.001669
family_b_003644_checksum_invalid,family_b,a5396e7145761f3b,v1,checksum_invalid,forged,genuine,3,0.001639
family_b_003645_format_invalid,family_b,a5396e7145761f3b,v1,format_invalid,forged,genuine,3,9.2e-05
family_b_003646_field_missing,family_b,a5396e7145761f3b,v1,field_missing,forged,genuine,3,9e-05
family_b_003647_fine_grained_edit,family_b,a5396e7145761f3b,v1,fine_grained_edit,forged,genuine,3,0.01901
family_b_003648_coordinated_full_forgery,family_b,a5396e7145761f3b,v1,coordinated_full_forgery,forged,genuine,3,0.001653
family_b_003649_visual_splice,family_b,a5396e7145761f3b,v1,visual_splice,forged,forged,3,0.792932
family_b_003650_visual_splice,family_b,a5396e7145761f3b,v1,visual_splice,forged,forged,3,0.92976
family_b_003651_visual_splice,family_b,a5396e7145761f3b,v1,visual_splice,forged,forged,3,0.991512
family_b_003652_genuine,family_b,4036c5db7a12e8ac,v2,genuine,genuine,genuine,0,0.080472
family_b_003653_text_qr_mismatch,family_b,4036c5db7a12e8ac,v2,text_qr_mismatch,forged,genuine,0,0.009599
family_b_003654_qr_only_mismatch,family_b,4036c5db7a12e8ac,v2,qr_only_mismatch,forged,genuine,0,0.001817
family_b_003655_checksum_invalid,family_b,4036c5db7a12e8ac,v2,checksum_invalid,forged,genuine,0,0.094771
family_b_003656_format_invalid,family_b,4036c5db7a12e8ac,v2,format_invalid,forged,genuine,0,0.020519
family_b_003657_field_missing,family_b,4036c5db7a12e8ac,v2,field_missing,forged,genuine,0,0.002704
family_b_003658_fine_grained_edit,family_b,4036c5db7a12e8ac,v2,fine_grained_edit,forged,genuine,0,0.040714
family_b_003659_coordinated_full_forgery,family_b,4036c5db7a12e8ac,v2,coordinated_full_forgery,forged,genuine,0,0.000438
family_b_003660_visual_splice,family_b,4036c5db7a12e8ac,v2,visual_splice,forged,forged,0,0.999883
family_b_003661_visual_splice,family_b,4036c5db7a12e8ac,v2,visual_splice,forged,forged,0,0.999884
family_b_003662_visual_splice,family_b,4036c5db7a12e8ac,v2,visual_splice,forged,forged,0,0.999812
family_b_003674_genuine,family_b,ef3b2921772a42c6,v1,genuine,genuine,genuine,2,0.003121
family_b_003675_text_qr_mismatch,family_b,ef3b2921772a42c6,v1,text_qr_mismatch,forged,genuine,2,0.011358
family_b_003676_qr_only_mismatch,family_b,ef3b2921772a42c6,v1,qr_only_mismatch,forged,genuine,2,0.002331
family_b_003677_checksum_invalid,family_b,ef3b2921772a42c6,v1,checksum_invalid,forged,genuine,2,0.00522
family_b_003678_format_invalid,family_b,ef3b2921772a42c6,v1,format_invalid,forged,genuine,2,0.006604
family_b_003679_field_missing,family_b,ef3b2921772a42c6,v1,field_missing,forged,genuine,2,0.002462
family_b_003680_fine_grained_edit,family_b,ef3b2921772a42c6,v1,fine_grained_edit,forged,genuine,2,0.009943
family_b_003681_coordinated_full_forgery,family_b,ef3b2921772a42c6,v1,coordinated_full_forgery,forged,genuine,2,0.357374
family_b_003682_visual_splice,family_b,ef3b2921772a42c6,v1,visual_splice,forged,forged,2,0.999942
family_b_003683_visual_splice,family_b,ef3b2921772a42c6,v1,visual_splice,forged,forged,2,0.999963
family_b_003684_visual_splice,family_b,ef3b2921772a42c6,v1,visual_splice,forged,forged,2,0.999567
family_b_003729_genuine,family_b,64d31cc151546eb1,v2,genuine,genuine,genuine,0,0.003316
family_b_003730_text_qr_mismatch,family_b,64d31cc151546eb1,v2,text_qr_mismatch,forged,genuine,0,0.045509
family_b_003731_qr_only_mismatch,family_b,64d31cc151546eb1,v2,qr_only_mismatch,forged,genuine,0,0.021368
family_b_003732_checksum_invalid,family_b,64d31cc151546eb1,v2,checksum_invalid,forged,genuine,0,0.004755
family_b_003733_format_invalid,family_b,64d31cc151546eb1,v2,format_invalid,forged,genuine,0,0.001734
family_b_003734_field_missing,family_b,64d31cc151546eb1,v2,field_missing,forged,genuine,0,0.00867
family_b_003735_fine_grained_edit,family_b,64d31cc151546eb1,v2,fine_grained_edit,forged,genuine,0,0.018186
family_b_003736_coordinated_full_forgery,family_b,64d31cc151546eb1,v2,coordinated_full_forgery,forged,genuine,0,0.003093
family_b_003737_visual_splice,family_b,64d31cc151546eb1,v2,visual_splice,forged,forged,0,0.999865
family_b_003738_visual_splice,family_b,64d31cc151546eb1,v2,visual_splice,forged,forged,0,0.985319
family_b_003739_visual_splice,family_b,64d31cc151546eb1,v2,visual_splice,forged,forged,0,0.781231
family_b_003740_genuine,family_b,c9a61c2f818c6146,v2,genuine,genuine,genuine,0,0.000911
family_b_003741_text_qr_mismatch,family_b,c9a61c2f818c6146,v2,text_qr_mismatch,forged,genuine,0,0.004142
family_b_003742_qr_only_mismatch,family_b,c9a61c2f818c6146,v2,qr_only_mismatch,forged,genuine,0,0.00017
family_b_003743_checksum_invalid,family_b,c9a61c2f818c6146,v2,checksum_invalid,forged,genuine,0,0.010749
family_b_003744_format_invalid,family_b,c9a61c2f818c6146,v2,format_invalid,forged,genuine,0,0.000594
family_b_003745_field_missing,family_b,c9a61c2f818c6146,v2,field_missing,forged,genuine,0,0.001863
family_b_003746_fine_grained_edit,family_b,c9a61c2f818c6146,v2,fine_grained_edit,forged,genuine,0,0.232005
family_b_003747_coordinated_full_forgery,family_b,c9a61c2f818c6146,v2,coordinated_full_forgery,forged,genuine,0,0.012799
family_b_003748_visual_splice,family_b,c9a61c2f818c6146,v2,visual_splice,forged,forged,0,0.99945
family_b_003749_visual_splice,family_b,c9a61c2f818c6146,v2,visual_splice,forged,forged,0,0.999802
family_b_003750_visual_splice,family_b,c9a61c2f818c6146,v2,visual_splice,forged,forged,0,0.998316
family_b_003762_genuine,family_b,bd584787a9fba13a,v2,genuine,genuine,genuine,3,0.001044
family_b_003763_text_qr_mismatch,family_b,bd584787a9fba13a,v2,text_qr_mismatch,forged,genuine,3,0.000134
family_b_003764_qr_only_mismatch,family_b,bd584787a9fba13a,v2,qr_only_mismatch,forged,genuine,3,0.00039
family_b_003765_checksum_invalid,family_b,bd584787a9fba13a,v2,checksum_invalid,forged,genuine,3,0.00037
family_b_003766_format_invalid,family_b,bd584787a9fba13a,v2,format_invalid,forged,genuine,3,0.000267
family_b_003767_field_missing,family_b,bd584787a9fba13a,v2,field_missing,forged,genuine,3,3.5e-05
family_b_003768_fine_grained_edit,family_b,bd584787a9fba13a,v2,fine_grained_edit,forged,genuine,3,0.001153
family_b_003769_coordinated_full_forgery,family_b,bd584787a9fba13a,v2,coordinated_full_forgery,forged,genuine,3,0.026244
family_b_003770_visual_splice,family_b,bd584787a9fba13a,v2,visual_splice,forged,forged,3,0.206026
family_b_003771_visual_splice,family_b,bd584787a9fba13a,v2,visual_splice,forged,forged,3,0.994649
family_b_003772_visual_splice,family_b,bd584787a9fba13a,v2,visual_splice,forged,forged,3,0.898039
family_b_003784_genuine,family_b,ee0eeccdade5c007,v2,genuine,genuine,genuine,1,0.001524
family_b_003785_text_qr_mismatch,family_b,ee0eeccdade5c007,v2,text_qr_mismatch,forged,genuine,1,0.001644
family_b_003786_qr_only_mismatch,family_b,ee0eeccdade5c007,v2,qr_only_mismatch,forged,genuine,1,0.005564
family_b_003787_checksum_invalid,family_b,ee0eeccdade5c007,v2,checksum_invalid,forged,genuine,1,0.005125
family_b_003788_format_invalid,family_b,ee0eeccdade5c007,v2,format_invalid,forged,genuine,1,0.155384
family_b_003789_field_missing,family_b,ee0eeccdade5c007,v2,field_missing,forged,genuine,1,0.20547
family_b_003790_fine_grained_edit,family_b,ee0eeccdade5c007,v2,fine_grained_edit,forged,genuine,1,0.002114
family_b_003791_coordinated_full_forgery,family_b,ee0eeccdade5c007,v2,coordinated_full_forgery,forged,genuine,1,0.007705
family_b_003792_visual_splice,family_b,ee0eeccdade5c007,v2,visual_splice,forged,forged,1,0.068981
family_b_003793_visual_splice,family_b,ee0eeccdade5c007,v2,visual_splice,forged,forged,1,0.998946
family_b_003794_visual_splice,family_b,ee0eeccdade5c007,v2,visual_splice,forged,forged,1,0.061644
family_b_003795_genuine,family_b,89757edfbbb98761,v2,genuine,genuine,genuine,4,0.002315
family_b_003796_text_qr_mismatch,family_b,89757edfbbb98761,v2,text_qr_mismatch,forged,genuine,4,0.146037
family_b_003797_qr_only_mismatch,family_b,89757edfbbb98761,v2,qr_only_mismatch,forged,genuine,4,0.209988
family_b_003798_checksum_invalid,family_b,89757edfbbb98761,v2,checksum_invalid,forged,genuine,4,0.160907
family_b_003799_format_invalid,family_b,89757edfbbb98761,v2,format_invalid,forged,genuine,4,0.014711
family_b_003800_field_missing,family_b,89757edfbbb98761,v2,field_missing,forged,genuine,4,0.002046
family_b_003801_fine_grained_edit,family_b,89757edfbbb98761,v2,fine_grained_edit,forged,genuine,4,0.91841
family_b_003802_coordinated_full_forgery,family_b,89757edfbbb98761,v2,coordinated_full_forgery,forged,genuine,4,0.005994
family_b_003803_visual_splice,family_b,89757edfbbb98761,v2,visual_splice,forged,forged,4,0.999906
family_b_003804_visual_splice,family_b,89757edfbbb98761,v2,visual_splice,forged,forged,4,0.999447
family_b_003805_visual_splice,family_b,89757edfbbb98761,v2,visual_splice,forged,forged,4,0.998454
family_b_003806_genuine,family_b,e2467e41c32db2cd,v1,genuine,genuine,genuine,0,0.000842
family_b_003807_text_qr_mismatch,family_b,e2467e41c32db2cd,v1,text_qr_mismatch,forged,genuine,0,0.002192
family_b_003808_qr_only_mismatch,family_b,e2467e41c32db2cd,v1,qr_only_mismatch,forged,genuine,0,0.050679
family_b_003809_checksum_invalid,family_b,e2467e41c32db2cd,v1,checksum_invalid,forged,genuine,0,0.001666
family_b_003810_format_invalid,family_b,e2467e41c32db2cd,v1,format_invalid,forged,genuine,0,0.000789
family_b_003811_field_missing,family_b,e2467e41c32db2cd,v1,field_missing,forged,genuine,0,6.6e-05
family_b_003812_fine_grained_edit,family_b,e2467e41c32db2cd,v1,fine_grained_edit,forged,genuine,0,0.001707
family_b_003813_coordinated_full_forgery,family_b,e2467e41c32db2cd,v1,coordinated_full_forgery,forged,genuine,0,0.007014
family_b_003814_visual_splice,family_b,e2467e41c32db2cd,v1,visual_splice,forged,forged,0,0.010753
family_b_003815_visual_splice,family_b,e2467e41c32db2cd,v1,visual_splice,forged,forged,0,0.999243
family_b_003816_visual_splice,family_b,e2467e41c32db2cd,v1,visual_splice,forged,forged,0,0.999942
family_b_003828_genuine,family_b,309ae7cc008a7fc6,v2,genuine,genuine,genuine,2,0.026062
family_b_003829_text_qr_mismatch,family_b,309ae7cc008a7fc6,v2,text_qr_mismatch,forged,genuine,2,0.192418
family_b_003830_qr_only_mismatch,family_b,309ae7cc008a7fc6,v2,qr_only_mismatch,forged,genuine,2,0.005942
family_b_003831_checksum_invalid,family_b,309ae7cc008a7fc6,v2,checksum_invalid,forged,genuine,2,0.006899
family_b_003832_format_invalid,family_b,309ae7cc008a7fc6,v2,format_invalid,forged,genuine,2,0.013412
family_b_003833_field_missing,family_b,309ae7cc008a7fc6,v2,field_missing,forged,genuine,2,0.001878
family_b_003834_fine_grained_edit,family_b,309ae7cc008a7fc6,v2,fine_grained_edit,forged,genuine,2,0.109369
family_b_003835_coordinated_full_forgery,family_b,309ae7cc008a7fc6,v2,coordinated_full_forgery,forged,genuine,2,0.022422
family_b_003836_visual_splice,family_b,309ae7cc008a7fc6,v2,visual_splice,forged,forged,2,0.999577
family_b_003837_visual_splice,family_b,309ae7cc008a7fc6,v2,visual_splice,forged,forged,2,0.999896
family_b_003838_visual_splice,family_b,309ae7cc008a7fc6,v2,visual_splice,forged,forged,2,0.994247
family_b_003850_genuine,family_b,cf09861146302887,v2,genuine,genuine,genuine,2,0.404303
family_b_003851_text_qr_mismatch,family_b,cf09861146302887,v2,text_qr_mismatch,forged,genuine,2,0.115112
family_b_003852_qr_only_mismatch,family_b,cf09861146302887,v2,qr_only_mismatch,forged,genuine,2,0.896663
family_b_003853_checksum_invalid,family_b,cf09861146302887,v2,checksum_invalid,forged,genuine,2,0.138433
family_b_003854_format_invalid,family_b,cf09861146302887,v2,format_invalid,forged,genuine,2,0.039729
family_b_003855_field_missing,family_b,cf09861146302887,v2,field_missing,forged,genuine,2,0.004101
family_b_003856_fine_grained_edit,family_b,cf09861146302887,v2,fine_grained_edit,forged,genuine,2,0.320466
family_b_003857_coordinated_full_forgery,family_b,cf09861146302887,v2,coordinated_full_forgery,forged,genuine,2,0.021031
family_b_003858_visual_splice,family_b,cf09861146302887,v2,visual_splice,forged,forged,2,0.999965
family_b_003859_visual_splice,family_b,cf09861146302887,v2,visual_splice,forged,forged,2,0.999435
family_b_003860_visual_splice,family_b,cf09861146302887,v2,visual_splice,forged,forged,2,0.999835
family_b_003861_genuine,family_b,eeafe1288740c769,v2,genuine,genuine,genuine,0,0.000167
family_b_003862_text_qr_mismatch,family_b,eeafe1288740c769,v2,text_qr_mismatch,forged,genuine,0,0.002947
family_b_003863_qr_only_mismatch,family_b,eeafe1288740c769,v2,qr_only_mismatch,forged,genuine,0,0.001488
family_b_003864_checksum_invalid,family_b,eeafe1288740c769,v2,checksum_invalid,forged,genuine,0,0.002716
family_b_003865_format_invalid,family_b,eeafe1288740c769,v2,format_invalid,forged,genuine,0,0.00538
family_b_003866_field_missing,family_b,eeafe1288740c769,v2,field_missing,forged,genuine,0,0.014041
family_b_003867_fine_grained_edit,family_b,eeafe1288740c769,v2,fine_grained_edit,forged,genuine,0,0.0073
family_b_003868_coordinated_full_forgery,family_b,eeafe1288740c769,v2,coordinated_full_forgery,forged,genuine,0,0.007066
family_b_003869_visual_splice,family_b,eeafe1288740c769,v2,visual_splice,forged,forged,0,0.972564
family_b_003870_visual_splice,family_b,eeafe1288740c769,v2,visual_splice,forged,forged,0,0.005411
family_b_003871_visual_splice,family_b,eeafe1288740c769,v2,visual_splice,forged,forged,0,0.008302
family_b_003872_genuine,family_b,67abc48eba36f89c,v1,genuine,genuine,genuine,1,0.002648
family_b_003873_text_qr_mismatch,family_b,67abc48eba36f89c,v1,text_qr_mismatch,forged,genuine,1,0.011045
family_b_003874_qr_only_mismatch,family_b,67abc48eba36f89c,v1,qr_only_mismatch,forged,genuine,1,0.003989
family_b_003875_checksum_invalid,family_b,67abc48eba36f89c,v1,checksum_invalid,forged,genuine,1,0.005495
family_b_003876_format_invalid,family_b,67abc48eba36f89c,v1,format_invalid,forged,genuine,1,0.027745
family_b_003877_field_missing,family_b,67abc48eba36f89c,v1,field_missing,forged,genuine,1,0.016954
family_b_003878_fine_grained_edit,family_b,67abc48eba36f89c,v1,fine_grained_edit,forged,genuine,1,0.004303
family_b_003879_coordinated_full_forgery,family_b,67abc48eba36f89c,v1,coordinated_full_forgery,forged,genuine,1,0.442804
family_b_003880_visual_splice,family_b,67abc48eba36f89c,v1,visual_splice,forged,forged,1,0.99991
family_b_003881_visual_splice,family_b,67abc48eba36f89c,v1,visual_splice,forged,forged,1,0.999303
family_b_003882_visual_splice,family_b,67abc48eba36f89c,v1,visual_splice,forged,forged,1,0.541488
family_b_003883_genuine,family_b,15ead77645216360,v1,genuine,genuine,genuine,2,0.06588
family_b_003884_text_qr_mismatch,family_b,15ead77645216360,v1,text_qr_mismatch,forged,genuine,2,0.034529
family_b_003885_qr_only_mismatch,family_b,15ead77645216360,v1,qr_only_mismatch,forged,genuine,2,0.009315
family_b_003886_checksum_invalid,family_b,15ead77645216360,v1,checksum_invalid,forged,genuine,2,0.019854
family_b_003887_format_invalid,family_b,15ead77645216360,v1,format_invalid,forged,genuine,2,0.019903
family_b_003888_field_missing,family_b,15ead77645216360,v1,field_missing,forged,genuine,2,0.004203
family_b_003889_fine_grained_edit,family_b,15ead77645216360,v1,fine_grained_edit,forged,genuine,2,0.042801
family_b_003890_coordinated_full_forgery,family_b,15ead77645216360,v1,coordinated_full_forgery,forged,genuine,2,0.003181
family_b_003891_visual_splice,family_b,15ead77645216360,v1,visual_splice,forged,forged,2,0.999231
family_b_003892_visual_splice,family_b,15ead77645216360,v1,visual_splice,forged,forged,2,0.999323
family_b_003893_visual_splice,family_b,15ead77645216360,v1,visual_splice,forged,forged,2,0.998276
family_b_003905_genuine,family_b,29089bd54fecddb7,v1,genuine,genuine,genuine,3,0.00017
family_b_003906_text_qr_mismatch,family_b,29089bd54fecddb7,v1,text_qr_mismatch,forged,genuine,3,0.003199
family_b_003907_qr_only_mismatch,family_b,29089bd54fecddb7,v1,qr_only_mismatch,forged,genuine,3,0.887496
family_b_003908_checksum_invalid,family_b,29089bd54fecddb7,v1,checksum_invalid,forged,genuine,3,0.016358
family_b_003909_format_invalid,family_b,29089bd54fecddb7,v1,format_invalid,forged,genuine,3,0.004124
family_b_003910_field_missing,family_b,29089bd54fecddb7,v1,field_missing,forged,genuine,3,0.001818
family_b_003911_fine_grained_edit,family_b,29089bd54fecddb7,v1,fine_grained_edit,forged,genuine,3,0.012402
family_b_003912_coordinated_full_forgery,family_b,29089bd54fecddb7,v1,coordinated_full_forgery,forged,genuine,3,0.000719
family_b_003913_visual_splice,family_b,29089bd54fecddb7,v1,visual_splice,forged,forged,3,0.997744
family_b_003914_visual_splice,family_b,29089bd54fecddb7,v1,visual_splice,forged,forged,3,0.444439
family_b_003915_visual_splice,family_b,29089bd54fecddb7,v1,visual_splice,forged,forged,3,0.771682
family_b_003916_genuine,family_b,18b7aba57dd0d2ee,v2,genuine,genuine,genuine,3,0.001627
family_b_003917_text_qr_mismatch,family_b,18b7aba57dd0d2ee,v2,text_qr_mismatch,forged,genuine,3,0.016346
family_b_003918_qr_only_mismatch,family_b,18b7aba57dd0d2ee,v2,qr_only_mismatch,forged,genuine,3,0.007075
family_b_003919_checksum_invalid,family_b,18b7aba57dd0d2ee,v2,checksum_invalid,forged,genuine,3,0.113767
family_b_003920_format_invalid,family_b,18b7aba57dd0d2ee,v2,format_invalid,forged,genuine,3,0.005577
family_b_003921_field_missing,family_b,18b7aba57dd0d2ee,v2,field_missing,forged,genuine,3,0.001485
family_b_003922_fine_grained_edit,family_b,18b7aba57dd0d2ee,v2,fine_grained_edit,forged,genuine,3,0.056779
family_b_003923_coordinated_full_forgery,family_b,18b7aba57dd0d2ee,v2,coordinated_full_forgery,forged,genuine,3,0.063154
family_b_003924_visual_splice,family_b,18b7aba57dd0d2ee,v2,visual_splice,forged,forged,3,0.998593
family_b_003925_visual_splice,family_b,18b7aba57dd0d2ee,v2,visual_splice,forged,forged,3,0.99915
family_b_003926_visual_splice,family_b,18b7aba57dd0d2ee,v2,visual_splice,forged,forged,3,0.131937
family_b_003927_genuine,family_b,52c00af47290128d,v2,genuine,genuine,genuine,3,0.006563
family_b_003928_text_qr_mismatch,family_b,52c00af47290128d,v2,text_qr_mismatch,forged,genuine,3,0.002804
family_b_003929_qr_only_mismatch,family_b,52c00af47290128d,v2,qr_only_mismatch,forged,genuine,3,0.002654
family_b_003930_checksum_invalid,family_b,52c00af47290128d,v2,checksum_invalid,forged,genuine,3,0.003983
family_b_003931_format_invalid,family_b,52c00af47290128d,v2,format_invalid,forged,genuine,3,0.001994
family_b_003932_field_missing,family_b,52c00af47290128d,v2,field_missing,forged,genuine,3,0.000178
family_b_003933_fine_grained_edit,family_b,52c00af47290128d,v2,fine_grained_edit,forged,genuine,3,0.001892
family_b_003934_coordinated_full_forgery,family_b,52c00af47290128d,v2,coordinated_full_forgery,forged,genuine,3,0.036295
family_b_003935_visual_splice,family_b,52c00af47290128d,v2,visual_splice,forged,forged,3,0.004399
family_b_003936_visual_splice,family_b,52c00af47290128d,v2,visual_splice,forged,forged,3,0.986973
family_b_003937_visual_splice,family_b,52c00af47290128d,v2,visual_splice,forged,forged,3,0.999146
family_b_003938_genuine,family_b,39dae52e8e90a949,v1,genuine,genuine,genuine,4,0.033705
family_b_003939_text_qr_mismatch,family_b,39dae52e8e90a949,v1,text_qr_mismatch,forged,genuine,4,0.021862
family_b_003940_qr_only_mismatch,family_b,39dae52e8e90a949,v1,qr_only_mismatch,forged,genuine,4,0.01044
family_b_003941_checksum_invalid,family_b,39dae52e8e90a949,v1,checksum_invalid,forged,genuine,4,0.008527
family_b_003942_format_invalid,family_b,39dae52e8e90a949,v1,format_invalid,forged,genuine,4,0.010732
family_b_003943_field_missing,family_b,39dae52e8e90a949,v1,field_missing,forged,genuine,4,0.001107
family_b_003944_fine_grained_edit,family_b,39dae52e8e90a949,v1,fine_grained_edit,forged,genuine,4,0.111529
family_b_003945_coordinated_full_forgery,family_b,39dae52e8e90a949,v1,coordinated_full_forgery,forged,genuine,4,0.113634
family_b_003946_visual_splice,family_b,39dae52e8e90a949,v1,visual_splice,forged,forged,4,0.999883
family_b_003947_visual_splice,family_b,39dae52e8e90a949,v1,visual_splice,forged,forged,4,0.99959
family_b_003948_visual_splice,family_b,39dae52e8e90a949,v1,visual_splice,forged,forged,4,0.999915
family_b_003949_genuine,family_b,e2a08bf80e3d4a19,v1,genuine,genuine,genuine,4,0.016037
family_b_003950_text_qr_mismatch,family_b,e2a08bf80e3d4a19,v1,text_qr_mismatch,forged,genuine,4,0.000118
family_b_003951_qr_only_mismatch,family_b,e2a08bf80e3d4a19,v1,qr_only_mismatch,forged,genuine,4,0.116351
family_b_003952_checksum_invalid,family_b,e2a08bf80e3d4a19,v1,checksum_invalid,forged,genuine,4,0.006746
family_b_003953_format_invalid,family_b,e2a08bf80e3d4a19,v1,format_invalid,forged,genuine,4,0.000129
family_b_003954_field_missing,family_b,e2a08bf80e3d4a19,v1,field_missing,forged,genuine,4,0.003034
family_b_003955_fine_grained_edit,family_b,e2a08bf80e3d4a19,v1,fine_grained_edit,forged,genuine,4,0.012721
family_b_003956_coordinated_full_forgery,family_b,e2a08bf80e3d4a19,v1,coordinated_full_forgery,forged,genuine,4,0.508102
family_b_003957_visual_splice,family_b,e2a08bf80e3d4a19,v1,visual_splice,forged,forged,4,0.994706
family_b_003958_visual_splice,family_b,e2a08bf80e3d4a19,v1,visual_splice,forged,forged,4,0.999707
family_b_003959_visual_splice,family_b,e2a08bf80e3d4a19,v1,visual_splice,forged,forged,4,0.226563
family_b_003960_genuine,family_b,99b0c78d45584909,v1,genuine,genuine,genuine,1,0.000337
family_b_003961_text_qr_mismatch,family_b,99b0c78d45584909,v1,text_qr_mismatch,forged,genuine,1,0.328885
family_b_003962_qr_only_mismatch,family_b,99b0c78d45584909,v1,qr_only_mismatch,forged,genuine,1,0.014871
family_b_003963_checksum_invalid,family_b,99b0c78d45584909,v1,checksum_invalid,forged,genuine,1,0.003003
family_b_003964_format_invalid,family_b,99b0c78d45584909,v1,format_invalid,forged,genuine,1,0.002185
family_b_003965_field_missing,family_b,99b0c78d45584909,v1,field_missing,forged,genuine,1,0.0283
family_b_003966_fine_grained_edit,family_b,99b0c78d45584909,v1,fine_grained_edit,forged,genuine,1,0.001841
family_b_003967_coordinated_full_forgery,family_b,99b0c78d45584909,v1,coordinated_full_forgery,forged,genuine,1,0.008153
family_b_003968_visual_splice,family_b,99b0c78d45584909,v1,visual_splice,forged,forged,1,0.992198
family_b_003969_visual_splice,family_b,99b0c78d45584909,v1,visual_splice,forged,forged,1,0.99647
family_b_003970_visual_splice,family_b,99b0c78d45584909,v1,visual_splice,forged,forged,1,0.996697
family_b_003971_genuine,family_b,b141946948f7868c,v1,genuine,genuine,genuine,2,0.270899
family_b_003972_text_qr_mismatch,family_b,b141946948f7868c,v1,text_qr_mismatch,forged,genuine,2,0.007138
family_b_003973_qr_only_mismatch,family_b,b141946948f7868c,v1,qr_only_mismatch,forged,genuine,2,0.015738
family_b_003974_checksum_invalid,family_b,b141946948f7868c,v1,checksum_invalid,forged,genuine,2,0.011678
family_b_003975_format_invalid,family_b,b141946948f7868c,v1,format_invalid,forged,genuine,2,0.004462
family_b_003976_field_missing,family_b,b141946948f7868c,v1,field_missing,forged,genuine,2,0.000353
family_b_003977_fine_grained_edit,family_b,b141946948f7868c,v1,fine_grained_edit,forged,genuine,2,0.000994
family_b_003978_coordinated_full_forgery,family_b,b141946948f7868c,v1,coordinated_full_forgery,forged,genuine,2,0.022328
family_b_003979_visual_splice,family_b,b141946948f7868c,v1,visual_splice,forged,forged,2,0.040186
family_b_003980_visual_splice,family_b,b141946948f7868c,v1,visual_splice,forged,forged,2,0.999738
family_b_003981_visual_splice,family_b,b141946948f7868c,v1,visual_splice,forged,forged,2,0.999815
family_b_003982_genuine,family_b,c8f1cad7ebd88867,v2,genuine,genuine,genuine,2,0.183364
family_b_003983_text_qr_mismatch,family_b,c8f1cad7ebd88867,v2,text_qr_mismatch,forged,genuine,2,0.292094
family_b_003984_qr_only_mismatch,family_b,c8f1cad7ebd88867,v2,qr_only_mismatch,forged,genuine,2,0.990869
family_b_003985_checksum_invalid,family_b,c8f1cad7ebd88867,v2,checksum_invalid,forged,genuine,2,0.11385
family_b_003986_format_invalid,family_b,c8f1cad7ebd88867,v2,format_invalid,forged,genuine,2,0.302846
family_b_003987_field_missing,family_b,c8f1cad7ebd88867,v2,field_missing,forged,genuine,2,0.001813
family_b_003988_fine_grained_edit,family_b,c8f1cad7ebd88867,v2,fine_grained_edit,forged,genuine,2,0.259479
family_b_003989_coordinated_full_forgery,family_b,c8f1cad7ebd88867,v2,coordinated_full_forgery,forged,genuine,2,0.021613
family_b_003990_visual_splice,family_b,c8f1cad7ebd88867,v2,visual_splice,forged,forged,2,0.999887
family_b_003991_visual_splice,family_b,c8f1cad7ebd88867,v2,visual_splice,forged,forged,2,0.999995
family_b_003992_visual_splice,family_b,c8f1cad7ebd88867,v2,visual_splice,forged,forged,2,0.999692
family_b_004004_genuine,family_b,b990ec6fcbacd782,v1,genuine,genuine,genuine,4,0.071591
family_b_004005_text_qr_mismatch,family_b,b990ec6fcbacd782,v1,text_qr_mismatch,forged,genuine,4,0.003412
family_b_004006_qr_only_mismatch,family_b,b990ec6fcbacd782,v1,qr_only_mismatch,forged,genuine,4,0.668784
family_b_004007_checksum_invalid,family_b,b990ec6fcbacd782,v1,checksum_invalid,forged,genuine,4,0.013625
family_b_004008_format_invalid,family_b,b990ec6fcbacd782,v1,format_invalid,forged,genuine,4,0.036657
family_b_004009_field_missing,family_b,b990ec6fcbacd782,v1,field_missing,forged,genuine,4,0.003583
family_b_004010_fine_grained_edit,family_b,b990ec6fcbacd782,v1,fine_grained_edit,forged,genuine,4,0.041789
family_b_004011_coordinated_full_forgery,family_b,b990ec6fcbacd782,v1,coordinated_full_forgery,forged,genuine,4,0.018227
family_b_004012_visual_splice,family_b,b990ec6fcbacd782,v1,visual_splice,forged,forged,4,0.893891
family_b_004013_visual_splice,family_b,b990ec6fcbacd782,v1,visual_splice,forged,forged,4,0.99961
family_b_004014_visual_splice,family_b,b990ec6fcbacd782,v1,visual_splice,forged,forged,4,0.990142
family_b_004026_genuine,family_b,8e9989f35e4a14b1,v2,genuine,genuine,genuine,1,0.005435
family_b_004027_text_qr_mismatch,family_b,8e9989f35e4a14b1,v2,text_qr_mismatch,forged,genuine,1,0.038431
family_b_004028_qr_only_mismatch,family_b,8e9989f35e4a14b1,v2,qr_only_mismatch,forged,genuine,1,0.000728
family_b_004029_checksum_invalid,family_b,8e9989f35e4a14b1,v2,checksum_invalid,forged,genuine,1,0.013418
family_b_004030_format_invalid,family_b,8e9989f35e4a14b1,v2,format_invalid,forged,genuine,1,0.002893
family_b_004031_field_missing,family_b,8e9989f35e4a14b1,v2,field_missing,forged,genuine,1,0.006821
family_b_004032_fine_grained_edit,family_b,8e9989f35e4a14b1,v2,fine_grained_edit,forged,genuine,1,0.001894
family_b_004033_coordinated_full_forgery,family_b,8e9989f35e4a14b1,v2,coordinated_full_forgery,forged,genuine,1,0.012416
family_b_004034_visual_splice,family_b,8e9989f35e4a14b1,v2,visual_splice,forged,forged,1,0.999688
family_b_004035_visual_splice,family_b,8e9989f35e4a14b1,v2,visual_splice,forged,forged,1,0.013835
family_b_004036_visual_splice,family_b,8e9989f35e4a14b1,v2,visual_splice,forged,forged,1,0.997044
family_b_004048_genuine,family_b,138519a22b81a35b,v2,genuine,genuine,genuine,1,0.01728
family_b_004049_text_qr_mismatch,family_b,138519a22b81a35b,v2,text_qr_mismatch,forged,genuine,1,0.011016
family_b_004050_qr_only_mismatch,family_b,138519a22b81a35b,v2,qr_only_mismatch,forged,genuine,1,0.01659
family_b_004051_checksum_invalid,family_b,138519a22b81a35b,v2,checksum_invalid,forged,genuine,1,0.00328
family_b_004052_format_invalid,family_b,138519a22b81a35b,v2,format_invalid,forged,genuine,1,0.002409
family_b_004053_field_missing,family_b,138519a22b81a35b,v2,field_missing,forged,genuine,1,0.009958
family_b_004054_fine_grained_edit,family_b,138519a22b81a35b,v2,fine_grained_edit,forged,genuine,1,0.006867
family_b_004055_coordinated_full_forgery,family_b,138519a22b81a35b,v2,coordinated_full_forgery,forged,genuine,1,0.010656
family_b_004056_visual_splice,family_b,138519a22b81a35b,v2,visual_splice,forged,forged,1,0.999856
family_b_004057_visual_splice,family_b,138519a22b81a35b,v2,visual_splice,forged,forged,1,0.99734
family_b_004058_visual_splice,family_b,138519a22b81a35b,v2,visual_splice,forged,forged,1,0.999845
family_b_004092_genuine,family_b,74b2c8921bb7ee73,v2,genuine,genuine,genuine,0,0.02522
family_b_004093_text_qr_mismatch,family_b,74b2c8921bb7ee73,v2,text_qr_mismatch,forged,genuine,0,0.018899
family_b_004094_qr_only_mismatch,family_b,74b2c8921bb7ee73,v2,qr_only_mismatch,forged,genuine,0,0.003557
family_b_004095_checksum_invalid,family_b,74b2c8921bb7ee73,v2,checksum_invalid,forged,genuine,0,0.030107
family_b_004096_format_invalid,family_b,74b2c8921bb7ee73,v2,format_invalid,forged,genuine,0,0.083043
family_b_004097_field_missing,family_b,74b2c8921bb7ee73,v2,field_missing,forged,genuine,0,0.003152
family_b_004098_fine_grained_edit,family_b,74b2c8921bb7ee73,v2,fine_grained_edit,forged,genuine,0,0.026808
family_b_004099_coordinated_full_forgery,family_b,74b2c8921bb7ee73,v2,coordinated_full_forgery,forged,genuine,0,0.016976
family_b_004100_visual_splice,family_b,74b2c8921bb7ee73,v2,visual_splice,forged,forged,0,0.999528
family_b_004101_visual_splice,family_b,74b2c8921bb7ee73,v2,visual_splice,forged,forged,0,0.657639
family_b_004102_visual_splice,family_b,74b2c8921bb7ee73,v2,visual_splice,forged,forged,0,0.999742
family_b_004103_genuine,family_b,0421ccb90b68ac7b,v2,genuine,genuine,genuine,1,0.013247
family_b_004104_text_qr_mismatch,family_b,0421ccb90b68ac7b,v2,text_qr_mismatch,forged,genuine,1,0.266471
family_b_004105_qr_only_mismatch,family_b,0421ccb90b68ac7b,v2,qr_only_mismatch,forged,genuine,1,0.072623
family_b_004106_checksum_invalid,family_b,0421ccb90b68ac7b,v2,checksum_invalid,forged,genuine,1,0.01701
family_b_004107_format_invalid,family_b,0421ccb90b68ac7b,v2,format_invalid,forged,genuine,1,0.009465
family_b_004108_field_missing,family_b,0421ccb90b68ac7b,v2,field_missing,forged,genuine,1,0.00012
family_b_004109_fine_grained_edit,family_b,0421ccb90b68ac7b,v2,fine_grained_edit,forged,genuine,1,0.003571
family_b_004110_coordinated_full_forgery,family_b,0421ccb90b68ac7b,v2,coordinated_full_forgery,forged,genuine,1,0.29281
family_b_004111_visual_splice,family_b,0421ccb90b68ac7b,v2,visual_splice,forged,forged,1,0.038124
family_b_004112_visual_splice,family_b,0421ccb90b68ac7b,v2,visual_splice,forged,forged,1,0.008354
family_b_004113_visual_splice,family_b,0421ccb90b68ac7b,v2,visual_splice,forged,forged,1,0.999894
family_b_004114_genuine,family_b,e1125b91269cbda5,v2,genuine,genuine,genuine,0,0.021691
family_b_004115_text_qr_mismatch,family_b,e1125b91269cbda5,v2,text_qr_mismatch,forged,genuine,0,0.003672
family_b_004116_qr_only_mismatch,family_b,e1125b91269cbda5,v2,qr_only_mismatch,forged,genuine,0,0.047607
family_b_004117_checksum_invalid,family_b,e1125b91269cbda5,v2,checksum_invalid,forged,genuine,0,0.021955
family_b_004118_format_invalid,family_b,e1125b91269cbda5,v2,format_invalid,forged,genuine,0,0.005549
family_b_004119_field_missing,family_b,e1125b91269cbda5,v2,field_missing,forged,genuine,0,0.00046
family_b_004120_fine_grained_edit,family_b,e1125b91269cbda5,v2,fine_grained_edit,forged,genuine,0,0.002594
family_b_004121_coordinated_full_forgery,family_b,e1125b91269cbda5,v2,coordinated_full_forgery,forged,genuine,0,0.00078
family_b_004122_visual_splice,family_b,e1125b91269cbda5,v2,visual_splice,forged,forged,0,0.998328
family_b_004123_visual_splice,family_b,e1125b91269cbda5,v2,visual_splice,forged,forged,0,0.999642
family_b_004124_visual_splice,family_b,e1125b91269cbda5,v2,visual_splice,forged,forged,0,0.999781
family_b_004125_genuine,family_b,73e26a471241d2d2,v1,genuine,genuine,genuine,2,0.292381
family_b_004126_text_qr_mismatch,family_b,73e26a471241d2d2,v1,text_qr_mismatch,forged,genuine,2,0.400111
family_b_004127_qr_only_mismatch,family_b,73e26a471241d2d2,v1,qr_only_mismatch,forged,genuine,2,0.844861
family_b_004128_checksum_invalid,family_b,73e26a471241d2d2,v1,checksum_invalid,forged,genuine,2,0.092177
family_b_004129_format_invalid,family_b,73e26a471241d2d2,v1,format_invalid,forged,genuine,2,0.048209
family_b_004130_field_missing,family_b,73e26a471241d2d2,v1,field_missing,forged,genuine,2,0.002562
family_b_004131_fine_grained_edit,family_b,73e26a471241d2d2,v1,fine_grained_edit,forged,genuine,2,0.005227
family_b_004132_coordinated_full_forgery,family_b,73e26a471241d2d2,v1,coordinated_full_forgery,forged,genuine,2,0.353376
family_b_004133_visual_splice,family_b,73e26a471241d2d2,v1,visual_splice,forged,forged,2,0.636474
family_b_004134_visual_splice,family_b,73e26a471241d2d2,v1,visual_splice,forged,forged,2,0.999994
family_b_004135_visual_splice,family_b,73e26a471241d2d2,v1,visual_splice,forged,forged,2,0.980949
family_b_004136_genuine,family_b,8c04f68e0470763d,v2,genuine,genuine,genuine,3,0.01983
family_b_004137_text_qr_mismatch,family_b,8c04f68e0470763d,v2,text_qr_mismatch,forged,genuine,3,0.025798
family_b_004138_qr_only_mismatch,family_b,8c04f68e0470763d,v2,qr_only_mismatch,forged,genuine,3,0.084598
family_b_004139_checksum_invalid,family_b,8c04f68e0470763d,v2,checksum_invalid,forged,genuine,3,0.010728
family_b_004140_format_invalid,family_b,8c04f68e0470763d,v2,format_invalid,forged,genuine,3,0.002598
family_b_004141_field_missing,family_b,8c04f68e0470763d,v2,field_missing,forged,genuine,3,0.000201
family_b_004142_fine_grained_edit,family_b,8c04f68e0470763d,v2,fine_grained_edit,forged,genuine,3,0.003436
family_b_004143_coordinated_full_forgery,family_b,8c04f68e0470763d,v2,coordinated_full_forgery,forged,genuine,3,0.000314
family_b_004144_visual_splice,family_b,8c04f68e0470763d,v2,visual_splice,forged,forged,3,0.99094
family_b_004145_visual_splice,family_b,8c04f68e0470763d,v2,visual_splice,forged,forged,3,0.998753
family_b_004146_visual_splice,family_b,8c04f68e0470763d,v2,visual_splice,forged,forged,3,0.999391
family_b_004158_genuine,family_b,02abb2e917445292,v1,genuine,genuine,genuine,2,0.009587
family_b_004159_text_qr_mismatch,family_b,02abb2e917445292,v1,text_qr_mismatch,forged,genuine,2,0.031884
family_b_004160_qr_only_mismatch,family_b,02abb2e917445292,v1,qr_only_mismatch,forged,genuine,2,0.007555
family_b_004161_checksum_invalid,family_b,02abb2e917445292,v1,checksum_invalid,forged,genuine,2,0.019333
family_b_004162_format_invalid,family_b,02abb2e917445292,v1,format_invalid,forged,genuine,2,0.006957
family_b_004163_field_missing,family_b,02abb2e917445292,v1,field_missing,forged,genuine,2,0.012415
family_b_004164_fine_grained_edit,family_b,02abb2e917445292,v1,fine_grained_edit,forged,genuine,2,0.012849
family_b_004165_coordinated_full_forgery,family_b,02abb2e917445292,v1,coordinated_full_forgery,forged,genuine,2,0.025689
family_b_004166_visual_splice,family_b,02abb2e917445292,v1,visual_splice,forged,forged,2,0.999947
family_b_004167_visual_splice,family_b,02abb2e917445292,v1,visual_splice,forged,forged,2,0.999942
family_b_004168_visual_splice,family_b,02abb2e917445292,v1,visual_splice,forged,forged,2,0.796466
family_b_004169_genuine,family_b,5801088e5f9aa05a,v1,genuine,genuine,genuine,3,0.002124
family_b_004170_text_qr_mismatch,family_b,5801088e5f9aa05a,v1,text_qr_mismatch,forged,genuine,3,0.002698
family_b_004171_qr_only_mismatch,family_b,5801088e5f9aa05a,v1,qr_only_mismatch,forged,genuine,3,0.00423
family_b_004172_checksum_invalid,family_b,5801088e5f9aa05a,v1,checksum_invalid,forged,genuine,3,0.011679
family_b_004173_format_invalid,family_b,5801088e5f9aa05a,v1,format_invalid,forged,genuine,3,0.000747
family_b_004174_field_missing,family_b,5801088e5f9aa05a,v1,field_missing,forged,genuine,3,0.001665
family_b_004175_fine_grained_edit,family_b,5801088e5f9aa05a,v1,fine_grained_edit,forged,genuine,3,0.000935
family_b_004176_coordinated_full_forgery,family_b,5801088e5f9aa05a,v1,coordinated_full_forgery,forged,genuine,3,0.002703
family_b_004177_visual_splice,family_b,5801088e5f9aa05a,v1,visual_splice,forged,forged,3,0.028068
family_b_004178_visual_splice,family_b,5801088e5f9aa05a,v1,visual_splice,forged,forged,3,0.993728
family_b_004179_visual_splice,family_b,5801088e5f9aa05a,v1,visual_splice,forged,forged,3,0.996851
family_b_004180_genuine,family_b,9ae58cb061f01df7,v2,genuine,genuine,genuine,2,0.007895
family_b_004181_text_qr_mismatch,family_b,9ae58cb061f01df7,v2,text_qr_mismatch,forged,genuine,2,0.064785
family_b_004182_qr_only_mismatch,family_b,9ae58cb061f01df7,v2,qr_only_mismatch,forged,genuine,2,0.018823
family_b_004183_checksum_invalid,family_b,9ae58cb061f01df7,v2,checksum_invalid,forged,genuine,2,0.002042
family_b_004184_format_invalid,family_b,9ae58cb061f01df7,v2,format_invalid,forged,genuine,2,0.012701
family_b_004185_field_missing,family_b,9ae58cb061f01df7,v2,field_missing,forged,genuine,2,0.001146
family_b_004186_fine_grained_edit,family_b,9ae58cb061f01df7,v2,fine_grained_edit,forged,genuine,2,0.002027
family_b_004187_coordinated_full_forgery,family_b,9ae58cb061f01df7,v2,coordinated_full_forgery,forged,genuine,2,0.001594
family_b_004188_visual_splice,family_b,9ae58cb061f01df7,v2,visual_splice,forged,forged,2,0.999773
family_b_004189_visual_splice,family_b,9ae58cb061f01df7,v2,visual_splice,forged,forged,2,0.991674
family_b_004190_visual_splice,family_b,9ae58cb061f01df7,v2,visual_splice,forged,forged,2,0.998471
family_b_004224_genuine,family_b,94b489f47f0e8cae,v1,genuine,genuine,genuine,2,0.527106
family_b_004225_text_qr_mismatch,family_b,94b489f47f0e8cae,v1,text_qr_mismatch,forged,genuine,2,0.089902
family_b_004226_qr_only_mismatch,family_b,94b489f47f0e8cae,v1,qr_only_mismatch,forged,genuine,2,0.831967
family_b_004227_checksum_invalid,family_b,94b489f47f0e8cae,v1,checksum_invalid,forged,genuine,2,0.724819
family_b_004228_format_invalid,family_b,94b489f47f0e8cae,v1,format_invalid,forged,genuine,2,0.088962
family_b_004229_field_missing,family_b,94b489f47f0e8cae,v1,field_missing,forged,genuine,2,0.009659
family_b_004230_fine_grained_edit,family_b,94b489f47f0e8cae,v1,fine_grained_edit,forged,genuine,2,0.080031
family_b_004231_coordinated_full_forgery,family_b,94b489f47f0e8cae,v1,coordinated_full_forgery,forged,genuine,2,0.024514
family_b_004232_visual_splice,family_b,94b489f47f0e8cae,v1,visual_splice,forged,forged,2,0.998532
family_b_004233_visual_splice,family_b,94b489f47f0e8cae,v1,visual_splice,forged,forged,2,0.999981
family_b_004234_visual_splice,family_b,94b489f47f0e8cae,v1,visual_splice,forged,forged,2,0.999318
family_b_004246_genuine,family_b,57637aea496becb8,v2,genuine,genuine,genuine,1,0.017093
family_b_004247_text_qr_mismatch,family_b,57637aea496becb8,v2,text_qr_mismatch,forged,genuine,1,0.002408
family_b_004248_qr_only_mismatch,family_b,57637aea496becb8,v2,qr_only_mismatch,forged,genuine,1,0.018439
family_b_004249_checksum_invalid,family_b,57637aea496becb8,v2,checksum_invalid,forged,genuine,1,0.000299
family_b_004250_format_invalid,family_b,57637aea496becb8,v2,format_invalid,forged,genuine,1,0.002124
family_b_004251_field_missing,family_b,57637aea496becb8,v2,field_missing,forged,genuine,1,5e-05
family_b_004252_fine_grained_edit,family_b,57637aea496becb8,v2,fine_grained_edit,forged,genuine,1,0.177812
family_b_004253_coordinated_full_forgery,family_b,57637aea496becb8,v2,coordinated_full_forgery,forged,genuine,1,0.000735
family_b_004254_visual_splice,family_b,57637aea496becb8,v2,visual_splice,forged,forged,1,0.997432
family_b_004255_visual_splice,family_b,57637aea496becb8,v2,visual_splice,forged,forged,1,0.998608
family_b_004256_visual_splice,family_b,57637aea496becb8,v2,visual_splice,forged,forged,1,0.998858
family_b_004257_genuine,family_b,661f2808dffffce1,v2,genuine,genuine,genuine,0,0.001435
family_b_004258_text_qr_mismatch,family_b,661f2808dffffce1,v2,text_qr_mismatch,forged,genuine,0,0.004578
family_b_004259_qr_only_mismatch,family_b,661f2808dffffce1,v2,qr_only_mismatch,forged,genuine,0,0.003688
family_b_004260_checksum_invalid,family_b,661f2808dffffce1,v2,checksum_invalid,forged,genuine,0,0.002832
family_b_004261_format_invalid,family_b,661f2808dffffce1,v2,format_invalid,forged,genuine,0,0.00286
family_b_004262_field_missing,family_b,661f2808dffffce1,v2,field_missing,forged,genuine,0,0.000539
family_b_004263_fine_grained_edit,family_b,661f2808dffffce1,v2,fine_grained_edit,forged,genuine,0,0.000221
family_b_004264_coordinated_full_forgery,family_b,661f2808dffffce1,v2,coordinated_full_forgery,forged,genuine,0,0.003548
family_b_004265_visual_splice,family_b,661f2808dffffce1,v2,visual_splice,forged,forged,0,0.999557
family_b_004266_visual_splice,family_b,661f2808dffffce1,v2,visual_splice,forged,forged,0,0.998753
family_b_004267_visual_splice,family_b,661f2808dffffce1,v2,visual_splice,forged,forged,0,0.999818
family_b_004268_genuine,family_b,dfc67982e62b314d,v2,genuine,genuine,genuine,1,0.089482
family_b_004269_text_qr_mismatch,family_b,dfc67982e62b314d,v2,text_qr_mismatch,forged,genuine,1,0.00173
family_b_004270_qr_only_mismatch,family_b,dfc67982e62b314d,v2,qr_only_mismatch,forged,genuine,1,0.028327
family_b_004271_checksum_invalid,family_b,dfc67982e62b314d,v2,checksum_invalid,forged,genuine,1,0.002061
family_b_004272_format_invalid,family_b,dfc67982e62b314d,v2,format_invalid,forged,genuine,1,0.006858
family_b_004273_field_missing,family_b,dfc67982e62b314d,v2,field_missing,forged,genuine,1,0.004875
family_b_004274_fine_grained_edit,family_b,dfc67982e62b314d,v2,fine_grained_edit,forged,genuine,1,0.189504
family_b_004275_coordinated_full_forgery,family_b,dfc67982e62b314d,v2,coordinated_full_forgery,forged,genuine,1,0.607095
family_b_004276_visual_splice,family_b,dfc67982e62b314d,v2,visual_splice,forged,forged,1,0.999688
family_b_004277_visual_splice,family_b,dfc67982e62b314d,v2,visual_splice,forged,forged,1,0.999712
family_b_004278_visual_splice,family_b,dfc67982e62b314d,v2,visual_splice,forged,forged,1,0.99978
family_b_004290_genuine,family_b,9ac23f4ecbf4bb4e,v2,genuine,genuine,genuine,1,0.001537
family_b_004291_text_qr_mismatch,family_b,9ac23f4ecbf4bb4e,v2,text_qr_mismatch,forged,genuine,1,0.143061
family_b_004292_qr_only_mismatch,family_b,9ac23f4ecbf4bb4e,v2,qr_only_mismatch,forged,genuine,1,0.000319
family_b_004293_checksum_invalid,family_b,9ac23f4ecbf4bb4e,v2,checksum_invalid,forged,genuine,1,0.002333
family_b_004294_format_invalid,family_b,9ac23f4ecbf4bb4e,v2,format_invalid,forged,genuine,1,0.000885
family_b_004295_field_missing,family_b,9ac23f4ecbf4bb4e,v2,field_missing,forged,genuine,1,0.000275
family_b_004296_fine_grained_edit,family_b,9ac23f4ecbf4bb4e,v2,fine_grained_edit,forged,genuine,1,0.008324
family_b_004297_coordinated_full_forgery,family_b,9ac23f4ecbf4bb4e,v2,coordinated_full_forgery,forged,genuine,1,0.00264
family_b_004298_visual_splice,family_b,9ac23f4ecbf4bb4e,v2,visual_splice,forged,forged,1,0.997403
family_b_004299_visual_splice,family_b,9ac23f4ecbf4bb4e,v2,visual_splice,forged,forged,1,0.998658
family_b_004300_visual_splice,family_b,9ac23f4ecbf4bb4e,v2,visual_splice,forged,forged,1,0.999552
family_b_004312_genuine,family_b,4d944a41b3fbd7ce,v1,genuine,genuine,genuine,2,0.024875
family_b_004313_text_qr_mismatch,family_b,4d944a41b3fbd7ce,v1,text_qr_mismatch,forged,genuine,2,0.005223
family_b_004314_qr_only_mismatch,family_b,4d944a41b3fbd7ce,v1,qr_only_mismatch,forged,genuine,2,0.072665
family_b_004315_checksum_invalid,family_b,4d944a41b3fbd7ce,v1,checksum_invalid,forged,genuine,2,0.056352
family_b_004316_format_invalid,family_b,4d944a41b3fbd7ce,v1,format_invalid,forged,genuine,2,0.002911
family_b_004317_field_missing,family_b,4d944a41b3fbd7ce,v1,field_missing,forged,genuine,2,0.004736
family_b_004318_fine_grained_edit,family_b,4d944a41b3fbd7ce,v1,fine_grained_edit,forged,genuine,2,1.9e-05
family_b_004319_coordinated_full_forgery,family_b,4d944a41b3fbd7ce,v1,coordinated_full_forgery,forged,genuine,2,0.02061
family_b_004320_visual_splice,family_b,4d944a41b3fbd7ce,v1,visual_splice,forged,forged,2,0.999982
family_b_004321_visual_splice,family_b,4d944a41b3fbd7ce,v1,visual_splice,forged,forged,2,0.999891
family_b_004322_visual_splice,family_b,4d944a41b3fbd7ce,v1,visual_splice,forged,forged,2,0.996835
family_b_004323_genuine,family_b,01d2098e0f10ad6c,v2,genuine,genuine,genuine,2,0.024922
family_b_004324_text_qr_mismatch,family_b,01d2098e0f10ad6c,v2,text_qr_mismatch,forged,genuine,2,0.022902
family_b_004325_qr_only_mismatch,family_b,01d2098e0f10ad6c,v2,qr_only_mismatch,forged,genuine,2,0.17348
family_b_004326_checksum_invalid,family_b,01d2098e0f10ad6c,v2,checksum_invalid,forged,genuine,2,0.063818
family_b_004327_format_invalid,family_b,01d2098e0f10ad6c,v2,format_invalid,forged,genuine,2,0.022347
family_b_004328_field_missing,family_b,01d2098e0f10ad6c,v2,field_missing,forged,genuine,2,0.027622
family_b_004329_fine_grained_edit,family_b,01d2098e0f10ad6c,v2,fine_grained_edit,forged,genuine,2,0.092077
family_b_004330_coordinated_full_forgery,family_b,01d2098e0f10ad6c,v2,coordinated_full_forgery,forged,genuine,2,0.05303
family_b_004331_visual_splice,family_b,01d2098e0f10ad6c,v2,visual_splice,forged,forged,2,0.999964
family_b_004332_visual_splice,family_b,01d2098e0f10ad6c,v2,visual_splice,forged,forged,2,0.721009
family_b_004333_visual_splice,family_b,01d2098e0f10ad6c,v2,visual_splice,forged,forged,2,0.992054
family_b_004345_genuine,family_b,79f25f99079b22a0,v1,genuine,genuine,genuine,4,0.167788
family_b_004346_text_qr_mismatch,family_b,79f25f99079b22a0,v1,text_qr_mismatch,forged,genuine,4,0.567292
family_b_004347_qr_only_mismatch,family_b,79f25f99079b22a0,v1,qr_only_mismatch,forged,genuine,4,0.01957
family_b_004348_checksum_invalid,family_b,79f25f99079b22a0,v1,checksum_invalid,forged,genuine,4,0.168692
family_b_004349_format_invalid,family_b,79f25f99079b22a0,v1,format_invalid,forged,genuine,4,0.005719
family_b_004350_field_missing,family_b,79f25f99079b22a0,v1,field_missing,forged,genuine,4,0.00284
family_b_004351_fine_grained_edit,family_b,79f25f99079b22a0,v1,fine_grained_edit,forged,genuine,4,0.002445
family_b_004352_coordinated_full_forgery,family_b,79f25f99079b22a0,v1,coordinated_full_forgery,forged,genuine,4,0.000285
family_b_004353_visual_splice,family_b,79f25f99079b22a0,v1,visual_splice,forged,forged,4,0.999092
family_b_004354_visual_splice,family_b,79f25f99079b22a0,v1,visual_splice,forged,forged,4,0.821283
family_b_004355_visual_splice,family_b,79f25f99079b22a0,v1,visual_splice,forged,forged,4,0.999688
family_b_004356_genuine,family_b,454978b809d58961,v2,genuine,genuine,genuine,0,0.012758
family_b_004357_text_qr_mismatch,family_b,454978b809d58961,v2,text_qr_mismatch,forged,genuine,0,0.018581
family_b_004358_qr_only_mismatch,family_b,454978b809d58961,v2,qr_only_mismatch,forged,genuine,0,0.027993
family_b_004359_checksum_invalid,family_b,454978b809d58961,v2,checksum_invalid,forged,genuine,0,0.015
family_b_004360_format_invalid,family_b,454978b809d58961,v2,format_invalid,forged,genuine,0,0.00793
family_b_004361_field_missing,family_b,454978b809d58961,v2,field_missing,forged,genuine,0,0.002308
family_b_004362_fine_grained_edit,family_b,454978b809d58961,v2,fine_grained_edit,forged,genuine,0,0.007478
family_b_004363_coordinated_full_forgery,family_b,454978b809d58961,v2,coordinated_full_forgery,forged,genuine,0,0.001566
family_b_004364_visual_splice,family_b,454978b809d58961,v2,visual_splice,forged,forged,0,0.885371
family_b_004365_visual_splice,family_b,454978b809d58961,v2,visual_splice,forged,forged,0,0.999487
family_b_004366_visual_splice,family_b,454978b809d58961,v2,visual_splice,forged,forged,0,0.974699
family_b_004367_genuine,family_b,5b29764234395a60,v2,genuine,genuine,genuine,2,0.31845
family_b_004368_text_qr_mismatch,family_b,5b29764234395a60,v2,text_qr_mismatch,forged,genuine,2,0.300492
family_b_004369_qr_only_mismatch,family_b,5b29764234395a60,v2,qr_only_mismatch,forged,genuine,2,0.208207
family_b_004370_checksum_invalid,family_b,5b29764234395a60,v2,checksum_invalid,forged,genuine,2,0.307732
family_b_004371_format_invalid,family_b,5b29764234395a60,v2,format_invalid,forged,genuine,2,0.216881
family_b_004372_field_missing,family_b,5b29764234395a60,v2,field_missing,forged,genuine,2,0.040004
family_b_004373_fine_grained_edit,family_b,5b29764234395a60,v2,fine_grained_edit,forged,genuine,2,0.256106
family_b_004374_coordinated_full_forgery,family_b,5b29764234395a60,v2,coordinated_full_forgery,forged,genuine,2,0.050014
family_b_004375_visual_splice,family_b,5b29764234395a60,v2,visual_splice,forged,forged,2,0.999939
family_b_004376_visual_splice,family_b,5b29764234395a60,v2,visual_splice,forged,forged,2,0.999711
family_b_004377_visual_splice,family_b,5b29764234395a60,v2,visual_splice,forged,forged,2,0.893089
family_b_004378_genuine,family_b,7a13483bf5d61f14,v1,genuine,genuine,genuine,1,6.7e-05
family_b_004379_text_qr_mismatch,family_b,7a13483bf5d61f14,v1,text_qr_mismatch,forged,genuine,1,0.000857
family_b_004380_qr_only_mismatch,family_b,7a13483bf5d61f14,v1,qr_only_mismatch,forged,genuine,1,0.005172
family_b_004381_checksum_invalid,family_b,7a13483bf5d61f14,v1,checksum_invalid,forged,genuine,1,0.002029
family_b_004382_format_invalid,family_b,7a13483bf5d61f14,v1,format_invalid,forged,genuine,1,0.000333
family_b_004383_field_missing,family_b,7a13483bf5d61f14,v1,field_missing,forged,genuine,1,0.000111
family_b_004384_fine_grained_edit,family_b,7a13483bf5d61f14,v1,fine_grained_edit,forged,genuine,1,0.062876
family_b_004385_coordinated_full_forgery,family_b,7a13483bf5d61f14,v1,coordinated_full_forgery,forged,genuine,1,1e-04
family_b_004386_visual_splice,family_b,7a13483bf5d61f14,v1,visual_splice,forged,forged,1,0.999367
family_b_004387_visual_splice,family_b,7a13483bf5d61f14,v1,visual_splice,forged,forged,1,0.998092
family_b_004388_visual_splice,family_b,7a13483bf5d61f14,v1,visual_splice,forged,forged,1,0.999825
family_b_004389_genuine,family_b,3fd3a70ef4959788,v1,genuine,genuine,genuine,1,0.032659
family_b_004390_text_qr_mismatch,family_b,3fd3a70ef4959788,v1,text_qr_mismatch,forged,genuine,1,0.004052
family_b_004391_qr_only_mismatch,family_b,3fd3a70ef4959788,v1,qr_only_mismatch,forged,genuine,1,0.001992
family_b_004392_checksum_invalid,family_b,3fd3a70ef4959788,v1,checksum_invalid,forged,genuine,1,0.007485
family_b_004393_format_invalid,family_b,3fd3a70ef4959788,v1,format_invalid,forged,genuine,1,0.001265
family_b_004394_field_missing,family_b,3fd3a70ef4959788,v1,field_missing,forged,genuine,1,0.000532
family_b_004395_fine_grained_edit,family_b,3fd3a70ef4959788,v1,fine_grained_edit,forged,genuine,1,0.030897
family_b_004396_coordinated_full_forgery,family_b,3fd3a70ef4959788,v1,coordinated_full_forgery,forged,genuine,1,0.065955
family_b_004397_visual_splice,family_b,3fd3a70ef4959788,v1,visual_splice,forged,forged,1,0.004127
family_b_004398_visual_splice,family_b,3fd3a70ef4959788,v1,visual_splice,forged,forged,1,0.999517
family_b_004399_visual_splice,family_b,3fd3a70ef4959788,v1,visual_splice,forged,forged,1,0.999911
family_b_004400_genuine,family_b,2e8ed0483892f517,v2,genuine,genuine,genuine,4,0.079301
family_b_004401_text_qr_mismatch,family_b,2e8ed0483892f517,v2,text_qr_mismatch,forged,genuine,4,0.080733
family_b_004402_qr_only_mismatch,family_b,2e8ed0483892f517,v2,qr_only_mismatch,forged,genuine,4,0.018789
family_b_004403_checksum_invalid,family_b,2e8ed0483892f517,v2,checksum_invalid,forged,genuine,4,0.003278
family_b_004404_format_invalid,family_b,2e8ed0483892f517,v2,format_invalid,forged,genuine,4,4.1e-05
family_b_004405_field_missing,family_b,2e8ed0483892f517,v2,field_missing,forged,genuine,4,0.021366
family_b_004406_fine_grained_edit,family_b,2e8ed0483892f517,v2,fine_grained_edit,forged,genuine,4,0.000577
family_b_004407_coordinated_full_forgery,family_b,2e8ed0483892f517,v2,coordinated_full_forgery,forged,genuine,4,0.387271
family_b_004408_visual_splice,family_b,2e8ed0483892f517,v2,visual_splice,forged,forged,4,0.999865
family_b_004409_visual_splice,family_b,2e8ed0483892f517,v2,visual_splice,forged,forged,4,0.999879
family_b_004410_visual_splice,family_b,2e8ed0483892f517,v2,visual_splice,forged,forged,4,0.997399
family_b_004411_genuine,family_b,fbcc59f5116a776b,v2,genuine,genuine,genuine,3,0.003404
family_b_004412_text_qr_mismatch,family_b,fbcc59f5116a776b,v2,text_qr_mismatch,forged,genuine,3,0.088635
family_b_004413_qr_only_mismatch,family_b,fbcc59f5116a776b,v2,qr_only_mismatch,forged,genuine,3,0.096023
family_b_004414_checksum_invalid,family_b,fbcc59f5116a776b,v2,checksum_invalid,forged,genuine,3,0.001687
family_b_004415_format_invalid,family_b,fbcc59f5116a776b,v2,format_invalid,forged,genuine,3,0.000606
family_b_004416_field_missing,family_b,fbcc59f5116a776b,v2,field_missing,forged,genuine,3,0.001093
family_b_004417_fine_grained_edit,family_b,fbcc59f5116a776b,v2,fine_grained_edit,forged,genuine,3,0.008052
family_b_004418_coordinated_full_forgery,family_b,fbcc59f5116a776b,v2,coordinated_full_forgery,forged,genuine,3,0.009306
family_b_004419_visual_splice,family_b,fbcc59f5116a776b,v2,visual_splice,forged,forged,3,0.997905
family_b_004420_visual_splice,family_b,fbcc59f5116a776b,v2,visual_splice,forged,forged,3,0.991959
family_b_004421_visual_splice,family_b,fbcc59f5116a776b,v2,visual_splice,forged,forged,3,0.99872
family_b_004422_genuine,family_b,13f43765638fb1e8,v2,genuine,genuine,genuine,0,0.005636
family_b_004423_text_qr_mismatch,family_b,13f43765638fb1e8,v2,text_qr_mismatch,forged,genuine,0,0.030111
family_b_004424_qr_only_mismatch,family_b,13f43765638fb1e8,v2,qr_only_mismatch,forged,genuine,0,0.010245
family_b_004425_checksum_invalid,family_b,13f43765638fb1e8,v2,checksum_invalid,forged,genuine,0,0.017086
family_b_004426_format_invalid,family_b,13f43765638fb1e8,v2,format_invalid,forged,genuine,0,0.005734
family_b_004427_field_missing,family_b,13f43765638fb1e8,v2,field_missing,forged,genuine,0,0.002063
family_b_004428_fine_grained_edit,family_b,13f43765638fb1e8,v2,fine_grained_edit,forged,genuine,0,0.007708
family_b_004429_coordinated_full_forgery,family_b,13f43765638fb1e8,v2,coordinated_full_forgery,forged,genuine,0,0.101097
family_b_004430_visual_splice,family_b,13f43765638fb1e8,v2,visual_splice,forged,forged,0,0.999897
family_b_004431_visual_splice,family_b,13f43765638fb1e8,v2,visual_splice,forged,forged,0,0.999378
family_b_004432_visual_splice,family_b,13f43765638fb1e8,v2,visual_splice,forged,forged,0,0.999975
family_b_004433_genuine,family_b,699cf1098fad224f,v2,genuine,genuine,genuine,3,0.032365
family_b_004434_text_qr_mismatch,family_b,699cf1098fad224f,v2,text_qr_mismatch,forged,genuine,3,0.013854
family_b_004435_qr_only_mismatch,family_b,699cf1098fad224f,v2,qr_only_mismatch,forged,genuine,3,0.009382
family_b_004436_checksum_invalid,family_b,699cf1098fad224f,v2,checksum_invalid,forged,genuine,3,0.001035
family_b_004437_format_invalid,family_b,699cf1098fad224f,v2,format_invalid,forged,genuine,3,0.013004
family_b_004438_field_missing,family_b,699cf1098fad224f,v2,field_missing,forged,genuine,3,0.000313
family_b_004439_fine_grained_edit,family_b,699cf1098fad224f,v2,fine_grained_edit,forged,genuine,3,0.014686
family_b_004440_coordinated_full_forgery,family_b,699cf1098fad224f,v2,coordinated_full_forgery,forged,genuine,3,5.4e-05
family_b_004441_visual_splice,family_b,699cf1098fad224f,v2,visual_splice,forged,forged,3,0.922969
family_b_004442_visual_splice,family_b,699cf1098fad224f,v2,visual_splice,forged,forged,3,0.921392
family_b_004443_visual_splice,family_b,699cf1098fad224f,v2,visual_splice,forged,forged,3,0.910172
family_b_004455_genuine,family_b,cf736b80325bf74a,v1,genuine,genuine,genuine,1,0.021084
family_b_004456_text_qr_mismatch,family_b,cf736b80325bf74a,v1,text_qr_mismatch,forged,genuine,1,0.002854
family_b_004457_qr_only_mismatch,family_b,cf736b80325bf74a,v1,qr_only_mismatch,forged,genuine,1,0.000163
family_b_004458_checksum_invalid,family_b,cf736b80325bf74a,v1,checksum_invalid,forged,genuine,1,0.000644
family_b_004459_format_invalid,family_b,cf736b80325bf74a,v1,format_invalid,forged,genuine,1,0.005876
family_b_004460_field_missing,family_b,cf736b80325bf74a,v1,field_missing,forged,genuine,1,0.003731
family_b_004461_fine_grained_edit,family_b,cf736b80325bf74a,v1,fine_grained_edit,forged,genuine,1,0.003854
family_b_004462_coordinated_full_forgery,family_b,cf736b80325bf74a,v1,coordinated_full_forgery,forged,genuine,1,0.021395
family_b_004463_visual_splice,family_b,cf736b80325bf74a,v1,visual_splice,forged,forged,1,0.903644
family_b_004464_visual_splice,family_b,cf736b80325bf74a,v1,visual_splice,forged,forged,1,0.996716
family_b_004465_visual_splice,family_b,cf736b80325bf74a,v1,visual_splice,forged,forged,1,0.994266
family_b_004477_genuine,family_b,75981be2a32ff7b4,v2,genuine,genuine,genuine,1,0.00041
family_b_004478_text_qr_mismatch,family_b,75981be2a32ff7b4,v2,text_qr_mismatch,forged,genuine,1,0.000289
family_b_004479_qr_only_mismatch,family_b,75981be2a32ff7b4,v2,qr_only_mismatch,forged,genuine,1,0.000326
family_b_004480_checksum_invalid,family_b,75981be2a32ff7b4,v2,checksum_invalid,forged,genuine,1,0.090179
family_b_004481_format_invalid,family_b,75981be2a32ff7b4,v2,format_invalid,forged,genuine,1,0.001157
family_b_004482_field_missing,family_b,75981be2a32ff7b4,v2,field_missing,forged,genuine,1,0.000353
family_b_004483_fine_grained_edit,family_b,75981be2a32ff7b4,v2,fine_grained_edit,forged,genuine,1,0.237776
family_b_004484_coordinated_full_forgery,family_b,75981be2a32ff7b4,v2,coordinated_full_forgery,forged,genuine,1,0.000216
family_b_004485_visual_splice,family_b,75981be2a32ff7b4,v2,visual_splice,forged,forged,1,0.999413
family_b_004486_visual_splice,family_b,75981be2a32ff7b4,v2,visual_splice,forged,forged,1,0.999808
family_b_004487_visual_splice,family_b,75981be2a32ff7b4,v2,visual_splice,forged,forged,1,0.999576
family_b_004499_genuine,family_b,661bcfb37398da52,v1,genuine,genuine,genuine,1,0.036347
family_b_004500_text_qr_mismatch,family_b,661bcfb37398da52,v1,text_qr_mismatch,forged,genuine,1,0.003718
family_b_004501_qr_only_mismatch,family_b,661bcfb37398da52,v1,qr_only_mismatch,forged,genuine,1,0.003868
family_b_004502_checksum_invalid,family_b,661bcfb37398da52,v1,checksum_invalid,forged,genuine,1,0.001333
family_b_004503_format_invalid,family_b,661bcfb37398da52,v1,format_invalid,forged,genuine,1,0.085766
family_b_004504_field_missing,family_b,661bcfb37398da52,v1,field_missing,forged,genuine,1,0.00035
family_b_004505_fine_grained_edit,family_b,661bcfb37398da52,v1,fine_grained_edit,forged,genuine,1,0.030476
family_b_004506_coordinated_full_forgery,family_b,661bcfb37398da52,v1,coordinated_full_forgery,forged,genuine,1,0.001856
family_b_004507_visual_splice,family_b,661bcfb37398da52,v1,visual_splice,forged,forged,1,0.999358
family_b_004508_visual_splice,family_b,661bcfb37398da52,v1,visual_splice,forged,forged,1,0.999814
family_b_004509_visual_splice,family_b,661bcfb37398da52,v1,visual_splice,forged,forged,1,0.081015
family_b_004510_genuine,family_b,bc05ec8d6c7b7a4e,v1,genuine,genuine,genuine,3,0.000748
family_b_004511_text_qr_mismatch,family_b,bc05ec8d6c7b7a4e,v1,text_qr_mismatch,forged,genuine,3,0.001132
family_b_004512_qr_only_mismatch,family_b,bc05ec8d6c7b7a4e,v1,qr_only_mismatch,forged,genuine,3,0.000181
family_b_004513_checksum_invalid,family_b,bc05ec8d6c7b7a4e,v1,checksum_invalid,forged,genuine,3,0.00023
family_b_004514_format_invalid,family_b,bc05ec8d6c7b7a4e,v1,format_invalid,forged,genuine,3,7.5e-05
family_b_004515_field_missing,family_b,bc05ec8d6c7b7a4e,v1,field_missing,forged,genuine,3,0.000364
family_b_004516_fine_grained_edit,family_b,bc05ec8d6c7b7a4e,v1,fine_grained_edit,forged,genuine,3,4.1e-05
family_b_004517_coordinated_full_forgery,family_b,bc05ec8d6c7b7a4e,v1,coordinated_full_forgery,forged,genuine,3,0.001772
family_b_004518_visual_splice,family_b,bc05ec8d6c7b7a4e,v1,visual_splice,forged,forged,3,0.947313
family_b_004519_visual_splice,family_b,bc05ec8d6c7b7a4e,v1,visual_splice,forged,forged,3,0.873671
family_b_004520_visual_splice,family_b,bc05ec8d6c7b7a4e,v1,visual_splice,forged,forged,3,0.410545
family_b_004521_genuine,family_b,89636f01a11dca22,v2,genuine,genuine,genuine,0,0.002345
family_b_004522_text_qr_mismatch,family_b,89636f01a11dca22,v2,text_qr_mismatch,forged,genuine,0,0.003619
family_b_004523_qr_only_mismatch,family_b,89636f01a11dca22,v2,qr_only_mismatch,forged,genuine,0,0.007535
family_b_004524_checksum_invalid,family_b,89636f01a11dca22,v2,checksum_invalid,forged,genuine,0,0.003462
family_b_004525_format_invalid,family_b,89636f01a11dca22,v2,format_invalid,forged,genuine,0,0.000964
family_b_004526_field_missing,family_b,89636f01a11dca22,v2,field_missing,forged,genuine,0,0.001083
family_b_004527_fine_grained_edit,family_b,89636f01a11dca22,v2,fine_grained_edit,forged,genuine,0,0.003819
family_b_004528_coordinated_full_forgery,family_b,89636f01a11dca22,v2,coordinated_full_forgery,forged,genuine,0,0.006919
family_b_004529_visual_splice,family_b,89636f01a11dca22,v2,visual_splice,forged,forged,0,0.997257
family_b_004530_visual_splice,family_b,89636f01a11dca22,v2,visual_splice,forged,forged,0,0.999733
family_b_004531_visual_splice,family_b,89636f01a11dca22,v2,visual_splice,forged,forged,0,0.999688
family_b_004532_genuine,family_b,d6ce534f27781b79,v1,genuine,genuine,genuine,2,0.036887
family_b_004533_text_qr_mismatch,family_b,d6ce534f27781b79,v1,text_qr_mismatch,forged,genuine,2,0.026298
family_b_004534_qr_only_mismatch,family_b,d6ce534f27781b79,v1,qr_only_mismatch,forged,genuine,2,0.836412
family_b_004535_checksum_invalid,family_b,d6ce534f27781b79,v1,checksum_invalid,forged,genuine,2,0.016816
family_b_004536_format_invalid,family_b,d6ce534f27781b79,v1,format_invalid,forged,genuine,2,0.001377
family_b_004537_field_missing,family_b,d6ce534f27781b79,v1,field_missing,forged,genuine,2,0.001361
family_b_004538_fine_grained_edit,family_b,d6ce534f27781b79,v1,fine_grained_edit,forged,genuine,2,0.116083
family_b_004539_coordinated_full_forgery,family_b,d6ce534f27781b79,v1,coordinated_full_forgery,forged,genuine,2,0.003557
family_b_004540_visual_splice,family_b,d6ce534f27781b79,v1,visual_splice,forged,forged,2,0.999717
family_b_004541_visual_splice,family_b,d6ce534f27781b79,v1,visual_splice,forged,forged,2,0.999797
family_b_004542_visual_splice,family_b,d6ce534f27781b79,v1,visual_splice,forged,forged,2,0.999927
family_b_004543_genuine,family_b,f5a84c000b90215d,v1,genuine,genuine,genuine,2,0.020951
family_b_004544_text_qr_mismatch,family_b,f5a84c000b90215d,v1,text_qr_mismatch,forged,genuine,2,0.071973
family_b_004545_qr_only_mismatch,family_b,f5a84c000b90215d,v1,qr_only_mismatch,forged,genuine,2,0.035112
family_b_004546_checksum_invalid,family_b,f5a84c000b90215d,v1,checksum_invalid,forged,genuine,2,0.009125
family_b_004547_format_invalid,family_b,f5a84c000b90215d,v1,format_invalid,forged,genuine,2,0.001741
family_b_004548_field_missing,family_b,f5a84c000b90215d,v1,field_missing,forged,genuine,2,2.6e-05
family_b_004549_fine_grained_edit,family_b,f5a84c000b90215d,v1,fine_grained_edit,forged,genuine,2,0.061905
family_b_004550_coordinated_full_forgery,family_b,f5a84c000b90215d,v1,coordinated_full_forgery,forged,genuine,2,0.029452
family_b_004551_visual_splice,family_b,f5a84c000b90215d,v1,visual_splice,forged,forged,2,0.99982
family_b_004552_visual_splice,family_b,f5a84c000b90215d,v1,visual_splice,forged,forged,2,0.065902
family_b_004553_visual_splice,family_b,f5a84c000b90215d,v1,visual_splice,forged,forged,2,0.999835
family_b_004554_genuine,family_b,cdc578633442132a,v1,genuine,genuine,genuine,4,0.507939
family_b_004555_text_qr_mismatch,family_b,cdc578633442132a,v1,text_qr_mismatch,forged,genuine,4,0.062502
family_b_004556_qr_only_mismatch,family_b,cdc578633442132a,v1,qr_only_mismatch,forged,genuine,4,0.05765
family_b_004557_checksum_invalid,family_b,cdc578633442132a,v1,checksum_invalid,forged,genuine,4,0.459261
family_b_004558_format_invalid,family_b,cdc578633442132a,v1,format_invalid,forged,genuine,4,0.084497
family_b_004559_field_missing,family_b,cdc578633442132a,v1,field_missing,forged,genuine,4,0.03966
family_b_004560_fine_grained_edit,family_b,cdc578633442132a,v1,fine_grained_edit,forged,genuine,4,0.19074
family_b_004561_coordinated_full_forgery,family_b,cdc578633442132a,v1,coordinated_full_forgery,forged,genuine,4,0.157141
family_b_004562_visual_splice,family_b,cdc578633442132a,v1,visual_splice,forged,forged,4,0.998492
family_b_004563_visual_splice,family_b,cdc578633442132a,v1,visual_splice,forged,forged,4,0.999887
family_b_004564_visual_splice,family_b,cdc578633442132a,v1,visual_splice,forged,forged,4,0.738805
family_b_004576_genuine,family_b,2e610fe858454a2f,v1,genuine,genuine,genuine,0,0.177441
family_b_004577_text_qr_mismatch,family_b,2e610fe858454a2f,v1,text_qr_mismatch,forged,genuine,0,0.068696
family_b_004578_qr_only_mismatch,family_b,2e610fe858454a2f,v1,qr_only_mismatch,forged,genuine,0,0.091764
family_b_004579_checksum_invalid,family_b,2e610fe858454a2f,v1,checksum_invalid,forged,genuine,0,0.310634
family_b_004580_format_invalid,family_b,2e610fe858454a2f,v1,format_invalid,forged,genuine,0,0.039068
family_b_004581_field_missing,family_b,2e610fe858454a2f,v1,field_missing,forged,genuine,0,0.02941
family_b_004582_fine_grained_edit,family_b,2e610fe858454a2f,v1,fine_grained_edit,forged,genuine,0,0.777899
family_b_004583_coordinated_full_forgery,family_b,2e610fe858454a2f,v1,coordinated_full_forgery,forged,genuine,0,0.00372
family_b_004584_visual_splice,family_b,2e610fe858454a2f,v1,visual_splice,forged,forged,0,0.997708
family_b_004585_visual_splice,family_b,2e610fe858454a2f,v1,visual_splice,forged,forged,0,0.996549
family_b_004586_visual_splice,family_b,2e610fe858454a2f,v1,visual_splice,forged,forged,0,0.960209
family_b_004587_genuine,family_b,45114eeb50b95a33,v2,genuine,genuine,genuine,1,0.042983
family_b_004588_text_qr_mismatch,family_b,45114eeb50b95a33,v2,text_qr_mismatch,forged,genuine,1,0.181779
family_b_004589_qr_only_mismatch,family_b,45114eeb50b95a33,v2,qr_only_mismatch,forged,genuine,1,0.000959
family_b_004590_checksum_invalid,family_b,45114eeb50b95a33,v2,checksum_invalid,forged,genuine,1,0.015455
family_b_004591_format_invalid,family_b,45114eeb50b95a33,v2,format_invalid,forged,genuine,1,0.266363
family_b_004592_field_missing,family_b,45114eeb50b95a33,v2,field_missing,forged,genuine,1,0.001619
family_b_004593_fine_grained_edit,family_b,45114eeb50b95a33,v2,fine_grained_edit,forged,genuine,1,0.233471
family_b_004594_coordinated_full_forgery,family_b,45114eeb50b95a33,v2,coordinated_full_forgery,forged,genuine,1,0.000133
family_b_004595_visual_splice,family_b,45114eeb50b95a33,v2,visual_splice,forged,forged,1,0.99851
family_b_004596_visual_splice,family_b,45114eeb50b95a33,v2,visual_splice,forged,forged,1,0.999901
family_b_004597_visual_splice,family_b,45114eeb50b95a33,v2,visual_splice,forged,forged,1,0.565283
family_b_004598_genuine,family_b,3a15ea5fcc87278a,v1,genuine,genuine,genuine,3,0.000588
family_b_004599_text_qr_mismatch,family_b,3a15ea5fcc87278a,v1,text_qr_mismatch,forged,genuine,3,0.002176
family_b_004600_qr_only_mismatch,family_b,3a15ea5fcc87278a,v1,qr_only_mismatch,forged,genuine,3,0.000292
family_b_004601_checksum_invalid,family_b,3a15ea5fcc87278a,v1,checksum_invalid,forged,genuine,3,3.7e-05
family_b_004602_format_invalid,family_b,3a15ea5fcc87278a,v1,format_invalid,forged,genuine,3,0.002129
family_b_004603_field_missing,family_b,3a15ea5fcc87278a,v1,field_missing,forged,genuine,3,0.000834
family_b_004604_fine_grained_edit,family_b,3a15ea5fcc87278a,v1,fine_grained_edit,forged,genuine,3,0.002082
family_b_004605_coordinated_full_forgery,family_b,3a15ea5fcc87278a,v1,coordinated_full_forgery,forged,genuine,3,0.003194
family_b_004606_visual_splice,family_b,3a15ea5fcc87278a,v1,visual_splice,forged,forged,3,0.993684
family_b_004607_visual_splice,family_b,3a15ea5fcc87278a,v1,visual_splice,forged,forged,3,0.982162
family_b_004608_visual_splice,family_b,3a15ea5fcc87278a,v1,visual_splice,forged,forged,3,0.998572
family_b_004609_genuine,family_b,03d51c46c1d7b29c,v2,genuine,genuine,genuine,2,0.059448
family_b_004610_text_qr_mismatch,family_b,03d51c46c1d7b29c,v2,text_qr_mismatch,forged,genuine,2,0.055709
family_b_004611_qr_only_mismatch,family_b,03d51c46c1d7b29c,v2,qr_only_mismatch,forged,genuine,2,0.007092
family_b_004612_checksum_invalid,family_b,03d51c46c1d7b29c,v2,checksum_invalid,forged,genuine,2,0.008315
family_b_004613_format_invalid,family_b,03d51c46c1d7b29c,v2,format_invalid,forged,genuine,2,0.001945
family_b_004614_field_missing,family_b,03d51c46c1d7b29c,v2,field_missing,forged,genuine,2,0.001701
family_b_004615_fine_grained_edit,family_b,03d51c46c1d7b29c,v2,fine_grained_edit,forged,genuine,2,0.008338
family_b_004616_coordinated_full_forgery,family_b,03d51c46c1d7b29c,v2,coordinated_full_forgery,forged,genuine,2,0.537518
family_b_004617_visual_splice,family_b,03d51c46c1d7b29c,v2,visual_splice,forged,forged,2,0.621339
family_b_004618_visual_splice,family_b,03d51c46c1d7b29c,v2,visual_splice,forged,forged,2,0.999603
family_b_004619_visual_splice,family_b,03d51c46c1d7b29c,v2,visual_splice,forged,forged,2,0.998768
family_b_004620_genuine,family_b,a7953c0b8009e1a3,v2,genuine,genuine,genuine,1,0.00208
family_b_004621_text_qr_mismatch,family_b,a7953c0b8009e1a3,v2,text_qr_mismatch,forged,genuine,1,0.005648
family_b_004622_qr_only_mismatch,family_b,a7953c0b8009e1a3,v2,qr_only_mismatch,forged,genuine,1,0.000409
family_b_004623_checksum_invalid,family_b,a7953c0b8009e1a3,v2,checksum_invalid,forged,genuine,1,0.001094
family_b_004624_format_invalid,family_b,a7953c0b8009e1a3,v2,format_invalid,forged,genuine,1,0.03478
family_b_004625_field_missing,family_b,a7953c0b8009e1a3,v2,field_missing,forged,genuine,1,0.000589
family_b_004626_fine_grained_edit,family_b,a7953c0b8009e1a3,v2,fine_grained_edit,forged,genuine,1,0.003369
family_b_004627_coordinated_full_forgery,family_b,a7953c0b8009e1a3,v2,coordinated_full_forgery,forged,genuine,1,0.016199
family_b_004628_visual_splice,family_b,a7953c0b8009e1a3,v2,visual_splice,forged,forged,1,0.998036
family_b_004629_visual_splice,family_b,a7953c0b8009e1a3,v2,visual_splice,forged,forged,1,0.998145
family_b_004630_visual_splice,family_b,a7953c0b8009e1a3,v2,visual_splice,forged,forged,1,0.999893
family_b_004642_genuine,family_b,48dc8916147bf508,v2,genuine,genuine,genuine,2,0.005495
family_b_004643_text_qr_mismatch,family_b,48dc8916147bf508,v2,text_qr_mismatch,forged,genuine,2,0.001864
family_b_004644_qr_only_mismatch,family_b,48dc8916147bf508,v2,qr_only_mismatch,forged,genuine,2,0.003642
family_b_004645_checksum_invalid,family_b,48dc8916147bf508,v2,checksum_invalid,forged,genuine,2,0.730234
family_b_004646_format_invalid,family_b,48dc8916147bf508,v2,format_invalid,forged,genuine,2,0.000206
family_b_004647_field_missing,family_b,48dc8916147bf508,v2,field_missing,forged,genuine,2,3.1e-05
family_b_004648_fine_grained_edit,family_b,48dc8916147bf508,v2,fine_grained_edit,forged,genuine,2,0.000398
family_b_004649_coordinated_full_forgery,family_b,48dc8916147bf508,v2,coordinated_full_forgery,forged,genuine,2,0.021335
family_b_004650_visual_splice,family_b,48dc8916147bf508,v2,visual_splice,forged,forged,2,0.999822
family_b_004651_visual_splice,family_b,48dc8916147bf508,v2,visual_splice,forged,forged,2,0.999897
family_b_004652_visual_splice,family_b,48dc8916147bf508,v2,visual_splice,forged,forged,2,0.998983
family_b_004653_genuine,family_b,4947c6043a5ef0a9,v1,genuine,genuine,genuine,0,0.002529
family_b_004654_text_qr_mismatch,family_b,4947c6043a5ef0a9,v1,text_qr_mismatch,forged,genuine,0,0.006377
family_b_004655_qr_only_mismatch,family_b,4947c6043a5ef0a9,v1,qr_only_mismatch,forged,genuine,0,0.034843
family_b_004656_checksum_invalid,family_b,4947c6043a5ef0a9,v1,checksum_invalid,forged,genuine,0,0.007022
family_b_004657_format_invalid,family_b,4947c6043a5ef0a9,v1,format_invalid,forged,genuine,0,0.006973
family_b_004658_field_missing,family_b,4947c6043a5ef0a9,v1,field_missing,forged,genuine,0,0.000474
family_b_004659_fine_grained_edit,family_b,4947c6043a5ef0a9,v1,fine_grained_edit,forged,genuine,0,0.000518
family_b_004660_coordinated_full_forgery,family_b,4947c6043a5ef0a9,v1,coordinated_full_forgery,forged,genuine,0,0.009008
family_b_004661_visual_splice,family_b,4947c6043a5ef0a9,v1,visual_splice,forged,forged,0,0.999908
family_b_004662_visual_splice,family_b,4947c6043a5ef0a9,v1,visual_splice,forged,forged,0,0.004336
family_b_004663_visual_splice,family_b,4947c6043a5ef0a9,v1,visual_splice,forged,forged,0,0.780519
family_b_004664_genuine,family_b,7e6f761a284f249d,v2,genuine,genuine,genuine,4,0.844945
family_b_004665_text_qr_mismatch,family_b,7e6f761a284f249d,v2,text_qr_mismatch,forged,genuine,4,0.117427
family_b_004666_qr_only_mismatch,family_b,7e6f761a284f249d,v2,qr_only_mismatch,forged,genuine,4,0.214118
family_b_004667_checksum_invalid,family_b,7e6f761a284f249d,v2,checksum_invalid,forged,genuine,4,0.000919
family_b_004668_format_invalid,family_b,7e6f761a284f249d,v2,format_invalid,forged,genuine,4,0.730632
family_b_004669_field_missing,family_b,7e6f761a284f249d,v2,field_missing,forged,genuine,4,0.003046
family_b_004670_fine_grained_edit,family_b,7e6f761a284f249d,v2,fine_grained_edit,forged,genuine,4,0.15926
family_b_004671_coordinated_full_forgery,family_b,7e6f761a284f249d,v2,coordinated_full_forgery,forged,genuine,4,0.011583
family_b_004672_visual_splice,family_b,7e6f761a284f249d,v2,visual_splice,forged,forged,4,0.999871
family_b_004673_visual_splice,family_b,7e6f761a284f249d,v2,visual_splice,forged,forged,4,0.999931
family_b_004674_visual_splice,family_b,7e6f761a284f249d,v2,visual_splice,forged,forged,4,0.999942
family_b_004675_genuine,family_b,250a0e03e963a80b,v1,genuine,genuine,genuine,2,0.027435
family_b_004676_text_qr_mismatch,family_b,250a0e03e963a80b,v1,text_qr_mismatch,forged,genuine,2,0.027952
family_b_004677_qr_only_mismatch,family_b,250a0e03e963a80b,v1,qr_only_mismatch,forged,genuine,2,0.0126
family_b_004678_checksum_invalid,family_b,250a0e03e963a80b,v1,checksum_invalid,forged,genuine,2,0.052827
family_b_004679_format_invalid,family_b,250a0e03e963a80b,v1,format_invalid,forged,genuine,2,0.014131
family_b_004680_field_missing,family_b,250a0e03e963a80b,v1,field_missing,forged,genuine,2,0.032292
family_b_004681_fine_grained_edit,family_b,250a0e03e963a80b,v1,fine_grained_edit,forged,genuine,2,0.030417
family_b_004682_coordinated_full_forgery,family_b,250a0e03e963a80b,v1,coordinated_full_forgery,forged,genuine,2,0.004491
family_b_004683_visual_splice,family_b,250a0e03e963a80b,v1,visual_splice,forged,forged,2,0.999909
family_b_004684_visual_splice,family_b,250a0e03e963a80b,v1,visual_splice,forged,forged,2,0.9994
family_b_004685_visual_splice,family_b,250a0e03e963a80b,v1,visual_splice,forged,forged,2,0.114901
family_b_004686_genuine,family_b,5cfe777fdad8b374,v1,genuine,genuine,genuine,1,0.06629
family_b_004687_text_qr_mismatch,family_b,5cfe777fdad8b374,v1,text_qr_mismatch,forged,genuine,1,0.048393
family_b_004688_qr_only_mismatch,family_b,5cfe777fdad8b374,v1,qr_only_mismatch,forged,genuine,1,0.043063
family_b_004689_checksum_invalid,family_b,5cfe777fdad8b374,v1,checksum_invalid,forged,genuine,1,0.019637
family_b_004690_format_invalid,family_b,5cfe777fdad8b374,v1,format_invalid,forged,genuine,1,0.030861
family_b_004691_field_missing,family_b,5cfe777fdad8b374,v1,field_missing,forged,genuine,1,0.008049
family_b_004692_fine_grained_edit,family_b,5cfe777fdad8b374,v1,fine_grained_edit,forged,genuine,1,0.157086
family_b_004693_coordinated_full_forgery,family_b,5cfe777fdad8b374,v1,coordinated_full_forgery,forged,genuine,1,0.005513
family_b_004694_visual_splice,family_b,5cfe777fdad8b374,v1,visual_splice,forged,forged,1,0.998803
family_b_004695_visual_splice,family_b,5cfe777fdad8b374,v1,visual_splice,forged,forged,1,0.997574
family_b_004696_visual_splice,family_b,5cfe777fdad8b374,v1,visual_splice,forged,forged,1,0.996535
family_b_004697_genuine,family_b,549db7c8f5364803,v1,genuine,genuine,genuine,0,0.000821
family_b_004698_text_qr_mismatch,family_b,549db7c8f5364803,v1,text_qr_mismatch,forged,genuine,0,8.5e-05
family_b_004699_qr_only_mismatch,family_b,549db7c8f5364803,v1,qr_only_mismatch,forged,genuine,0,0.001346
family_b_004700_checksum_invalid,family_b,549db7c8f5364803,v1,checksum_invalid,forged,genuine,0,0.016352
family_b_004701_format_invalid,family_b,549db7c8f5364803,v1,format_invalid,forged,genuine,0,0.005569
family_b_004702_field_missing,family_b,549db7c8f5364803,v1,field_missing,forged,genuine,0,0.00049
family_b_004703_fine_grained_edit,family_b,549db7c8f5364803,v1,fine_grained_edit,forged,genuine,0,0.003318
family_b_004704_coordinated_full_forgery,family_b,549db7c8f5364803,v1,coordinated_full_forgery,forged,genuine,0,0.04553
family_b_004705_visual_splice,family_b,549db7c8f5364803,v1,visual_splice,forged,forged,0,0.36899
family_b_004706_visual_splice,family_b,549db7c8f5364803,v1,visual_splice,forged,forged,0,0.993486
family_b_004707_visual_splice,family_b,549db7c8f5364803,v1,visual_splice,forged,forged,0,0.999589
family_b_004708_genuine,family_b,0b945060b5794197,v1,genuine,genuine,genuine,0,0.115718
family_b_004709_text_qr_mismatch,family_b,0b945060b5794197,v1,text_qr_mismatch,forged,genuine,0,0.09773
family_b_004710_qr_only_mismatch,family_b,0b945060b5794197,v1,qr_only_mismatch,forged,genuine,0,0.044423
family_b_004711_checksum_invalid,family_b,0b945060b5794197,v1,checksum_invalid,forged,genuine,0,0.028663
family_b_004712_format_invalid,family_b,0b945060b5794197,v1,format_invalid,forged,genuine,0,0.019684
family_b_004713_field_missing,family_b,0b945060b5794197,v1,field_missing,forged,genuine,0,0.018396
family_b_004714_fine_grained_edit,family_b,0b945060b5794197,v1,fine_grained_edit,forged,genuine,0,0.767167
family_b_004715_coordinated_full_forgery,family_b,0b945060b5794197,v1,coordinated_full_forgery,forged,genuine,0,0.004352
family_b_004716_visual_splice,family_b,0b945060b5794197,v1,visual_splice,forged,forged,0,0.999582
family_b_004717_visual_splice,family_b,0b945060b5794197,v1,visual_splice,forged,forged,0,0.99979
family_b_004718_visual_splice,family_b,0b945060b5794197,v1,visual_splice,forged,forged,0,0.999728
family_b_004741_genuine,family_b,0a51fd09a7d0eed0,v2,genuine,genuine,genuine,3,0.107443
family_b_004742_text_qr_mismatch,family_b,0a51fd09a7d0eed0,v2,text_qr_mismatch,forged,genuine,3,0.068417
family_b_004743_qr_only_mismatch,family_b,0a51fd09a7d0eed0,v2,qr_only_mismatch,forged,genuine,3,0.049157
family_b_004744_checksum_invalid,family_b,0a51fd09a7d0eed0,v2,checksum_invalid,forged,genuine,3,0.028499
family_b_004745_format_invalid,family_b,0a51fd09a7d0eed0,v2,format_invalid,forged,genuine,3,0.044255
family_b_004746_field_missing,family_b,0a51fd09a7d0eed0,v2,field_missing,forged,genuine,3,0.005531
family_b_004747_fine_grained_edit,family_b,0a51fd09a7d0eed0,v2,fine_grained_edit,forged,genuine,3,0.027872
family_b_004748_coordinated_full_forgery,family_b,0a51fd09a7d0eed0,v2,coordinated_full_forgery,forged,genuine,3,0.001945
family_b_004749_visual_splice,family_b,0a51fd09a7d0eed0,v2,visual_splice,forged,forged,3,0.012353
family_b_004750_visual_splice,family_b,0a51fd09a7d0eed0,v2,visual_splice,forged,forged,3,0.999584
family_b_004751_visual_splice,family_b,0a51fd09a7d0eed0,v2,visual_splice,forged,forged,3,0.897725
family_b_004752_genuine,family_b,8a70f1eefd2662c2,v1,genuine,genuine,genuine,1,0.00375
family_b_004753_text_qr_mismatch,family_b,8a70f1eefd2662c2,v1,text_qr_mismatch,forged,genuine,1,0.020677
family_b_004754_qr_only_mismatch,family_b,8a70f1eefd2662c2,v1,qr_only_mismatch,forged,genuine,1,0.005995
family_b_004755_checksum_invalid,family_b,8a70f1eefd2662c2,v1,checksum_invalid,forged,genuine,1,0.013926
family_b_004756_format_invalid,family_b,8a70f1eefd2662c2,v1,format_invalid,forged,genuine,1,0.006612
family_b_004757_field_missing,family_b,8a70f1eefd2662c2,v1,field_missing,forged,genuine,1,0.001361
family_b_004758_fine_grained_edit,family_b,8a70f1eefd2662c2,v1,fine_grained_edit,forged,genuine,1,0.030879
family_b_004759_coordinated_full_forgery,family_b,8a70f1eefd2662c2,v1,coordinated_full_forgery,forged,genuine,1,0.011767
family_b_004760_visual_splice,family_b,8a70f1eefd2662c2,v1,visual_splice,forged,forged,1,0.998334
family_b_004761_visual_splice,family_b,8a70f1eefd2662c2,v1,visual_splice,forged,forged,1,0.999856
family_b_004762_visual_splice,family_b,8a70f1eefd2662c2,v1,visual_splice,forged,forged,1,0.006241
family_b_004763_genuine,family_b,0418ce80f189cf00,v1,genuine,genuine,genuine,1,0.001978
family_b_004764_text_qr_mismatch,family_b,0418ce80f189cf00,v1,text_qr_mismatch,forged,genuine,1,0.002058
family_b_004765_qr_only_mismatch,family_b,0418ce80f189cf00,v1,qr_only_mismatch,forged,genuine,1,0.001894
family_b_004766_checksum_invalid,family_b,0418ce80f189cf00,v1,checksum_invalid,forged,genuine,1,0.018691
family_b_004767_format_invalid,family_b,0418ce80f189cf00,v1,format_invalid,forged,genuine,1,0.000515
family_b_004768_field_missing,family_b,0418ce80f189cf00,v1,field_missing,forged,genuine,1,0.000471
family_b_004769_fine_grained_edit,family_b,0418ce80f189cf00,v1,fine_grained_edit,forged,genuine,1,6e-05
family_b_004770_coordinated_full_forgery,family_b,0418ce80f189cf00,v1,coordinated_full_forgery,forged,genuine,1,0.016533
family_b_004771_visual_splice,family_b,0418ce80f189cf00,v1,visual_splice,forged,forged,1,0.999377
family_b_004772_visual_splice,family_b,0418ce80f189cf00,v1,visual_splice,forged,forged,1,0.998826
family_b_004773_visual_splice,family_b,0418ce80f189cf00,v1,visual_splice,forged,forged,1,0.997347
family_b_004796_genuine,family_b,f7d942add611a660,v1,genuine,genuine,genuine,0,0.003396
family_b_004797_text_qr_mismatch,family_b,f7d942add611a660,v1,text_qr_mismatch,forged,genuine,0,0.001195
family_b_004798_qr_only_mismatch,family_b,f7d942add611a660,v1,qr_only_mismatch,forged,genuine,0,0.002819
family_b_004799_checksum_invalid,family_b,f7d942add611a660,v1,checksum_invalid,forged,genuine,0,0.007247
family_b_004800_format_invalid,family_b,f7d942add611a660,v1,format_invalid,forged,genuine,0,0.010745
family_b_004801_field_missing,family_b,f7d942add611a660,v1,field_missing,forged,genuine,0,0.011244
family_b_004802_fine_grained_edit,family_b,f7d942add611a660,v1,fine_grained_edit,forged,genuine,0,0.005046
family_b_004803_coordinated_full_forgery,family_b,f7d942add611a660,v1,coordinated_full_forgery,forged,genuine,0,0.104314
family_b_004804_visual_splice,family_b,f7d942add611a660,v1,visual_splice,forged,forged,0,0.999948
family_b_004805_visual_splice,family_b,f7d942add611a660,v1,visual_splice,forged,forged,0,0.999936
family_b_004806_visual_splice,family_b,f7d942add611a660,v1,visual_splice,forged,forged,0,0.978961
family_b_004807_genuine,family_b,64c4b6750c353df9,v2,genuine,genuine,genuine,1,0.009459
family_b_004808_text_qr_mismatch,family_b,64c4b6750c353df9,v2,text_qr_mismatch,forged,genuine,1,0.011553
family_b_004809_qr_only_mismatch,family_b,64c4b6750c353df9,v2,qr_only_mismatch,forged,genuine,1,0.004141
family_b_004810_checksum_invalid,family_b,64c4b6750c353df9,v2,checksum_invalid,forged,genuine,1,0.008045
family_b_004811_format_invalid,family_b,64c4b6750c353df9,v2,format_invalid,forged,genuine,1,0.00176
family_b_004812_field_missing,family_b,64c4b6750c353df9,v2,field_missing,forged,genuine,1,0.000209
family_b_004813_fine_grained_edit,family_b,64c4b6750c353df9,v2,fine_grained_edit,forged,genuine,1,0.001841
family_b_004814_coordinated_full_forgery,family_b,64c4b6750c353df9,v2,coordinated_full_forgery,forged,genuine,1,0.017033
family_b_004815_visual_splice,family_b,64c4b6750c353df9,v2,visual_splice,forged,forged,1,0.99944
family_b_004816_visual_splice,family_b,64c4b6750c353df9,v2,visual_splice,forged,forged,1,0.99992
family_b_004817_visual_splice,family_b,64c4b6750c353df9,v2,visual_splice,forged,forged,1,0.99955
family_b_004840_genuine,family_b,1b4e136b943ef843,v1,genuine,genuine,genuine,2,0.007914
family_b_004841_text_qr_mismatch,family_b,1b4e136b943ef843,v1,text_qr_mismatch,forged,genuine,2,0.000704
family_b_004842_qr_only_mismatch,family_b,1b4e136b943ef843,v1,qr_only_mismatch,forged,genuine,2,0.00936
family_b_004843_checksum_invalid,family_b,1b4e136b943ef843,v1,checksum_invalid,forged,genuine,2,0.071141
family_b_004844_format_invalid,family_b,1b4e136b943ef843,v1,format_invalid,forged,genuine,2,0.003476
family_b_004845_field_missing,family_b,1b4e136b943ef843,v1,field_missing,forged,genuine,2,5.9e-05
family_b_004846_fine_grained_edit,family_b,1b4e136b943ef843,v1,fine_grained_edit,forged,genuine,2,0.005817
family_b_004847_coordinated_full_forgery,family_b,1b4e136b943ef843,v1,coordinated_full_forgery,forged,genuine,2,0.017322
family_b_004848_visual_splice,family_b,1b4e136b943ef843,v1,visual_splice,forged,forged,2,0.999856
family_b_004849_visual_splice,family_b,1b4e136b943ef843,v1,visual_splice,forged,forged,2,0.999911
family_b_004850_visual_splice,family_b,1b4e136b943ef843,v1,visual_splice,forged,forged,2,0.999223
family_b_004851_genuine,family_b,a5e01af274faa2a9,v1,genuine,genuine,genuine,1,0.002167
family_b_004852_text_qr_mismatch,family_b,a5e01af274faa2a9,v1,text_qr_mismatch,forged,genuine,1,0.011014
family_b_004853_qr_only_mismatch,family_b,a5e01af274faa2a9,v1,qr_only_mismatch,forged,genuine,1,0.001389
family_b_004854_checksum_invalid,family_b,a5e01af274faa2a9,v1,checksum_invalid,forged,genuine,1,0.003976
family_b_004855_format_invalid,family_b,a5e01af274faa2a9,v1,format_invalid,forged,genuine,1,0.003449
family_b_004856_field_missing,family_b,a5e01af274faa2a9,v1,field_missing,forged,genuine,1,0.000457
family_b_004857_fine_grained_edit,family_b,a5e01af274faa2a9,v1,fine_grained_edit,forged,genuine,1,0.002161
family_b_004858_coordinated_full_forgery,family_b,a5e01af274faa2a9,v1,coordinated_full_forgery,forged,genuine,1,0.004873
family_b_004859_visual_splice,family_b,a5e01af274faa2a9,v1,visual_splice,forged,forged,1,0.999635
family_b_004860_visual_splice,family_b,a5e01af274faa2a9,v1,visual_splice,forged,forged,1,0.999358
family_b_004861_visual_splice,family_b,a5e01af274faa2a9,v1,visual_splice,forged,forged,1,0.999857
family_b_004862_genuine,family_b,7553757be990171b,v1,genuine,genuine,genuine,2,0.004513
family_b_004863_text_qr_mismatch,family_b,7553757be990171b,v1,text_qr_mismatch,forged,genuine,2,0.000351
family_b_004864_qr_only_mismatch,family_b,7553757be990171b,v1,qr_only_mismatch,forged,genuine,2,0.005409
family_b_004865_checksum_invalid,family_b,7553757be990171b,v1,checksum_invalid,forged,genuine,2,0.016087
family_b_004866_format_invalid,family_b,7553757be990171b,v1,format_invalid,forged,genuine,2,0.168433
family_b_004867_field_missing,family_b,7553757be990171b,v1,field_missing,forged,genuine,2,0.001104
family_b_004868_fine_grained_edit,family_b,7553757be990171b,v1,fine_grained_edit,forged,genuine,2,0.007486
family_b_004869_coordinated_full_forgery,family_b,7553757be990171b,v1,coordinated_full_forgery,forged,genuine,2,0.36567
family_b_004870_visual_splice,family_b,7553757be990171b,v1,visual_splice,forged,forged,2,0.999375
family_b_004871_visual_splice,family_b,7553757be990171b,v1,visual_splice,forged,forged,2,0.999844
family_b_004872_visual_splice,family_b,7553757be990171b,v1,visual_splice,forged,forged,2,0.998081
family_b_004873_genuine,family_b,8ea1783b18254c61,v2,genuine,genuine,genuine,0,0.04649
family_b_004874_text_qr_mismatch,family_b,8ea1783b18254c61,v2,text_qr_mismatch,forged,genuine,0,0.003066
family_b_004875_qr_only_mismatch,family_b,8ea1783b18254c61,v2,qr_only_mismatch,forged,genuine,0,0.009656
family_b_004876_checksum_invalid,family_b,8ea1783b18254c61,v2,checksum_invalid,forged,genuine,0,0.014812
family_b_004877_format_invalid,family_b,8ea1783b18254c61,v2,format_invalid,forged,genuine,0,0.134392
family_b_004878_field_missing,family_b,8ea1783b18254c61,v2,field_missing,forged,genuine,0,0.02278
family_b_004879_fine_grained_edit,family_b,8ea1783b18254c61,v2,fine_grained_edit,forged,genuine,0,0.018892
family_b_004880_coordinated_full_forgery,family_b,8ea1783b18254c61,v2,coordinated_full_forgery,forged,genuine,0,0.008251
family_b_004881_visual_splice,family_b,8ea1783b18254c61,v2,visual_splice,forged,forged,0,0.474443
family_b_004882_visual_splice,family_b,8ea1783b18254c61,v2,visual_splice,forged,forged,0,0.999801
family_b_004883_visual_splice,family_b,8ea1783b18254c61,v2,visual_splice,forged,forged,0,0.975244
family_b_004895_genuine,family_b,e5851d30ea88bea1,v1,genuine,genuine,genuine,0,0.019751
family_b_004896_text_qr_mismatch,family_b,e5851d30ea88bea1,v1,text_qr_mismatch,forged,genuine,0,0.031505
family_b_004897_qr_only_mismatch,family_b,e5851d30ea88bea1,v1,qr_only_mismatch,forged,genuine,0,0.009996
family_b_004898_checksum_invalid,family_b,e5851d30ea88bea1,v1,checksum_invalid,forged,genuine,0,0.006291
family_b_004899_format_invalid,family_b,e5851d30ea88bea1,v1,format_invalid,forged,genuine,0,0.003223
family_b_004900_field_missing,family_b,e5851d30ea88bea1,v1,field_missing,forged,genuine,0,0.002594
family_b_004901_fine_grained_edit,family_b,e5851d30ea88bea1,v1,fine_grained_edit,forged,genuine,0,0.003315
family_b_004902_coordinated_full_forgery,family_b,e5851d30ea88bea1,v1,coordinated_full_forgery,forged,genuine,0,0.026501
family_b_004903_visual_splice,family_b,e5851d30ea88bea1,v1,visual_splice,forged,forged,0,0.999793
family_b_004904_visual_splice,family_b,e5851d30ea88bea1,v1,visual_splice,forged,forged,0,0.997388
family_b_004905_visual_splice,family_b,e5851d30ea88bea1,v1,visual_splice,forged,forged,0,0.999642
family_b_004928_genuine,family_b,2fcebd57c4076056,v2,genuine,genuine,genuine,4,0.002093
family_b_004929_text_qr_mismatch,family_b,2fcebd57c4076056,v2,text_qr_mismatch,forged,genuine,4,0.006509
family_b_004930_qr_only_mismatch,family_b,2fcebd57c4076056,v2,qr_only_mismatch,forged,genuine,4,0.01324
family_b_004931_checksum_invalid,family_b,2fcebd57c4076056,v2,checksum_invalid,forged,genuine,4,0.196008
family_b_004932_format_invalid,family_b,2fcebd57c4076056,v2,format_invalid,forged,genuine,4,0.001048
family_b_004933_field_missing,family_b,2fcebd57c4076056,v2,field_missing,forged,genuine,4,0.003604
family_b_004934_fine_grained_edit,family_b,2fcebd57c4076056,v2,fine_grained_edit,forged,genuine,4,0.005675
family_b_004935_coordinated_full_forgery,family_b,2fcebd57c4076056,v2,coordinated_full_forgery,forged,genuine,4,0.022207
family_b_004936_visual_splice,family_b,2fcebd57c4076056,v2,visual_splice,forged,forged,4,0.999627
family_b_004937_visual_splice,family_b,2fcebd57c4076056,v2,visual_splice,forged,forged,4,0.990923
family_b_004938_visual_splice,family_b,2fcebd57c4076056,v2,visual_splice,forged,forged,4,0.998883
family_b_004939_genuine,family_b,3d07f75792045e64,v1,genuine,genuine,genuine,3,0.001129
family_b_004940_text_qr_mismatch,family_b,3d07f75792045e64,v1,text_qr_mismatch,forged,genuine,3,0.00018
family_b_004941_qr_only_mismatch,family_b,3d07f75792045e64,v1,qr_only_mismatch,forged,genuine,3,0.000556
family_b_004942_checksum_invalid,family_b,3d07f75792045e64,v1,checksum_invalid,forged,genuine,3,0.001044
family_b_004943_format_invalid,family_b,3d07f75792045e64,v1,format_invalid,forged,genuine,3,0.000271
family_b_004944_field_missing,family_b,3d07f75792045e64,v1,field_missing,forged,genuine,3,9.6e-05
family_b_004945_fine_grained_edit,family_b,3d07f75792045e64,v1,fine_grained_edit,forged,genuine,3,0.162797
family_b_004946_coordinated_full_forgery,family_b,3d07f75792045e64,v1,coordinated_full_forgery,forged,genuine,3,0.000527
family_b_004947_visual_splice,family_b,3d07f75792045e64,v1,visual_splice,forged,forged,3,0.998841
family_b_004948_visual_splice,family_b,3d07f75792045e64,v1,visual_splice,forged,forged,3,0.925092
family_b_004949_visual_splice,family_b,3d07f75792045e64,v1,visual_splice,forged,forged,3,0.322602
family_b_004972_genuine,family_b,696d5faa60add1c5,v1,genuine,genuine,genuine,2,0.012961
family_b_004973_text_qr_mismatch,family_b,696d5faa60add1c5,v1,text_qr_mismatch,forged,genuine,2,0.002866
family_b_004974_qr_only_mismatch,family_b,696d5faa60add1c5,v1,qr_only_mismatch,forged,genuine,2,0.621597
family_b_004975_checksum_invalid,family_b,696d5faa60add1c5,v1,checksum_invalid,forged,genuine,2,0.011286
family_b_004976_format_invalid,family_b,696d5faa60add1c5,v1,format_invalid,forged,genuine,2,0.004359
family_b_004977_field_missing,family_b,696d5faa60add1c5,v1,field_missing,forged,genuine,2,0.000372
family_b_004978_fine_grained_edit,family_b,696d5faa60add1c5,v1,fine_grained_edit,forged,genuine,2,0.003359
family_b_004979_coordinated_full_forgery,family_b,696d5faa60add1c5,v1,coordinated_full_forgery,forged,genuine,2,0.007002
family_b_004980_visual_splice,family_b,696d5faa60add1c5,v1,visual_splice,forged,forged,2,0.957903
family_b_004981_visual_splice,family_b,696d5faa60add1c5,v1,visual_splice,forged,forged,2,0.998811
family_b_004982_visual_splice,family_b,696d5faa60add1c5,v1,visual_splice,forged,forged,2,0.999857
family_b_004983_genuine,family_b,467fb9effccd8780,v2,genuine,genuine,genuine,3,0.003022
family_b_004984_text_qr_mismatch,family_b,467fb9effccd8780,v2,text_qr_mismatch,forged,genuine,3,1.2e-05
family_b_004985_qr_only_mismatch,family_b,467fb9effccd8780,v2,qr_only_mismatch,forged,genuine,3,2.4e-05
family_b_004986_checksum_invalid,family_b,467fb9effccd8780,v2,checksum_invalid,forged,genuine,3,0.572142
family_b_004987_format_invalid,family_b,467fb9effccd8780,v2,format_invalid,forged,genuine,3,0.004275
family_b_004988_field_missing,family_b,467fb9effccd8780,v2,field_missing,forged,genuine,3,0.001686
family_b_004989_fine_grained_edit,family_b,467fb9effccd8780,v2,fine_grained_edit,forged,genuine,3,0.003756
family_b_004990_coordinated_full_forgery,family_b,467fb9effccd8780,v2,coordinated_full_forgery,forged,genuine,3,0.022856
family_b_004991_visual_splice,family_b,467fb9effccd8780,v2,visual_splice,forged,forged,3,0.99843
family_b_004992_visual_splice,family_b,467fb9effccd8780,v2,visual_splice,forged,forged,3,0.999166
family_b_004993_visual_splice,family_b,467fb9effccd8780,v2,visual_splice,forged,forged,3,0.470794
family_b_004994_genuine,family_b,36b78132cbec8e69,v1,genuine,genuine,genuine,4,8e-06
family_b_004995_text_qr_mismatch,family_b,36b78132cbec8e69,v1,text_qr_mismatch,forged,genuine,4,0.005065
family_b_004996_qr_only_mismatch,family_b,36b78132cbec8e69,v1,qr_only_mismatch,forged,genuine,4,0.103121
family_b_004997_checksum_invalid,family_b,36b78132cbec8e69,v1,checksum_invalid,forged,genuine,4,0.887796
family_b_004998_format_invalid,family_b,36b78132cbec8e69,v1,format_invalid,forged,genuine,4,0.001096
family_b_004999_field_missing,family_b,36b78132cbec8e69,v1,field_missing,forged,genuine,4,0.000153
family_b_005000_fine_grained_edit,family_b,36b78132cbec8e69,v1,fine_grained_edit,forged,genuine,4,0.016956
family_b_005001_coordinated_full_forgery,family_b,36b78132cbec8e69,v1,coordinated_full_forgery,forged,genuine,4,0.355442
family_b_005002_visual_splice,family_b,36b78132cbec8e69,v1,visual_splice,forged,forged,4,0.999876
family_b_005003_visual_splice,family_b,36b78132cbec8e69,v1,visual_splice,forged,forged,4,0.999212
family_b_005004_visual_splice,family_b,36b78132cbec8e69,v1,visual_splice,forged,forged,4,0.285245
family_b_005005_genuine,family_b,81255b288d006e18,v2,genuine,genuine,genuine,4,0.032118
family_b_005006_text_qr_mismatch,family_b,81255b288d006e18,v2,text_qr_mismatch,forged,genuine,4,0.003198
family_b_005007_qr_only_mismatch,family_b,81255b288d006e18,v2,qr_only_mismatch,forged,genuine,4,0.060481
family_b_005008_checksum_invalid,family_b,81255b288d006e18,v2,checksum_invalid,forged,genuine,4,0.177246
family_b_005009_format_invalid,family_b,81255b288d006e18,v2,format_invalid,forged,genuine,4,0.698262
family_b_005010_field_missing,family_b,81255b288d006e18,v2,field_missing,forged,genuine,4,0.014362
family_b_005011_fine_grained_edit,family_b,81255b288d006e18,v2,fine_grained_edit,forged,genuine,4,0.417887
family_b_005012_coordinated_full_forgery,family_b,81255b288d006e18,v2,coordinated_full_forgery,forged,genuine,4,0.019432
family_b_005013_visual_splice,family_b,81255b288d006e18,v2,visual_splice,forged,forged,4,0.999937
family_b_005014_visual_splice,family_b,81255b288d006e18,v2,visual_splice,forged,forged,4,0.999908
family_b_005015_visual_splice,family_b,81255b288d006e18,v2,visual_splice,forged,forged,4,0.999526
family_b_005016_genuine,family_b,ee2384036abf0eab,v2,genuine,genuine,genuine,3,0.007127
family_b_005017_text_qr_mismatch,family_b,ee2384036abf0eab,v2,text_qr_mismatch,forged,genuine,3,0.003156
family_b_005018_qr_only_mismatch,family_b,ee2384036abf0eab,v2,qr_only_mismatch,forged,genuine,3,0.003363
family_b_005019_checksum_invalid,family_b,ee2384036abf0eab,v2,checksum_invalid,forged,genuine,3,0.018531
family_b_005020_format_invalid,family_b,ee2384036abf0eab,v2,format_invalid,forged,genuine,3,0.094382
family_b_005021_field_missing,family_b,ee2384036abf0eab,v2,field_missing,forged,genuine,3,0.005585
family_b_005022_fine_grained_edit,family_b,ee2384036abf0eab,v2,fine_grained_edit,forged,genuine,3,0.000907
family_b_005023_coordinated_full_forgery,family_b,ee2384036abf0eab,v2,coordinated_full_forgery,forged,genuine,3,0.000704
family_b_005024_visual_splice,family_b,ee2384036abf0eab,v2,visual_splice,forged,forged,3,0.675924
family_b_005025_visual_splice,family_b,ee2384036abf0eab,v2,visual_splice,forged,forged,3,0.991336
family_b_005026_visual_splice,family_b,ee2384036abf0eab,v2,visual_splice,forged,forged,3,0.999723
family_b_005027_genuine,family_b,8cbe87c63320a706,v1,genuine,genuine,genuine,3,0.006161
family_b_005028_text_qr_mismatch,family_b,8cbe87c63320a706,v1,text_qr_mismatch,forged,genuine,3,0.002864
family_b_005029_qr_only_mismatch,family_b,8cbe87c63320a706,v1,qr_only_mismatch,forged,genuine,3,0.01734
family_b_005030_checksum_invalid,family_b,8cbe87c63320a706,v1,checksum_invalid,forged,genuine,3,0.000715
family_b_005031_format_invalid,family_b,8cbe87c63320a706,v1,format_invalid,forged,genuine,3,0.000936
family_b_005032_field_missing,family_b,8cbe87c63320a706,v1,field_missing,forged,genuine,3,0.00112
family_b_005033_fine_grained_edit,family_b,8cbe87c63320a706,v1,fine_grained_edit,forged,genuine,3,0.003674
family_b_005034_coordinated_full_forgery,family_b,8cbe87c63320a706,v1,coordinated_full_forgery,forged,genuine,3,0.000222
family_b_005035_visual_splice,family_b,8cbe87c63320a706,v1,visual_splice,forged,forged,3,0.992028
family_b_005036_visual_splice,family_b,8cbe87c63320a706,v1,visual_splice,forged,forged,3,0.997472
family_b_005037_visual_splice,family_b,8cbe87c63320a706,v1,visual_splice,forged,forged,3,0.999716
family_b_005049_genuine,family_b,1ee750678d04dc57,v2,genuine,genuine,genuine,2,0.400077
family_b_005050_text_qr_mismatch,family_b,1ee750678d04dc57,v2,text_qr_mismatch,forged,genuine,2,0.037941
family_b_005051_qr_only_mismatch,family_b,1ee750678d04dc57,v2,qr_only_mismatch,forged,genuine,2,0.174808
family_b_005052_checksum_invalid,family_b,1ee750678d04dc57,v2,checksum_invalid,forged,genuine,2,0.027886
family_b_005053_format_invalid,family_b,1ee750678d04dc57,v2,format_invalid,forged,genuine,2,0.01489
family_b_005054_field_missing,family_b,1ee750678d04dc57,v2,field_missing,forged,genuine,2,0.000796
family_b_005055_fine_grained_edit,family_b,1ee750678d04dc57,v2,fine_grained_edit,forged,genuine,2,0.011499
family_b_005056_coordinated_full_forgery,family_b,1ee750678d04dc57,v2,coordinated_full_forgery,forged,genuine,2,0.038568
family_b_005057_visual_splice,family_b,1ee750678d04dc57,v2,visual_splice,forged,forged,2,0.999813
family_b_005058_visual_splice,family_b,1ee750678d04dc57,v2,visual_splice,forged,forged,2,0.99969
family_b_005059_visual_splice,family_b,1ee750678d04dc57,v2,visual_splice,forged,forged,2,0.999944
family_b_005060_genuine,family_b,3e6107c1e90b6a03,v2,genuine,genuine,genuine,4,0.046039
family_b_005061_text_qr_mismatch,family_b,3e6107c1e90b6a03,v2,text_qr_mismatch,forged,genuine,4,0.044805
family_b_005062_qr_only_mismatch,family_b,3e6107c1e90b6a03,v2,qr_only_mismatch,forged,genuine,4,0.012047
family_b_005063_checksum_invalid,family_b,3e6107c1e90b6a03,v2,checksum_invalid,forged,genuine,4,0.008614
family_b_005064_format_invalid,family_b,3e6107c1e90b6a03,v2,format_invalid,forged,genuine,4,0.004121
family_b_005065_field_missing,family_b,3e6107c1e90b6a03,v2,field_missing,forged,genuine,4,0.000289
family_b_005066_fine_grained_edit,family_b,3e6107c1e90b6a03,v2,fine_grained_edit,forged,genuine,4,0.207781
family_b_005067_coordinated_full_forgery,family_b,3e6107c1e90b6a03,v2,coordinated_full_forgery,forged,genuine,4,0.022523
family_b_005068_visual_splice,family_b,3e6107c1e90b6a03,v2,visual_splice,forged,forged,4,0.999591
family_b_005069_visual_splice,family_b,3e6107c1e90b6a03,v2,visual_splice,forged,forged,4,0.011924
family_b_005070_visual_splice,family_b,3e6107c1e90b6a03,v2,visual_splice,forged,forged,4,0.996565
family_b_005071_genuine,family_b,16645f67fbf90151,v1,genuine,genuine,genuine,4,0.015365
family_b_005072_text_qr_mismatch,family_b,16645f67fbf90151,v1,text_qr_mismatch,forged,genuine,4,0.016608
family_b_005073_qr_only_mismatch,family_b,16645f67fbf90151,v1,qr_only_mismatch,forged,genuine,4,0.010637
family_b_005074_checksum_invalid,family_b,16645f67fbf90151,v1,checksum_invalid,forged,genuine,4,0.074621
family_b_005075_format_invalid,family_b,16645f67fbf90151,v1,format_invalid,forged,genuine,4,0.002728
family_b_005076_field_missing,family_b,16645f67fbf90151,v1,field_missing,forged,genuine,4,0.001236
family_b_005077_fine_grained_edit,family_b,16645f67fbf90151,v1,fine_grained_edit,forged,genuine,4,0.031775
family_b_005078_coordinated_full_forgery,family_b,16645f67fbf90151,v1,coordinated_full_forgery,forged,genuine,4,0.000802
family_b_005079_visual_splice,family_b,16645f67fbf90151,v1,visual_splice,forged,forged,4,0.999764
family_b_005080_visual_splice,family_b,16645f67fbf90151,v1,visual_splice,forged,forged,4,0.995842
family_b_005081_visual_splice,family_b,16645f67fbf90151,v1,visual_splice,forged,forged,4,0.999852
family_b_005082_genuine,family_b,c1b2b44a5ba746ca,v1,genuine,genuine,genuine,2,0.065876
family_b_005083_text_qr_mismatch,family_b,c1b2b44a5ba746ca,v1,text_qr_mismatch,forged,genuine,2,0.003992
family_b_005084_qr_only_mismatch,family_b,c1b2b44a5ba746ca,v1,qr_only_mismatch,forged,genuine,2,0.023961
family_b_005085_checksum_invalid,family_b,c1b2b44a5ba746ca,v1,checksum_invalid,forged,genuine,2,0.025197
family_b_005086_format_invalid,family_b,c1b2b44a5ba746ca,v1,format_invalid,forged,genuine,2,0.003001
family_b_005087_field_missing,family_b,c1b2b44a5ba746ca,v1,field_missing,forged,genuine,2,0.000184
family_b_005088_fine_grained_edit,family_b,c1b2b44a5ba746ca,v1,fine_grained_edit,forged,genuine,2,0.005018
family_b_005089_coordinated_full_forgery,family_b,c1b2b44a5ba746ca,v1,coordinated_full_forgery,forged,genuine,2,0.045447
family_b_005090_visual_splice,family_b,c1b2b44a5ba746ca,v1,visual_splice,forged,forged,2,0.99978
family_b_005091_visual_splice,family_b,c1b2b44a5ba746ca,v1,visual_splice,forged,forged,2,0.99988
family_b_005092_visual_splice,family_b,c1b2b44a5ba746ca,v1,visual_splice,forged,forged,2,0.999946
family_b_005093_genuine,family_b,4d23949b32129040,v1,genuine,genuine,genuine,4,0.112196
family_b_005094_text_qr_mismatch,family_b,4d23949b32129040,v1,text_qr_mismatch,forged,genuine,4,0.069247
family_b_005095_qr_only_mismatch,family_b,4d23949b32129040,v1,qr_only_mismatch,forged,genuine,4,0.099991
family_b_005096_checksum_invalid,family_b,4d23949b32129040,v1,checksum_invalid,forged,genuine,4,0.022211
family_b_005097_format_invalid,family_b,4d23949b32129040,v1,format_invalid,forged,genuine,4,0.151193
family_b_005098_field_missing,family_b,4d23949b32129040,v1,field_missing,forged,genuine,4,0.023375
family_b_005099_fine_grained_edit,family_b,4d23949b32129040,v1,fine_grained_edit,forged,genuine,4,0.064907
family_b_005100_coordinated_full_forgery,family_b,4d23949b32129040,v1,coordinated_full_forgery,forged,genuine,4,0.02146
family_b_005101_visual_splice,family_b,4d23949b32129040,v1,visual_splice,forged,forged,4,0.985832
family_b_005102_visual_splice,family_b,4d23949b32129040,v1,visual_splice,forged,forged,4,0.992623
family_b_005103_visual_splice,family_b,4d23949b32129040,v1,visual_splice,forged,forged,4,0.814673
family_b_005104_genuine,family_b,8b98f7afa6cdf0cb,v2,genuine,genuine,genuine,3,0.00823
family_b_005105_text_qr_mismatch,family_b,8b98f7afa6cdf0cb,v2,text_qr_mismatch,forged,genuine,3,0.001373
family_b_005106_qr_only_mismatch,family_b,8b98f7afa6cdf0cb,v2,qr_only_mismatch,forged,genuine,3,0.005937
family_b_005107_checksum_invalid,family_b,8b98f7afa6cdf0cb,v2,checksum_invalid,forged,genuine,3,0.001043
family_b_005108_format_invalid,family_b,8b98f7afa6cdf0cb,v2,format_invalid,forged,genuine,3,0.000552
family_b_005109_field_missing,family_b,8b98f7afa6cdf0cb,v2,field_missing,forged,genuine,3,0.000462
family_b_005110_fine_grained_edit,family_b,8b98f7afa6cdf0cb,v2,fine_grained_edit,forged,genuine,3,0.000409
family_b_005111_coordinated_full_forgery,family_b,8b98f7afa6cdf0cb,v2,coordinated_full_forgery,forged,genuine,3,5.1e-05
family_b_005112_visual_splice,family_b,8b98f7afa6cdf0cb,v2,visual_splice,forged,forged,3,0.416864
family_b_005113_visual_splice,family_b,8b98f7afa6cdf0cb,v2,visual_splice,forged,forged,3,0.999042
family_b_005114_visual_splice,family_b,8b98f7afa6cdf0cb,v2,visual_splice,forged,forged,3,0.997002
family_b_005115_genuine,family_b,d0fb4f36803daae0,v1,genuine,genuine,genuine,1,0.005029
family_b_005116_text_qr_mismatch,family_b,d0fb4f36803daae0,v1,text_qr_mismatch,forged,genuine,1,0.002211
family_b_005117_qr_only_mismatch,family_b,d0fb4f36803daae0,v1,qr_only_mismatch,forged,genuine,1,0.009505
family_b_005118_checksum_invalid,family_b,d0fb4f36803daae0,v1,checksum_invalid,forged,genuine,1,0.006201
family_b_005119_format_invalid,family_b,d0fb4f36803daae0,v1,format_invalid,forged,genuine,1,0.001199
family_b_005120_field_missing,family_b,d0fb4f36803daae0,v1,field_missing,forged,genuine,1,0.000468
family_b_005121_fine_grained_edit,family_b,d0fb4f36803daae0,v1,fine_grained_edit,forged,genuine,1,0.003094
family_b_005122_coordinated_full_forgery,family_b,d0fb4f36803daae0,v1,coordinated_full_forgery,forged,genuine,1,0.438838
family_b_005123_visual_splice,family_b,d0fb4f36803daae0,v1,visual_splice,forged,forged,1,0.99379
family_b_005124_visual_splice,family_b,d0fb4f36803daae0,v1,visual_splice,forged,forged,1,0.999619
family_b_005125_visual_splice,family_b,d0fb4f36803daae0,v1,visual_splice,forged,forged,1,0.992518
family_b_005137_genuine,family_b,f82b3519ffdef7aa,v1,genuine,genuine,genuine,0,0.002686
family_b_005138_text_qr_mismatch,family_b,f82b3519ffdef7aa,v1,text_qr_mismatch,forged,genuine,0,0.014223
family_b_005139_qr_only_mismatch,family_b,f82b3519ffdef7aa,v1,qr_only_mismatch,forged,genuine,0,0.045729
family_b_005140_checksum_invalid,family_b,f82b3519ffdef7aa,v1,checksum_invalid,forged,genuine,0,0.007789
family_b_005141_format_invalid,family_b,f82b3519ffdef7aa,v1,format_invalid,forged,genuine,0,0.000826
family_b_005142_field_missing,family_b,f82b3519ffdef7aa,v1,field_missing,forged,genuine,0,0.037414
family_b_005143_fine_grained_edit,family_b,f82b3519ffdef7aa,v1,fine_grained_edit,forged,genuine,0,0.052894
family_b_005144_coordinated_full_forgery,family_b,f82b3519ffdef7aa,v1,coordinated_full_forgery,forged,genuine,0,0.00188
family_b_005145_visual_splice,family_b,f82b3519ffdef7aa,v1,visual_splice,forged,forged,0,0.999955
family_b_005146_visual_splice,family_b,f82b3519ffdef7aa,v1,visual_splice,forged,forged,0,0.567956
family_b_005147_visual_splice,family_b,f82b3519ffdef7aa,v1,visual_splice,forged,forged,0,0.021881
family_b_005148_genuine,family_b,c50541c43f470bc4,v2,genuine,genuine,genuine,2,0.062843
family_b_005149_text_qr_mismatch,family_b,c50541c43f470bc4,v2,text_qr_mismatch,forged,genuine,2,0.026364
family_b_005150_qr_only_mismatch,family_b,c50541c43f470bc4,v2,qr_only_mismatch,forged,genuine,2,0.004504
family_b_005151_checksum_invalid,family_b,c50541c43f470bc4,v2,checksum_invalid,forged,genuine,2,0.012151
family_b_005152_format_invalid,family_b,c50541c43f470bc4,v2,format_invalid,forged,genuine,2,0.010172
family_b_005153_field_missing,family_b,c50541c43f470bc4,v2,field_missing,forged,genuine,2,0.02821
family_b_005154_fine_grained_edit,family_b,c50541c43f470bc4,v2,fine_grained_edit,forged,genuine,2,0.004987
family_b_005155_coordinated_full_forgery,family_b,c50541c43f470bc4,v2,coordinated_full_forgery,forged,genuine,2,0.130293
family_b_005156_visual_splice,family_b,c50541c43f470bc4,v2,visual_splice,forged,forged,2,0.999802
family_b_005157_visual_splice,family_b,c50541c43f470bc4,v2,visual_splice,forged,forged,2,0.020317
family_b_005158_visual_splice,family_b,c50541c43f470bc4,v2,visual_splice,forged,forged,2,0.976383
family_b_005159_genuine,family_b,8f8f1de11c43c80e,v2,genuine,genuine,genuine,2,0.104002
family_b_005160_text_qr_mismatch,family_b,8f8f1de11c43c80e,v2,text_qr_mismatch,forged,genuine,2,0.015798
family_b_005161_qr_only_mismatch,family_b,8f8f1de11c43c80e,v2,qr_only_mismatch,forged,genuine,2,0.23731
family_b_005162_checksum_invalid,family_b,8f8f1de11c43c80e,v2,checksum_invalid,forged,genuine,2,0.058188
family_b_005163_format_invalid,family_b,8f8f1de11c43c80e,v2,format_invalid,forged,genuine,2,0.040143
family_b_005164_field_missing,family_b,8f8f1de11c43c80e,v2,field_missing,forged,genuine,2,0.003903
family_b_005165_fine_grained_edit,family_b,8f8f1de11c43c80e,v2,fine_grained_edit,forged,genuine,2,0.010669
family_b_005166_coordinated_full_forgery,family_b,8f8f1de11c43c80e,v2,coordinated_full_forgery,forged,genuine,2,0.001533
family_b_005167_visual_splice,family_b,8f8f1de11c43c80e,v2,visual_splice,forged,forged,2,0.882295
family_b_005168_visual_splice,family_b,8f8f1de11c43c80e,v2,visual_splice,forged,forged,2,0.999908
family_b_005169_visual_splice,family_b,8f8f1de11c43c80e,v2,visual_splice,forged,forged,2,0.999698
family_b_005170_genuine,family_b,ae21fcd3efe70656,v2,genuine,genuine,genuine,3,0.000366
family_b_005171_text_qr_mismatch,family_b,ae21fcd3efe70656,v2,text_qr_mismatch,forged,genuine,3,0.000728
family_b_005172_qr_only_mismatch,family_b,ae21fcd3efe70656,v2,qr_only_mismatch,forged,genuine,3,0.011444
family_b_005173_checksum_invalid,family_b,ae21fcd3efe70656,v2,checksum_invalid,forged,genuine,3,0.002813
family_b_005174_format_invalid,family_b,ae21fcd3efe70656,v2,format_invalid,forged,genuine,3,0.000249
family_b_005175_field_missing,family_b,ae21fcd3efe70656,v2,field_missing,forged,genuine,3,0.001605
family_b_005176_fine_grained_edit,family_b,ae21fcd3efe70656,v2,fine_grained_edit,forged,genuine,3,5e-06
family_b_005177_coordinated_full_forgery,family_b,ae21fcd3efe70656,v2,coordinated_full_forgery,forged,genuine,3,0.000288
family_b_005178_visual_splice,family_b,ae21fcd3efe70656,v2,visual_splice,forged,forged,3,0.809818
family_b_005179_visual_splice,family_b,ae21fcd3efe70656,v2,visual_splice,forged,forged,3,0.998692
family_b_005180_visual_splice,family_b,ae21fcd3efe70656,v2,visual_splice,forged,forged,3,0.000397
family_b_005192_genuine,family_b,7ebc58e938798374,v2,genuine,genuine,genuine,1,0.001138
family_b_005193_text_qr_mismatch,family_b,7ebc58e938798374,v2,text_qr_mismatch,forged,genuine,1,0.000298
family_b_005194_qr_only_mismatch,family_b,7ebc58e938798374,v2,qr_only_mismatch,forged,genuine,1,0.003634
family_b_005195_checksum_invalid,family_b,7ebc58e938798374,v2,checksum_invalid,forged,genuine,1,0.01873
family_b_005196_format_invalid,family_b,7ebc58e938798374,v2,format_invalid,forged,genuine,1,0.000326
family_b_005197_field_missing,family_b,7ebc58e938798374,v2,field_missing,forged,genuine,1,0.000134
family_b_005198_fine_grained_edit,family_b,7ebc58e938798374,v2,fine_grained_edit,forged,genuine,1,0.055368
family_b_005199_coordinated_full_forgery,family_b,7ebc58e938798374,v2,coordinated_full_forgery,forged,genuine,1,0.026655
family_b_005200_visual_splice,family_b,7ebc58e938798374,v2,visual_splice,forged,forged,1,0.999139
family_b_005201_visual_splice,family_b,7ebc58e938798374,v2,visual_splice,forged,forged,1,0.999695
family_b_005202_visual_splice,family_b,7ebc58e938798374,v2,visual_splice,forged,forged,1,0.999836
family_b_005203_genuine,family_b,0d0f12d592980344,v2,genuine,genuine,genuine,3,6e-05
family_b_005204_text_qr_mismatch,family_b,0d0f12d592980344,v2,text_qr_mismatch,forged,genuine,3,0.00019
family_b_005205_qr_only_mismatch,family_b,0d0f12d592980344,v2,qr_only_mismatch,forged,genuine,3,8.5e-05
family_b_005206_checksum_invalid,family_b,0d0f12d592980344,v2,checksum_invalid,forged,genuine,3,1.9e-05
family_b_005207_format_invalid,family_b,0d0f12d592980344,v2,format_invalid,forged,genuine,3,3e-06
family_b_005208_field_missing,family_b,0d0f12d592980344,v2,field_missing,forged,genuine,3,0.216022
family_b_005209_fine_grained_edit,family_b,0d0f12d592980344,v2,fine_grained_edit,forged,genuine,3,0.000455
family_b_005210_coordinated_full_forgery,family_b,0d0f12d592980344,v2,coordinated_full_forgery,forged,genuine,3,0.000439
family_b_005211_visual_splice,family_b,0d0f12d592980344,v2,visual_splice,forged,forged,3,0.999343
family_b_005212_visual_splice,family_b,0d0f12d592980344,v2,visual_splice,forged,forged,3,0.999453
family_b_005213_visual_splice,family_b,0d0f12d592980344,v2,visual_splice,forged,forged,3,0.998289
family_b_005214_genuine,family_b,6e96d324854a123b,v1,genuine,genuine,genuine,2,0.074885
family_b_005215_text_qr_mismatch,family_b,6e96d324854a123b,v1,text_qr_mismatch,forged,genuine,2,0.038829
family_b_005216_qr_only_mismatch,family_b,6e96d324854a123b,v1,qr_only_mismatch,forged,genuine,2,0.064603
family_b_005217_checksum_invalid,family_b,6e96d324854a123b,v1,checksum_invalid,forged,genuine,2,0.02792
family_b_005218_format_invalid,family_b,6e96d324854a123b,v1,format_invalid,forged,genuine,2,0.073672
family_b_005219_field_missing,family_b,6e96d324854a123b,v1,field_missing,forged,genuine,2,0.002055
family_b_005220_fine_grained_edit,family_b,6e96d324854a123b,v1,fine_grained_edit,forged,genuine,2,0.000689
family_b_005221_coordinated_full_forgery,family_b,6e96d324854a123b,v1,coordinated_full_forgery,forged,genuine,2,0.07937
family_b_005222_visual_splice,family_b,6e96d324854a123b,v1,visual_splice,forged,forged,2,0.323859
family_b_005223_visual_splice,family_b,6e96d324854a123b,v1,visual_splice,forged,forged,2,0.888128
family_b_005224_visual_splice,family_b,6e96d324854a123b,v1,visual_splice,forged,forged,2,0.999784
family_b_005225_genuine,family_b,0ee5cd1d9e55aa9a,v1,genuine,genuine,genuine,1,0.007071
family_b_005226_text_qr_mismatch,family_b,0ee5cd1d9e55aa9a,v1,text_qr_mismatch,forged,genuine,1,0.001145
family_b_005227_qr_only_mismatch,family_b,0ee5cd1d9e55aa9a,v1,qr_only_mismatch,forged,genuine,1,0.005816
family_b_005228_checksum_invalid,family_b,0ee5cd1d9e55aa9a,v1,checksum_invalid,forged,genuine,1,0.008345
family_b_005229_format_invalid,family_b,0ee5cd1d9e55aa9a,v1,format_invalid,forged,genuine,1,0.000578
family_b_005230_field_missing,family_b,0ee5cd1d9e55aa9a,v1,field_missing,forged,genuine,1,0.000963
family_b_005231_fine_grained_edit,family_b,0ee5cd1d9e55aa9a,v1,fine_grained_edit,forged,genuine,1,0.072648
family_b_005232_coordinated_full_forgery,family_b,0ee5cd1d9e55aa9a,v1,coordinated_full_forgery,forged,genuine,1,0.001373
family_b_005233_visual_splice,family_b,0ee5cd1d9e55aa9a,v1,visual_splice,forged,forged,1,0.999809
family_b_005234_visual_splice,family_b,0ee5cd1d9e55aa9a,v1,visual_splice,forged,forged,1,0.999671
family_b_005235_visual_splice,family_b,0ee5cd1d9e55aa9a,v1,visual_splice,forged,forged,1,0.999657
family_b_005258_genuine,family_b,c76772b84e044e73,v2,genuine,genuine,genuine,0,0.001202
family_b_005259_text_qr_mismatch,family_b,c76772b84e044e73,v2,text_qr_mismatch,forged,genuine,0,0.002365
family_b_005260_qr_only_mismatch,family_b,c76772b84e044e73,v2,qr_only_mismatch,forged,genuine,0,0.004478
family_b_005261_checksum_invalid,family_b,c76772b84e044e73,v2,checksum_invalid,forged,genuine,0,0.007899
family_b_005262_format_invalid,family_b,c76772b84e044e73,v2,format_invalid,forged,genuine,0,0.001286
family_b_005263_field_missing,family_b,c76772b84e044e73,v2,field_missing,forged,genuine,0,0.000382
family_b_005264_fine_grained_edit,family_b,c76772b84e044e73,v2,fine_grained_edit,forged,genuine,0,0.002966
family_b_005265_coordinated_full_forgery,family_b,c76772b84e044e73,v2,coordinated_full_forgery,forged,genuine,0,0.011447
family_b_005266_visual_splice,family_b,c76772b84e044e73,v2,visual_splice,forged,forged,0,0.999945
family_b_005267_visual_splice,family_b,c76772b84e044e73,v2,visual_splice,forged,forged,0,0.999231
family_b_005268_visual_splice,family_b,c76772b84e044e73,v2,visual_splice,forged,forged,0,0.989659
family_b_005269_genuine,family_b,bb33deb2ef070683,v2,genuine,genuine,genuine,0,0.001059
family_b_005270_text_qr_mismatch,family_b,bb33deb2ef070683,v2,text_qr_mismatch,forged,genuine,0,0.140625
family_b_005271_qr_only_mismatch,family_b,bb33deb2ef070683,v2,qr_only_mismatch,forged,genuine,0,0.010781
family_b_005272_checksum_invalid,family_b,bb33deb2ef070683,v2,checksum_invalid,forged,genuine,0,0.004468
family_b_005273_format_invalid,family_b,bb33deb2ef070683,v2,format_invalid,forged,genuine,0,0.001148
family_b_005274_field_missing,family_b,bb33deb2ef070683,v2,field_missing,forged,genuine,0,0.001498
family_b_005275_fine_grained_edit,family_b,bb33deb2ef070683,v2,fine_grained_edit,forged,genuine,0,0.006013
family_b_005276_coordinated_full_forgery,family_b,bb33deb2ef070683,v2,coordinated_full_forgery,forged,genuine,0,0.027198
family_b_005277_visual_splice,family_b,bb33deb2ef070683,v2,visual_splice,forged,forged,0,0.08684
family_b_005278_visual_splice,family_b,bb33deb2ef070683,v2,visual_splice,forged,forged,0,0.998985
family_b_005279_visual_splice,family_b,bb33deb2ef070683,v2,visual_splice,forged,forged,0,0.993867
family_b_005291_genuine,family_b,da4a569997bf212d,v1,genuine,genuine,genuine,2,0.031195
family_b_005292_text_qr_mismatch,family_b,da4a569997bf212d,v1,text_qr_mismatch,forged,genuine,2,0.002989
family_b_005293_qr_only_mismatch,family_b,da4a569997bf212d,v1,qr_only_mismatch,forged,genuine,2,0.019062
family_b_005294_checksum_invalid,family_b,da4a569997bf212d,v1,checksum_invalid,forged,genuine,2,0.014224
family_b_005295_format_invalid,family_b,da4a569997bf212d,v1,format_invalid,forged,genuine,2,0.017235
family_b_005296_field_missing,family_b,da4a569997bf212d,v1,field_missing,forged,genuine,2,0.00133
family_b_005297_fine_grained_edit,family_b,da4a569997bf212d,v1,fine_grained_edit,forged,genuine,2,0.258572
family_b_005298_coordinated_full_forgery,family_b,da4a569997bf212d,v1,coordinated_full_forgery,forged,genuine,2,0.025526
family_b_005299_visual_splice,family_b,da4a569997bf212d,v1,visual_splice,forged,forged,2,0.943867
family_b_005300_visual_splice,family_b,da4a569997bf212d,v1,visual_splice,forged,forged,2,0.99998
family_b_005301_visual_splice,family_b,da4a569997bf212d,v1,visual_splice,forged,forged,2,0.999078
family_b_005302_genuine,family_b,a0d40bcf6b771686,v1,genuine,genuine,genuine,1,0.015552
family_b_005303_text_qr_mismatch,family_b,a0d40bcf6b771686,v1,text_qr_mismatch,forged,genuine,1,0.001397
family_b_005304_qr_only_mismatch,family_b,a0d40bcf6b771686,v1,qr_only_mismatch,forged,genuine,1,0.000218
family_b_005305_checksum_invalid,family_b,a0d40bcf6b771686,v1,checksum_invalid,forged,genuine,1,0.00061
family_b_005306_format_invalid,family_b,a0d40bcf6b771686,v1,format_invalid,forged,genuine,1,0.001782
family_b_005307_field_missing,family_b,a0d40bcf6b771686,v1,field_missing,forged,genuine,1,0.000553
family_b_005308_fine_grained_edit,family_b,a0d40bcf6b771686,v1,fine_grained_edit,forged,genuine,1,0.569375
family_b_005309_coordinated_full_forgery,family_b,a0d40bcf6b771686,v1,coordinated_full_forgery,forged,genuine,1,0.003291
family_b_005310_visual_splice,family_b,a0d40bcf6b771686,v1,visual_splice,forged,forged,1,0.994004
family_b_005311_visual_splice,family_b,a0d40bcf6b771686,v1,visual_splice,forged,forged,1,0.997384
family_b_005312_visual_splice,family_b,a0d40bcf6b771686,v1,visual_splice,forged,forged,1,0.994814
family_b_005313_genuine,family_b,24d354313e63f20f,v1,genuine,genuine,genuine,4,0.000714
family_b_005314_text_qr_mismatch,family_b,24d354313e63f20f,v1,text_qr_mismatch,forged,genuine,4,0.001919
family_b_005315_qr_only_mismatch,family_b,24d354313e63f20f,v1,qr_only_mismatch,forged,genuine,4,0.006085
family_b_005316_checksum_invalid,family_b,24d354313e63f20f,v1,checksum_invalid,forged,genuine,4,0.000827
family_b_005317_format_invalid,family_b,24d354313e63f20f,v1,format_invalid,forged,genuine,4,0.003035
family_b_005318_field_missing,family_b,24d354313e63f20f,v1,field_missing,forged,genuine,4,0.001593
family_b_005319_fine_grained_edit,family_b,24d354313e63f20f,v1,fine_grained_edit,forged,genuine,4,0.004365
family_b_005320_coordinated_full_forgery,family_b,24d354313e63f20f,v1,coordinated_full_forgery,forged,genuine,4,0.007171
family_b_005321_visual_splice,family_b,24d354313e63f20f,v1,visual_splice,forged,forged,4,0.999476
family_b_005322_visual_splice,family_b,24d354313e63f20f,v1,visual_splice,forged,forged,4,0.999176
family_b_005323_visual_splice,family_b,24d354313e63f20f,v1,visual_splice,forged,forged,4,0.015389
family_b_005324_genuine,family_b,a90a7aeb614c6aea,v1,genuine,genuine,genuine,1,0.007506
family_b_005325_text_qr_mismatch,family_b,a90a7aeb614c6aea,v1,text_qr_mismatch,forged,genuine,1,6.7e-05
family_b_005326_qr_only_mismatch,family_b,a90a7aeb614c6aea,v1,qr_only_mismatch,forged,genuine,1,0.001927
family_b_005327_checksum_invalid,family_b,a90a7aeb614c6aea,v1,checksum_invalid,forged,genuine,1,0.029864
family_b_005328_format_invalid,family_b,a90a7aeb614c6aea,v1,format_invalid,forged,genuine,1,0.001248
family_b_005329_field_missing,family_b,a90a7aeb614c6aea,v1,field_missing,forged,genuine,1,0.001507
family_b_005330_fine_grained_edit,family_b,a90a7aeb614c6aea,v1,fine_grained_edit,forged,genuine,1,0.014039
family_b_005331_coordinated_full_forgery,family_b,a90a7aeb614c6aea,v1,coordinated_full_forgery,forged,genuine,1,0.034287
family_b_005332_visual_splice,family_b,a90a7aeb614c6aea,v1,visual_splice,forged,forged,1,0.996849
family_b_005333_visual_splice,family_b,a90a7aeb614c6aea,v1,visual_splice,forged,forged,1,0.999866
family_b_005334_visual_splice,family_b,a90a7aeb614c6aea,v1,visual_splice,forged,forged,1,0.999908
family_b_005335_genuine,family_b,18dce2ed7d93218e,v1,genuine,genuine,genuine,4,0.112027
family_b_005336_text_qr_mismatch,family_b,18dce2ed7d93218e,v1,text_qr_mismatch,forged,genuine,4,0.166631
family_b_005337_qr_only_mismatch,family_b,18dce2ed7d93218e,v1,qr_only_mismatch,forged,genuine,4,0.277664
family_b_005338_checksum_invalid,family_b,18dce2ed7d93218e,v1,checksum_invalid,forged,genuine,4,0.343533
family_b_005339_format_invalid,family_b,18dce2ed7d93218e,v1,format_invalid,forged,genuine,4,0.51417
family_b_005340_field_missing,family_b,18dce2ed7d93218e,v1,field_missing,forged,genuine,4,0.098971
family_b_005341_fine_grained_edit,family_b,18dce2ed7d93218e,v1,fine_grained_edit,forged,genuine,4,0.551695
family_b_005342_coordinated_full_forgery,family_b,18dce2ed7d93218e,v1,coordinated_full_forgery,forged,genuine,4,0.667872
family_b_005343_visual_splice,family_b,18dce2ed7d93218e,v1,visual_splice,forged,forged,4,0.995913
family_b_005344_visual_splice,family_b,18dce2ed7d93218e,v1,visual_splice,forged,forged,4,0.999912
family_b_005345_visual_splice,family_b,18dce2ed7d93218e,v1,visual_splice,forged,forged,4,0.999435
family_b_005346_genuine,family_b,9764c161fa3637d9,v1,genuine,genuine,genuine,0,0.011926
family_b_005347_text_qr_mismatch,family_b,9764c161fa3637d9,v1,text_qr_mismatch,forged,genuine,0,0.007891
family_b_005348_qr_only_mismatch,family_b,9764c161fa3637d9,v1,qr_only_mismatch,forged,genuine,0,0.008583
family_b_005349_checksum_invalid,family_b,9764c161fa3637d9,v1,checksum_invalid,forged,genuine,0,0.015349
family_b_005350_format_invalid,family_b,9764c161fa3637d9,v1,format_invalid,forged,genuine,0,0.006042
family_b_005351_field_missing,family_b,9764c161fa3637d9,v1,field_missing,forged,genuine,0,0.018797
family_b_005352_fine_grained_edit,family_b,9764c161fa3637d9,v1,fine_grained_edit,forged,genuine,0,0.022133
family_b_005353_coordinated_full_forgery,family_b,9764c161fa3637d9,v1,coordinated_full_forgery,forged,genuine,0,0.220564
family_b_005354_visual_splice,family_b,9764c161fa3637d9,v1,visual_splice,forged,forged,0,0.999672
family_b_005355_visual_splice,family_b,9764c161fa3637d9,v1,visual_splice,forged,forged,0,0.999958
family_b_005356_visual_splice,family_b,9764c161fa3637d9,v1,visual_splice,forged,forged,0,0.999737
family_b_005357_genuine,family_b,812b0ab05c86821b,v2,genuine,genuine,genuine,3,0.000284
family_b_005358_text_qr_mismatch,family_b,812b0ab05c86821b,v2,text_qr_mismatch,forged,genuine,3,0.000322
family_b_005359_qr_only_mismatch,family_b,812b0ab05c86821b,v2,qr_only_mismatch,forged,genuine,3,0.00019
family_b_005360_checksum_invalid,family_b,812b0ab05c86821b,v2,checksum_invalid,forged,genuine,3,0.001232
family_b_005361_format_invalid,family_b,812b0ab05c86821b,v2,format_invalid,forged,genuine,3,8.1e-05
family_b_005362_field_missing,family_b,812b0ab05c86821b,v2,field_missing,forged,genuine,3,0.000616
family_b_005363_fine_grained_edit,family_b,812b0ab05c86821b,v2,fine_grained_edit,forged,genuine,3,0.01148
family_b_005364_coordinated_full_forgery,family_b,812b0ab05c86821b,v2,coordinated_full_forgery,forged,genuine,3,0.005047
family_b_005365_visual_splice,family_b,812b0ab05c86821b,v2,visual_splice,forged,forged,3,0.089075
family_b_005366_visual_splice,family_b,812b0ab05c86821b,v2,visual_splice,forged,forged,3,0.998645
family_b_005367_visual_splice,family_b,812b0ab05c86821b,v2,visual_splice,forged,forged,3,0.026543
family_b_005368_genuine,family_b,1acec3d1224ac092,v2,genuine,genuine,genuine,4,0.054935
family_b_005369_text_qr_mismatch,family_b,1acec3d1224ac092,v2,text_qr_mismatch,forged,genuine,4,0.610218
family_b_005370_qr_only_mismatch,family_b,1acec3d1224ac092,v2,qr_only_mismatch,forged,genuine,4,0.006791
family_b_005371_checksum_invalid,family_b,1acec3d1224ac092,v2,checksum_invalid,forged,genuine,4,0.025545
family_b_005372_format_invalid,family_b,1acec3d1224ac092,v2,format_invalid,forged,genuine,4,0.044387
family_b_005373_field_missing,family_b,1acec3d1224ac092,v2,field_missing,forged,genuine,4,0.004737
family_b_005374_fine_grained_edit,family_b,1acec3d1224ac092,v2,fine_grained_edit,forged,genuine,4,0.086539
family_b_005375_coordinated_full_forgery,family_b,1acec3d1224ac092,v2,coordinated_full_forgery,forged,genuine,4,0.002582
family_b_005376_visual_splice,family_b,1acec3d1224ac092,v2,visual_splice,forged,forged,4,0.999625
family_b_005377_visual_splice,family_b,1acec3d1224ac092,v2,visual_splice,forged,forged,4,0.99392
family_b_005378_visual_splice,family_b,1acec3d1224ac092,v2,visual_splice,forged,forged,4,0.999005
family_b_005379_genuine,family_b,df593f151c9522d3,v2,genuine,genuine,genuine,2,0.007509
family_b_005380_text_qr_mismatch,family_b,df593f151c9522d3,v2,text_qr_mismatch,forged,genuine,2,0.01885
family_b_005381_qr_only_mismatch,family_b,df593f151c9522d3,v2,qr_only_mismatch,forged,genuine,2,0.020138
family_b_005382_checksum_invalid,family_b,df593f151c9522d3,v2,checksum_invalid,forged,genuine,2,0.01787
family_b_005383_format_invalid,family_b,df593f151c9522d3,v2,format_invalid,forged,genuine,2,0.005685
family_b_005384_field_missing,family_b,df593f151c9522d3,v2,field_missing,forged,genuine,2,0.000636
family_b_005385_fine_grained_edit,family_b,df593f151c9522d3,v2,fine_grained_edit,forged,genuine,2,0.151804
family_b_005386_coordinated_full_forgery,family_b,df593f151c9522d3,v2,coordinated_full_forgery,forged,genuine,2,0.111394
family_b_005387_visual_splice,family_b,df593f151c9522d3,v2,visual_splice,forged,forged,2,0.999707
family_b_005388_visual_splice,family_b,df593f151c9522d3,v2,visual_splice,forged,forged,2,0.999867
family_b_005389_visual_splice,family_b,df593f151c9522d3,v2,visual_splice,forged,forged,2,0.999916
family_b_005445_genuine,family_b,d944dc344299b4e4,v2,genuine,genuine,genuine,4,0.121937
family_b_005446_text_qr_mismatch,family_b,d944dc344299b4e4,v2,text_qr_mismatch,forged,genuine,4,0.0744
family_b_005447_qr_only_mismatch,family_b,d944dc344299b4e4,v2,qr_only_mismatch,forged,genuine,4,0.214798
family_b_005448_checksum_invalid,family_b,d944dc344299b4e4,v2,checksum_invalid,forged,genuine,4,0.238036
family_b_005449_format_invalid,family_b,d944dc344299b4e4,v2,format_invalid,forged,genuine,4,0.038371
family_b_005450_field_missing,family_b,d944dc344299b4e4,v2,field_missing,forged,genuine,4,0.014589
family_b_005451_fine_grained_edit,family_b,d944dc344299b4e4,v2,fine_grained_edit,forged,genuine,4,0.156902
family_b_005452_coordinated_full_forgery,family_b,d944dc344299b4e4,v2,coordinated_full_forgery,forged,genuine,4,0.098732
family_b_005453_visual_splice,family_b,d944dc344299b4e4,v2,visual_splice,forged,forged,4,0.997266
family_b_005454_visual_splice,family_b,d944dc344299b4e4,v2,visual_splice,forged,forged,4,0.99977
family_b_005455_visual_splice,family_b,d944dc344299b4e4,v2,visual_splice,forged,forged,4,0.999247
family_b_005467_genuine,family_b,134bb145e10b2b39,v1,genuine,genuine,genuine,3,0.014235
family_b_005468_text_qr_mismatch,family_b,134bb145e10b2b39,v1,text_qr_mismatch,forged,genuine,3,0.004444
family_b_005469_qr_only_mismatch,family_b,134bb145e10b2b39,v1,qr_only_mismatch,forged,genuine,3,0.066239
family_b_005470_checksum_invalid,family_b,134bb145e10b2b39,v1,checksum_invalid,forged,genuine,3,0.007906
family_b_005471_format_invalid,family_b,134bb145e10b2b39,v1,format_invalid,forged,genuine,3,0.007661
family_b_005472_field_missing,family_b,134bb145e10b2b39,v1,field_missing,forged,genuine,3,0.000388
family_b_005473_fine_grained_edit,family_b,134bb145e10b2b39,v1,fine_grained_edit,forged,genuine,3,0.004921
family_b_005474_coordinated_full_forgery,family_b,134bb145e10b2b39,v1,coordinated_full_forgery,forged,genuine,3,0.002338
family_b_005475_visual_splice,family_b,134bb145e10b2b39,v1,visual_splice,forged,forged,3,0.787021
family_b_005476_visual_splice,family_b,134bb145e10b2b39,v1,visual_splice,forged,forged,3,0.999819
family_b_005477_visual_splice,family_b,134bb145e10b2b39,v1,visual_splice,forged,forged,3,0.998244
family_b_005478_genuine,family_b,eeebd6403692d7d1,v2,genuine,genuine,genuine,4,0.112881
family_b_005479_text_qr_mismatch,family_b,eeebd6403692d7d1,v2,text_qr_mismatch,forged,genuine,4,0.114072
family_b_005480_qr_only_mismatch,family_b,eeebd6403692d7d1,v2,qr_only_mismatch,forged,genuine,4,0.903469
family_b_005481_checksum_invalid,family_b,eeebd6403692d7d1,v2,checksum_invalid,forged,genuine,4,0.932721
family_b_005482_format_invalid,family_b,eeebd6403692d7d1,v2,format_invalid,forged,genuine,4,0.210606
family_b_005483_field_missing,family_b,eeebd6403692d7d1,v2,field_missing,forged,genuine,4,0.014468
family_b_005484_fine_grained_edit,family_b,eeebd6403692d7d1,v2,fine_grained_edit,forged,genuine,4,0.448223
family_b_005485_coordinated_full_forgery,family_b,eeebd6403692d7d1,v2,coordinated_full_forgery,forged,genuine,4,0.620023
family_b_005486_visual_splice,family_b,eeebd6403692d7d1,v2,visual_splice,forged,forged,4,0.999932
family_b_005487_visual_splice,family_b,eeebd6403692d7d1,v2,visual_splice,forged,forged,4,0.999586
family_b_005488_visual_splice,family_b,eeebd6403692d7d1,v2,visual_splice,forged,forged,4,0.999043
family_b_005489_genuine,family_b,1664e6a98703c424,v1,genuine,genuine,genuine,2,0.126955
family_b_005490_text_qr_mismatch,family_b,1664e6a98703c424,v1,text_qr_mismatch,forged,genuine,2,0.0686
family_b_005491_qr_only_mismatch,family_b,1664e6a98703c424,v1,qr_only_mismatch,forged,genuine,2,0.063266
family_b_005492_checksum_invalid,family_b,1664e6a98703c424,v1,checksum_invalid,forged,genuine,2,0.079718
family_b_005493_format_invalid,family_b,1664e6a98703c424,v1,format_invalid,forged,genuine,2,0.070143
family_b_005494_field_missing,family_b,1664e6a98703c424,v1,field_missing,forged,genuine,2,0.268728
family_b_005495_fine_grained_edit,family_b,1664e6a98703c424,v1,fine_grained_edit,forged,genuine,2,0.056528
family_b_005496_coordinated_full_forgery,family_b,1664e6a98703c424,v1,coordinated_full_forgery,forged,genuine,2,0.037289
family_b_005497_visual_splice,family_b,1664e6a98703c424,v1,visual_splice,forged,forged,2,0.999886
family_b_005498_visual_splice,family_b,1664e6a98703c424,v1,visual_splice,forged,forged,2,0.999197
family_b_005499_visual_splice,family_b,1664e6a98703c424,v1,visual_splice,forged,forged,2,0.917028
