id,record_id,document_family,tamper_type,final_label,target,forensic_probability_rf,forensic_probability_hgb
family_a_000000_genuine,be7888afac4ee2cc,0.0,genuine,0,0,0.6841677422774626,0.5205454505763426
family_a_000001_text_qr_mismatch,be7888afac4ee2cc,0.0,text_qr_mismatch,1,1,0.9861962003379934,0.9990078826715048
family_a_000002_qr_only_mismatch,be7888afac4ee2cc,0.0,qr_only_mismatch,1,1,0.9966183550657384,0.9997046953353608
family_a_000003_checksum_invalid,be7888afac4ee2cc,0.0,checksum_invalid,1,1,0.9872971273817585,0.9996978300392928
family_a_000004_format_invalid,be7888afac4ee2cc,0.0,format_invalid,1,1,1.0,0.999672996365731
family_a_000005_field_missing,be7888afac4ee2cc,0.0,field_missing,1,1,0.9999842022116904,0.9995816918405633
family_a_000006_fine_grained_edit,be7888afac4ee2cc,0.0,fine_grained_edit,1,1,0.9980320282986469,0.999661677999351
family_a_000007_coordinated_full_forgery,be7888afac4ee2cc,0.0,coordinated_full_forgery,1,1,0.7423215925245694,0.8852432969186151
family_a_000008_visual_splice,be7888afac4ee2cc,0.0,visual_splice,1,1,0.7736173045192555,0.7967526570131345
family_a_000009_visual_splice,be7888afac4ee2cc,0.0,visual_splice,1,1,0.7706748252222816,0.9021578161382147
family_a_000010_visual_splice,be7888afac4ee2cc,0.0,visual_splice,1,1,0.9956314587640747,0.9970651658979851
family_a_000033_genuine,4efd1ea374ac7007,0.0,genuine,0,0,0.6632834793506502,0.5931441956396164
family_a_000034_text_qr_mismatch,4efd1ea374ac7007,0.0,text_qr_mismatch,1,1,0.9930714279335835,0.9980493787048014
family_a_000035_qr_only_mismatch,4efd1ea374ac7007,0.0,qr_only_mismatch,1,1,0.9040188633059517,0.8729534989187245
family_a_000036_checksum_invalid,4efd1ea374ac7007,0.0,checksum_invalid,1,1,0.9973129251700681,0.9998257252457702
family_a_000037_format_invalid,4efd1ea374ac7007,0.0,format_invalid,1,1,0.9999842022116904,0.9997372036313502
family_a_000038_field_missing,4efd1ea374ac7007,0.0,field_missing,1,1,1.0,0.9993710112614537
family_a_000039_fine_grained_edit,4efd1ea374ac7007,0.0,fine_grained_edit,1,1,0.994420742462343,0.9994790951462349
family_a_000040_coordinated_full_forgery,4efd1ea374ac7007,0.0,coordinated_full_forgery,1,1,0.7798646504611998,0.7665755953803907
family_a_000041_visual_splice,4efd1ea374ac7007,0.0,visual_splice,1,1,0.9981573444242475,0.9997323394768137
family_a_000042_visual_splice,4efd1ea374ac7007,0.0,visual_splice,1,1,0.8514552809967831,0.9665237530540809
family_a_000043_visual_splice,4efd1ea374ac7007,0.0,visual_splice,1,1,0.9922045828634577,0.9985654794953114
family_a_000044_genuine,a616da14d1c99779,0.0,genuine,0,0,0.6750854537220534,0.55445260695825
family_a_000045_text_qr_mismatch,a616da14d1c99779,0.0,text_qr_mismatch,1,1,0.9936890351452697,0.9995817896122154
family_a_000046_qr_only_mismatch,a616da14d1c99779,0.0,qr_only_mismatch,1,1,0.9920154746578557,0.9998468441674471
family_a_000047_checksum_invalid,a616da14d1c99779,0.0,checksum_invalid,1,1,0.9983606557377049,0.9998036164154706
family_a_000048_format_invalid,a616da14d1c99779,0.0,format_invalid,1,1,1.0,0.9997598574978307
family_a_000049_field_missing,a616da14d1c99779,0.0,field_missing,1,1,1.0,0.9996490224188315
family_a_000050_fine_grained_edit,a616da14d1c99779,0.0,fine_grained_edit,1,1,0.9934189834297855,0.9994172136626152
family_a_000051_coordinated_full_forgery,a616da14d1c99779,0.0,coordinated_full_forgery,1,1,0.7757858483468771,0.8154263995808667
family_a_000052_visual_splice,a616da14d1c99779,0.0,visual_splice,1,1,0.9977879392444209,0.9995136489873222
family_a_000053_visual_splice,a616da14d1c99779,0.0,visual_splice,1,1,0.9960980248416651,0.999592493499128
family_a_000054_visual_splice,a616da14d1c99779,0.0,visual_splice,1,1,0.8974397555685908,0.9587965393161365
family_a_000055_genuine,0e2e14708d5d3184,0.0,genuine,0,0,0.6179148760801908,0.45963280416918323
family_a_000056_text_qr_mismatch,0e2e14708d5d3184,0.0,text_qr_mismatch,1,1,0.9872633847386477,0.9984094867412514
family_a_000057_qr_only_mismatch,0e2e14708d5d3184,0.0,qr_only_mismatch,1,1,0.9904062358737573,0.999616048457714
family_a_000058_checksum_invalid,0e2e14708d5d3184,0.0,checksum_invalid,1,1,0.9972971273817585,0.9997923415459287
family_a_000059_format_invalid,0e2e14708d5d3184,0.0,format_invalid,1,1,1.0,0.9998370736395383
family_a_000060_field_missing,0e2e14708d5d3184,0.0,field_missing,1,1,0.9999842022116904,0.9996607774215697
family_a_000061_fine_grained_edit,0e2e14708d5d3184,0.0,fine_grained_edit,1,1,0.987884152854048,0.9996719257904425
family_a_000062_coordinated_full_forgery,0e2e14708d5d3184,0.0,coordinated_full_forgery,1,1,0.892605177286539,0.825177809788574
family_a_000063_visual_splice,0e2e14708d5d3184,0.0,visual_splice,1,1,0.8426184529556712,0.9572780691244482
family_a_000064_visual_splice,0e2e14708d5d3184,0.0,visual_splice,1,1,0.8668145855416877,0.947556488178539
family_a_000065_visual_splice,0e2e14708d5d3184,0.0,visual_splice,1,1,0.7038429353012278,0.9008282834890485
family_a_000066_genuine,47687617a01f11ae,0.0,genuine,0,0,0.7414137033727606,0.7051829556018264
family_a_000067_text_qr_mismatch,47687617a01f11ae,0.0,text_qr_mismatch,1,1,0.9946644776319991,0.9997964498896734
family_a_000068_qr_only_mismatch,47687617a01f11ae,0.0,qr_only_mismatch,1,1,0.9958863895033258,0.9996279461520476
family_a_000069_checksum_invalid,47687617a01f11ae,0.0,checksum_invalid,1,1,0.9878717523493643,0.9994981533975398
family_a_000070_format_invalid,47687617a01f11ae,0.0,format_invalid,1,1,1.0,0.9997953565223483
family_a_000071_field_missing,47687617a01f11ae,0.0,field_missing,1,1,1.0,0.9994349257847762
family_a_000072_fine_grained_edit,47687617a01f11ae,0.0,fine_grained_edit,1,1,0.9891265857689667,0.9995150401274506
family_a_000073_coordinated_full_forgery,47687617a01f11ae,0.0,coordinated_full_forgery,1,1,0.7190135962987201,0.8173003481572038
family_a_000074_visual_splice,47687617a01f11ae,0.0,visual_splice,1,1,0.7625810648117414,0.7479434458150701
family_a_000075_visual_splice,47687617a01f11ae,0.0,visual_splice,1,1,0.7773158884766498,0.8500564487848801
family_a_000076_visual_splice,47687617a01f11ae,0.0,visual_splice,1,1,0.9957769567565501,0.999559762377183
family_a_000099_genuine,d265c69c7fa74149,0.0,genuine,0,0,0.6003065110575362,0.52973027332321
family_a_000100_text_qr_mismatch,d265c69c7fa74149,0.0,text_qr_mismatch,1,1,0.995021620489142,0.9996560290878803
family_a_000101_qr_only_mismatch,d265c69c7fa74149,0.0,qr_only_mismatch,1,1,0.9836413360526929,0.9995569091177314
family_a_000102_checksum_invalid,d265c69c7fa74149,0.0,checksum_invalid,1,1,0.9978717523493643,0.9998265168227132
family_a_000103_format_invalid,d265c69c7fa74149,0.0,format_invalid,1,1,0.9999842022116904,0.9997801872873231
family_a_000104_field_missing,d265c69c7fa74149,0.0,field_missing,1,1,0.9999842022116904,0.9994396475230902
family_a_000105_fine_grained_edit,d265c69c7fa74149,0.0,fine_grained_edit,1,1,0.993296768726178,0.999478579325558
family_a_000106_coordinated_full_forgery,d265c69c7fa74149,0.0,coordinated_full_forgery,1,1,0.767517750976518,0.7681432155806688
family_a_000107_visual_splice,d265c69c7fa74149,0.0,visual_splice,1,1,0.99700953255427,0.9917221528306158
family_a_000108_visual_splice,d265c69c7fa74149,0.0,visual_splice,1,1,0.9978606422125571,0.9996575036103952
family_a_000109_visual_splice,d265c69c7fa74149,0.0,visual_splice,1,1,0.9962640197575376,0.999557595064975
family_a_000132_genuine,8b8430a811fe64e8,0.0,genuine,0,0,0.6157992955186015,0.4031924292211227
family_a_000133_text_qr_mismatch,8b8430a811fe64e8,0.0,text_qr_mismatch,1,1,0.994420742462343,0.9987406736792297
family_a_000134_qr_only_mismatch,8b8430a811fe64e8,0.0,qr_only_mismatch,1,1,0.9937727052310359,0.9995389815080432
family_a_000135_checksum_invalid,8b8430a811fe64e8,0.0,checksum_invalid,1,1,0.9983606557377049,0.9996105007004934
family_a_000136_format_invalid,8b8430a811fe64e8,0.0,format_invalid,1,1,1.0,0.9997857353501475
family_a_000137_field_missing,8b8430a811fe64e8,0.0,field_missing,1,1,1.0,0.9995425089738866
family_a_000138_fine_grained_edit,8b8430a811fe64e8,0.0,fine_grained_edit,1,1,0.9904429481440744,0.9994012685769856
family_a_000139_coordinated_full_forgery,8b8430a811fe64e8,0.0,coordinated_full_forgery,1,1,0.7877927513611701,0.7332211046456317
family_a_000140_visual_splice,8b8430a811fe64e8,0.0,visual_splice,1,1,0.9960980248416651,0.9985748414319109
family_a_000141_visual_splice,8b8430a811fe64e8,0.0,visual_splice,1,1,0.757031307034452,0.8382433452751752
family_a_000142_visual_splice,8b8430a811fe64e8,0.0,visual_splice,1,1,0.9745110692206702,0.9969220254246345
family_a_000143_genuine,8752d9fbfcd88477,0.0,genuine,0,0,0.7068804143593782,0.5627070577178265
family_a_000144_text_qr_mismatch,8752d9fbfcd88477,0.0,text_qr_mismatch,1,1,0.994420742462343,0.9995688921237663
family_a_000145_qr_only_mismatch,8752d9fbfcd88477,0.0,qr_only_mismatch,1,1,0.9895633008945082,0.9994898841154803
family_a_000146_checksum_invalid,8752d9fbfcd88477,0.0,checksum_invalid,1,1,0.9983606557377049,0.999623818918604
family_a_000147_format_invalid,8752d9fbfcd88477,0.0,format_invalid,1,1,1.0,0.9996020008247425
family_a_000148_field_missing,8752d9fbfcd88477,0.0,field_missing,1,1,1.0,0.9993726571847288
family_a_000149_fine_grained_edit,8752d9fbfcd88477,0.0,fine_grained_edit,1,1,0.9937148348606655,0.9972659381107901
family_a_000150_coordinated_full_forgery,8752d9fbfcd88477,0.0,coordinated_full_forgery,1,1,0.7274467787536193,0.7652828783629654
family_a_000151_visual_splice,8752d9fbfcd88477,0.0,visual_splice,1,1,0.7277420357089731,0.8024715462072459
family_a_000152_visual_splice,8752d9fbfcd88477,0.0,visual_splice,1,1,0.994392737144554,0.999622142137323
family_a_000153_visual_splice,8752d9fbfcd88477,0.0,visual_splice,1,1,0.7628422458224157,0.6864383496182328
family_a_000154_genuine,b14780eb0cb0e227,0.0,genuine,0,0,0.6542533864481122,0.38748561897940226
family_a_000155_text_qr_mismatch,b14780eb0cb0e227,0.0,text_qr_mismatch,1,1,0.9937265299422344,0.9995584410729419
family_a_000156_qr_only_mismatch,b14780eb0cb0e227,0.0,qr_only_mismatch,1,1,0.9978023339337829,0.9998872323355398
family_a_000157_checksum_invalid,b14780eb0cb0e227,0.0,checksum_invalid,1,1,0.9983606557377049,0.9998117320388806
family_a_000158_format_invalid,b14780eb0cb0e227,0.0,format_invalid,1,1,1.0,0.99979544329867
family_a_000159_field_missing,b14780eb0cb0e227,0.0,field_missing,1,1,1.0,0.9995818290633771
family_a_000160_fine_grained_edit,b14780eb0cb0e227,0.0,fine_grained_edit,1,1,0.9954941008006776,0.9995231046088112
family_a_000161_coordinated_full_forgery,b14780eb0cb0e227,0.0,coordinated_full_forgery,1,1,0.7129001984114188,0.7325372626733311
family_a_000162_visual_splice,b14780eb0cb0e227,0.0,visual_splice,1,1,0.8012745301856095,0.7302706243082654
family_a_000163_visual_splice,b14780eb0cb0e227,0.0,visual_splice,1,1,0.9962798175458473,0.9997431850724278
family_a_000164_visual_splice,b14780eb0cb0e227,0.0,visual_splice,1,1,0.9963656366569341,0.999426089249794
family_a_000165_genuine,a3f09aa40617dc39,0.0,genuine,0,0,0.6086944257496034,0.5508500294280617
family_a_000166_text_qr_mismatch,a3f09aa40617dc39,0.0,text_qr_mismatch,1,1,0.9962086209391543,0.9996731760110357
family_a_000167_qr_only_mismatch,a3f09aa40617dc39,0.0,qr_only_mismatch,1,1,0.9942141657159825,0.9997061702073177
family_a_000168_checksum_invalid,a3f09aa40617dc39,0.0,checksum_invalid,1,1,0.9978559545610547,0.9997958146661767
family_a_000169_format_invalid,a3f09aa40617dc39,0.0,format_invalid,1,1,0.9988303560578443,0.9997315852376898
family_a_000170_field_missing,a3f09aa40617dc39,0.0,field_missing,1,1,0.9999842022116904,0.9996175457985239
family_a_000171_fine_grained_edit,a3f09aa40617dc39,0.0,fine_grained_edit,1,1,0.9963119214182194,0.999637648142399
family_a_000172_coordinated_full_forgery,a3f09aa40617dc39,0.0,coordinated_full_forgery,1,1,0.84965940966827,0.8650649073127051
family_a_000173_visual_splice,a3f09aa40617dc39,0.0,visual_splice,1,1,0.9941692627117433,0.9996300059499253
family_a_000174_visual_splice,a3f09aa40617dc39,0.0,visual_splice,1,1,0.7796692639699981,0.7955261019235711
family_a_000175_visual_splice,a3f09aa40617dc39,0.0,visual_splice,1,1,0.7280789090602343,0.7828048920859906
family_a_000176_genuine,b50d80c3307ea365,0.0,genuine,0,0,0.6584893635183579,0.6272467617456043
family_a_000177_text_qr_mismatch,b50d80c3307ea365,0.0,text_qr_mismatch,1,1,0.994420742462343,0.9996697689479193
family_a_000178_qr_only_mismatch,b50d80c3307ea365,0.0,qr_only_mismatch,1,1,0.9919632098629572,0.9995820304545023
family_a_000179_checksum_invalid,b50d80c3307ea365,0.0,checksum_invalid,1,1,0.9978717523493643,0.9998498766737483
family_a_000180_format_invalid,b50d80c3307ea365,0.0,format_invalid,1,1,1.0,0.9998115108345981
family_a_000181_field_missing,b50d80c3307ea365,0.0,field_missing,1,1,1.0,0.9963703673286664
family_a_000182_fine_grained_edit,b50d80c3307ea365,0.0,fine_grained_edit,1,1,0.9950264731953312,0.9991202687764117
family_a_000183_coordinated_full_forgery,b50d80c3307ea365,0.0,coordinated_full_forgery,1,1,0.6978792583772595,0.7862577473636612
family_a_000184_visual_splice,b50d80c3307ea365,0.0,visual_splice,1,1,0.7449556909242456,0.8609251560455895
family_a_000185_visual_splice,b50d80c3307ea365,0.0,visual_splice,1,1,0.7685620051268814,0.7709254863964363
family_a_000186_visual_splice,b50d80c3307ea365,0.0,visual_splice,1,1,0.7592665700283844,0.59150397788494
family_a_000198_genuine,d48404bd5ded91ec,0.0,genuine,0,0,0.6005649894710684,0.5171025588302698
family_a_000199_text_qr_mismatch,d48404bd5ded91ec,0.0,text_qr_mismatch,1,1,0.8617582838848665,0.9070332894754682
family_a_000200_qr_only_mismatch,d48404bd5ded91ec,0.0,qr_only_mismatch,1,1,0.9944643141705848,0.9995778265361173
family_a_000201_checksum_invalid,d48404bd5ded91ec,0.0,checksum_invalid,1,1,0.9561949960221026,0.9865430839036512
family_a_000202_format_invalid,d48404bd5ded91ec,0.0,format_invalid,1,1,0.9312892866875007,0.9830671810396987
family_a_000203_field_missing,d48404bd5ded91ec,0.0,field_missing,1,1,0.9296044253216869,0.9816500314375701
family_a_000204_fine_grained_edit,d48404bd5ded91ec,0.0,fine_grained_edit,1,1,0.9061812977091153,0.925181113186016
family_a_000205_coordinated_full_forgery,d48404bd5ded91ec,0.0,coordinated_full_forgery,1,1,0.736973034912096,0.720763761738182
family_a_000206_visual_splice,d48404bd5ded91ec,0.0,visual_splice,1,1,0.952426371491459,0.976952122783491
family_a_000207_visual_splice,d48404bd5ded91ec,0.0,visual_splice,1,1,0.8715075738788193,0.9074024196264028
family_a_000208_visual_splice,d48404bd5ded91ec,0.0,visual_splice,1,1,0.9317679234043713,0.9516062136202658
family_a_000242_genuine,c6c2e84243c492ad,0.0,genuine,0,0,0.5691643561367148,0.48306575419250924
family_a_000243_text_qr_mismatch,c6c2e84243c492ad,0.0,text_qr_mismatch,1,1,0.9906284637826748,0.9994948834413679
family_a_000244_qr_only_mismatch,c6c2e84243c492ad,0.0,qr_only_mismatch,1,1,0.9973655972670811,0.9996774984027952
family_a_000245_checksum_invalid,c6c2e84243c492ad,0.0,checksum_invalid,1,1,0.9972971273817585,0.9997580509319075
family_a_000246_format_invalid,c6c2e84243c492ad,0.0,format_invalid,1,1,0.9999842022116904,0.9997947278474268
family_a_000247_field_missing,c6c2e84243c492ad,0.0,field_missing,1,1,1.0,0.9987319836813977
family_a_000248_fine_grained_edit,c6c2e84243c492ad,0.0,fine_grained_edit,1,1,0.9924912619277256,0.9907662458117279
family_a_000249_coordinated_full_forgery,c6c2e84243c492ad,0.0,coordinated_full_forgery,1,1,0.7429319827578533,0.7173149853330503
family_a_000250_visual_splice,c6c2e84243c492ad,0.0,visual_splice,1,1,0.7106350631537661,0.7885286109569306
family_a_000251_visual_splice,c6c2e84243c492ad,0.0,visual_splice,1,1,0.7763487514065678,0.7424800971661658
family_a_000252_visual_splice,c6c2e84243c492ad,0.0,visual_splice,1,1,0.7681582019000097,0.8938636530997925
family_a_000253_genuine,fe1f43994c8d068b,0.0,genuine,0,0,0.7048231657593239,0.5966650958098985
family_a_000254_text_qr_mismatch,fe1f43994c8d068b,0.0,text_qr_mismatch,1,1,0.985492182957362,0.9992838913654544
family_a_000255_qr_only_mismatch,fe1f43994c8d068b,0.0,qr_only_mismatch,1,1,0.9960690985168738,0.999481884128875
family_a_000256_checksum_invalid,fe1f43994c8d068b,0.0,checksum_invalid,1,1,0.9978717523493643,0.9998128866756029
family_a_000257_format_invalid,fe1f43994c8d068b,0.0,format_invalid,1,1,0.9999842022116904,0.9998554133801167
family_a_000258_field_missing,fe1f43994c8d068b,0.0,field_missing,1,1,0.9999842022116904,0.9992218863842455
family_a_000259_fine_grained_edit,fe1f43994c8d068b,0.0,fine_grained_edit,1,1,0.9963119214182194,0.999205514430427
family_a_000260_coordinated_full_forgery,fe1f43994c8d068b,0.0,coordinated_full_forgery,1,1,0.8120102377723183,0.812764519628042
family_a_000261_visual_splice,fe1f43994c8d068b,0.0,visual_splice,1,1,0.8106296826864192,0.8115706232512502
family_a_000262_visual_splice,fe1f43994c8d068b,0.0,visual_splice,1,1,0.9979404588194309,0.9995318691489037
family_a_000263_visual_splice,fe1f43994c8d068b,0.0,visual_splice,1,1,0.7667589901790922,0.7355933050268625
family_a_000264_genuine,a624989dfadd4b88,0.0,genuine,0,0,0.6252563888542315,0.43773795498973433
family_a_000265_text_qr_mismatch,a624989dfadd4b88,0.0,text_qr_mismatch,1,1,0.9924912619277256,0.999558872252168
family_a_000266_qr_only_mismatch,a624989dfadd4b88,0.0,qr_only_mismatch,1,1,0.9896428076972292,0.9995232340851256
family_a_000267_checksum_invalid,a624989dfadd4b88,0.0,checksum_invalid,1,1,0.9978717523493643,0.9997953976114577
family_a_000268_format_invalid,a624989dfadd4b88,0.0,format_invalid,1,1,0.9983175355450239,0.9996854343938576
family_a_000269_field_missing,a624989dfadd4b88,0.0,field_missing,1,1,0.9999842022116904,0.9993596450590239
family_a_000270_fine_grained_edit,a624989dfadd4b88,0.0,fine_grained_edit,1,1,0.98541628468579,0.9994750889465124
family_a_000271_coordinated_full_forgery,a624989dfadd4b88,0.0,coordinated_full_forgery,1,1,0.7381006786257522,0.8025874118959242
family_a_000272_visual_splice,a624989dfadd4b88,0.0,visual_splice,1,1,0.808737514647732,0.8068601554157637
family_a_000273_visual_splice,a624989dfadd4b88,0.0,visual_splice,1,1,0.8036693022704651,0.7726814657110339
family_a_000274_visual_splice,a624989dfadd4b88,0.0,visual_splice,1,1,0.8129011873376725,0.9170642337479629
family_a_000275_genuine,62a08165a306a348,0.0,genuine,0,0,0.6273492716603647,0.49860325595437366
family_a_000276_text_qr_mismatch,62a08165a306a348,0.0,text_qr_mismatch,1,1,0.9958084032974306,0.9996518973286609
family_a_000277_qr_only_mismatch,62a08165a306a348,0.0,qr_only_mismatch,1,1,0.9950252279067991,0.9996924047768385
family_a_000278_checksum_invalid,62a08165a306a348,0.0,checksum_invalid,1,1,0.9978717523493643,0.9997924914331772
family_a_000279_format_invalid,62a08165a306a348,0.0,format_invalid,1,1,1.0,0.9998038803380285
family_a_000280_field_missing,62a08165a306a348,0.0,field_missing,1,1,1.0,0.9992091858977185
family_a_000281_fine_grained_edit,62a08165a306a348,0.0,fine_grained_edit,1,1,0.9907022061608735,0.9987871962460104
family_a_000282_coordinated_full_forgery,62a08165a306a348,0.0,coordinated_full_forgery,1,1,0.8166050291140593,0.9406113489331196
family_a_000283_visual_splice,62a08165a306a348,0.0,visual_splice,1,1,0.9920154746578557,0.9987879534635935
family_a_000284_visual_splice,62a08165a306a348,0.0,visual_splice,1,1,0.7902811936421883,0.7825374758727993
family_a_000285_visual_splice,62a08165a306a348,0.0,visual_splice,1,1,0.8074188650802318,0.9059558814564452
family_a_000286_genuine,3fac27e49a34cfc4,0.0,genuine,0,0,0.4579717498117696,0.28071994440637443
family_a_000287_text_qr_mismatch,3fac27e49a34cfc4,0.0,text_qr_mismatch,1,1,0.9960690985168738,0.9996875360653865
family_a_000288_qr_only_mismatch,3fac27e49a34cfc4,0.0,qr_only_mismatch,1,1,0.9946644776319991,0.9997032347080205
family_a_000289_checksum_invalid,3fac27e49a34cfc4,0.0,checksum_invalid,1,1,0.9972971273817585,0.9997019341447302
family_a_000290_format_invalid,3fac27e49a34cfc4,0.0,format_invalid,1,1,0.9997413793103448,0.9998850663682226
family_a_000291_field_missing,3fac27e49a34cfc4,0.0,field_missing,1,1,0.9999842022116904,0.9992883120323366
family_a_000292_fine_grained_edit,3fac27e49a34cfc4,0.0,fine_grained_edit,1,1,0.9863119214182194,0.9996495554326416
family_a_000293_coordinated_full_forgery,3fac27e49a34cfc4,0.0,coordinated_full_forgery,1,1,0.7197816880568354,0.7884954435563098
family_a_000294_visual_splice,3fac27e49a34cfc4,0.0,visual_splice,1,1,1.0,0.9997015900280245
family_a_000295_visual_splice,3fac27e49a34cfc4,0.0,visual_splice,1,1,0.7737164006316212,0.6755803467299283
family_a_000296_visual_splice,3fac27e49a34cfc4,0.0,visual_splice,1,1,0.7537338382739962,0.8473189043241466
family_a_000297_genuine,b0c2ca5c2b4ea50e,0.0,genuine,0,0,0.6768719147561251,0.6151883830406605
family_a_000298_text_qr_mismatch,b0c2ca5c2b4ea50e,0.0,text_qr_mismatch,1,1,0.9909019766270645,0.9996644365449266
family_a_000299_qr_only_mismatch,b0c2ca5c2b4ea50e,0.0,qr_only_mismatch,1,1,0.9958153600802149,0.9995471511919107
family_a_000300_checksum_invalid,b0c2ca5c2b4ea50e,0.0,checksum_invalid,1,1,0.9983606557377049,0.9998144427577245
family_a_000301_format_invalid,b0c2ca5c2b4ea50e,0.0,format_invalid,1,1,1.0,0.9996692732670772
family_a_000302_field_missing,b0c2ca5c2b4ea50e,0.0,field_missing,1,1,1.0,0.9993243761135028
family_a_000303_fine_grained_edit,b0c2ca5c2b4ea50e,0.0,fine_grained_edit,1,1,0.984420742462343,0.9997003209252796
family_a_000304_coordinated_full_forgery,b0c2ca5c2b4ea50e,0.0,coordinated_full_forgery,1,1,0.8186097836355599,0.8765737922249643
family_a_000305_visual_splice,b0c2ca5c2b4ea50e,0.0,visual_splice,1,1,0.7837862045167198,0.8088534280101798
family_a_000306_visual_splice,b0c2ca5c2b4ea50e,0.0,visual_splice,1,1,0.9994690265486725,0.9991430658867259
family_a_000307_visual_splice,b0c2ca5c2b4ea50e,0.0,visual_splice,1,1,0.93330555707112,0.9753949617693207
family_a_000308_genuine,d2e8d6d2eff7770e,0.0,genuine,0,0,0.49226978129610643,0.25581864330591686
family_a_000309_text_qr_mismatch,d2e8d6d2eff7770e,0.0,text_qr_mismatch,1,1,0.9950927736903837,0.9997358534506308
family_a_000310_qr_only_mismatch,d2e8d6d2eff7770e,0.0,qr_only_mismatch,1,1,0.9944049446740334,0.9989359029620227
family_a_000311_checksum_invalid,d2e8d6d2eff7770e,0.0,checksum_invalid,1,1,0.9972971273817585,0.9993971167275489
family_a_000312_format_invalid,d2e8d6d2eff7770e,0.0,format_invalid,1,1,0.9988303560578443,0.9996914024693224
family_a_000313_field_missing,d2e8d6d2eff7770e,0.0,field_missing,1,1,0.9999842022116904,0.9997168703136738
family_a_000314_fine_grained_edit,d2e8d6d2eff7770e,0.0,fine_grained_edit,1,1,0.9950264731953312,0.9964758571167373
family_a_000315_coordinated_full_forgery,d2e8d6d2eff7770e,0.0,coordinated_full_forgery,1,1,0.745892845141046,0.8188427612474756
family_a_000316_visual_splice,d2e8d6d2eff7770e,0.0,visual_splice,1,1,0.7305194682892079,0.7469009530056586
family_a_000317_visual_splice,d2e8d6d2eff7770e,0.0,visual_splice,1,1,0.6784125257337256,0.7781020239702799
family_a_000318_visual_splice,d2e8d6d2eff7770e,0.0,visual_splice,1,1,0.7893673675387138,0.9374123071067278
family_a_000319_genuine,fadde977322ea99f,0.0,genuine,0,0,0.6753317469258434,0.6745769381873414
family_a_000320_text_qr_mismatch,fadde977322ea99f,0.0,text_qr_mismatch,1,1,0.9950264731953312,0.9992501925494491
family_a_000321_qr_only_mismatch,fadde977322ea99f,0.0,qr_only_mismatch,1,1,0.9975854483289663,0.9997186015123992
family_a_000322_checksum_invalid,fadde977322ea99f,0.0,checksum_invalid,1,1,0.9983606557377049,0.9998185781704629
family_a_000323_format_invalid,fadde977322ea99f,0.0,format_invalid,1,1,1.0,0.9997870761296777
family_a_000324_field_missing,fadde977322ea99f,0.0,field_missing,1,1,0.9999842022116904,0.9996601779736008
family_a_000325_fine_grained_edit,fadde977322ea99f,0.0,fine_grained_edit,1,1,0.9948558029283372,0.9994531711697293
family_a_000326_coordinated_full_forgery,fadde977322ea99f,0.0,coordinated_full_forgery,1,1,0.7484753428036605,0.6834091709674621
family_a_000327_visual_splice,fadde977322ea99f,0.0,visual_splice,1,1,0.9047379787044624,0.9615525214874585
family_a_000328_visual_splice,fadde977322ea99f,0.0,visual_splice,1,1,0.772701215034591,0.8720962052144546
family_a_000329_visual_splice,fadde977322ea99f,0.0,visual_splice,1,1,0.9905219763437456,0.9997418660670919
family_a_000330_genuine,795d2a708b441373,0.0,genuine,0,0,0.5587001987890339,0.22202390866060026
family_a_000331_text_qr_mismatch,795d2a708b441373,0.0,text_qr_mismatch,1,1,0.9946452547515529,0.9994096665121824
family_a_000332_qr_only_mismatch,795d2a708b441373,0.0,qr_only_mismatch,1,1,0.89207868901986,0.9453500758263437
family_a_000333_checksum_invalid,795d2a708b441373,0.0,checksum_invalid,1,1,0.9999842022116904,0.999725229397096
family_a_000334_format_invalid,795d2a708b441373,0.0,format_invalid,1,1,1.0,0.9998278372517426
family_a_000335_field_missing,795d2a708b441373,0.0,field_missing,1,1,0.9912547408343869,0.9992998278109831
family_a_000336_fine_grained_edit,795d2a708b441373,0.0,fine_grained_edit,1,1,0.9882593283273288,0.9993871999824196
family_a_000337_coordinated_full_forgery,795d2a708b441373,0.0,coordinated_full_forgery,1,1,0.7383927052442748,0.7622151373618485
family_a_000338_visual_splice,795d2a708b441373,0.0,visual_splice,1,1,0.9425424380898678,0.970725278387415
family_a_000339_visual_splice,795d2a708b441373,0.0,visual_splice,1,1,0.9977879392444209,0.9991593244955342
family_a_000340_visual_splice,795d2a708b441373,0.0,visual_splice,1,1,0.9368746438035935,0.9404256262898046
family_a_000341_genuine,d676c4d7809e4aff,0.0,genuine,0,0,0.6256299203734801,0.4195865546294439
family_a_000342_text_qr_mismatch,d676c4d7809e4aff,0.0,text_qr_mismatch,1,1,0.9908515836222219,0.9993804522774157
family_a_000343_qr_only_mismatch,d676c4d7809e4aff,0.0,qr_only_mismatch,1,1,0.9963119214182194,0.9995716194091006
family_a_000344_checksum_invalid,d676c4d7809e4aff,0.0,checksum_invalid,1,1,0.9983606557377049,0.9986933060657172
family_a_000345_format_invalid,d676c4d7809e4aff,0.0,format_invalid,1,1,1.0,0.9990159749937597
family_a_000346_field_missing,d676c4d7809e4aff,0.0,field_missing,1,1,0.9925,0.9995906002007999
family_a_000347_fine_grained_edit,d676c4d7809e4aff,0.0,fine_grained_edit,1,1,0.9877540757956763,0.9992452514971308
family_a_000348_coordinated_full_forgery,d676c4d7809e4aff,0.0,coordinated_full_forgery,1,1,0.7963600945144601,0.8611891175760296
family_a_000349_visual_splice,d676c4d7809e4aff,0.0,visual_splice,1,1,0.995021620489142,0.994712684485967
family_a_000350_visual_splice,d676c4d7809e4aff,0.0,visual_splice,1,1,0.7607878909546305,0.7325213422686244
family_a_000351_visual_splice,d676c4d7809e4aff,0.0,visual_splice,1,1,0.9943461155966713,0.9995739294526532
family_a_000352_genuine,fdd772a875399971,0.0,genuine,0,0,0.5893789026549089,0.4824870969393197
family_a_000353_text_qr_mismatch,fdd772a875399971,0.0,text_qr_mismatch,1,1,0.9914659744473456,0.9995179891714326
family_a_000354_qr_only_mismatch,fdd772a875399971,0.0,qr_only_mismatch,1,1,0.9830776621945838,0.9995476204952884
family_a_000355_checksum_invalid,fdd772a875399971,0.0,checksum_invalid,1,1,0.9978717523493643,0.9997848842716315
family_a_000356_format_invalid,fdd772a875399971,0.0,format_invalid,1,1,1.0,0.9997608168036587
family_a_000357_field_missing,fdd772a875399971,0.0,field_missing,1,1,0.9999842022116904,0.9996603386902186
family_a_000358_fine_grained_edit,fdd772a875399971,0.0,fine_grained_edit,1,1,0.9847167100416959,0.9985718899405899
family_a_000359_coordinated_full_forgery,fdd772a875399971,0.0,coordinated_full_forgery,1,1,0.7085967001583293,0.7454270560829591
family_a_000360_visual_splice,fdd772a875399971,0.0,visual_splice,1,1,0.9672853636935114,0.9576298029902427
family_a_000361_visual_splice,fdd772a875399971,0.0,visual_splice,1,1,0.6533620730620145,0.610953774781034
family_a_000362_visual_splice,fdd772a875399971,0.0,visual_splice,1,1,0.7897938820667284,0.7277560106695821
family_a_000363_genuine,ffffb4f462569eb4,0.0,genuine,0,0,0.6607930745521073,0.5090798581984687
family_a_000364_text_qr_mismatch,ffffb4f462569eb4,0.0,text_qr_mismatch,1,1,0.9936679533476529,0.99918308000465
family_a_000365_qr_only_mismatch,ffffb4f462569eb4,0.0,qr_only_mismatch,1,1,0.991918227561237,0.9994049718422153
family_a_000366_checksum_invalid,ffffb4f462569eb4,0.0,checksum_invalid,1,1,0.9983606557377049,0.9992548357475809
family_a_000367_format_invalid,ffffb4f462569eb4,0.0,format_invalid,1,1,1.0,0.9997976865209567
family_a_000368_field_missing,ffffb4f462569eb4,0.0,field_missing,1,1,1.0,0.9997605971025534
family_a_000369_fine_grained_edit,ffffb4f462569eb4,0.0,fine_grained_edit,1,1,0.9946420828634578,0.9992345644705829
family_a_000370_coordinated_full_forgery,ffffb4f462569eb4,0.0,coordinated_full_forgery,1,1,0.7468417413622954,0.7806289985831824
family_a_000371_visual_splice,ffffb4f462569eb4,0.0,visual_splice,1,1,0.7967842249136112,0.80636289809249
family_a_000372_visual_splice,ffffb4f462569eb4,0.0,visual_splice,1,1,0.9977640197575377,0.9996068302334921
family_a_000373_visual_splice,ffffb4f462569eb4,0.0,visual_splice,1,1,0.7100042035114583,0.5394132957510029
family_a_000374_genuine,e8195d8ab6a778da,0.0,genuine,0,0,0.6936304896498566,0.5872435791169969
family_a_000375_text_qr_mismatch,e8195d8ab6a778da,0.0,text_qr_mismatch,1,1,0.9944049446740334,0.9995140551812286
family_a_000376_qr_only_mismatch,e8195d8ab6a778da,0.0,qr_only_mismatch,1,1,0.9944049446740334,0.9995431702178059
family_a_000377_checksum_invalid,e8195d8ab6a778da,0.0,checksum_invalid,1,1,0.9983606557377049,0.9997756233761771
family_a_000378_format_invalid,e8195d8ab6a778da,0.0,format_invalid,1,1,0.9999842022116904,0.9997495512746801
family_a_000379_field_missing,e8195d8ab6a778da,0.0,field_missing,1,1,0.9975,0.9991037841423378
family_a_000380_fine_grained_edit,e8195d8ab6a778da,0.0,fine_grained_edit,1,1,0.9864595336694388,0.9995061438711997
family_a_000381_coordinated_full_forgery,e8195d8ab6a778da,0.0,coordinated_full_forgery,1,1,0.8002532642345814,0.8959136025967801
family_a_000382_visual_splice,e8195d8ab6a778da,0.0,visual_splice,1,1,0.9928023339337829,0.999861305552877
family_a_000383_visual_splice,e8195d8ab6a778da,0.0,visual_splice,1,1,0.999676363488168,0.9997276198513834
family_a_000384_visual_splice,e8195d8ab6a778da,0.0,visual_splice,1,1,0.9960439128771102,0.9996483996004883
family_a_000385_genuine,8b76ee3c3a00d059,0.0,genuine,0,0,0.6774757786937284,0.6778670301754628
family_a_000386_text_qr_mismatch,8b76ee3c3a00d059,0.0,text_qr_mismatch,1,1,0.994420742462343,0.9991322539248128
family_a_000387_qr_only_mismatch,8b76ee3c3a00d059,0.0,qr_only_mismatch,1,1,0.9914052939883311,0.9991191449594626
family_a_000388_checksum_invalid,8b76ee3c3a00d059,0.0,checksum_invalid,1,1,0.9974865493812279,0.9997966610930906
family_a_000389_format_invalid,8b76ee3c3a00d059,0.0,format_invalid,1,1,1.0,0.9993729895635225
family_a_000390_field_missing,8b76ee3c3a00d059,0.0,field_missing,1,1,1.0,0.9995434281057369
family_a_000391_fine_grained_edit,8b76ee3c3a00d059,0.0,fine_grained_edit,1,1,0.9943461155966713,0.9989346139275961
family_a_000392_coordinated_full_forgery,8b76ee3c3a00d059,0.0,coordinated_full_forgery,1,1,0.6294658246941909,0.7417527146410142
family_a_000393_visual_splice,8b76ee3c3a00d059,0.0,visual_splice,1,1,1.0,0.9991285666313495
family_a_000394_visual_splice,8b76ee3c3a00d059,0.0,visual_splice,1,1,0.9946147970318637,0.9991805791752489
family_a_000395_visual_splice,8b76ee3c3a00d059,0.0,visual_splice,1,1,0.992,0.9986889089568441
family_a_000396_genuine,a2711910967c7d89,0.0,genuine,0,0,0.5665928318446833,0.48995498067922677
family_a_000397_text_qr_mismatch,a2711910967c7d89,0.0,text_qr_mismatch,1,1,0.9909140459736204,0.9996167234558849
family_a_000398_qr_only_mismatch,a2711910967c7d89,0.0,qr_only_mismatch,1,1,0.9981731422125572,0.999697886884586
family_a_000399_checksum_invalid,a2711910967c7d89,0.0,checksum_invalid,1,1,0.9978717523493643,0.9997848839138056
family_a_000400_format_invalid,a2711910967c7d89,0.0,format_invalid,1,1,1.0,0.9998235860625435
family_a_000401_field_missing,a2711910967c7d89,0.0,field_missing,1,1,0.9999842022116904,0.9995115469981857
family_a_000402_fine_grained_edit,a2711910967c7d89,0.0,fine_grained_edit,1,1,0.9965561008209556,0.9996195023556448
family_a_000403_coordinated_full_forgery,a2711910967c7d89,0.0,coordinated_full_forgery,1,1,0.7347777747382164,0.8231489583076433
family_a_000404_visual_splice,a2711910967c7d89,0.0,visual_splice,1,1,0.9978065302480023,0.9996384016505122
family_a_000405_visual_splice,a2711910967c7d89,0.0,visual_splice,1,1,0.9979404588194309,0.995573313329222
family_a_000406_visual_splice,a2711910967c7d89,0.0,visual_splice,1,1,0.7806675030327626,0.856827929847635
family_a_000451_genuine,4435542c5f6923a0,0.0,genuine,0,0,0.5300683600137305,0.27330354859133754
family_a_000452_text_qr_mismatch,4435542c5f6923a0,0.0,text_qr_mismatch,1,1,0.9946420828634578,0.9995777634536173
family_a_000453_qr_only_mismatch,4435542c5f6923a0,0.0,qr_only_mismatch,1,1,0.9419013023608707,0.9665280595343111
family_a_000454_checksum_invalid,4435542c5f6923a0,0.0,checksum_invalid,1,1,0.9973129251700681,0.9997989307607217
family_a_000455_format_invalid,4435542c5f6923a0,0.0,format_invalid,1,1,1.0,0.9998075760074544
family_a_000456_field_missing,4435542c5f6923a0,0.0,field_missing,1,1,0.9999842022116904,0.9993410653224483
family_a_000457_fine_grained_edit,4435542c5f6923a0,0.0,fine_grained_edit,1,1,0.9949828446123695,0.9990473423109838
family_a_000458_coordinated_full_forgery,4435542c5f6923a0,0.0,coordinated_full_forgery,1,1,0.7891171396880486,0.7404559156261166
family_a_000459_visual_splice,4435542c5f6923a0,0.0,visual_splice,1,1,0.8279649427243372,0.8426060492394473
family_a_000460_visual_splice,4435542c5f6923a0,0.0,visual_splice,1,1,0.7485750385454096,0.7512337811382614
family_a_000461_visual_splice,4435542c5f6923a0,0.0,visual_splice,1,1,0.7887689997648887,0.8413161109328026
family_a_000462_genuine,65dddbf22424971a,0.0,genuine,0,0,0.7207812001598083,0.4753645545723997
family_a_000463_text_qr_mismatch,65dddbf22424971a,0.0,text_qr_mismatch,1,1,0.9894499278733286,0.9997044562406616
family_a_000464_qr_only_mismatch,65dddbf22424971a,0.0,qr_only_mismatch,1,1,0.993492182957362,0.9995556140031884
family_a_000465_checksum_invalid,65dddbf22424971a,0.0,checksum_invalid,1,1,0.9978717523493643,0.9995623658663652
family_a_000466_format_invalid,65dddbf22424971a,0.0,format_invalid,1,1,1.0,0.9996616783643357
family_a_000467_field_missing,65dddbf22424971a,0.0,field_missing,1,1,1.0,0.9991160783793769
family_a_000468_fine_grained_edit,65dddbf22424971a,0.0,fine_grained_edit,1,1,0.9909140459736204,0.9997244311346752
family_a_000469_coordinated_full_forgery,65dddbf22424971a,0.0,coordinated_full_forgery,1,1,0.7403031597550179,0.844193286992705
family_a_000470_visual_splice,65dddbf22424971a,0.0,visual_splice,1,1,0.9897740671119496,0.9982258719189718
family_a_000471_visual_splice,65dddbf22424971a,0.0,visual_splice,1,1,0.9959886016212175,0.9984490576693912
family_a_000472_visual_splice,65dddbf22424971a,0.0,visual_splice,1,1,0.832574815542913,0.8950083154376888
family_a_000495_genuine,75cfc7b07fa864c2,0.0,genuine,0,0,0.6667076851767244,0.6753207696665701
family_a_000496_text_qr_mismatch,75cfc7b07fa864c2,0.0,text_qr_mismatch,1,1,0.988420742462343,0.9986721114813001
family_a_000497_qr_only_mismatch,75cfc7b07fa864c2,0.0,qr_only_mismatch,1,1,0.9958243356658184,0.9983441485552621
family_a_000498_checksum_invalid,75cfc7b07fa864c2,0.0,checksum_invalid,1,1,0.993068783068783,0.9972948206556783
family_a_000499_format_invalid,75cfc7b07fa864c2,0.0,format_invalid,1,1,1.0,0.9997098787739471
family_a_000500_field_missing,75cfc7b07fa864c2,0.0,field_missing,1,1,0.9999842022116904,0.9996225597785604
family_a_000501_fine_grained_edit,75cfc7b07fa864c2,0.0,fine_grained_edit,1,1,0.9920154746578557,0.9995664645261176
family_a_000502_coordinated_full_forgery,75cfc7b07fa864c2,0.0,coordinated_full_forgery,1,1,0.790185471129439,0.8217266287643895
family_a_000503_visual_splice,75cfc7b07fa864c2,0.0,visual_splice,1,1,0.7846439435577502,0.7957476437895957
family_a_000504_visual_splice,75cfc7b07fa864c2,0.0,visual_splice,1,1,0.7662188900665069,0.8309216697992178
family_a_000505_visual_splice,75cfc7b07fa864c2,0.0,visual_splice,1,1,0.9920154746578557,0.9995178462703951
family_a_000517_genuine,e86e1cd0407e5465,0.0,genuine,0,0,0.7420480219895748,0.6952978351275843
family_a_000518_text_qr_mismatch,e86e1cd0407e5465,0.0,text_qr_mismatch,1,1,0.9491471606743659,0.9236513847956522
family_a_000519_qr_only_mismatch,e86e1cd0407e5465,0.0,qr_only_mismatch,1,1,1.0,0.9994442115865675
family_a_000520_checksum_invalid,e86e1cd0407e5465,0.0,checksum_invalid,1,1,0.9712859704196944,0.9770776288575886
family_a_000521_format_invalid,e86e1cd0407e5465,0.0,format_invalid,1,1,0.870195252476951,0.9854532602689494
family_a_000522_field_missing,e86e1cd0407e5465,0.0,field_missing,1,1,0.9853140759557348,0.9944982603780799
family_a_000523_fine_grained_edit,e86e1cd0407e5465,0.0,fine_grained_edit,1,1,0.8583180680494641,0.8952586218019452
family_a_000524_coordinated_full_forgery,e86e1cd0407e5465,0.0,coordinated_full_forgery,1,1,0.7486527393226297,0.7816069251766911
family_a_000525_visual_splice,e86e1cd0407e5465,0.0,visual_splice,1,1,0.9491471606743659,0.9760998989482835
family_a_000526_visual_splice,e86e1cd0407e5465,0.0,visual_splice,1,1,0.9004708264727571,0.847068391959791
family_a_000527_visual_splice,e86e1cd0407e5465,0.0,visual_splice,1,1,0.9099488849704678,0.8926259043275638
family_a_000528_genuine,3d4ad6be137ba5c5,0.0,genuine,0,0,0.6075779208442509,0.5965933053060408
family_a_000529_text_qr_mismatch,3d4ad6be137ba5c5,0.0,text_qr_mismatch,1,1,0.9899807832502259,0.9995652812361531
family_a_000530_qr_only_mismatch,3d4ad6be137ba5c5,0.0,qr_only_mismatch,1,1,0.9930219995660501,0.999023757027475
family_a_000531_checksum_invalid,3d4ad6be137ba5c5,0.0,checksum_invalid,1,1,0.9978717523493643,0.9997369815957576
family_a_000532_format_invalid,3d4ad6be137ba5c5,0.0,format_invalid,1,1,0.9999842022116904,0.9992746048861031
family_a_000533_field_missing,3d4ad6be137ba5c5,0.0,field_missing,1,1,1.0,0.9994795949983837
family_a_000534_fine_grained_edit,3d4ad6be137ba5c5,0.0,fine_grained_edit,1,1,0.9921981903670484,0.9993807353411577
family_a_000535_coordinated_full_forgery,3d4ad6be137ba5c5,0.0,coordinated_full_forgery,1,1,0.7243826117730174,0.8071045518567225
family_a_000536_visual_splice,3d4ad6be137ba5c5,0.0,visual_splice,1,1,1.0,0.9992103110575056
family_a_000537_visual_splice,3d4ad6be137ba5c5,0.0,visual_splice,1,1,0.7653094521485709,0.7739575542752251
family_a_000538_visual_splice,3d4ad6be137ba5c5,0.0,visual_splice,1,1,0.7476055779729373,0.7895163781530465
family_a_000539_genuine,c859cb994efd477b,0.0,genuine,0,0,0.695919010757445,0.5846634787095177
family_a_000540_text_qr_mismatch,c859cb994efd477b,0.0,text_qr_mismatch,1,1,0.9794200564716684,0.999374922997693
family_a_000541_qr_only_mismatch,c859cb994efd477b,0.0,qr_only_mismatch,1,1,0.996327719206529,0.999707049513802
family_a_000542_checksum_invalid,c859cb994efd477b,0.0,checksum_invalid,1,1,0.9978717523493643,0.9996808055283397
family_a_000543_format_invalid,c859cb994efd477b,0.0,format_invalid,1,1,1.0,0.9997439736975569
family_a_000544_field_missing,c859cb994efd477b,0.0,field_missing,1,1,0.9999842022116904,0.9993870912331803
family_a_000545_fine_grained_edit,c859cb994efd477b,0.0,fine_grained_edit,1,1,0.9921580126256608,0.9995640299265994
family_a_000546_coordinated_full_forgery,c859cb994efd477b,0.0,coordinated_full_forgery,1,1,0.7624033868574287,0.7292934701273418
family_a_000547_visual_splice,c859cb994efd477b,0.0,visual_splice,1,1,0.8021320663749348,0.8886131448464162
family_a_000548_visual_splice,c859cb994efd477b,0.0,visual_splice,1,1,0.8301496021916701,0.8870206702141634
family_a_000549_visual_splice,c859cb994efd477b,0.0,visual_splice,1,1,0.9999842022116904,0.9992652434380432
family_a_000550_genuine,6ecff36bc275bc82,0.0,genuine,0,0,0.6631139678049115,0.6775848884335387
family_a_000551_text_qr_mismatch,6ecff36bc275bc82,0.0,text_qr_mismatch,1,1,0.9896428076972292,0.9994898841154803
family_a_000552_qr_only_mismatch,6ecff36bc275bc82,0.0,qr_only_mismatch,1,1,0.8903435970132242,0.8658730741389689
family_a_000553_checksum_invalid,6ecff36bc275bc82,0.0,checksum_invalid,1,1,0.9978717523493643,0.9995078759812054
family_a_000554_format_invalid,6ecff36bc275bc82,0.0,format_invalid,1,1,1.0,0.9997831262179292
family_a_000555_field_missing,6ecff36bc275bc82,0.0,field_missing,1,1,0.9975,0.9995713022040612
family_a_000556_fine_grained_edit,6ecff36bc275bc82,0.0,fine_grained_edit,1,1,0.9921851644437141,0.9962476947445602
family_a_000557_coordinated_full_forgery,6ecff36bc275bc82,0.0,coordinated_full_forgery,1,1,0.8012950015932379,0.9115092954651467
family_a_000558_visual_splice,6ecff36bc275bc82,0.0,visual_splice,1,1,0.7715023568767566,0.7531680315897663
family_a_000559_visual_splice,6ecff36bc275bc82,0.0,visual_splice,1,1,0.776499283790566,0.8411678065022187
family_a_000560_visual_splice,6ecff36bc275bc82,0.0,visual_splice,1,1,0.7712237008975786,0.854019368418959
family_a_000561_genuine,d5c24a76d0a5e8ef,0.0,genuine,0,0,0.48714049835737294,0.2747560532877223
family_a_000562_text_qr_mismatch,d5c24a76d0a5e8ef,0.0,text_qr_mismatch,1,1,0.9909136410305627,0.9995201103097432
family_a_000563_qr_only_mismatch,d5c24a76d0a5e8ef,0.0,qr_only_mismatch,1,1,0.9860808604888268,0.9995757498780233
family_a_000564_checksum_invalid,d5c24a76d0a5e8ef,0.0,checksum_invalid,1,1,0.9978717523493643,0.9996586713464661
family_a_000565_format_invalid,d5c24a76d0a5e8ef,0.0,format_invalid,1,1,0.9999842022116904,0.9997707908053064
family_a_000566_field_missing,d5c24a76d0a5e8ef,0.0,field_missing,1,1,1.0,0.9997089405445319
family_a_000567_fine_grained_edit,d5c24a76d0a5e8ef,0.0,fine_grained_edit,1,1,0.9962086209391543,0.9994778057783751
family_a_000568_coordinated_full_forgery,d5c24a76d0a5e8ef,0.0,coordinated_full_forgery,1,1,0.7949336892509906,0.7851846923313299
family_a_000569_visual_splice,d5c24a76d0a5e8ef,0.0,visual_splice,1,1,0.7686919668089993,0.743611922045206
family_a_000570_visual_splice,d5c24a76d0a5e8ef,0.0,visual_splice,1,1,0.774693945540818,0.7943927646231922
family_a_000571_visual_splice,d5c24a76d0a5e8ef,0.0,visual_splice,1,1,0.9880062336231552,0.9992427620764306
family_a_000583_genuine,8bf36e809986b1d1,0.0,genuine,0,0,0.6536765814430359,0.6108300527498124
family_a_000584_text_qr_mismatch,8bf36e809986b1d1,0.0,text_qr_mismatch,1,1,0.9967893102968707,0.9995528369164467
family_a_000585_qr_only_mismatch,8bf36e809986b1d1,0.0,qr_only_mismatch,1,1,0.9794780233704885,0.9994870390421431
family_a_000586_checksum_invalid,8bf36e809986b1d1,0.0,checksum_invalid,1,1,0.9978559545610547,0.9998547525420041
family_a_000587_format_invalid,8bf36e809986b1d1,0.0,format_invalid,1,1,0.9999842022116904,0.9998104321886059
family_a_000588_field_missing,8bf36e809986b1d1,0.0,field_missing,1,1,1.0,0.999310131213591
family_a_000589_fine_grained_edit,8bf36e809986b1d1,0.0,fine_grained_edit,1,1,0.9944049446740334,0.9995810430589189
family_a_000590_coordinated_full_forgery,8bf36e809986b1d1,0.0,coordinated_full_forgery,1,1,0.7524145730510357,0.843436415604129
family_a_000591_visual_splice,8bf36e809986b1d1,0.0,visual_splice,1,1,0.7721294292748996,0.8501599159510485
family_a_000592_visual_splice,8bf36e809986b1d1,0.0,visual_splice,1,1,0.9958022118216546,0.9995351870157928
family_a_000593_visual_splice,8bf36e809986b1d1,0.0,visual_splice,1,1,0.8059690024597133,0.8643278381581208
family_a_000605_genuine,b33615c34f017e7d,0.0,genuine,0,0,0.6912971478861414,0.6185367733107905
family_a_000606_text_qr_mismatch,b33615c34f017e7d,0.0,text_qr_mismatch,1,1,0.9953933302698296,0.999673852448538
family_a_000607_qr_only_mismatch,b33615c34f017e7d,0.0,qr_only_mismatch,1,1,0.9964295185424745,0.9995838916890928
family_a_000608_checksum_invalid,b33615c34f017e7d,0.0,checksum_invalid,1,1,0.9983606557377049,0.9997694629473648
family_a_000609_format_invalid,b33615c34f017e7d,0.0,format_invalid,1,1,1.0,0.9997825005600566
family_a_000610_field_missing,b33615c34f017e7d,0.0,field_missing,1,1,1.0,0.9992833134917148
family_a_000611_fine_grained_edit,b33615c34f017e7d,0.0,fine_grained_edit,1,1,0.9865561008209557,0.9994990550866513
family_a_000612_coordinated_full_forgery,b33615c34f017e7d,0.0,coordinated_full_forgery,1,1,0.8029673083361404,0.7853418934350718
family_a_000613_visual_splice,b33615c34f017e7d,0.0,visual_splice,1,1,0.9978606422125571,0.9955528055562762
family_a_000614_visual_splice,b33615c34f017e7d,0.0,visual_splice,1,1,1.0,0.9995444064102109
family_a_000615_visual_splice,b33615c34f017e7d,0.0,visual_splice,1,1,1.0,0.9996166160499844
family_a_000616_genuine,75a9a45b441f482a,0.0,genuine,0,0,0.737032465141028,0.5956151575019935
family_a_000617_text_qr_mismatch,75a9a45b441f482a,0.0,text_qr_mismatch,1,1,0.9943461155966713,0.9995801869413422
family_a_000618_qr_only_mismatch,75a9a45b441f482a,0.0,qr_only_mismatch,1,1,0.9943461155966713,0.9996274968374735
family_a_000619_checksum_invalid,75a9a45b441f482a,0.0,checksum_invalid,1,1,0.9978717523493643,0.9997859386677097
family_a_000620_format_invalid,75a9a45b441f482a,0.0,format_invalid,1,1,1.0,0.9997681278076714
family_a_000621_field_missing,75a9a45b441f482a,0.0,field_missing,1,1,1.0,0.9990038858653267
family_a_000622_fine_grained_edit,75a9a45b441f482a,0.0,fine_grained_edit,1,1,0.988774118379852,0.9966139251239805
family_a_000623_coordinated_full_forgery,75a9a45b441f482a,0.0,coordinated_full_forgery,1,1,0.7423492489862633,0.8205221190501448
family_a_000624_visual_splice,75a9a45b441f482a,0.0,visual_splice,1,1,0.7756899665401663,0.8232812769143312
family_a_000625_visual_splice,75a9a45b441f482a,0.0,visual_splice,1,1,0.7576239273736857,0.8174437767150917
family_a_000626_visual_splice,75a9a45b441f482a,0.0,visual_splice,1,1,0.7833267716078564,0.7379535976685831
family_a_000660_genuine,72ca212bf3602f0e,0.0,genuine,0,0,0.7570243881358263,0.5830310814669231
family_a_000661_text_qr_mismatch,72ca212bf3602f0e,0.0,text_qr_mismatch,1,1,0.994420742462343,0.9993471281258358
family_a_000662_qr_only_mismatch,72ca212bf3602f0e,0.0,qr_only_mismatch,1,1,0.985445104693442,0.9995931036288467
family_a_000663_checksum_invalid,72ca212bf3602f0e,0.0,checksum_invalid,1,1,0.9983448579493954,0.9998294254828339
family_a_000664_format_invalid,72ca212bf3602f0e,0.0,format_invalid,1,1,0.9999842022116904,0.9998757889964648
family_a_000665_field_missing,72ca212bf3602f0e,0.0,field_missing,1,1,1.0,0.9996490206344757
family_a_000666_fine_grained_edit,72ca212bf3602f0e,0.0,fine_grained_edit,1,1,0.9940852052310359,0.9993072537451756
family_a_000667_coordinated_full_forgery,72ca212bf3602f0e,0.0,coordinated_full_forgery,1,1,0.7830769939466825,0.7576836284322448
family_a_000668_visual_splice,72ca212bf3602f0e,0.0,visual_splice,1,1,1.0,0.9996188938762648
family_a_000669_visual_splice,72ca212bf3602f0e,0.0,visual_splice,1,1,0.8184667723407948,0.9345631852460471
family_a_000670_visual_splice,72ca212bf3602f0e,0.0,visual_splice,1,1,0.7978885280324648,0.8403130000022677
family_a_000682_genuine,14d5f90c2f98028f,0.0,genuine,0,0,0.7647399003682193,0.7243871777000297
family_a_000683_text_qr_mismatch,14d5f90c2f98028f,0.0,text_qr_mismatch,1,1,0.9949754392444209,0.9996429858382097
family_a_000684_qr_only_mismatch,14d5f90c2f98028f,0.0,qr_only_mismatch,1,1,0.9965561008209556,0.9995608470065616
family_a_000685_checksum_invalid,14d5f90c2f98028f,0.0,checksum_invalid,1,1,0.9983606557377049,0.9997864437468363
family_a_000686_format_invalid,14d5f90c2f98028f,0.0,format_invalid,1,1,1.0,0.9998215540577873
family_a_000687_field_missing,14d5f90c2f98028f,0.0,field_missing,1,1,1.0,0.9996195682032987
family_a_000688_fine_grained_edit,14d5f90c2f98028f,0.0,fine_grained_edit,1,1,0.9935378506969514,0.9978527073551527
family_a_000689_coordinated_full_forgery,14d5f90c2f98028f,0.0,coordinated_full_forgery,1,1,0.7089682545927709,0.7196897775492992
family_a_000690_visual_splice,14d5f90c2f98028f,0.0,visual_splice,1,1,0.8357547933910613,0.829696339644466
family_a_000691_visual_splice,14d5f90c2f98028f,0.0,visual_splice,1,1,0.8058046301687989,0.8446210761295427
family_a_000692_visual_splice,14d5f90c2f98028f,0.0,visual_splice,1,1,0.782975198829113,0.9018885256897977
family_a_000693_genuine,99d86e12fc5ab026,0.0,genuine,0,0,0.6406243020572995,0.4740425031987613
family_a_000694_text_qr_mismatch,99d86e12fc5ab026,0.0,text_qr_mismatch,1,1,0.9942821118099127,0.9982072458898852
family_a_000695_qr_only_mismatch,99d86e12fc5ab026,0.0,qr_only_mismatch,1,1,0.9944086940883936,0.9992367387564555
family_a_000696_checksum_invalid,99d86e12fc5ab026,0.0,checksum_invalid,1,1,0.9983606557377049,0.9996184346126298
family_a_000697_format_invalid,99d86e12fc5ab026,0.0,format_invalid,1,1,1.0,0.9998098860678121
family_a_000698_field_missing,99d86e12fc5ab026,0.0,field_missing,1,1,1.0,0.9995298362609619
family_a_000699_fine_grained_edit,99d86e12fc5ab026,0.0,fine_grained_edit,1,1,0.9941515183072102,0.9970693919689937
family_a_000700_coordinated_full_forgery,99d86e12fc5ab026,0.0,coordinated_full_forgery,1,1,0.7489116827558226,0.769823559841847
family_a_000701_visual_splice,99d86e12fc5ab026,0.0,visual_splice,1,1,0.7369700520136369,0.7553903715151892
family_a_000702_visual_splice,99d86e12fc5ab026,0.0,visual_splice,1,1,0.8033990609383446,0.8893137002188816
family_a_000703_visual_splice,99d86e12fc5ab026,0.0,visual_splice,1,1,0.9962798175458473,0.9998067053483531
family_a_000704_genuine,4b8253eb3c589d48,0.0,genuine,0,0,0.6776120791087146,0.6328884696234256
family_a_000705_text_qr_mismatch,4b8253eb3c589d48,0.0,text_qr_mismatch,1,1,0.9950551048965877,0.9988207197965717
family_a_000706_qr_only_mismatch,4b8253eb3c589d48,0.0,qr_only_mismatch,1,1,0.9933881571430575,0.9993469653102357
family_a_000707_checksum_invalid,4b8253eb3c589d48,0.0,checksum_invalid,1,1,0.987038419016031,0.9992577829643445
family_a_000708_format_invalid,4b8253eb3c589d48,0.0,format_invalid,1,1,1.0,0.9998141700075133
family_a_000709_field_missing,4b8253eb3c589d48,0.0,field_missing,1,1,1.0,0.9992080563005278
family_a_000710_fine_grained_edit,4b8253eb3c589d48,0.0,fine_grained_edit,1,1,0.9803438165144875,0.9961488673168182
family_a_000711_coordinated_full_forgery,4b8253eb3c589d48,0.0,coordinated_full_forgery,1,1,0.7698435446639614,0.8193541741832102
family_a_000712_visual_splice,4b8253eb3c589d48,0.0,visual_splice,1,1,0.7329243170739003,0.7272962523564721
family_a_000713_visual_splice,4b8253eb3c589d48,0.0,visual_splice,1,1,0.9942821118099127,0.9992126464684511
family_a_000714_visual_splice,4b8253eb3c589d48,0.0,visual_splice,1,1,0.7642701065293008,0.7413960006218979
family_a_000715_genuine,74b585b7a5e7b18e,0.0,genuine,0,0,0.6897093810223456,0.6109945299225195
family_a_000716_text_qr_mismatch,74b585b7a5e7b18e,0.0,text_qr_mismatch,1,1,0.9888438165144875,0.9993593301137244
family_a_000717_qr_only_mismatch,74b585b7a5e7b18e,0.0,qr_only_mismatch,1,1,0.9919640673586814,0.9994177767715077
family_a_000718_checksum_invalid,74b585b7a5e7b18e,0.0,checksum_invalid,1,1,0.9983606557377049,0.9997149664111393
family_a_000719_format_invalid,74b585b7a5e7b18e,0.0,format_invalid,1,1,1.0,0.9998653505167221
family_a_000720_field_missing,74b585b7a5e7b18e,0.0,field_missing,1,1,0.9854021164021164,0.9983922724214931
family_a_000721_fine_grained_edit,74b585b7a5e7b18e,0.0,fine_grained_edit,1,1,0.9938965259857528,0.9979050283476191
family_a_000722_coordinated_full_forgery,74b585b7a5e7b18e,0.0,coordinated_full_forgery,1,1,0.9072310542462304,0.9351535294869399
family_a_000723_visual_splice,74b585b7a5e7b18e,0.0,visual_splice,1,1,1.0,0.999621662647738
family_a_000724_visual_splice,74b585b7a5e7b18e,0.0,visual_splice,1,1,0.9960269157974628,0.9972986935496823
family_a_000725_visual_splice,74b585b7a5e7b18e,0.0,visual_splice,1,1,0.9939517984265707,0.9972011886577362
family_a_000726_genuine,e4929fe7587b424d,0.0,genuine,0,0,0.6557431662685973,0.4113117160168088
family_a_000727_text_qr_mismatch,e4929fe7587b424d,0.0,text_qr_mismatch,1,1,0.9953933302698296,0.999650690680213
family_a_000728_qr_only_mismatch,e4929fe7587b424d,0.0,qr_only_mismatch,1,1,0.9937727052310359,0.9995400340293406
family_a_000729_checksum_invalid,e4929fe7587b424d,0.0,checksum_invalid,1,1,0.9979754527695687,0.999844598004703
family_a_000730_format_invalid,e4929fe7587b424d,0.0,format_invalid,1,1,1.0,0.9998701152387616
family_a_000731_field_missing,e4929fe7587b424d,0.0,field_missing,1,1,0.9965838235805363,0.9992727905476037
family_a_000732_fine_grained_edit,e4929fe7587b424d,0.0,fine_grained_edit,1,1,0.9936890351452697,0.9996005607260968
family_a_000733_coordinated_full_forgery,e4929fe7587b424d,0.0,coordinated_full_forgery,1,1,0.7938033467883168,0.8803647460474198
family_a_000734_visual_splice,e4929fe7587b424d,0.0,visual_splice,1,1,0.9962798175458473,0.9998335353664511
family_a_000735_visual_splice,e4929fe7587b424d,0.0,visual_splice,1,1,0.7733500314473081,0.827579496286997
family_a_000736_visual_splice,e4929fe7587b424d,0.0,visual_splice,1,1,0.9921618222139904,0.9950707153917868
family_a_000737_genuine,63e1d34ea97f463c,0.0,genuine,0,0,0.6437568383295875,0.5784278943777598
family_a_000738_text_qr_mismatch,63e1d34ea97f463c,0.0,text_qr_mismatch,1,1,0.9946420828634578,0.9996024246191852
family_a_000739_qr_only_mismatch,63e1d34ea97f463c,0.0,qr_only_mismatch,1,1,0.9896428076972292,0.9995935957501942
family_a_000740_checksum_invalid,63e1d34ea97f463c,0.0,checksum_invalid,1,1,0.9978559545610547,0.9998335678352067
family_a_000741_format_invalid,63e1d34ea97f463c,0.0,format_invalid,1,1,1.0,0.9998750308078425
family_a_000742_field_missing,63e1d34ea97f463c,0.0,field_missing,1,1,0.9999842022116904,0.9997853076539042
family_a_000743_fine_grained_edit,63e1d34ea97f463c,0.0,fine_grained_edit,1,1,0.994420742462343,0.9995174737486251
family_a_000744_coordinated_full_forgery,63e1d34ea97f463c,0.0,coordinated_full_forgery,1,1,0.7726045350492456,0.8039767389311357
family_a_000745_visual_splice,63e1d34ea97f463c,0.0,visual_splice,1,1,0.7639716789728189,0.8393158060827987
family_a_000746_visual_splice,63e1d34ea97f463c,0.0,visual_splice,1,1,0.8071844012068745,0.9080023995110417
family_a_000747_visual_splice,63e1d34ea97f463c,0.0,visual_splice,1,1,0.9997413793103448,0.9995758273941044
family_a_000814_genuine,03074d7304de3a91,0.0,genuine,0,0,0.6272015862423985,0.5992365720843043
family_a_000815_text_qr_mismatch,03074d7304de3a91,0.0,text_qr_mismatch,1,1,0.9977879392444209,0.9995877655252968
family_a_000816_qr_only_mismatch,03074d7304de3a91,0.0,qr_only_mismatch,1,1,0.994420742462343,0.99965931482914
family_a_000817_checksum_invalid,03074d7304de3a91,0.0,checksum_invalid,1,1,0.9983606557377049,0.9998110835257477
family_a_000818_format_invalid,03074d7304de3a91,0.0,format_invalid,1,1,1.0,0.9998667281125266
family_a_000819_field_missing,03074d7304de3a91,0.0,field_missing,1,1,1.0,0.999369564292128
family_a_000820_fine_grained_edit,03074d7304de3a91,0.0,fine_grained_edit,1,1,0.9953886044965611,0.999425173143615
family_a_000821_coordinated_full_forgery,03074d7304de3a91,0.0,coordinated_full_forgery,1,1,0.7228966700822654,0.6811587527340732
family_a_000822_visual_splice,03074d7304de3a91,0.0,visual_splice,1,1,0.7828571589926764,0.7489054650595707
family_a_000823_visual_splice,03074d7304de3a91,0.0,visual_splice,1,1,0.9952952084803895,0.9997316758364563
family_a_000824_visual_splice,03074d7304de3a91,0.0,visual_splice,1,1,0.7676106467546292,0.791434420012388
family_a_000836_genuine,06da340c851367e3,0.0,genuine,0,0,0.7333892445189275,0.6708685619956297
family_a_000837_text_qr_mismatch,06da340c851367e3,0.0,text_qr_mismatch,1,1,0.984639609402986,0.9992812175543755
family_a_000838_qr_only_mismatch,06da340c851367e3,0.0,qr_only_mismatch,1,1,0.9957611589682405,0.9996089147814298
family_a_000839_checksum_invalid,06da340c851367e3,0.0,checksum_invalid,1,1,0.9978559545610547,0.9997286177303262
family_a_000840_format_invalid,06da340c851367e3,0.0,format_invalid,1,1,0.9999842022116904,0.9996874940936524
family_a_000841_field_missing,06da340c851367e3,0.0,field_missing,1,1,1.0,0.999165913240494
family_a_000842_fine_grained_edit,06da340c851367e3,0.0,fine_grained_edit,1,1,0.9944086940883936,0.999663266358581
family_a_000843_coordinated_full_forgery,06da340c851367e3,0.0,coordinated_full_forgery,1,1,0.6720604253274624,0.6191521569721536
family_a_000844_visual_splice,06da340c851367e3,0.0,visual_splice,1,1,0.8137717474455212,0.9589027706767392
family_a_000845_visual_splice,06da340c851367e3,0.0,visual_splice,1,1,0.9913953161612353,0.999301314818095
family_a_000846_visual_splice,06da340c851367e3,0.0,visual_splice,1,1,0.7689554214919228,0.8443250975772209
family_a_000847_genuine,e1327e578481492f,0.0,genuine,0,0,0.745003080006446,0.7971898039133211
family_a_000848_text_qr_mismatch,e1327e578481492f,0.0,text_qr_mismatch,1,1,0.9224667751717075,0.8741390430818555
family_a_000849_qr_only_mismatch,e1327e578481492f,0.0,qr_only_mismatch,1,1,0.9981731422125572,0.9994635226032128
family_a_000850_checksum_invalid,e1327e578481492f,0.0,checksum_invalid,1,1,0.9692501806187557,0.9586148182892327
family_a_000851_format_invalid,e1327e578481492f,0.0,format_invalid,1,1,0.920243572037489,0.9816490141077329
family_a_000852_field_missing,e1327e578481492f,0.0,field_missing,1,1,0.9802584249243763,0.9818470797225914
family_a_000853_fine_grained_edit,e1327e578481492f,0.0,fine_grained_edit,1,1,0.9395609377840062,0.9032472090829755
family_a_000854_coordinated_full_forgery,e1327e578481492f,0.0,coordinated_full_forgery,1,1,0.7258101139844055,0.7607423107934244
family_a_000855_visual_splice,e1327e578481492f,0.0,visual_splice,1,1,0.9231174975639652,0.9271023288419801
family_a_000856_visual_splice,e1327e578481492f,0.0,visual_splice,1,1,0.8835392297383372,0.8411641679293427
family_a_000857_visual_splice,e1327e578481492f,0.0,visual_splice,1,1,0.9879044888981275,0.985418359625423
family_a_000858_genuine,52f5eff814445b54,0.0,genuine,0,0,0.6105236160919821,0.43289319942388393
family_a_000859_text_qr_mismatch,52f5eff814445b54,0.0,text_qr_mismatch,1,1,0.9854137340788597,0.9993510266671851
family_a_000860_qr_only_mismatch,52f5eff814445b54,0.0,qr_only_mismatch,1,1,0.9944049446740334,0.9994898841154803
family_a_000861_checksum_invalid,52f5eff814445b54,0.0,checksum_invalid,1,1,0.9983606557377049,0.9996961553190238
family_a_000862_format_invalid,52f5eff814445b54,0.0,format_invalid,1,1,1.0,0.9998457492048173
family_a_000863_field_missing,52f5eff814445b54,0.0,field_missing,1,1,0.9336013645224172,0.9902736617650936
family_a_000864_fine_grained_edit,52f5eff814445b54,0.0,fine_grained_edit,1,1,0.9965561008209556,0.9996142891067942
family_a_000865_coordinated_full_forgery,52f5eff814445b54,0.0,coordinated_full_forgery,1,1,0.8043458383121935,0.8541944340316434
family_a_000866_visual_splice,52f5eff814445b54,0.0,visual_splice,1,1,0.9806088674569687,0.9959079855197913
family_a_000867_visual_splice,52f5eff814445b54,0.0,visual_splice,1,1,0.9981731422125572,0.9995709688105715
family_a_000868_visual_splice,52f5eff814445b54,0.0,visual_splice,1,1,1.0,0.9995348367567717
family_a_000869_genuine,5d45d4dc6a2a0807,0.0,genuine,0,0,0.7039525030541977,0.7311203236424315
family_a_000870_text_qr_mismatch,5d45d4dc6a2a0807,0.0,text_qr_mismatch,1,1,0.9933125665144875,0.9996477462757813
family_a_000871_qr_only_mismatch,5d45d4dc6a2a0807,0.0,qr_only_mismatch,1,1,0.9936890351452697,0.9995905076291972
family_a_000872_checksum_invalid,5d45d4dc6a2a0807,0.0,checksum_invalid,1,1,0.9983606557377049,0.9997786073564638
family_a_000873_format_invalid,5d45d4dc6a2a0807,0.0,format_invalid,1,1,1.0,0.9998243211908857
family_a_000874_field_missing,5d45d4dc6a2a0807,0.0,field_missing,1,1,1.0,0.9992799207038292
family_a_000875_fine_grained_edit,5d45d4dc6a2a0807,0.0,fine_grained_edit,1,1,0.9944086940883936,0.9994380869379007
family_a_000876_coordinated_full_forgery,5d45d4dc6a2a0807,0.0,coordinated_full_forgery,1,1,0.7957776672608332,0.773985415510593
family_a_000877_visual_splice,5d45d4dc6a2a0807,0.0,visual_splice,1,1,0.9962798175458473,0.9998732047882731
family_a_000878_visual_splice,5d45d4dc6a2a0807,0.0,visual_splice,1,1,0.9977798175458473,0.9998634540644276
family_a_000879_visual_splice,5d45d4dc6a2a0807,0.0,visual_splice,1,1,0.7864643053176426,0.8550201094929206
family_a_000880_genuine,0a2a6567af096d6f,0.0,genuine,0,0,0.5347444713535167,0.43170709628854975
family_a_000881_text_qr_mismatch,0a2a6567af096d6f,0.0,text_qr_mismatch,1,1,0.9950264731953312,0.9993949436145881
family_a_000882_qr_only_mismatch,0a2a6567af096d6f,0.0,qr_only_mismatch,1,1,0.8975769301222478,0.8696179766541197
family_a_000883_checksum_invalid,0a2a6567af096d6f,0.0,checksum_invalid,1,1,0.9978559545610547,0.9998014100757109
family_a_000884_format_invalid,0a2a6567af096d6f,0.0,format_invalid,1,1,0.9999842022116904,0.9997619186181671
family_a_000885_field_missing,0a2a6567af096d6f,0.0,field_missing,1,1,0.9999842022116904,0.9993685718013623
family_a_000886_fine_grained_edit,0a2a6567af096d6f,0.0,fine_grained_edit,1,1,0.9910953941374278,0.9995630639015176
family_a_000887_coordinated_full_forgery,0a2a6567af096d6f,0.0,coordinated_full_forgery,1,1,0.7722353408860225,0.8037786810354609
family_a_000888_visual_splice,0a2a6567af096d6f,0.0,visual_splice,1,1,0.9999842022116904,0.9993113352249196
family_a_000889_visual_splice,0a2a6567af096d6f,0.0,visual_splice,1,1,0.7730173318718814,0.7943646712552135
family_a_000890_visual_splice,0a2a6567af096d6f,0.0,visual_splice,1,1,0.988980783250226,0.9917490082512292
family_a_000891_genuine,0c1c5ff81cf0e6bf,0.0,genuine,0,0,0.5697306309110548,0.17128989881259646
family_a_000892_text_qr_mismatch,0c1c5ff81cf0e6bf,0.0,text_qr_mismatch,1,1,0.9947763232838835,0.9997499364319357
family_a_000893_qr_only_mismatch,0c1c5ff81cf0e6bf,0.0,qr_only_mismatch,1,1,0.9865058037950964,0.9997484719462536
family_a_000894_checksum_invalid,0c1c5ff81cf0e6bf,0.0,checksum_invalid,1,1,0.9897971273817585,0.9997753850389034
family_a_000895_format_invalid,0c1c5ff81cf0e6bf,0.0,format_invalid,1,1,0.9999842022116904,0.9999113912191457
family_a_000896_field_missing,0c1c5ff81cf0e6bf,0.0,field_missing,1,1,0.9933175355450237,0.9991160431158393
family_a_000897_fine_grained_edit,0c1c5ff81cf0e6bf,0.0,fine_grained_edit,1,1,0.994420742462343,0.9995607772696607
family_a_000898_coordinated_full_forgery,0c1c5ff81cf0e6bf,0.0,coordinated_full_forgery,1,1,0.7941136677185535,0.9246605171375748
family_a_000899_visual_splice,0c1c5ff81cf0e6bf,0.0,visual_splice,1,1,0.9141137164686708,0.973799526960555
family_a_000900_visual_splice,0c1c5ff81cf0e6bf,0.0,visual_splice,1,1,0.7605120076587457,0.7865137157504851
family_a_000901_visual_splice,0c1c5ff81cf0e6bf,0.0,visual_splice,1,1,0.9946644776319991,0.9998316051905071
family_a_000902_genuine,56a8b6af40ea5282,0.0,genuine,0,0,0.7376629176272432,0.4685526241837155
family_a_000903_text_qr_mismatch,56a8b6af40ea5282,0.0,text_qr_mismatch,1,1,0.9916041150840589,0.9995775600492781
family_a_000904_qr_only_mismatch,56a8b6af40ea5282,0.0,qr_only_mismatch,1,1,0.9981731422125572,0.9996912053346569
family_a_000905_checksum_invalid,56a8b6af40ea5282,0.0,checksum_invalid,1,1,0.9933333333333333,0.9996251091550622
family_a_000906_format_invalid,56a8b6af40ea5282,0.0,format_invalid,1,1,0.9974842022116904,0.9998883141723547
family_a_000907_field_missing,56a8b6af40ea5282,0.0,field_missing,1,1,0.9875,0.999611288936393
family_a_000908_fine_grained_edit,56a8b6af40ea5282,0.0,fine_grained_edit,1,1,0.9899145448259017,0.9994676351038295
family_a_000909_coordinated_full_forgery,56a8b6af40ea5282,0.0,coordinated_full_forgery,1,1,0.7167335304244408,0.6856506874270579
family_a_000910_visual_splice,56a8b6af40ea5282,0.0,visual_splice,1,1,0.915946584365031,0.9635038527619346
family_a_000911_visual_splice,56a8b6af40ea5282,0.0,visual_splice,1,1,0.9198592436127672,0.9724138535688518
family_a_000912_visual_splice,56a8b6af40ea5282,0.0,visual_splice,1,1,0.9853605411514781,0.9995185550722644
family_a_000913_genuine,27aaa5ee91480431,0.0,genuine,0,0,0.724161928045755,0.6678109063618972
family_a_000914_text_qr_mismatch,27aaa5ee91480431,0.0,text_qr_mismatch,1,1,0.9959886016212175,0.9996698918561663
family_a_000915_qr_only_mismatch,27aaa5ee91480431,0.0,qr_only_mismatch,1,1,0.9981731422125572,0.9995977847159865
family_a_000916_checksum_invalid,27aaa5ee91480431,0.0,checksum_invalid,1,1,0.9978717523493643,0.9997621302201742
family_a_000917_format_invalid,27aaa5ee91480431,0.0,format_invalid,1,1,1.0,0.9998151089334416
family_a_000918_field_missing,27aaa5ee91480431,0.0,field_missing,1,1,0.987,0.9996326378270647
family_a_000919_fine_grained_edit,27aaa5ee91480431,0.0,fine_grained_edit,1,1,0.9840355394942066,0.9976020965298705
family_a_000920_coordinated_full_forgery,27aaa5ee91480431,0.0,coordinated_full_forgery,1,1,0.7174164544225894,0.9001118575708835
family_a_000921_visual_splice,27aaa5ee91480431,0.0,visual_splice,1,1,0.9932142778476021,0.9993192935409159
family_a_000922_visual_splice,27aaa5ee91480431,0.0,visual_splice,1,1,0.7903684393719262,0.8734316724714635
family_a_000923_visual_splice,27aaa5ee91480431,0.0,visual_splice,1,1,0.7834247499946089,0.8761589279863469
family_a_000924_genuine,5b85cc00e67c8120,0.0,genuine,0,0,0.579833770840555,0.44567858410510647
family_a_000925_text_qr_mismatch,5b85cc00e67c8120,0.0,text_qr_mismatch,1,1,0.9857876985135845,0.9995415537760833
family_a_000926_qr_only_mismatch,5b85cc00e67c8120,0.0,qr_only_mismatch,1,1,0.9942516790522481,0.9996835491058689
family_a_000927_checksum_invalid,5b85cc00e67c8120,0.0,checksum_invalid,1,1,0.9973129251700681,0.9998509966688032
family_a_000928_format_invalid,5b85cc00e67c8120,0.0,format_invalid,1,1,1.0,0.9998702689628786
family_a_000929_field_missing,5b85cc00e67c8120,0.0,field_missing,1,1,1.0,0.9996595294369353
family_a_000930_fine_grained_edit,5b85cc00e67c8120,0.0,fine_grained_edit,1,1,0.9890855375250974,0.9995249729377986
family_a_000931_coordinated_full_forgery,5b85cc00e67c8120,0.0,coordinated_full_forgery,1,1,0.7359792586930864,0.7353658481219075
family_a_000932_visual_splice,5b85cc00e67c8120,0.0,visual_splice,1,1,0.8298585457682198,0.9314956001636585
family_a_000933_visual_splice,5b85cc00e67c8120,0.0,visual_splice,1,1,0.9912553339705755,0.9997256126919553
family_a_000934_visual_splice,5b85cc00e67c8120,0.0,visual_splice,1,1,0.7788229477921306,0.884682217871321
family_a_000935_genuine,3a9507ec6e40642f,0.0,genuine,0,0,0.6607899742998239,0.45940395597377226
family_a_000936_text_qr_mismatch,3a9507ec6e40642f,0.0,text_qr_mismatch,1,1,0.961984100877193,0.9985871324273545
family_a_000937_qr_only_mismatch,3a9507ec6e40642f,0.0,qr_only_mismatch,1,1,0.9874560449141367,0.9995740475842959
family_a_000938_checksum_invalid,3a9507ec6e40642f,0.0,checksum_invalid,1,1,0.9978559545610547,0.9998430929509708
family_a_000939_format_invalid,3a9507ec6e40642f,0.0,format_invalid,1,1,0.9999842022116904,0.999786861106224
family_a_000940_field_missing,3a9507ec6e40642f,0.0,field_missing,1,1,0.9999842022116904,0.9996284487365295
family_a_000941_fine_grained_edit,3a9507ec6e40642f,0.0,fine_grained_edit,1,1,0.9933425546934714,0.9994854525295461
family_a_000942_coordinated_full_forgery,3a9507ec6e40642f,0.0,coordinated_full_forgery,1,1,0.7558906318063106,0.7301528047214316
family_a_000943_visual_splice,3a9507ec6e40642f,0.0,visual_splice,1,1,0.6248999806252743,0.5423187334544902
family_a_000944_visual_splice,3a9507ec6e40642f,0.0,visual_splice,1,1,0.8859853499125329,0.9428802020160273
family_a_000945_visual_splice,3a9507ec6e40642f,0.0,visual_splice,1,1,0.9936697764763532,0.9995309256928526
family_a_000946_genuine,a461b88b9c30cdd2,0.0,genuine,0,0,0.6242732799632841,0.5119849628144189
family_a_000947_text_qr_mismatch,a461b88b9c30cdd2,0.0,text_qr_mismatch,1,1,0.9957497088001469,0.9993785609336627
family_a_000948_qr_only_mismatch,a461b88b9c30cdd2,0.0,qr_only_mismatch,1,1,0.9979145215229019,0.9994981913329591
family_a_000949_checksum_invalid,a461b88b9c30cdd2,0.0,checksum_invalid,1,1,0.9998734177215189,0.999700205377644
family_a_000950_format_invalid,a461b88b9c30cdd2,0.0,format_invalid,1,1,1.0,0.9995763192554475
family_a_000951_field_missing,a461b88b9c30cdd2,0.0,field_missing,1,1,1.0,0.9997451169001768
family_a_000952_fine_grained_edit,a461b88b9c30cdd2,0.0,fine_grained_edit,1,1,0.9903280187261779,0.999450249652474
family_a_000953_coordinated_full_forgery,a461b88b9c30cdd2,0.0,coordinated_full_forgery,1,1,0.7859178465820618,0.7976764978884965
family_a_000954_visual_splice,a461b88b9c30cdd2,0.0,visual_splice,1,1,0.9947052371445539,0.999644329564453
family_a_000955_visual_splice,a461b88b9c30cdd2,0.0,visual_splice,1,1,0.7312818656716763,0.7388470979260239
family_a_000956_visual_splice,a461b88b9c30cdd2,0.0,visual_splice,1,1,0.9960597106654199,0.996207331511952
family_a_000968_genuine,a57b7cf337e3d371,0.0,genuine,0,0,0.6417568150300066,0.5363327944149112
family_a_000969_text_qr_mismatch,a57b7cf337e3d371,0.0,text_qr_mismatch,1,1,0.995913974755546,0.9996770705985556
family_a_000970_qr_only_mismatch,a57b7cf337e3d371,0.0,qr_only_mismatch,1,1,0.9946644776319991,0.9996619653058563
family_a_000971_checksum_invalid,a57b7cf337e3d371,0.0,checksum_invalid,1,1,0.9978717523493643,0.9996046859444324
family_a_000972_format_invalid,a57b7cf337e3d371,0.0,format_invalid,1,1,0.9999842022116904,0.9997530120958746
family_a_000973_field_missing,a57b7cf337e3d371,0.0,field_missing,1,1,0.9999842022116904,0.999597778204839
family_a_000974_fine_grained_edit,a57b7cf337e3d371,0.0,fine_grained_edit,1,1,0.994420742462343,0.9996247588244193
family_a_000975_coordinated_full_forgery,a57b7cf337e3d371,0.0,coordinated_full_forgery,1,1,0.8150689449800487,0.9266987807622592
family_a_000976_visual_splice,a57b7cf337e3d371,0.0,visual_splice,1,1,0.8125536380720564,0.848666883149
family_a_000977_visual_splice,a57b7cf337e3d371,0.0,visual_splice,1,1,0.7954289042539515,0.8133200615158966
family_a_000978_visual_splice,a57b7cf337e3d371,0.0,visual_splice,1,1,0.8508893159193263,0.9702973062013945
family_a_000979_genuine,bb1acac0c0a00206,0.0,genuine,0,0,0.5890373912886839,0.5289655472229113
family_a_000980_text_qr_mismatch,bb1acac0c0a00206,0.0,text_qr_mismatch,1,1,0.9863047747853082,0.9993433837804994
family_a_000981_qr_only_mismatch,bb1acac0c0a00206,0.0,qr_only_mismatch,1,1,0.9923655972670811,0.9993171922244866
family_a_000982_checksum_invalid,bb1acac0c0a00206,0.0,checksum_invalid,1,1,0.9978717523493643,0.9997679745321505
family_a_000983_format_invalid,bb1acac0c0a00206,0.0,format_invalid,1,1,0.9999842022116904,0.9997977265583763
family_a_000984_field_missing,bb1acac0c0a00206,0.0,field_missing,1,1,0.9999842022116904,0.9996778508087065
family_a_000985_fine_grained_edit,bb1acac0c0a00206,0.0,fine_grained_edit,1,1,0.9957876985135844,0.9995011894811469
family_a_000986_coordinated_full_forgery,bb1acac0c0a00206,0.0,coordinated_full_forgery,1,1,0.7605433547981169,0.7273887727429331
family_a_000987_visual_splice,bb1acac0c0a00206,0.0,visual_splice,1,1,0.8335846749394692,0.9402902754830087
family_a_000988_visual_splice,bb1acac0c0a00206,0.0,visual_splice,1,1,0.7892253090317974,0.8383619193595626
family_a_000989_visual_splice,bb1acac0c0a00206,0.0,visual_splice,1,1,0.7381020898398647,0.7681970452212047
family_a_001012_genuine,6df4fa39c66549e3,0.0,genuine,0,0,0.7406402669700859,0.5437424594451381
family_a_001013_text_qr_mismatch,6df4fa39c66549e3,0.0,text_qr_mismatch,1,1,0.9944049446740334,0.9994047289134906
family_a_001014_qr_only_mismatch,6df4fa39c66549e3,0.0,qr_only_mismatch,1,1,0.9871258008945081,0.9995108238698844
family_a_001015_checksum_invalid,6df4fa39c66549e3,0.0,checksum_invalid,1,1,0.9978717523493643,0.9997894997188639
family_a_001016_format_invalid,6df4fa39c66549e3,0.0,format_invalid,1,1,1.0,0.9997155417243359
family_a_001017_field_missing,6df4fa39c66549e3,0.0,field_missing,1,1,1.0,0.9994089460147545
family_a_001018_fine_grained_edit,6df4fa39c66549e3,0.0,fine_grained_edit,1,1,0.9958515836222219,0.9994653058349039
family_a_001019_coordinated_full_forgery,6df4fa39c66549e3,0.0,coordinated_full_forgery,1,1,0.7573373397967086,0.7762036494615582
family_a_001020_visual_splice,6df4fa39c66549e3,0.0,visual_splice,1,1,0.7650805642542932,0.871037026187404
family_a_001021_visual_splice,6df4fa39c66549e3,0.0,visual_splice,1,1,0.9941357205189005,0.9975121862170466
family_a_001022_visual_splice,6df4fa39c66549e3,0.0,visual_splice,1,1,0.7682859812961526,0.7729670079958677
family_a_001023_genuine,57e295cd89ae6271,0.0,genuine,0,0,0.7284977464109162,0.7278825542020814
family_a_001024_text_qr_mismatch,57e295cd89ae6271,0.0,text_qr_mismatch,1,1,0.995021620489142,0.9996913141218984
family_a_001025_qr_only_mismatch,57e295cd89ae6271,0.0,qr_only_mismatch,1,1,0.9213118469821765,0.9072700063763155
family_a_001026_checksum_invalid,57e295cd89ae6271,0.0,checksum_invalid,1,1,0.9978717523493643,0.9998563568918944
family_a_001027_format_invalid,57e295cd89ae6271,0.0,format_invalid,1,1,0.9999842022116904,0.9997536998763346
family_a_001028_field_missing,57e295cd89ae6271,0.0,field_missing,1,1,1.0,0.9996437374142089
family_a_001029_fine_grained_edit,57e295cd89ae6271,0.0,fine_grained_edit,1,1,0.9909140459736204,0.9993845773824559
family_a_001030_coordinated_full_forgery,57e295cd89ae6271,0.0,coordinated_full_forgery,1,1,0.670655968480619,0.5299450414419337
family_a_001031_visual_splice,57e295cd89ae6271,0.0,visual_splice,1,1,0.7669475912382708,0.7258644288443716
family_a_001032_visual_splice,57e295cd89ae6271,0.0,visual_splice,1,1,0.7902249349899655,0.7116155518790084
family_a_001033_visual_splice,57e295cd89ae6271,0.0,visual_splice,1,1,0.716340179028204,0.8081107266105809
family_a_001034_genuine,99c104c375576130,0.0,genuine,0,0,0.7325945532749502,0.6405997882376703
family_a_001035_text_qr_mismatch,99c104c375576130,0.0,text_qr_mismatch,1,1,0.9947139731953313,0.9993912023698459
family_a_001036_qr_only_mismatch,99c104c375576130,0.0,qr_only_mismatch,1,1,0.9958515836222219,0.9994473486763961
family_a_001037_checksum_invalid,99c104c375576130,0.0,checksum_invalid,1,1,0.9978717523493643,0.9997400561146699
family_a_001038_format_invalid,99c104c375576130,0.0,format_invalid,1,1,1.0,0.9994010505078917
family_a_001039_field_missing,99c104c375576130,0.0,field_missing,1,1,1.0,0.9994880325922318
family_a_001040_fine_grained_edit,99c104c375576130,0.0,fine_grained_edit,1,1,0.9921621217726877,0.9993052370797109
family_a_001041_coordinated_full_forgery,99c104c375576130,0.0,coordinated_full_forgery,1,1,0.7285068308962352,0.6970008437308356
family_a_001042_visual_splice,99c104c375576130,0.0,visual_splice,1,1,0.7716036407854092,0.6896065054472438
family_a_001043_visual_splice,99c104c375576130,0.0,visual_splice,1,1,0.8066269048271937,0.8675705833474816
family_a_001044_visual_splice,99c104c375576130,0.0,visual_splice,1,1,0.6978106649470054,0.7409898119043512
family_a_001045_genuine,978a9ec20950eeca,0.0,genuine,0,0,0.5882158944955296,0.31351182651805104
family_a_001046_text_qr_mismatch,978a9ec20950eeca,0.0,text_qr_mismatch,1,1,0.9943841897416545,0.9994225321226367
family_a_001047_qr_only_mismatch,978a9ec20950eeca,0.0,qr_only_mismatch,1,1,0.9863094743638957,0.9994188367825109
family_a_001048_checksum_invalid,978a9ec20950eeca,0.0,checksum_invalid,1,1,0.9978717523493643,0.9998301962872193
family_a_001049_format_invalid,978a9ec20950eeca,0.0,format_invalid,1,1,0.9899842022116904,0.9997689107445317
family_a_001050_field_missing,978a9ec20950eeca,0.0,field_missing,1,1,0.9919842022116905,0.9996704508235689
family_a_001051_fine_grained_edit,978a9ec20950eeca,0.0,fine_grained_edit,1,1,0.9963119214182194,0.9996170727217789
family_a_001052_coordinated_full_forgery,978a9ec20950eeca,0.0,coordinated_full_forgery,1,1,0.8239116256566921,0.9265718569830638
family_a_001053_visual_splice,978a9ec20950eeca,0.0,visual_splice,1,1,0.9979062642905555,0.9943789381272805
family_a_001054_visual_splice,978a9ec20950eeca,0.0,visual_splice,1,1,0.995021620489142,0.9998100061339493
family_a_001055_visual_splice,978a9ec20950eeca,0.0,visual_splice,1,1,0.9999842022116904,0.9992738421648514
family_a_001056_genuine,aa7b53bbc1fdb516,0.0,genuine,0,0,0.6955150487964298,0.5646063328334141
family_a_001057_text_qr_mismatch,aa7b53bbc1fdb516,0.0,text_qr_mismatch,1,1,0.989589619668602,0.999719412232752
family_a_001058_qr_only_mismatch,aa7b53bbc1fdb516,0.0,qr_only_mismatch,1,1,0.993391553807752,0.9992802406866979
family_a_001059_checksum_invalid,aa7b53bbc1fdb516,0.0,checksum_invalid,1,1,0.9978559545610547,0.9998132590864474
family_a_001060_format_invalid,aa7b53bbc1fdb516,0.0,format_invalid,1,1,1.0,0.9996696997707577
family_a_001061_field_missing,aa7b53bbc1fdb516,0.0,field_missing,1,1,1.0,0.9994174323685293
family_a_001062_fine_grained_edit,aa7b53bbc1fdb516,0.0,fine_grained_edit,1,1,0.9893175355450237,0.999680804291904
family_a_001063_coordinated_full_forgery,aa7b53bbc1fdb516,0.0,coordinated_full_forgery,1,1,0.7651460142126864,0.6902647663938106
family_a_001064_visual_splice,aa7b53bbc1fdb516,0.0,visual_splice,1,1,0.993080694063334,0.9995354649202564
family_a_001065_visual_splice,aa7b53bbc1fdb516,0.0,visual_splice,1,1,0.9999842022116904,0.9997349265088424
family_a_001066_visual_splice,aa7b53bbc1fdb516,0.0,visual_splice,1,1,0.9910837252834608,0.9997640181616256
family_a_001067_genuine,eb0604b33eab7a8a,0.0,genuine,0,0,0.5591370261107081,0.5129219668435824
family_a_001068_text_qr_mismatch,eb0604b33eab7a8a,0.0,text_qr_mismatch,1,1,0.9981731422125572,0.9994173572113736
family_a_001069_qr_only_mismatch,eb0604b33eab7a8a,0.0,qr_only_mismatch,1,1,0.994420742462343,0.9985223278034567
family_a_001070_checksum_invalid,eb0604b33eab7a8a,0.0,checksum_invalid,1,1,0.9970543044804129,0.999334454842894
family_a_001071_format_invalid,eb0604b33eab7a8a,0.0,format_invalid,1,1,1.0,0.9998647939898178
family_a_001072_field_missing,eb0604b33eab7a8a,0.0,field_missing,1,1,0.9997413793103448,0.9991648031956144
family_a_001073_fine_grained_edit,eb0604b33eab7a8a,0.0,fine_grained_edit,1,1,0.9946420828634578,0.9994315120424856
family_a_001074_coordinated_full_forgery,eb0604b33eab7a8a,0.0,coordinated_full_forgery,1,1,0.9078887127152087,0.9508095402453076
family_a_001075_visual_splice,eb0604b33eab7a8a,0.0,visual_splice,1,1,0.762117445933417,0.786818926097247
family_a_001076_visual_splice,eb0604b33eab7a8a,0.0,visual_splice,1,1,0.9821971267528804,0.9997606999320351
family_a_001077_visual_splice,eb0604b33eab7a8a,0.0,visual_splice,1,1,0.7056722565237792,0.5496380677770014
family_a_001089_genuine,f211b4b96444ff4c,0.0,genuine,0,0,0.7216673700841458,0.6454248016653353
family_a_001090_text_qr_mismatch,f211b4b96444ff4c,0.0,text_qr_mismatch,1,1,0.9929819739350059,0.9994496032365292
family_a_001091_qr_only_mismatch,f211b4b96444ff4c,0.0,qr_only_mismatch,1,1,0.9981731422125572,0.9996719135797164
family_a_001092_checksum_invalid,f211b4b96444ff4c,0.0,checksum_invalid,1,1,0.9983448579493954,0.9997203599713992
family_a_001093_format_invalid,f211b4b96444ff4c,0.0,format_invalid,1,1,0.9999842022116904,0.9997416163786106
family_a_001094_field_missing,f211b4b96444ff4c,0.0,field_missing,1,1,0.9924842022116904,0.9991450699694118
family_a_001095_fine_grained_edit,f211b4b96444ff4c,0.0,fine_grained_edit,1,1,0.9904941008006776,0.9991429359096133
family_a_001096_coordinated_full_forgery,f211b4b96444ff4c,0.0,coordinated_full_forgery,1,1,0.9249032230182763,0.9128941401805759
family_a_001097_visual_splice,f211b4b96444ff4c,0.0,visual_splice,1,1,0.9942406104115256,0.9995177849303886
family_a_001098_visual_splice,f211b4b96444ff4c,0.0,visual_splice,1,1,0.7476655900049437,0.7441705558895237
family_a_001099_visual_splice,f211b4b96444ff4c,0.0,visual_splice,1,1,0.7510035342057926,0.7169802695792517
family_a_001100_genuine,320d6d75ded7b8c5,0.0,genuine,0,0,0.5629564363667768,0.4639369559897321
family_a_001101_text_qr_mismatch,320d6d75ded7b8c5,0.0,text_qr_mismatch,1,1,0.9946420828634578,0.9992802945267277
family_a_001102_qr_only_mismatch,320d6d75ded7b8c5,0.0,qr_only_mismatch,1,1,0.9930566008006775,0.9984762482401133
family_a_001103_checksum_invalid,320d6d75ded7b8c5,0.0,checksum_invalid,1,1,0.9983448579493954,0.9997214645509542
family_a_001104_format_invalid,320d6d75ded7b8c5,0.0,format_invalid,1,1,0.9996147970318637,0.9997464531450764
family_a_001105_field_missing,320d6d75ded7b8c5,0.0,field_missing,1,1,0.9999842022116904,0.9997374455833292
family_a_001106_fine_grained_edit,320d6d75ded7b8c5,0.0,fine_grained_edit,1,1,0.9811165434580263,0.9980478239089537
family_a_001107_coordinated_full_forgery,320d6d75ded7b8c5,0.0,coordinated_full_forgery,1,1,0.7836151268630063,0.7796543883279103
family_a_001108_visual_splice,320d6d75ded7b8c5,0.0,visual_splice,1,1,0.8114524782701479,0.8599255321483137
family_a_001109_visual_splice,320d6d75ded7b8c5,0.0,visual_splice,1,1,0.9933005745663066,0.9996605958017205
family_a_001110_visual_splice,320d6d75ded7b8c5,0.0,visual_splice,1,1,0.7253096534743713,0.7172197330776428
family_a_001111_genuine,f3fdb0dd4973b1c4,0.0,genuine,0,0,0.5445160955421912,0.6419987938913903
family_a_001112_text_qr_mismatch,f3fdb0dd4973b1c4,0.0,text_qr_mismatch,1,1,0.9863119214182194,0.9994836979961202
family_a_001113_qr_only_mismatch,f3fdb0dd4973b1c4,0.0,qr_only_mismatch,1,1,0.9936751017313823,0.9996170758923044
family_a_001114_checksum_invalid,f3fdb0dd4973b1c4,0.0,checksum_invalid,1,1,0.9973129251700681,0.9997117045681682
family_a_001115_format_invalid,f3fdb0dd4973b1c4,0.0,format_invalid,1,1,0.9999842022116904,0.9998238682570406
family_a_001116_field_missing,f3fdb0dd4973b1c4,0.0,field_missing,1,1,0.9997413793103448,0.9995959590914334
family_a_001117_fine_grained_edit,f3fdb0dd4973b1c4,0.0,fine_grained_edit,1,1,0.9959021872916354,0.999492479820714
family_a_001118_coordinated_full_forgery,f3fdb0dd4973b1c4,0.0,coordinated_full_forgery,1,1,0.7803395517772204,0.7866676036054863
family_a_001119_visual_splice,f3fdb0dd4973b1c4,0.0,visual_splice,1,1,1.0,0.9997075051225582
family_a_001120_visual_splice,f3fdb0dd4973b1c4,0.0,visual_splice,1,1,0.7559676208761559,0.8326029248845339
family_a_001121_visual_splice,f3fdb0dd4973b1c4,0.0,visual_splice,1,1,0.9715886673039088,0.9994788638175854
family_a_001122_genuine,853efc73da01fb0d,0.0,genuine,0,0,0.6680097709639551,0.4290877954056958
family_a_001123_text_qr_mismatch,853efc73da01fb0d,0.0,text_qr_mismatch,1,1,0.9941621217726877,0.9993000702823172
family_a_001124_qr_only_mismatch,853efc73da01fb0d,0.0,qr_only_mismatch,1,1,0.9908243356658184,0.9996349137747945
family_a_001125_checksum_invalid,853efc73da01fb0d,0.0,checksum_invalid,1,1,0.9978717523493643,0.9998207227183199
family_a_001126_format_invalid,853efc73da01fb0d,0.0,format_invalid,1,1,0.9999842022116904,0.999785825645668
family_a_001127_field_missing,853efc73da01fb0d,0.0,field_missing,1,1,0.9947413793103448,0.9990045696826648
family_a_001128_fine_grained_edit,853efc73da01fb0d,0.0,fine_grained_edit,1,1,0.9941621217726877,0.9995883646205378
family_a_001129_coordinated_full_forgery,853efc73da01fb0d,0.0,coordinated_full_forgery,1,1,0.7149928070283607,0.7997316367112041
family_a_001130_visual_splice,853efc73da01fb0d,0.0,visual_splice,1,1,0.993492182957362,0.9954172021553934
family_a_001131_visual_splice,853efc73da01fb0d,0.0,visual_splice,1,1,1.0,0.9993934793591492
family_a_001132_visual_splice,853efc73da01fb0d,0.0,visual_splice,1,1,0.9911212725777542,0.9990689844241011
family_a_001133_genuine,14bae5b07cb9cc79,0.0,genuine,0,0,0.689409206890675,0.6380302707671631
family_a_001134_text_qr_mismatch,14bae5b07cb9cc79,0.0,text_qr_mismatch,1,1,0.9927540757956763,0.9996213798795759
family_a_001135_qr_only_mismatch,14bae5b07cb9cc79,0.0,qr_only_mismatch,1,1,0.9941515183072102,0.9994260703454901
family_a_001136_checksum_invalid,14bae5b07cb9cc79,0.0,checksum_invalid,1,1,0.9983606557377049,0.999869587956756
family_a_001137_format_invalid,14bae5b07cb9cc79,0.0,format_invalid,1,1,1.0,0.9998654248229002
family_a_001138_field_missing,14bae5b07cb9cc79,0.0,field_missing,1,1,1.0,0.9995789208076803
family_a_001139_fine_grained_edit,14bae5b07cb9cc79,0.0,fine_grained_edit,1,1,0.9943066565129272,0.9976355251637964
family_a_001140_coordinated_full_forgery,14bae5b07cb9cc79,0.0,coordinated_full_forgery,1,1,0.7963497489558261,0.8627320725044629
family_a_001141_visual_splice,14bae5b07cb9cc79,0.0,visual_splice,1,1,0.9972061610804817,0.9969698399879187
family_a_001142_visual_splice,14bae5b07cb9cc79,0.0,visual_splice,1,1,0.8151678508948433,0.8494070582287555
family_a_001143_visual_splice,14bae5b07cb9cc79,0.0,visual_splice,1,1,0.9965064755458904,0.9998041660380163
family_a_001144_genuine,6717e6221e92610f,0.0,genuine,0,0,0.7343211541637906,0.542854986810345
family_a_001145_text_qr_mismatch,6717e6221e92610f,0.0,text_qr_mismatch,1,1,0.9981731422125572,0.9997295537708285
family_a_001146_qr_only_mismatch,6717e6221e92610f,0.0,qr_only_mismatch,1,1,0.9944086940883936,0.9995786857496314
family_a_001147_checksum_invalid,6717e6221e92610f,0.0,checksum_invalid,1,1,0.9978717523493643,0.9998481690684665
family_a_001148_format_invalid,6717e6221e92610f,0.0,format_invalid,1,1,0.9999842022116904,0.9996857218859906
family_a_001149_field_missing,6717e6221e92610f,0.0,field_missing,1,1,1.0,0.9996608643591701
family_a_001150_fine_grained_edit,6717e6221e92610f,0.0,fine_grained_edit,1,1,0.9933881571430575,0.9997165300133658
family_a_001151_coordinated_full_forgery,6717e6221e92610f,0.0,coordinated_full_forgery,1,1,0.7576269606246552,0.7801879361056074
family_a_001152_visual_splice,6717e6221e92610f,0.0,visual_splice,1,1,0.787135608712694,0.8065835494133041
family_a_001153_visual_splice,6717e6221e92610f,0.0,visual_splice,1,1,0.7733403748413256,0.8607805254785664
family_a_001154_visual_splice,6717e6221e92610f,0.0,visual_splice,1,1,0.9999842022116904,0.9996690529046811
family_a_001155_genuine,ce38feae14571374,0.0,genuine,0,0,0.5687925986718221,0.35779400406212986
family_a_001156_text_qr_mismatch,ce38feae14571374,0.0,text_qr_mismatch,1,1,0.9932331872938162,0.9995535372466579
family_a_001157_qr_only_mismatch,ce38feae14571374,0.0,qr_only_mismatch,1,1,0.9947053545522989,0.9994703163751674
family_a_001158_checksum_invalid,ce38feae14571374,0.0,checksum_invalid,1,1,0.9983448579493954,0.9997617248213762
family_a_001159_format_invalid,ce38feae14571374,0.0,format_invalid,1,1,0.9998734177215189,0.9997456191891457
family_a_001160_field_missing,ce38feae14571374,0.0,field_missing,1,1,0.9999842022116904,0.9995594998236274
family_a_001161_fine_grained_edit,ce38feae14571374,0.0,fine_grained_edit,1,1,0.9869049446740334,0.9993478483714785
family_a_001162_coordinated_full_forgery,ce38feae14571374,0.0,coordinated_full_forgery,1,1,0.7268515875072425,0.7157404060816973
family_a_001163_visual_splice,ce38feae14571374,0.0,visual_splice,1,1,0.7551112515568726,0.7832803449444542
family_a_001164_visual_splice,ce38feae14571374,0.0,visual_splice,1,1,0.7687284686048846,0.6417518867370358
family_a_001165_visual_splice,ce38feae14571374,0.0,visual_splice,1,1,0.817791295485775,0.8464028848720483
family_a_001166_genuine,00bedefe16f18a8d,0.0,genuine,0,0,0.643421302053194,0.650293487027843
family_a_001167_text_qr_mismatch,00bedefe16f18a8d,0.0,text_qr_mismatch,1,1,0.994420742462343,0.9996177586593687
family_a_001168_qr_only_mismatch,00bedefe16f18a8d,0.0,qr_only_mismatch,1,1,0.9921580126256608,0.9996087903884919
family_a_001169_checksum_invalid,00bedefe16f18a8d,0.0,checksum_invalid,1,1,0.997613131659709,0.9997897931320862
family_a_001170_format_invalid,00bedefe16f18a8d,0.0,format_invalid,1,1,0.9999842022116904,0.999777681487443
family_a_001171_field_missing,00bedefe16f18a8d,0.0,field_missing,1,1,0.9999842022116904,0.9991165396237921
family_a_001172_fine_grained_edit,00bedefe16f18a8d,0.0,fine_grained_edit,1,1,0.992327719206529,0.9995863769262909
family_a_001173_coordinated_full_forgery,00bedefe16f18a8d,0.0,coordinated_full_forgery,1,1,0.8074618768922085,0.7542453377588513
family_a_001174_visual_splice,00bedefe16f18a8d,0.0,visual_splice,1,1,0.7733341596111066,0.7403292468493127
family_a_001175_visual_splice,00bedefe16f18a8d,0.0,visual_splice,1,1,0.7751549000624907,0.782415969405335
family_a_001176_visual_splice,00bedefe16f18a8d,0.0,visual_splice,1,1,0.7785859305692255,0.7976407935628893
family_a_001188_genuine,d82b53d0ec021d3d,0.0,genuine,0,0,0.6663354706160999,0.6689003735004541
family_a_001189_text_qr_mismatch,d82b53d0ec021d3d,0.0,text_qr_mismatch,1,1,0.9887638472193566,0.9994488758566373
family_a_001190_qr_only_mismatch,d82b53d0ec021d3d,0.0,qr_only_mismatch,1,1,0.9949723177285986,0.9995415249642067
family_a_001191_checksum_invalid,d82b53d0ec021d3d,0.0,checksum_invalid,1,1,0.9983606557377049,0.9991109514739928
family_a_001192_format_invalid,d82b53d0ec021d3d,0.0,format_invalid,1,1,1.0,0.9996335931164702
family_a_001193_field_missing,d82b53d0ec021d3d,0.0,field_missing,1,1,1.0,0.9993587843327089
family_a_001194_fine_grained_edit,d82b53d0ec021d3d,0.0,fine_grained_edit,1,1,0.9943461155966713,0.9983230926420987
family_a_001195_coordinated_full_forgery,d82b53d0ec021d3d,0.0,coordinated_full_forgery,1,1,0.9015491242347909,0.897345637040451
family_a_001196_visual_splice,d82b53d0ec021d3d,0.0,visual_splice,1,1,0.9861234177215189,0.9982959643540054
family_a_001197_visual_splice,d82b53d0ec021d3d,0.0,visual_splice,1,1,1.0,0.9995068124574297
family_a_001198_visual_splice,d82b53d0ec021d3d,0.0,visual_splice,1,1,0.9971678469042363,0.9952904138235875
family_a_001210_genuine,74a640f26723986c,0.0,genuine,0,0,0.6841598352921703,0.6737938933884822
family_a_001211_text_qr_mismatch,74a640f26723986c,0.0,text_qr_mismatch,1,1,0.9971678469042363,0.9995611777413757
family_a_001212_qr_only_mismatch,74a640f26723986c,0.0,qr_only_mismatch,1,1,0.9940950132011674,0.9998124197370692
family_a_001213_checksum_invalid,74a640f26723986c,0.0,checksum_invalid,1,1,0.9983606557377049,0.9996688723985139
family_a_001214_format_invalid,74a640f26723986c,0.0,format_invalid,1,1,1.0,0.9991242060411456
family_a_001215_field_missing,74a640f26723986c,0.0,field_missing,1,1,1.0,0.9971754734581514
family_a_001216_fine_grained_edit,74a640f26723986c,0.0,fine_grained_edit,1,1,0.9897419430491088,0.9986708752860562
family_a_001217_coordinated_full_forgery,74a640f26723986c,0.0,coordinated_full_forgery,1,1,0.7912666917105241,0.7526753613728335
family_a_001218_visual_splice,74a640f26723986c,0.0,visual_splice,1,1,0.7587654751258512,0.817242633345549
family_a_001219_visual_splice,74a640f26723986c,0.0,visual_splice,1,1,0.7510098039050694,0.7333368716649902
family_a_001220_visual_splice,74a640f26723986c,0.0,visual_splice,1,1,0.7371245717013022,0.8220214255284193
family_a_001221_genuine,ef019f132e82fb3d,0.0,genuine,0,0,0.7168507835844221,0.6633712763301443
family_a_001222_text_qr_mismatch,ef019f132e82fb3d,0.0,text_qr_mismatch,1,1,0.995980783250226,0.9995652812361531
family_a_001223_qr_only_mismatch,ef019f132e82fb3d,0.0,qr_only_mismatch,1,1,0.9981348280363119,0.9996556233660711
family_a_001224_checksum_invalid,ef019f132e82fb3d,0.0,checksum_invalid,1,1,0.9978717523493643,0.9997931455836838
family_a_001225_format_invalid,ef019f132e82fb3d,0.0,format_invalid,1,1,1.0,0.9998677995455698
family_a_001226_field_missing,ef019f132e82fb3d,0.0,field_missing,1,1,1.0,0.9995281620810754
family_a_001227_fine_grained_edit,ef019f132e82fb3d,0.0,fine_grained_edit,1,1,0.9914733613666854,0.9994513299002883
family_a_001228_coordinated_full_forgery,ef019f132e82fb3d,0.0,coordinated_full_forgery,1,1,0.773295373559975,0.8449445060814684
family_a_001229_visual_splice,ef019f132e82fb3d,0.0,visual_splice,1,1,0.7864254984285561,0.778240038838829
family_a_001230_visual_splice,ef019f132e82fb3d,0.0,visual_splice,1,1,0.9999842022116904,0.9996611081743869
family_a_001231_visual_splice,ef019f132e82fb3d,0.0,visual_splice,1,1,0.9905204991644506,0.999382828220156
family_a_001232_genuine,d58b0df1bbe97b11,0.0,genuine,0,0,0.7518357920091399,0.17956184417925425
family_a_001233_text_qr_mismatch,d58b0df1bbe97b11,0.0,text_qr_mismatch,1,1,0.9991479820627802,0.9992590545568194
family_a_001234_qr_only_mismatch,d58b0df1bbe97b11,0.0,qr_only_mismatch,1,1,0.9975,0.9997808023317006
family_a_001235_checksum_invalid,d58b0df1bbe97b11,0.0,checksum_invalid,1,1,0.995,0.9990563895702896
family_a_001236_format_invalid,d58b0df1bbe97b11,0.0,format_invalid,1,1,0.995,0.9995775435365019
family_a_001237_field_missing,d58b0df1bbe97b11,0.0,field_missing,1,1,1.0,0.9970500232031366
family_a_001238_fine_grained_edit,d58b0df1bbe97b11,0.0,fine_grained_edit,1,1,1.0,0.9996692838469756
family_a_001239_coordinated_full_forgery,d58b0df1bbe97b11,0.0,coordinated_full_forgery,1,1,0.7588118863853198,0.7900827394332279
family_a_001240_visual_splice,d58b0df1bbe97b11,0.0,visual_splice,1,1,0.993892383779631,0.9950830396583221
family_a_001241_visual_splice,d58b0df1bbe97b11,0.0,visual_splice,1,1,1.0,0.9994652657811637
family_a_001242_visual_splice,d58b0df1bbe97b11,0.0,visual_splice,1,1,0.9931847014616573,0.9995421020933453
family_a_001243_genuine,004882a916ce63e6,0.0,genuine,0,0,0.48343866676783165,0.25483412872494154
family_a_001244_text_qr_mismatch,004882a916ce63e6,0.0,text_qr_mismatch,1,1,0.9959574014329752,0.9996239764687197
family_a_001245_qr_only_mismatch,004882a916ce63e6,0.0,qr_only_mismatch,1,1,0.9712543716657285,0.9991842446952524
family_a_001246_checksum_invalid,004882a916ce63e6,0.0,checksum_invalid,1,1,0.9978559545610547,0.999854847812076
family_a_001247_format_invalid,004882a916ce63e6,0.0,format_invalid,1,1,0.9919842022116905,0.9997782486099842
family_a_001248_field_missing,004882a916ce63e6,0.0,field_missing,1,1,0.9999842022116904,0.9987458826466671
family_a_001249_fine_grained_edit,004882a916ce63e6,0.0,fine_grained_edit,1,1,0.9877988588772638,0.9992586085512922
family_a_001250_coordinated_full_forgery,004882a916ce63e6,0.0,coordinated_full_forgery,1,1,0.7981615242919635,0.9209564455201356
family_a_001251_visual_splice,004882a916ce63e6,0.0,visual_splice,1,1,0.6265315175827415,0.6082477062963453
family_a_001252_visual_splice,004882a916ce63e6,0.0,visual_splice,1,1,1.0,0.999711667787779
family_a_001253_visual_splice,004882a916ce63e6,0.0,visual_splice,1,1,1.0,0.9996085221143688
family_a_001254_genuine,168dac4701bc2d7a,0.0,genuine,0,0,0.6326673958830273,0.4370942325998944
family_a_001255_text_qr_mismatch,168dac4701bc2d7a,0.0,text_qr_mismatch,1,1,0.9943461155966713,0.9985422954900636
family_a_001256_qr_only_mismatch,168dac4701bc2d7a,0.0,qr_only_mismatch,1,1,0.9929912714411249,0.9995953804716776
family_a_001257_checksum_invalid,168dac4701bc2d7a,0.0,checksum_invalid,1,1,0.9978717523493643,0.99979879272687
family_a_001258_format_invalid,168dac4701bc2d7a,0.0,format_invalid,1,1,0.9998734177215189,0.9995378118939606
family_a_001259_field_missing,168dac4701bc2d7a,0.0,field_missing,1,1,1.0,0.9994303072440807
family_a_001260_fine_grained_edit,168dac4701bc2d7a,0.0,fine_grained_edit,1,1,0.9943461155966713,0.9993437497159336
family_a_001261_coordinated_full_forgery,168dac4701bc2d7a,0.0,coordinated_full_forgery,1,1,0.7466046802289472,0.8023197144739139
family_a_001262_visual_splice,168dac4701bc2d7a,0.0,visual_splice,1,1,0.7440295385378417,0.8350488875100178
family_a_001263_visual_splice,168dac4701bc2d7a,0.0,visual_splice,1,1,0.7737235172792347,0.767971662936096
family_a_001264_visual_splice,168dac4701bc2d7a,0.0,visual_splice,1,1,0.9921420828634578,0.9994942379001982
family_a_001265_genuine,bd22d74df027f345,0.0,genuine,0,0,0.6856330099841249,0.4269449041252836
family_a_001266_text_qr_mismatch,bd22d74df027f345,0.0,text_qr_mismatch,1,1,0.9944086940883936,0.9996627828194018
family_a_001267_qr_only_mismatch,bd22d74df027f345,0.0,qr_only_mismatch,1,1,0.9909140459736204,0.9995182520153261
family_a_001268_checksum_invalid,bd22d74df027f345,0.0,checksum_invalid,1,1,0.9983606557377049,0.9998384824315144
family_a_001269_format_invalid,bd22d74df027f345,0.0,format_invalid,1,1,1.0,0.9993310811743467
family_a_001270_field_missing,bd22d74df027f345,0.0,field_missing,1,1,0.995,0.9995196354226673
family_a_001271_fine_grained_edit,bd22d74df027f345,0.0,fine_grained_edit,1,1,0.985453965295448,0.9958830473044321
family_a_001272_coordinated_full_forgery,bd22d74df027f345,0.0,coordinated_full_forgery,1,1,0.80337949009686,0.8482256452581663
family_a_001273_visual_splice,bd22d74df027f345,0.0,visual_splice,1,1,0.9960597106654199,0.9994504679150332
family_a_001274_visual_splice,bd22d74df027f345,0.0,visual_splice,1,1,0.9960597106654199,0.9996820682732027
family_a_001275_visual_splice,bd22d74df027f345,0.0,visual_splice,1,1,0.7830722628125092,0.7485409659838418
family_a_001276_genuine,60bff87f63b27077,0.0,genuine,0,0,0.7291781052598685,0.49674743073613764
family_a_001277_text_qr_mismatch,60bff87f63b27077,0.0,text_qr_mismatch,1,1,0.9473381413871855,0.9345548650039245
family_a_001278_qr_only_mismatch,60bff87f63b27077,0.0,qr_only_mismatch,1,1,0.9281371691857143,0.8895082298346797
family_a_001279_checksum_invalid,60bff87f63b27077,0.0,checksum_invalid,1,1,0.9415272810992414,0.9634239614210266
family_a_001280_format_invalid,60bff87f63b27077,0.0,format_invalid,1,1,0.9163773765050003,0.9858007282710014
family_a_001281_field_missing,60bff87f63b27077,0.0,field_missing,1,1,0.9464794876730511,0.9935171595096233
family_a_001282_fine_grained_edit,60bff87f63b27077,0.0,fine_grained_edit,1,1,0.8846627425006917,0.8928576039098625
family_a_001283_coordinated_full_forgery,60bff87f63b27077,0.0,coordinated_full_forgery,1,1,0.6839944181236167,0.4864445655845019
family_a_001284_visual_splice,60bff87f63b27077,0.0,visual_splice,1,1,0.9069416604474647,0.9392921460029234
family_a_001285_visual_splice,60bff87f63b27077,0.0,visual_splice,1,1,0.9270965636136755,0.7880233375942945
family_a_001286_visual_splice,60bff87f63b27077,0.0,visual_splice,1,1,0.9303378517533641,0.9737703540483517
family_a_001287_genuine,96e1881bbe580327,0.0,genuine,0,0,0.7187809094265536,0.752704430131575
family_a_001288_text_qr_mismatch,96e1881bbe580327,0.0,text_qr_mismatch,1,1,0.9958515836222219,0.999416671103878
family_a_001289_qr_only_mismatch,96e1881bbe580327,0.0,qr_only_mismatch,1,1,0.9944049446740334,0.99959923516928
family_a_001290_checksum_invalid,96e1881bbe580327,0.0,checksum_invalid,1,1,0.9983606557377049,0.9997358422550962
family_a_001291_format_invalid,96e1881bbe580327,0.0,format_invalid,1,1,1.0,0.9997502664807459
family_a_001292_field_missing,96e1881bbe580327,0.0,field_missing,1,1,1.0,0.9997075067140392
family_a_001293_fine_grained_edit,96e1881bbe580327,0.0,fine_grained_edit,1,1,0.9943461155966713,0.9995352691264915
family_a_001294_coordinated_full_forgery,96e1881bbe580327,0.0,coordinated_full_forgery,1,1,0.7532158151320877,0.752140631818768
family_a_001295_visual_splice,96e1881bbe580327,0.0,visual_splice,1,1,0.7579747137907014,0.8123453629876646
family_a_001296_visual_splice,96e1881bbe580327,0.0,visual_splice,1,1,0.7738211633625696,0.7668684882458419
family_a_001297_visual_splice,96e1881bbe580327,0.0,visual_splice,1,1,0.7211902596348534,0.7341131838303023
family_a_001298_genuine,34cc39898758ca8f,0.0,genuine,0,0,0.6032445124817439,0.509462024789332
family_a_001299_text_qr_mismatch,34cc39898758ca8f,0.0,text_qr_mismatch,1,1,0.9947139731953313,0.9993986152135977
family_a_001300_qr_only_mismatch,34cc39898758ca8f,0.0,qr_only_mismatch,1,1,0.9819685525702915,0.9991840554200491
family_a_001301_checksum_invalid,34cc39898758ca8f,0.0,checksum_invalid,1,1,0.9872971273817585,0.9997614444015578
family_a_001302_format_invalid,34cc39898758ca8f,0.0,format_invalid,1,1,0.9999842022116904,0.9997895326224208
family_a_001303_field_missing,34cc39898758ca8f,0.0,field_missing,1,1,0.9933175355450237,0.9996533671235448
family_a_001304_fine_grained_edit,34cc39898758ca8f,0.0,fine_grained_edit,1,1,0.9855495144004309,0.9995321284526577
family_a_001305_coordinated_full_forgery,34cc39898758ca8f,0.0,coordinated_full_forgery,1,1,0.8007056378684108,0.8893414031354331
family_a_001306_visual_splice,34cc39898758ca8f,0.0,visual_splice,1,1,0.9981190302480023,0.9997894953203569
family_a_001307_visual_splice,34cc39898758ca8f,0.0,visual_splice,1,1,0.7884996666731652,0.6831622681773886
family_a_001308_visual_splice,34cc39898758ca8f,0.0,visual_splice,1,1,0.7294945396996692,0.7396556475043541
family_a_001309_genuine,79b907ac53bdcb2a,0.0,genuine,0,0,0.6987057178537581,0.6517520926702534
family_a_001310_text_qr_mismatch,79b907ac53bdcb2a,0.0,text_qr_mismatch,1,1,0.9944086940883936,0.9991830786465945
family_a_001311_qr_only_mismatch,79b907ac53bdcb2a,0.0,qr_only_mismatch,1,1,0.9946644776319991,0.9995827215389923
family_a_001312_checksum_invalid,79b907ac53bdcb2a,0.0,checksum_invalid,1,1,0.9978717523493643,0.9997859383116374
family_a_001313_format_invalid,79b907ac53bdcb2a,0.0,format_invalid,1,1,1.0,0.9997234582369505
family_a_001314_field_missing,79b907ac53bdcb2a,0.0,field_missing,1,1,1.0,0.9996033480574114
family_a_001315_fine_grained_edit,79b907ac53bdcb2a,0.0,fine_grained_edit,1,1,0.9944086940883936,0.9991651574754147
family_a_001316_coordinated_full_forgery,79b907ac53bdcb2a,0.0,coordinated_full_forgery,1,1,0.8029542521838031,0.8852778924628973
family_a_001317_visual_splice,79b907ac53bdcb2a,0.0,visual_splice,1,1,1.0,0.998802094519976
family_a_001318_visual_splice,79b907ac53bdcb2a,0.0,visual_splice,1,1,0.9978380247635424,0.9995693486915712
family_a_001319_visual_splice,79b907ac53bdcb2a,0.0,visual_splice,1,1,0.9928380247635424,0.9995320215885866
family_a_001320_genuine,acdfffc106fc8b64,0.0,genuine,0,0,0.684086939955704,0.47696481665583956
family_a_001321_text_qr_mismatch,acdfffc106fc8b64,0.0,text_qr_mismatch,1,1,0.992580356505012,0.9996857944026424
family_a_001322_qr_only_mismatch,acdfffc106fc8b64,0.0,qr_only_mismatch,1,1,0.9864836844785398,0.9996974490632454
family_a_001323_checksum_invalid,acdfffc106fc8b64,0.0,checksum_invalid,1,1,0.9983448579493954,0.9998139205156296
family_a_001324_format_invalid,acdfffc106fc8b64,0.0,format_invalid,1,1,1.0,0.9998527048426172
family_a_001325_field_missing,acdfffc106fc8b64,0.0,field_missing,1,1,0.9994690265486725,0.9997352631651537
family_a_001326_fine_grained_edit,acdfffc106fc8b64,0.0,fine_grained_edit,1,1,0.9965561008209556,0.9996386331208554
family_a_001327_coordinated_full_forgery,acdfffc106fc8b64,0.0,coordinated_full_forgery,1,1,0.7623210917283335,0.7933925745559164
family_a_001328_visual_splice,acdfffc106fc8b64,0.0,visual_splice,1,1,0.9947474346653873,0.9997547710268289
family_a_001329_visual_splice,acdfffc106fc8b64,0.0,visual_splice,1,1,0.9981731422125572,0.9997450127471643
family_a_001330_visual_splice,acdfffc106fc8b64,0.0,visual_splice,1,1,0.9981731422125572,0.999601373812953
family_a_001375_genuine,e1b7142b0b7abcf3,0.0,genuine,0,0,0.7402780828260905,0.8333170770490979
family_a_001376_text_qr_mismatch,e1b7142b0b7abcf3,0.0,text_qr_mismatch,1,1,0.9168306841971564,0.9076314511790539
family_a_001377_qr_only_mismatch,e1b7142b0b7abcf3,0.0,qr_only_mismatch,1,1,0.9923372167845741,0.9992091307688052
family_a_001378_checksum_invalid,e1b7142b0b7abcf3,0.0,checksum_invalid,1,1,0.9714455539765221,0.987803539202388
family_a_001379_format_invalid,e1b7142b0b7abcf3,0.0,format_invalid,1,1,0.9478162783560401,0.9790245718567079
family_a_001380_field_missing,e1b7142b0b7abcf3,0.0,field_missing,1,1,0.9580155411572,0.9867932302607688
family_a_001381_fine_grained_edit,e1b7142b0b7abcf3,0.0,fine_grained_edit,1,1,0.8801384605738959,0.8662813190063402
family_a_001382_coordinated_full_forgery,e1b7142b0b7abcf3,0.0,coordinated_full_forgery,1,1,0.7873081660003795,0.8047981289089889
family_a_001383_visual_splice,e1b7142b0b7abcf3,0.0,visual_splice,1,1,0.9364660670831237,0.9565426254896978
family_a_001384_visual_splice,e1b7142b0b7abcf3,0.0,visual_splice,1,1,0.9266741442458922,0.9121634881895363
family_a_001385_visual_splice,e1b7142b0b7abcf3,0.0,visual_splice,1,1,0.927959733537708,0.8843716179452145
family_a_001397_genuine,ca000efdcc4ede36,0.0,genuine,0,0,0.5983425468460986,0.5869007101050269
family_a_001398_text_qr_mismatch,ca000efdcc4ede36,0.0,text_qr_mismatch,1,1,0.993080694063334,0.9993779856774953
family_a_001399_qr_only_mismatch,ca000efdcc4ede36,0.0,qr_only_mismatch,1,1,0.9999842022116904,0.999711617809788
family_a_001400_checksum_invalid,ca000efdcc4ede36,0.0,checksum_invalid,1,1,0.9978559545610547,0.9996966434855192
family_a_001401_format_invalid,ca000efdcc4ede36,0.0,format_invalid,1,1,0.9999842022116904,0.9995763890754226
family_a_001402_field_missing,ca000efdcc4ede36,0.0,field_missing,1,1,0.9925,0.9995246972427314
family_a_001403_fine_grained_edit,ca000efdcc4ede36,0.0,fine_grained_edit,1,1,0.9770410246160105,0.9991549948600161
family_a_001404_coordinated_full_forgery,ca000efdcc4ede36,0.0,coordinated_full_forgery,1,1,0.7355498834029846,0.6774166670499653
family_a_001405_visual_splice,ca000efdcc4ede36,0.0,visual_splice,1,1,0.8282363639106177,0.9469568487506267
family_a_001406_visual_splice,ca000efdcc4ede36,0.0,visual_splice,1,1,0.8007416894689768,0.9360758307381557
family_a_001407_visual_splice,ca000efdcc4ede36,0.0,visual_splice,1,1,0.7713502666858213,0.8619911590743491
family_a_001408_genuine,0f9f726a7ee1f3f1,0.0,genuine,0,0,0.6860754100716742,0.477410590691518
family_a_001409_text_qr_mismatch,0f9f726a7ee1f3f1,0.0,text_qr_mismatch,1,1,0.9927027953442777,0.999677950789788
family_a_001410_qr_only_mismatch,0f9f726a7ee1f3f1,0.0,qr_only_mismatch,1,1,0.8895810556320657,0.9339764667369107
family_a_001411_checksum_invalid,0f9f726a7ee1f3f1,0.0,checksum_invalid,1,1,0.9983606557377049,0.9997627459839622
family_a_001412_format_invalid,0f9f726a7ee1f3f1,0.0,format_invalid,1,1,1.0,0.9997581278992725
family_a_001413_field_missing,0f9f726a7ee1f3f1,0.0,field_missing,1,1,1.0,0.9994177730969849
family_a_001414_fine_grained_edit,0f9f726a7ee1f3f1,0.0,fine_grained_edit,1,1,0.9943461155966713,0.9996093397051751
family_a_001415_coordinated_full_forgery,0f9f726a7ee1f3f1,0.0,coordinated_full_forgery,1,1,0.7549942707275218,0.7583534501558985
family_a_001416_visual_splice,0f9f726a7ee1f3f1,0.0,visual_splice,1,1,0.7696460412085431,0.912029559609334
family_a_001417_visual_splice,0f9f726a7ee1f3f1,0.0,visual_splice,1,1,0.995021620489142,0.9996493821953931
family_a_001418_visual_splice,0f9f726a7ee1f3f1,0.0,visual_splice,1,1,0.7731285846771287,0.7817800334546956
family_a_001419_genuine,b0e40d91b1f5c7bd,0.0,genuine,0,0,0.7009812210460147,0.5325005727208331
family_a_001420_text_qr_mismatch,b0e40d91b1f5c7bd,0.0,text_qr_mismatch,1,1,0.9958243356658184,0.9994798736871987
family_a_001421_qr_only_mismatch,b0e40d91b1f5c7bd,0.0,qr_only_mismatch,1,1,0.9936751017313823,0.9990638086920771
family_a_001422_checksum_invalid,b0e40d91b1f5c7bd,0.0,checksum_invalid,1,1,0.9983606557377049,0.9998644173784227
family_a_001423_format_invalid,b0e40d91b1f5c7bd,0.0,format_invalid,1,1,1.0,0.99982708663268
family_a_001424_field_missing,b0e40d91b1f5c7bd,0.0,field_missing,1,1,0.9933333333333333,0.9993982645858205
family_a_001425_fine_grained_edit,b0e40d91b1f5c7bd,0.0,fine_grained_edit,1,1,0.9916616007949799,0.9980199046699653
family_a_001426_coordinated_full_forgery,b0e40d91b1f5c7bd,0.0,coordinated_full_forgery,1,1,0.8297088626411337,0.9203662611561543
family_a_001427_visual_splice,b0e40d91b1f5c7bd,0.0,visual_splice,1,1,0.7697271468999395,0.8095550030176839
family_a_001428_visual_splice,b0e40d91b1f5c7bd,0.0,visual_splice,1,1,0.8170097096763659,0.8827640043681158
family_a_001429_visual_splice,b0e40d91b1f5c7bd,0.0,visual_splice,1,1,0.7720394442498416,0.8402869724922737
family_a_001441_genuine,9c5e82904ece0318,0.0,genuine,0,0,0.7217387962006615,0.5176130319504365
family_a_001442_text_qr_mismatch,9c5e82904ece0318,0.0,text_qr_mismatch,1,1,0.9267071838860211,0.9092505787092622
family_a_001443_qr_only_mismatch,9c5e82904ece0318,0.0,qr_only_mismatch,1,1,0.9947113783215523,0.9993239505948441
family_a_001444_checksum_invalid,9c5e82904ece0318,0.0,checksum_invalid,1,1,0.948486376937774,0.9785459837629686
family_a_001445_format_invalid,9c5e82904ece0318,0.0,format_invalid,1,1,0.9211226563179267,0.9702659836418382
family_a_001446_field_missing,9c5e82904ece0318,0.0,field_missing,1,1,0.9761498845915435,0.9910115535567828
family_a_001447_fine_grained_edit,9c5e82904ece0318,0.0,fine_grained_edit,1,1,0.8923915749359381,0.885966318521347
family_a_001448_coordinated_full_forgery,9c5e82904ece0318,0.0,coordinated_full_forgery,1,1,0.6958872191472397,0.7704776478226649
family_a_001449_visual_splice,9c5e82904ece0318,0.0,visual_splice,1,1,0.9306693761794144,0.9121390901749393
family_a_001450_visual_splice,9c5e82904ece0318,0.0,visual_splice,1,1,0.9303452952885101,0.8783590911710285
family_a_001451_visual_splice,9c5e82904ece0318,0.0,visual_splice,1,1,0.9196854024975991,0.9218010913322155
family_a_001463_genuine,368775613e658110,0.0,genuine,0,0,0.6955403010635383,0.4982560107298113
family_a_001464_text_qr_mismatch,368775613e658110,0.0,text_qr_mismatch,1,1,0.9944049446740334,0.9995196502220804
family_a_001465_qr_only_mismatch,368775613e658110,0.0,qr_only_mismatch,1,1,0.9965561008209556,0.9996774228683754
family_a_001466_checksum_invalid,368775613e658110,0.0,checksum_invalid,1,1,0.9983606557377049,0.9998476021451914
family_a_001467_format_invalid,368775613e658110,0.0,format_invalid,1,1,1.0,0.9998604846934245
family_a_001468_field_missing,368775613e658110,0.0,field_missing,1,1,0.9999842022116904,0.9994788482531937
family_a_001469_fine_grained_edit,368775613e658110,0.0,fine_grained_edit,1,1,0.9960438168151812,0.9997006986106577
family_a_001470_coordinated_full_forgery,368775613e658110,0.0,coordinated_full_forgery,1,1,0.7232734096956263,0.6834374630410153
family_a_001471_visual_splice,368775613e658110,0.0,visual_splice,1,1,0.9990838235805363,0.9996387572393819
family_a_001472_visual_splice,368775613e658110,0.0,visual_splice,1,1,0.6955646558490652,0.6708010288663869
family_a_001473_visual_splice,368775613e658110,0.0,visual_splice,1,1,0.7233423538894032,0.7771906492419918
family_a_001474_genuine,7ea667b20a9bff6a,0.0,genuine,0,0,0.7112134951544337,0.6871419844491594
family_a_001475_text_qr_mismatch,7ea667b20a9bff6a,0.0,text_qr_mismatch,1,1,0.9959886016212175,0.9996070934092106
family_a_001476_qr_only_mismatch,7ea667b20a9bff6a,0.0,qr_only_mismatch,1,1,0.9923585552424722,0.9995409688126364
family_a_001477_checksum_invalid,7ea667b20a9bff6a,0.0,checksum_invalid,1,1,0.9978717523493643,0.9996769783941786
family_a_001478_format_invalid,7ea667b20a9bff6a,0.0,format_invalid,1,1,1.0,0.9995537219732593
family_a_001479_field_missing,7ea667b20a9bff6a,0.0,field_missing,1,1,0.995,0.9941088075305724
family_a_001480_fine_grained_edit,7ea667b20a9bff6a,0.0,fine_grained_edit,1,1,0.9945271196686021,0.9995788020223325
family_a_001481_coordinated_full_forgery,7ea667b20a9bff6a,0.0,coordinated_full_forgery,1,1,0.7335071971301077,0.696952417676048
family_a_001482_visual_splice,7ea667b20a9bff6a,0.0,visual_splice,1,1,0.9936751017313823,0.9996504027077635
family_a_001483_visual_splice,7ea667b20a9bff6a,0.0,visual_splice,1,1,0.9947052371445539,0.9996953738125678
family_a_001484_visual_splice,7ea667b20a9bff6a,0.0,visual_splice,1,1,0.6999585085254452,0.5812170795986471
family_a_001485_genuine,a3d6a39e9f3c76c1,0.0,genuine,0,0,0.686222241010661,0.5406718394551153
family_a_001486_text_qr_mismatch,a3d6a39e9f3c76c1,0.0,text_qr_mismatch,1,1,0.9907699802447526,0.9996706960438485
family_a_001487_qr_only_mismatch,a3d6a39e9f3c76c1,0.0,qr_only_mismatch,1,1,0.9947139731953313,0.99949248137641
family_a_001488_checksum_invalid,a3d6a39e9f3c76c1,0.0,checksum_invalid,1,1,0.9983606557377049,0.9997756426511667
family_a_001489_format_invalid,a3d6a39e9f3c76c1,0.0,format_invalid,1,1,1.0,0.9998690012643519
family_a_001490_field_missing,a3d6a39e9f3c76c1,0.0,field_missing,1,1,1.0,0.9989295063469521
family_a_001491_fine_grained_edit,a3d6a39e9f3c76c1,0.0,fine_grained_edit,1,1,0.9932706917108634,0.9992512338736165
family_a_001492_coordinated_full_forgery,a3d6a39e9f3c76c1,0.0,coordinated_full_forgery,1,1,0.8272807386276138,0.8208977462993402
family_a_001493_visual_splice,a3d6a39e9f3c76c1,0.0,visual_splice,1,1,0.9247424333147823,0.9344097815486151
family_a_001494_visual_splice,a3d6a39e9f3c76c1,0.0,visual_splice,1,1,0.7131616349500548,0.6138000605075827
family_a_001495_visual_splice,a3d6a39e9f3c76c1,0.0,visual_splice,1,1,0.7407374657830427,0.6319171532570824
family_a_001507_genuine,acb85a77063ca149,0.0,genuine,0,0,0.7329119909027402,0.7245442010376326
family_a_001508_text_qr_mismatch,acb85a77063ca149,0.0,text_qr_mismatch,1,1,0.9908289166318432,0.99963639206537
family_a_001509_qr_only_mismatch,acb85a77063ca149,0.0,qr_only_mismatch,1,1,0.9941621217726877,0.9991490573145897
family_a_001510_checksum_invalid,acb85a77063ca149,0.0,checksum_invalid,1,1,0.9977451700708833,0.9997637518338829
family_a_001511_format_invalid,acb85a77063ca149,0.0,format_invalid,1,1,1.0,0.9997281939307753
family_a_001512_field_missing,acb85a77063ca149,0.0,field_missing,1,1,1.0,0.9988632555663983
family_a_001513_fine_grained_edit,acb85a77063ca149,0.0,fine_grained_edit,1,1,0.9884157851355424,0.9994495488742072
family_a_001514_coordinated_full_forgery,acb85a77063ca149,0.0,coordinated_full_forgery,1,1,0.817983376856494,0.9386419761620864
family_a_001515_visual_splice,acb85a77063ca149,0.0,visual_splice,1,1,0.9960597106654199,0.9958752270340524
family_a_001516_visual_splice,acb85a77063ca149,0.0,visual_splice,1,1,0.9940763472193567,0.9993078517808378
family_a_001517_visual_splice,acb85a77063ca149,0.0,visual_splice,1,1,0.7716870132312523,0.7962099393494149
family_a_001518_genuine,91e5b6ab74667838,0.0,genuine,0,0,0.7411345365772231,0.6717631852595242
family_a_001519_text_qr_mismatch,91e5b6ab74667838,0.0,text_qr_mismatch,1,1,0.994420742462343,0.9995604636279143
family_a_001520_qr_only_mismatch,91e5b6ab74667838,0.0,qr_only_mismatch,1,1,0.9958243356658184,0.999551751525761
family_a_001521_checksum_invalid,91e5b6ab74667838,0.0,checksum_invalid,1,1,0.9983606557377049,0.9997040605631655
family_a_001522_format_invalid,91e5b6ab74667838,0.0,format_invalid,1,1,1.0,0.9996219960877673
family_a_001523_field_missing,91e5b6ab74667838,0.0,field_missing,1,1,1.0,0.9997086271862216
family_a_001524_fine_grained_edit,91e5b6ab74667838,0.0,fine_grained_edit,1,1,0.9927027953442777,0.999677950789788
family_a_001525_coordinated_full_forgery,91e5b6ab74667838,0.0,coordinated_full_forgery,1,1,0.7702074717832439,0.8157049796754461
family_a_001526_visual_splice,91e5b6ab74667838,0.0,visual_splice,1,1,0.7612433702404587,0.7466040518297838
family_a_001527_visual_splice,91e5b6ab74667838,0.0,visual_splice,1,1,0.9981348280363119,0.9996893112639491
family_a_001528_visual_splice,91e5b6ab74667838,0.0,visual_splice,1,1,0.9644408737654183,0.9806089514056776
family_a_001529_genuine,5826a26a7df0ecc4,0.0,genuine,0,0,0.7242279908180026,0.6703808238466422
family_a_001530_text_qr_mismatch,5826a26a7df0ecc4,0.0,text_qr_mismatch,1,1,0.9954941008006776,0.9996321506520685
family_a_001531_qr_only_mismatch,5826a26a7df0ecc4,0.0,qr_only_mismatch,1,1,0.9934850837997483,0.999717695050478
family_a_001532_checksum_invalid,5826a26a7df0ecc4,0.0,checksum_invalid,1,1,0.9983606557377049,0.9997263129882076
family_a_001533_format_invalid,5826a26a7df0ecc4,0.0,format_invalid,1,1,1.0,0.9997347550080119
family_a_001534_field_missing,5826a26a7df0ecc4,0.0,field_missing,1,1,0.9966666666666667,0.9994165103369649
family_a_001535_fine_grained_edit,5826a26a7df0ecc4,0.0,fine_grained_edit,1,1,0.9941515183072102,0.9994782429645239
family_a_001536_coordinated_full_forgery,5826a26a7df0ecc4,0.0,coordinated_full_forgery,1,1,0.731380484037236,0.7412820152093955
family_a_001537_visual_splice,5826a26a7df0ecc4,0.0,visual_splice,1,1,1.0,0.9997006461094058
family_a_001538_visual_splice,5826a26a7df0ecc4,0.0,visual_splice,1,1,0.9978606422125571,0.999817123865571
family_a_001539_visual_splice,5826a26a7df0ecc4,0.0,visual_splice,1,1,0.7329240727808837,0.7456989558589471
family_a_001540_genuine,3829bf6fdbf2ada6,0.0,genuine,0,0,0.7041547194204523,0.6441356164292555
family_a_001541_text_qr_mismatch,3829bf6fdbf2ada6,0.0,text_qr_mismatch,1,1,0.9953606422125572,0.9995644803665682
family_a_001542_qr_only_mismatch,3829bf6fdbf2ada6,0.0,qr_only_mismatch,1,1,0.984589619668602,0.9996557432706366
family_a_001543_checksum_invalid,3829bf6fdbf2ada6,0.0,checksum_invalid,1,1,0.9983606557377049,0.999067033045371
family_a_001544_format_invalid,3829bf6fdbf2ada6,0.0,format_invalid,1,1,1.0,0.9996381858480784
family_a_001545_field_missing,3829bf6fdbf2ada6,0.0,field_missing,1,1,0.9940000000000001,0.998724473649802
family_a_001546_fine_grained_edit,3829bf6fdbf2ada6,0.0,fine_grained_edit,1,1,0.9940768914415383,0.9987244856529371
family_a_001547_coordinated_full_forgery,3829bf6fdbf2ada6,0.0,coordinated_full_forgery,1,1,0.7755694611365884,0.7821375976327885
family_a_001548_visual_splice,3829bf6fdbf2ada6,0.0,visual_splice,1,1,0.7451133722872211,0.7850115167510834
family_a_001549_visual_splice,3829bf6fdbf2ada6,0.0,visual_splice,1,1,0.7660408797331576,0.7239755006520252
family_a_001550_visual_splice,3829bf6fdbf2ada6,0.0,visual_splice,1,1,1.0,0.9995476031042245
family_a_001551_genuine,fc9a6abe3db89d97,0.0,genuine,0,0,0.6757512951515161,0.37108272203575077
family_a_001552_text_qr_mismatch,fc9a6abe3db89d97,0.0,text_qr_mismatch,1,1,0.9981731422125572,0.9997863089441903
family_a_001553_qr_only_mismatch,fc9a6abe3db89d97,0.0,qr_only_mismatch,1,1,0.9934886355576065,0.9995108419772218
family_a_001554_checksum_invalid,fc9a6abe3db89d97,0.0,checksum_invalid,1,1,0.9999842022116904,0.9997472112894183
family_a_001555_format_invalid,fc9a6abe3db89d97,0.0,format_invalid,1,1,1.0,0.999822717234665
family_a_001556_field_missing,fc9a6abe3db89d97,0.0,field_missing,1,1,0.9933333333333334,0.9994926248914685
family_a_001557_fine_grained_edit,fc9a6abe3db89d97,0.0,fine_grained_edit,1,1,0.9963119214182194,0.9996191664062993
family_a_001558_coordinated_full_forgery,fc9a6abe3db89d97,0.0,coordinated_full_forgery,1,1,0.756515720900557,0.8012410929735965
family_a_001559_visual_splice,fc9a6abe3db89d97,0.0,visual_splice,1,1,0.8346887923110318,0.9389732875157257
family_a_001560_visual_splice,fc9a6abe3db89d97,0.0,visual_splice,1,1,0.8463806229599902,0.9226299419160449
family_a_001561_visual_splice,fc9a6abe3db89d97,0.0,visual_splice,1,1,0.8714715984072667,0.9498280954925893
family_a_001573_genuine,666eacb6bacb9975,0.0,genuine,0,0,0.6348367866547592,0.3824404057040142
family_a_001574_text_qr_mismatch,666eacb6bacb9975,0.0,text_qr_mismatch,1,1,0.9940694074427263,0.9994928290843043
family_a_001575_qr_only_mismatch,666eacb6bacb9975,0.0,qr_only_mismatch,1,1,0.9975854483289663,0.9993732056841805
family_a_001576_checksum_invalid,666eacb6bacb9975,0.0,checksum_invalid,1,1,0.9841781912827287,0.9996466193545954
family_a_001577_format_invalid,666eacb6bacb9975,0.0,format_invalid,1,1,1.0,0.9997521737499638
family_a_001578_field_missing,666eacb6bacb9975,0.0,field_missing,1,1,0.9924842022116904,0.9994649207108478
family_a_001579_fine_grained_edit,666eacb6bacb9975,0.0,fine_grained_edit,1,1,0.9980320282986469,0.999492973715642
family_a_001580_coordinated_full_forgery,666eacb6bacb9975,0.0,coordinated_full_forgery,1,1,0.750859752014,0.8088778835725163
family_a_001581_visual_splice,666eacb6bacb9975,0.0,visual_splice,1,1,0.9887434292086708,0.9998006016221359
family_a_001582_visual_splice,666eacb6bacb9975,0.0,visual_splice,1,1,0.783390014982146,0.8743191701238127
family_a_001583_visual_splice,666eacb6bacb9975,0.0,visual_splice,1,1,0.9999842022116904,0.9997098494341262
family_a_001595_genuine,ae6ad237e28b1b29,0.0,genuine,0,0,0.682130863180412,0.510358558782424
family_a_001596_text_qr_mismatch,ae6ad237e28b1b29,0.0,text_qr_mismatch,1,1,0.9921981903670484,0.9995627312153922
family_a_001597_qr_only_mismatch,ae6ad237e28b1b29,0.0,qr_only_mismatch,1,1,0.9944049446740334,0.9996163806099535
family_a_001598_checksum_invalid,ae6ad237e28b1b29,0.0,checksum_invalid,1,1,0.9972971273817585,0.9997850046941478
family_a_001599_format_invalid,ae6ad237e28b1b29,0.0,format_invalid,1,1,1.0,0.9997150899639936
family_a_001600_field_missing,ae6ad237e28b1b29,0.0,field_missing,1,1,0.9999842022116904,0.99949602597223
family_a_001601_fine_grained_edit,ae6ad237e28b1b29,0.0,fine_grained_edit,1,1,0.9963119214182194,0.9995879602997665
family_a_001602_coordinated_full_forgery,ae6ad237e28b1b29,0.0,coordinated_full_forgery,1,1,0.798058400812548,0.8229115988375386
family_a_001603_visual_splice,ae6ad237e28b1b29,0.0,visual_splice,1,1,0.7026695801025822,0.6797028595240359
family_a_001604_visual_splice,ae6ad237e28b1b29,0.0,visual_splice,1,1,0.9981731422125572,0.9996627939556578
family_a_001605_visual_splice,ae6ad237e28b1b29,0.0,visual_splice,1,1,0.9912814070351759,0.9996634351401921
family_a_001606_genuine,eb60acb8fa01726f,0.0,genuine,0,0,0.7249394503124768,0.6464503056263031
family_a_001607_text_qr_mismatch,eb60acb8fa01726f,0.0,text_qr_mismatch,1,1,0.9889766034927361,0.9996892945029694
family_a_001608_qr_only_mismatch,eb60acb8fa01726f,0.0,qr_only_mismatch,1,1,0.9882497088001468,0.9996252201325905
family_a_001609_checksum_invalid,eb60acb8fa01726f,0.0,checksum_invalid,1,1,0.9978717523493643,0.9993088477059023
family_a_001610_format_invalid,eb60acb8fa01726f,0.0,format_invalid,1,1,0.9996147970318637,0.9998040255680304
family_a_001611_field_missing,eb60acb8fa01726f,0.0,field_missing,1,1,1.0,0.9991049402956712
family_a_001612_fine_grained_edit,eb60acb8fa01726f,0.0,fine_grained_edit,1,1,0.9824777748192577,0.9794679806660482
family_a_001613_coordinated_full_forgery,eb60acb8fa01726f,0.0,coordinated_full_forgery,1,1,0.7748763722571413,0.7872816962856664
family_a_001614_visual_splice,eb60acb8fa01726f,0.0,visual_splice,1,1,0.7545529001521006,0.7771597276289082
family_a_001615_visual_splice,eb60acb8fa01726f,0.0,visual_splice,1,1,0.7745214245915808,0.8728332397430589
family_a_001616_visual_splice,eb60acb8fa01726f,0.0,visual_splice,1,1,0.7723320881270445,0.8434720130439474
family_a_001628_genuine,dc5ac03ef291f212,0.0,genuine,0,0,0.7621937927529788,0.728632308385887
family_a_001629_text_qr_mismatch,dc5ac03ef291f212,0.0,text_qr_mismatch,1,1,0.9899723177285986,0.999452056854022
family_a_001630_qr_only_mismatch,dc5ac03ef291f212,0.0,qr_only_mismatch,1,1,0.9846820785788569,0.9991694902437352
family_a_001631_checksum_invalid,dc5ac03ef291f212,0.0,checksum_invalid,1,1,0.9989497194530698,0.9997535984677788
family_a_001632_format_invalid,dc5ac03ef291f212,0.0,format_invalid,1,1,0.9999842022116904,0.9998006026147469
family_a_001633_field_missing,dc5ac03ef291f212,0.0,field_missing,1,1,1.0,0.9996194866132345
family_a_001634_fine_grained_edit,dc5ac03ef291f212,0.0,fine_grained_edit,1,1,0.9925355670192864,0.9994495208940671
family_a_001635_coordinated_full_forgery,dc5ac03ef291f212,0.0,coordinated_full_forgery,1,1,0.8054709583650065,0.9060475796778494
family_a_001636_visual_splice,dc5ac03ef291f212,0.0,visual_splice,1,1,0.8345884807307413,0.851250364735129
family_a_001637_visual_splice,dc5ac03ef291f212,0.0,visual_splice,1,1,0.8230179456324735,0.8435874970808777
family_a_001638_visual_splice,dc5ac03ef291f212,0.0,visual_splice,1,1,0.7879580419863221,0.8407879954190557
family_a_001639_genuine,2f39c45bcdcc9e76,0.0,genuine,0,0,0.622381262290968,0.45803736713921983
family_a_001640_text_qr_mismatch,2f39c45bcdcc9e76,0.0,text_qr_mismatch,1,1,0.9933830301631024,0.9994056173020404
family_a_001641_qr_only_mismatch,2f39c45bcdcc9e76,0.0,qr_only_mismatch,1,1,0.9912376017313822,0.9991916614762181
family_a_001642_checksum_invalid,2f39c45bcdcc9e76,0.0,checksum_invalid,1,1,0.9978717523493643,0.9998475697733953
family_a_001643_format_invalid,2f39c45bcdcc9e76,0.0,format_invalid,1,1,1.0,0.9998110413561397
family_a_001644_field_missing,2f39c45bcdcc9e76,0.0,field_missing,1,1,1.0,0.9993438659731476
family_a_001645_fine_grained_edit,2f39c45bcdcc9e76,0.0,fine_grained_edit,1,1,0.9946420828634578,0.9993514114337
family_a_001646_coordinated_full_forgery,2f39c45bcdcc9e76,0.0,coordinated_full_forgery,1,1,0.7869127009890466,0.8510492684504217
family_a_001647_visual_splice,2f39c45bcdcc9e76,0.0,visual_splice,1,1,0.9904628129021298,0.9996488010003867
family_a_001648_visual_splice,2f39c45bcdcc9e76,0.0,visual_splice,1,1,0.9999842022116904,0.9995291708259022
family_a_001649_visual_splice,2f39c45bcdcc9e76,0.0,visual_splice,1,1,0.7436838229229342,0.7309943350131888
family_a_001661_genuine,8ca725ae9c060798,0.0,genuine,0,0,0.6186706297559177,0.32569301564455594
family_a_001662_text_qr_mismatch,8ca725ae9c060798,0.0,text_qr_mismatch,1,1,0.9959850837997483,0.999711036055823
family_a_001663_qr_only_mismatch,8ca725ae9c060798,0.0,qr_only_mismatch,1,1,0.9946420828634578,0.9995436448986564
family_a_001664_checksum_invalid,8ca725ae9c060798,0.0,checksum_invalid,1,1,0.9973129251700681,0.9997989246489581
family_a_001665_format_invalid,8ca725ae9c060798,0.0,format_invalid,1,1,1.0,0.9995958419816334
family_a_001666_field_missing,8ca725ae9c060798,0.0,field_missing,1,1,0.9999842022116904,0.9997162655218254
family_a_001667_fine_grained_edit,8ca725ae9c060798,0.0,fine_grained_edit,1,1,0.9927027953442777,0.999668683123041
family_a_001668_coordinated_full_forgery,8ca725ae9c060798,0.0,coordinated_full_forgery,1,1,0.776429930232756,0.7827530476869412
family_a_001669_visual_splice,8ca725ae9c060798,0.0,visual_splice,1,1,0.7550367750037001,0.7366585050025648
family_a_001670_visual_splice,8ca725ae9c060798,0.0,visual_splice,1,1,0.7431546255635411,0.7536017637861833
family_a_001671_visual_splice,8ca725ae9c060798,0.0,visual_splice,1,1,0.9958065123711769,0.9997046600643021
family_a_001672_genuine,ba21194bc8d2e166,0.0,genuine,0,0,0.698593158705788,0.6223271383742813
family_a_001673_text_qr_mismatch,ba21194bc8d2e166,0.0,text_qr_mismatch,1,1,0.8916482925824947,0.8428611494924038
family_a_001674_qr_only_mismatch,ba21194bc8d2e166,0.0,qr_only_mismatch,1,1,0.9944049446740334,0.9993702252136815
family_a_001675_checksum_invalid,ba21194bc8d2e166,0.0,checksum_invalid,1,1,0.9367507020268581,0.9801883316291551
family_a_001676_format_invalid,ba21194bc8d2e166,0.0,format_invalid,1,1,0.9437184918632703,0.9782947334375652
family_a_001677_field_missing,ba21194bc8d2e166,0.0,field_missing,1,1,0.9822567297299772,0.9752516144109901
family_a_001678_fine_grained_edit,ba21194bc8d2e166,0.0,fine_grained_edit,1,1,0.9224818239444826,0.9039819770218346
family_a_001679_coordinated_full_forgery,ba21194bc8d2e166,0.0,coordinated_full_forgery,1,1,0.8109271396958947,0.9170233698506033
family_a_001680_visual_splice,ba21194bc8d2e166,0.0,visual_splice,1,1,0.9190800979402652,0.9485086142996214
family_a_001681_visual_splice,ba21194bc8d2e166,0.0,visual_splice,1,1,0.8982464558879206,0.8348809921176279
family_a_001682_visual_splice,ba21194bc8d2e166,0.0,visual_splice,1,1,0.9718866516035038,0.980534719109851
family_a_001716_genuine,27706f9c79ac2320,0.0,genuine,0,0,0.6497822176967902,0.2773933595149804
family_a_001717_text_qr_mismatch,27706f9c79ac2320,0.0,text_qr_mismatch,1,1,0.9899796423565883,0.9992171652881114
family_a_001718_qr_only_mismatch,27706f9c79ac2320,0.0,qr_only_mismatch,1,1,0.9937530923408573,0.9996653042784509
family_a_001719_checksum_invalid,27706f9c79ac2320,0.0,checksum_invalid,1,1,0.9972971273817585,0.999377389207626
family_a_001720_format_invalid,27706f9c79ac2320,0.0,format_invalid,1,1,1.0,0.9997789503795208
family_a_001721_field_missing,27706f9c79ac2320,0.0,field_missing,1,1,1.0,0.9988491964634194
family_a_001722_fine_grained_edit,27706f9c79ac2320,0.0,fine_grained_edit,1,1,0.9824128397543226,0.9956717011895755
family_a_001723_coordinated_full_forgery,27706f9c79ac2320,0.0,coordinated_full_forgery,1,1,0.7432941385073256,0.798489582165775
family_a_001724_visual_splice,27706f9c79ac2320,0.0,visual_splice,1,1,0.9946420828634578,0.9993298408999336
family_a_001725_visual_splice,27706f9c79ac2320,0.0,visual_splice,1,1,0.7842666149367865,0.8426359122897156
family_a_001726_visual_splice,27706f9c79ac2320,0.0,visual_splice,1,1,0.9958515836222219,0.999398178855914
family_a_001727_genuine,3766756e8e5299e1,0.0,genuine,0,0,0.6056204020614502,0.4192049249068159
family_a_001728_text_qr_mismatch,3766756e8e5299e1,0.0,text_qr_mismatch,1,1,0.9955929629325666,0.9995359360577116
family_a_001729_qr_only_mismatch,3766756e8e5299e1,0.0,qr_only_mismatch,1,1,0.9957611589682405,0.999416671103878
family_a_001730_checksum_invalid,3766756e8e5299e1,0.0,checksum_invalid,1,1,0.9983606557377049,0.9997756233761771
family_a_001731_format_invalid,3766756e8e5299e1,0.0,format_invalid,1,1,1.0,0.9998402552293639
family_a_001732_field_missing,3766756e8e5299e1,0.0,field_missing,1,1,1.0,0.9996777930371926
family_a_001733_fine_grained_edit,3766756e8e5299e1,0.0,fine_grained_edit,1,1,0.9952225925621963,0.9994492613804634
family_a_001734_coordinated_full_forgery,3766756e8e5299e1,0.0,coordinated_full_forgery,1,1,0.7927082829774625,0.7066611101399559
family_a_001735_visual_splice,3766756e8e5299e1,0.0,visual_splice,1,1,0.7722700741851954,0.7583155914996915
family_a_001736_visual_splice,3766756e8e5299e1,0.0,visual_splice,1,1,1.0,0.9996826246953361
family_a_001737_visual_splice,3766756e8e5299e1,0.0,visual_splice,1,1,1.0,0.999538169404737
family_a_001738_genuine,8fb525aa38f6a91e,0.0,genuine,0,0,0.5727839797229365,0.39469018779431464
family_a_001739_text_qr_mismatch,8fb525aa38f6a91e,0.0,text_qr_mismatch,1,1,0.9943841897416545,0.9994579986847397
family_a_001740_qr_only_mismatch,8fb525aa38f6a91e,0.0,qr_only_mismatch,1,1,0.9983549349167393,0.9997141122029858
family_a_001741_checksum_invalid,8fb525aa38f6a91e,0.0,checksum_invalid,1,1,0.9983606557377049,0.9997451257449907
family_a_001742_format_invalid,8fb525aa38f6a91e,0.0,format_invalid,1,1,1.0,0.9998026300125777
family_a_001743_field_missing,8fb525aa38f6a91e,0.0,field_missing,1,1,1.0,0.9997431912535282
family_a_001744_fine_grained_edit,8fb525aa38f6a91e,0.0,fine_grained_edit,1,1,0.9912389242805248,0.9995908208093643
family_a_001745_coordinated_full_forgery,8fb525aa38f6a91e,0.0,coordinated_full_forgery,1,1,0.6732373283177716,0.6898873409282916
family_a_001746_visual_splice,8fb525aa38f6a91e,0.0,visual_splice,1,1,0.7025077041442473,0.7301558440616789
family_a_001747_visual_splice,8fb525aa38f6a91e,0.0,visual_splice,1,1,0.7597789462850674,0.739607946779314
family_a_001748_visual_splice,8fb525aa38f6a91e,0.0,visual_splice,1,1,0.7433051647401647,0.7821375976327885
family_a_001760_genuine,83bed433cef10b9f,0.0,genuine,0,0,0.6895412755174286,0.5545422631660483
family_a_001761_text_qr_mismatch,83bed433cef10b9f,0.0,text_qr_mismatch,1,1,0.9968553469042364,0.9996592407256806
family_a_001762_qr_only_mismatch,83bed433cef10b9f,0.0,qr_only_mismatch,1,1,0.9981190302480023,0.9997146871799426
family_a_001763_checksum_invalid,83bed433cef10b9f,0.0,checksum_invalid,1,1,0.9983448579493954,0.9997660725231816
family_a_001764_format_invalid,83bed433cef10b9f,0.0,format_invalid,1,1,1.0,0.9997831300677349
family_a_001765_field_missing,83bed433cef10b9f,0.0,field_missing,1,1,0.9758333333333333,0.9984206333446818
family_a_001766_fine_grained_edit,83bed433cef10b9f,0.0,fine_grained_edit,1,1,0.9944049446740334,0.9995242158663259
family_a_001767_coordinated_full_forgery,83bed433cef10b9f,0.0,coordinated_full_forgery,1,1,0.7979366672659246,0.820414683500404
family_a_001768_visual_splice,83bed433cef10b9f,0.0,visual_splice,1,1,0.8023115223254349,0.8047118228600109
family_a_001769_visual_splice,83bed433cef10b9f,0.0,visual_splice,1,1,0.9981731422125572,0.9995721423788632
family_a_001770_visual_splice,83bed433cef10b9f,0.0,visual_splice,1,1,0.7854955017642594,0.7803993495109107
family_a_001771_genuine,e9b95ec8988f72fa,0.0,genuine,0,0,0.6036449994724489,0.2519861111725058
family_a_001772_text_qr_mismatch,e9b95ec8988f72fa,0.0,text_qr_mismatch,1,1,0.996895834752401,0.9995437425068758
family_a_001773_qr_only_mismatch,e9b95ec8988f72fa,0.0,qr_only_mismatch,1,1,0.9958357858339123,0.9995602509296523
family_a_001774_checksum_invalid,e9b95ec8988f72fa,0.0,checksum_invalid,1,1,0.9983606557377049,0.9997864109045047
family_a_001775_format_invalid,e9b95ec8988f72fa,0.0,format_invalid,1,1,1.0,0.9997931528060748
family_a_001776_field_missing,e9b95ec8988f72fa,0.0,field_missing,1,1,0.9996147970318637,0.9995694168110147
family_a_001777_fine_grained_edit,e9b95ec8988f72fa,0.0,fine_grained_edit,1,1,0.9940355394942066,0.9995258674368752
family_a_001778_coordinated_full_forgery,e9b95ec8988f72fa,0.0,coordinated_full_forgery,1,1,0.6913993789505851,0.6659248606438349
family_a_001779_visual_splice,e9b95ec8988f72fa,0.0,visual_splice,1,1,0.815876143849669,0.9645275607228342
family_a_001780_visual_splice,e9b95ec8988f72fa,0.0,visual_splice,1,1,0.823133382037193,0.9700237085012932
family_a_001781_visual_splice,e9b95ec8988f72fa,0.0,visual_splice,1,1,0.7404492760544231,0.7797347080400382
family_a_001793_genuine,314e4afc719574cc,0.0,genuine,0,0,0.5321426600269213,0.42348144785711395
family_a_001794_text_qr_mismatch,314e4afc719574cc,0.0,text_qr_mismatch,1,1,0.9919185443642013,0.9994082904816459
family_a_001795_qr_only_mismatch,314e4afc719574cc,0.0,qr_only_mismatch,1,1,0.9933125665144875,0.9996586181098781
family_a_001796_checksum_invalid,314e4afc719574cc,0.0,checksum_invalid,1,1,0.9978717523493643,0.999097640287376
family_a_001797_format_invalid,314e4afc719574cc,0.0,format_invalid,1,1,1.0,0.9997051478976713
family_a_001798_field_missing,314e4afc719574cc,0.0,field_missing,1,1,0.995,0.9992674209575763
family_a_001799_fine_grained_edit,314e4afc719574cc,0.0,fine_grained_edit,1,1,0.9944086940883936,0.999190786334633
family_a_001800_coordinated_full_forgery,314e4afc719574cc,0.0,coordinated_full_forgery,1,1,0.8701204005571042,0.9529683804919653
family_a_001801_visual_splice,314e4afc719574cc,0.0,visual_splice,1,1,0.7391084616542457,0.9225110096003976
family_a_001802_visual_splice,314e4afc719574cc,0.0,visual_splice,1,1,0.7617152320541273,0.764472664611073
family_a_001803_visual_splice,314e4afc719574cc,0.0,visual_splice,1,1,0.9891265857689667,0.9995636593155728
family_a_001804_genuine,b82f0803d0c33918,0.0,genuine,0,0,0.6123739549130545,0.6621063927427835
family_a_001805_text_qr_mismatch,b82f0803d0c33918,0.0,text_qr_mismatch,1,1,0.9944310513207992,0.9995593681236582
family_a_001806_qr_only_mismatch,b82f0803d0c33918,0.0,qr_only_mismatch,1,1,0.9921441904910172,0.9993738807575657
family_a_001807_checksum_invalid,b82f0803d0c33918,0.0,checksum_invalid,1,1,0.9978717523493643,0.9996752170928727
family_a_001808_format_invalid,b82f0803d0c33918,0.0,format_invalid,1,1,1.0,0.9998164465957594
family_a_001809_field_missing,b82f0803d0c33918,0.0,field_missing,1,1,0.9999842022116904,0.9991296453661629
family_a_001810_fine_grained_edit,b82f0803d0c33918,0.0,fine_grained_edit,1,1,0.994420742462343,0.9995624677648386
family_a_001811_coordinated_full_forgery,b82f0803d0c33918,0.0,coordinated_full_forgery,1,1,0.8679108735948595,0.9232707009682222
family_a_001812_visual_splice,b82f0803d0c33918,0.0,visual_splice,1,1,0.9869926880121308,0.9998475448827171
family_a_001813_visual_splice,b82f0803d0c33918,0.0,visual_splice,1,1,0.7573235684740801,0.726210091211747
family_a_001814_visual_splice,b82f0803d0c33918,0.0,visual_splice,1,1,0.8151180098061012,0.8748718320732458
family_a_001815_genuine,a24dcdcb22c3095b,0.0,genuine,0,0,0.5269145483571657,0.41290702538049295
family_a_001816_text_qr_mismatch,a24dcdcb22c3095b,0.0,text_qr_mismatch,1,1,0.9908273497613928,0.9994647809573619
family_a_001817_qr_only_mismatch,a24dcdcb22c3095b,0.0,qr_only_mismatch,1,1,0.9944086940883936,0.9990623792748249
family_a_001818_checksum_invalid,a24dcdcb22c3095b,0.0,checksum_invalid,1,1,0.9983606557377049,0.999527215962029
family_a_001819_format_invalid,a24dcdcb22c3095b,0.0,format_invalid,1,1,1.0,0.9997765338015695
family_a_001820_field_missing,a24dcdcb22c3095b,0.0,field_missing,1,1,1.0,0.9977896635885679
family_a_001821_fine_grained_edit,a24dcdcb22c3095b,0.0,fine_grained_edit,1,1,0.9772323816428299,0.9991147690538293
family_a_001822_coordinated_full_forgery,a24dcdcb22c3095b,0.0,coordinated_full_forgery,1,1,0.7174735328831818,0.7331098198567462
family_a_001823_visual_splice,a24dcdcb22c3095b,0.0,visual_splice,1,1,0.7390762410253235,0.920284959958151
family_a_001824_visual_splice,a24dcdcb22c3095b,0.0,visual_splice,1,1,0.995913974755546,0.9990814330840128
family_a_001825_visual_splice,a24dcdcb22c3095b,0.0,visual_splice,1,1,0.9979220620788651,0.9963024439513669
family_a_001826_genuine,0a063518578a2ace,0.0,genuine,0,0,0.7222560141280853,0.7555900197223331
family_a_001827_text_qr_mismatch,0a063518578a2ace,0.0,text_qr_mismatch,1,1,0.9908600829772825,0.999387885230143
family_a_001828_qr_only_mismatch,0a063518578a2ace,0.0,qr_only_mismatch,1,1,0.9977798175458473,0.9997140997661809
family_a_001829_checksum_invalid,0a063518578a2ace,0.0,checksum_invalid,1,1,0.9972971273817585,0.9997281070872662
family_a_001830_format_invalid,0a063518578a2ace,0.0,format_invalid,1,1,0.9999842022116904,0.999699766719198
family_a_001831_field_missing,0a063518578a2ace,0.0,field_missing,1,1,1.0,0.9994237558354001
family_a_001832_fine_grained_edit,0a063518578a2ace,0.0,fine_grained_edit,1,1,0.9907986919257374,0.9996073771267099
family_a_001833_coordinated_full_forgery,0a063518578a2ace,0.0,coordinated_full_forgery,1,1,0.7437904121587955,0.7349386865012728
family_a_001834_visual_splice,0a063518578a2ace,0.0,visual_splice,1,1,0.9921672562803296,0.9950062603053178
family_a_001835_visual_splice,0a063518578a2ace,0.0,visual_splice,1,1,0.9978023339337829,0.9998942275528698
family_a_001836_visual_splice,0a063518578a2ace,0.0,visual_splice,1,1,0.7974766408674061,0.9527446700297331
family_a_001837_genuine,f49e54ba98de2772,0.0,genuine,0,0,0.6106711402714875,0.6006588329670596
family_a_001838_text_qr_mismatch,f49e54ba98de2772,0.0,text_qr_mismatch,1,1,0.9981731422125572,0.9996075969069117
family_a_001839_qr_only_mismatch,f49e54ba98de2772,0.0,qr_only_mismatch,1,1,0.9981731422125572,0.999700260498803
family_a_001840_checksum_invalid,f49e54ba98de2772,0.0,checksum_invalid,1,1,0.9978717523493643,0.9997816198556028
family_a_001841_format_invalid,f49e54ba98de2772,0.0,format_invalid,1,1,1.0,0.9998274866492518
family_a_001842_field_missing,f49e54ba98de2772,0.0,field_missing,1,1,0.9999842022116904,0.9996169956886654
family_a_001843_fine_grained_edit,f49e54ba98de2772,0.0,fine_grained_edit,1,1,0.9947139731953313,0.9962951141545873
family_a_001844_coordinated_full_forgery,f49e54ba98de2772,0.0,coordinated_full_forgery,1,1,0.748973198077715,0.9207113631553838
family_a_001845_visual_splice,f49e54ba98de2772,0.0,visual_splice,1,1,0.7299708308337436,0.6894288765475226
family_a_001846_visual_splice,f49e54ba98de2772,0.0,visual_splice,1,1,0.9981731422125572,0.9997473462171219
family_a_001847_visual_splice,f49e54ba98de2772,0.0,visual_splice,1,1,0.7767726682750336,0.7719192865646439
family_a_001870_genuine,ea0aa97e0d57f45c,0.0,genuine,0,0,0.6977984453029917,0.64870231171165
family_a_001871_text_qr_mismatch,ea0aa97e0d57f45c,0.0,text_qr_mismatch,1,1,0.9935716858585694,0.9993447808393009
family_a_001872_qr_only_mismatch,ea0aa97e0d57f45c,0.0,qr_only_mismatch,1,1,0.9981731422125572,0.9995579409269836
family_a_001873_checksum_invalid,ea0aa97e0d57f45c,0.0,checksum_invalid,1,1,0.9983448579493954,0.9998176764163917
family_a_001874_format_invalid,ea0aa97e0d57f45c,0.0,format_invalid,1,1,1.0,0.9995767264460736
family_a_001875_field_missing,ea0aa97e0d57f45c,0.0,field_missing,1,1,0.9999842022116904,0.9996206176135232
family_a_001876_fine_grained_edit,ea0aa97e0d57f45c,0.0,fine_grained_edit,1,1,0.9944086940883936,0.9995284623834432
family_a_001877_coordinated_full_forgery,ea0aa97e0d57f45c,0.0,coordinated_full_forgery,1,1,0.7605271812246996,0.7487829587348578
family_a_001878_visual_splice,ea0aa97e0d57f45c,0.0,visual_splice,1,1,0.9978223280363119,0.9994474619770904
family_a_001879_visual_splice,ea0aa97e0d57f45c,0.0,visual_splice,1,1,0.9922135251197374,0.999793403079002
family_a_001880_visual_splice,ea0aa97e0d57f45c,0.0,visual_splice,1,1,0.780103469263638,0.7778608854578123
family_a_001903_genuine,63adf767058e69be,0.0,genuine,0,0,0.7319115948336626,0.6191289382325468
family_a_001904_text_qr_mismatch,63adf767058e69be,0.0,text_qr_mismatch,1,1,0.9927629426884107,0.9994797393357876
family_a_001905_qr_only_mismatch,63adf767058e69be,0.0,qr_only_mismatch,1,1,0.9932600948041452,0.9995208609533743
family_a_001906_checksum_invalid,63adf767058e69be,0.0,checksum_invalid,1,1,0.9929754527695687,0.999794645439131
family_a_001907_format_invalid,63adf767058e69be,0.0,format_invalid,1,1,1.0,0.999800756686854
family_a_001908_field_missing,63adf767058e69be,0.0,field_missing,1,1,1.0,0.99971571142696
family_a_001909_fine_grained_edit,63adf767058e69be,0.0,fine_grained_edit,1,1,0.994420742462343,0.9994646560687066
family_a_001910_coordinated_full_forgery,63adf767058e69be,0.0,coordinated_full_forgery,1,1,0.707232450012593,0.7043031947545493
family_a_001911_visual_splice,63adf767058e69be,0.0,visual_splice,1,1,0.7310562336201807,0.6438518947230135
family_a_001912_visual_splice,63adf767058e69be,0.0,visual_splice,1,1,0.9974414348954839,0.9996861724609052
family_a_001913_visual_splice,63adf767058e69be,0.0,visual_splice,1,1,0.9953933302698296,0.9994699924824367
family_a_001914_genuine,5940b221e93228c0,0.0,genuine,0,0,0.6197550409645327,0.47507040008749213
family_a_001915_text_qr_mismatch,5940b221e93228c0,0.0,text_qr_mismatch,1,1,0.9947113783215523,0.9996571463910159
family_a_001916_qr_only_mismatch,5940b221e93228c0,0.0,qr_only_mismatch,1,1,0.9944049446740334,0.9995252658908621
family_a_001917_checksum_invalid,5940b221e93228c0,0.0,checksum_invalid,1,1,0.9909464649930423,0.9996553178927596
family_a_001918_format_invalid,5940b221e93228c0,0.0,format_invalid,1,1,1.0,0.9997948734540795
family_a_001919_field_missing,5940b221e93228c0,0.0,field_missing,1,1,0.9999842022116904,0.9992762790722908
family_a_001920_fine_grained_edit,5940b221e93228c0,0.0,fine_grained_edit,1,1,0.9958399844183893,0.999700735734421
family_a_001921_coordinated_full_forgery,5940b221e93228c0,0.0,coordinated_full_forgery,1,1,0.8127550216987128,0.8196154038497522
family_a_001922_visual_splice,5940b221e93228c0,0.0,visual_splice,1,1,0.8139074719309697,0.902954225965982
family_a_001923_visual_splice,5940b221e93228c0,0.0,visual_splice,1,1,0.7813283679861697,0.7434824085528222
family_a_001924_visual_splice,5940b221e93228c0,0.0,visual_splice,1,1,0.989348094287411,0.999701022874053
family_a_001925_genuine,ed0a81b6244fc3c3,0.0,genuine,0,0,0.5486600702267715,0.36195580705663943
family_a_001926_text_qr_mismatch,ed0a81b6244fc3c3,0.0,text_qr_mismatch,1,1,0.9976279588194309,0.9996487416750786
family_a_001927_qr_only_mismatch,ed0a81b6244fc3c3,0.0,qr_only_mismatch,1,1,0.9908273497613928,0.9994730638178959
family_a_001928_checksum_invalid,ed0a81b6244fc3c3,0.0,checksum_invalid,1,1,0.9983606557377049,0.9997470718979662
family_a_001929_format_invalid,ed0a81b6244fc3c3,0.0,format_invalid,1,1,0.9999842022116904,0.9998165197049163
family_a_001930_field_missing,ed0a81b6244fc3c3,0.0,field_missing,1,1,0.998,0.9992362749078313
family_a_001931_fine_grained_edit,ed0a81b6244fc3c3,0.0,fine_grained_edit,1,1,0.9921475871557116,0.9995217093016363
family_a_001932_coordinated_full_forgery,ed0a81b6244fc3c3,0.0,coordinated_full_forgery,1,1,0.7419839149082843,0.7409718132688029
family_a_001933_visual_splice,ed0a81b6244fc3c3,0.0,visual_splice,1,1,0.8184396866474899,0.9160943092912835
family_a_001934_visual_splice,ed0a81b6244fc3c3,0.0,visual_splice,1,1,0.7601213397374152,0.7872993668342096
family_a_001935_visual_splice,ed0a81b6244fc3c3,0.0,visual_splice,1,1,0.9980602011706403,0.999794167892644
family_a_001936_genuine,330e6d1ed53d0764,0.0,genuine,0,0,0.6354956145130964,0.43124273600529106
family_a_001937_text_qr_mismatch,330e6d1ed53d0764,0.0,text_qr_mismatch,1,1,0.9953280033483466,0.9995071898867225
family_a_001938_qr_only_mismatch,330e6d1ed53d0764,0.0,qr_only_mismatch,1,1,0.9962000479406732,0.999748980749746
family_a_001939_checksum_invalid,330e6d1ed53d0764,0.0,checksum_invalid,1,1,0.9983606557377049,0.9998712355033738
family_a_001940_format_invalid,330e6d1ed53d0764,0.0,format_invalid,1,1,1.0,0.9997139686060593
family_a_001941_field_missing,330e6d1ed53d0764,0.0,field_missing,1,1,0.9946666666666666,0.9994931417621385
family_a_001942_fine_grained_edit,330e6d1ed53d0764,0.0,fine_grained_edit,1,1,0.9835586734968257,0.9995594923150128
family_a_001943_coordinated_full_forgery,330e6d1ed53d0764,0.0,coordinated_full_forgery,1,1,0.7887824887704992,0.8566816120119584
family_a_001944_visual_splice,330e6d1ed53d0764,0.0,visual_splice,1,1,0.7028391264846764,0.668516791021697
family_a_001945_visual_splice,330e6d1ed53d0764,0.0,visual_splice,1,1,0.810306273042202,0.867791513821417
family_a_001946_visual_splice,330e6d1ed53d0764,0.0,visual_splice,1,1,0.7972282176251987,0.9363368810956856
family_a_001947_genuine,b563e25d4ab4256b,0.0,genuine,0,0,0.6656857152397039,0.49471771856943003
family_a_001948_text_qr_mismatch,b563e25d4ab4256b,0.0,text_qr_mismatch,1,1,0.9921580126256608,0.9995577555963645
family_a_001949_qr_only_mismatch,b563e25d4ab4256b,0.0,qr_only_mismatch,1,1,0.9918830954932695,0.9996629849648179
family_a_001950_checksum_invalid,b563e25d4ab4256b,0.0,checksum_invalid,1,1,0.9983606557377049,0.9995657664187739
family_a_001951_format_invalid,b563e25d4ab4256b,0.0,format_invalid,1,1,1.0,0.9997085950318693
family_a_001952_field_missing,b563e25d4ab4256b,0.0,field_missing,1,1,1.0,0.9992621181347727
family_a_001953_fine_grained_edit,b563e25d4ab4256b,0.0,fine_grained_edit,1,1,0.9920154746578557,0.9993893275207072
family_a_001954_coordinated_full_forgery,b563e25d4ab4256b,0.0,coordinated_full_forgery,1,1,0.8857556252725308,0.8836126627565021
family_a_001955_visual_splice,b563e25d4ab4256b,0.0,visual_splice,1,1,0.7633633240536216,0.8853405644330281
family_a_001956_visual_splice,b563e25d4ab4256b,0.0,visual_splice,1,1,0.7374176447867086,0.6955524510959723
family_a_001957_visual_splice,b563e25d4ab4256b,0.0,visual_splice,1,1,0.9997354497354497,0.9987192389771782
family_a_001958_genuine,de339d3a3f982129,0.0,genuine,0,0,0.6449249202814002,0.2291768501494639
family_a_001959_text_qr_mismatch,de339d3a3f982129,0.0,text_qr_mismatch,1,1,0.9855886673039087,0.999756429941914
family_a_001960_qr_only_mismatch,de339d3a3f982129,0.0,qr_only_mismatch,1,1,0.9939255436554875,0.9993257142665927
family_a_001961_checksum_invalid,de339d3a3f982129,0.0,checksum_invalid,1,1,0.9999842022116904,0.9995830997014956
family_a_001962_format_invalid,de339d3a3f982129,0.0,format_invalid,1,1,0.995,0.9998576988207452
family_a_001963_field_missing,de339d3a3f982129,0.0,field_missing,1,1,0.9924842022116904,0.9994599735558565
family_a_001964_fine_grained_edit,de339d3a3f982129,0.0,fine_grained_edit,1,1,0.9948987470375922,0.9996128532188282
family_a_001965_coordinated_full_forgery,de339d3a3f982129,0.0,coordinated_full_forgery,1,1,0.7960080959219702,0.7033073120596911
family_a_001966_visual_splice,de339d3a3f982129,0.0,visual_splice,1,1,0.9986447412471589,0.999611204425802
family_a_001967_visual_splice,de339d3a3f982129,0.0,visual_splice,1,1,0.9849842022116904,0.9994815736468929
family_a_001968_visual_splice,de339d3a3f982129,0.0,visual_splice,1,1,0.9258946021235012,0.9275187856201438
family_a_001969_genuine,97786d3604b207d9,0.0,genuine,0,0,0.6552329735075163,0.4494881552580716
family_a_001970_text_qr_mismatch,97786d3604b207d9,0.0,text_qr_mismatch,1,1,0.9940852052310359,0.9994410029093439
family_a_001971_qr_only_mismatch,97786d3604b207d9,0.0,qr_only_mismatch,1,1,0.9926451210584787,0.999616518989285
family_a_001972_checksum_invalid,97786d3604b207d9,0.0,checksum_invalid,1,1,0.9983606557377049,0.99980225254038
family_a_001973_format_invalid,97786d3604b207d9,0.0,format_invalid,1,1,1.0,0.9996908873971195
family_a_001974_field_missing,97786d3604b207d9,0.0,field_missing,1,1,1.0,0.9995449579987377
family_a_001975_fine_grained_edit,97786d3604b207d9,0.0,fine_grained_edit,1,1,0.9872706917108635,0.9995121685167953
family_a_001976_coordinated_full_forgery,97786d3604b207d9,0.0,coordinated_full_forgery,1,1,0.7898577503150517,0.7986909232186077
family_a_001977_visual_splice,97786d3604b207d9,0.0,visual_splice,1,1,0.9972061610804817,0.9993799581172003
family_a_001978_visual_splice,97786d3604b207d9,0.0,visual_splice,1,1,0.8126901376212801,0.8634037335488084
family_a_001979_visual_splice,97786d3604b207d9,0.0,visual_splice,1,1,0.9936890351452697,0.9995728575956444
family_a_001991_genuine,d9835e6c6a6b8738,0.0,genuine,0,0,0.623555381257662,0.39039043308210464
family_a_001992_text_qr_mismatch,d9835e6c6a6b8738,0.0,text_qr_mismatch,1,1,0.9903186549519792,0.9996606762619723
family_a_001993_qr_only_mismatch,d9835e6c6a6b8738,0.0,qr_only_mismatch,1,1,0.994420742462343,0.9992641848843703
family_a_001994_checksum_invalid,d9835e6c6a6b8738,0.0,checksum_invalid,1,1,0.9978559545610547,0.9997703689598574
family_a_001995_format_invalid,d9835e6c6a6b8738,0.0,format_invalid,1,1,1.0,0.9997687901868078
family_a_001996_field_missing,d9835e6c6a6b8738,0.0,field_missing,1,1,1.0,0.9996411636068167
family_a_001997_fine_grained_edit,d9835e6c6a6b8738,0.0,fine_grained_edit,1,1,0.9874559292425935,0.9992833318636174
family_a_001998_coordinated_full_forgery,d9835e6c6a6b8738,0.0,coordinated_full_forgery,1,1,0.6967537156311282,0.7471630189984869
family_a_001999_visual_splice,d9835e6c6a6b8738,0.0,visual_splice,1,1,0.995972803832908,0.999638829554818
family_a_002000_visual_splice,d9835e6c6a6b8738,0.0,visual_splice,1,1,0.9999842022116904,0.9993138720571565
family_a_002001_visual_splice,d9835e6c6a6b8738,0.0,visual_splice,1,1,0.7762591135747141,0.842200471731797
family_a_002002_genuine,cbf2048d49166e88,0.0,genuine,0,0,0.7052073821741226,0.7039428713938627
family_a_002003_text_qr_mismatch,cbf2048d49166e88,0.0,text_qr_mismatch,1,1,0.996327719206529,0.9995112509245366
family_a_002004_qr_only_mismatch,cbf2048d49166e88,0.0,qr_only_mismatch,1,1,0.9891891155400322,0.9992867320513515
family_a_002005_checksum_invalid,cbf2048d49166e88,0.0,checksum_invalid,1,1,0.9978717523493643,0.9998237661491675
family_a_002006_format_invalid,cbf2048d49166e88,0.0,format_invalid,1,1,0.9996147970318637,0.9996880378090316
family_a_002007_field_missing,cbf2048d49166e88,0.0,field_missing,1,1,0.9999842022116904,0.9995973761153979
family_a_002008_fine_grained_edit,cbf2048d49166e88,0.0,fine_grained_edit,1,1,0.9745399470362633,0.9985821588154519
family_a_002009_coordinated_full_forgery,cbf2048d49166e88,0.0,coordinated_full_forgery,1,1,0.6924466316916943,0.6686437362655978
family_a_002010_visual_splice,cbf2048d49166e88,0.0,visual_splice,1,1,0.7717234991832536,0.833833019403294
family_a_002011_visual_splice,cbf2048d49166e88,0.0,visual_splice,1,1,0.9981731422125572,0.9997476548216047
family_a_002012_visual_splice,cbf2048d49166e88,0.0,visual_splice,1,1,0.9999842022116904,0.9996017581267514
family_a_002024_genuine,ffdefcf87de3228b,0.0,genuine,0,0,0.7194539074212689,0.45243983309255514
family_a_002025_text_qr_mismatch,ffdefcf87de3228b,0.0,text_qr_mismatch,1,1,0.9810023434241602,0.9996840105562913
family_a_002026_qr_only_mismatch,ffdefcf87de3228b,0.0,qr_only_mismatch,1,1,0.996634152854048,0.9993791793153151
family_a_002027_checksum_invalid,ffdefcf87de3228b,0.0,checksum_invalid,1,1,0.9978717523493643,0.9997660614127705
family_a_002028_format_invalid,ffdefcf87de3228b,0.0,format_invalid,1,1,0.9999842022116904,0.9997272306297621
family_a_002029_field_missing,ffdefcf87de3228b,0.0,field_missing,1,1,0.9999842022116904,0.9995850625844831
family_a_002030_fine_grained_edit,ffdefcf87de3228b,0.0,fine_grained_edit,1,1,0.9944049446740334,0.9995443010347062
family_a_002031_coordinated_full_forgery,ffdefcf87de3228b,0.0,coordinated_full_forgery,1,1,0.6624788282261285,0.6025285077034105
family_a_002032_visual_splice,ffdefcf87de3228b,0.0,visual_splice,1,1,0.9904213006814131,0.9897225102248102
family_a_002033_visual_splice,ffdefcf87de3228b,0.0,visual_splice,1,1,0.7837942916264027,0.8198130557149135
family_a_002034_visual_splice,ffdefcf87de3228b,0.0,visual_splice,1,1,0.9886821413245224,0.9996428986997267
family_a_002035_genuine,cea834248c1e28e3,0.0,genuine,0,0,0.6773619232377222,0.5631046501103965
family_a_002036_text_qr_mismatch,cea834248c1e28e3,0.0,text_qr_mismatch,1,1,0.9927027953442777,0.9996658491854129
family_a_002037_qr_only_mismatch,cea834248c1e28e3,0.0,qr_only_mismatch,1,1,0.995913974755546,0.9996585778714798
family_a_002038_checksum_invalid,cea834248c1e28e3,0.0,checksum_invalid,1,1,0.9983606557377049,0.9997863120799189
family_a_002039_format_invalid,cea834248c1e28e3,0.0,format_invalid,1,1,1.0,0.999542219126238
family_a_002040_field_missing,cea834248c1e28e3,0.0,field_missing,1,1,1.0,0.9996829349961882
family_a_002041_fine_grained_edit,cea834248c1e28e3,0.0,fine_grained_edit,1,1,0.9935716858585694,0.9995436448986564
family_a_002042_coordinated_full_forgery,cea834248c1e28e3,0.0,coordinated_full_forgery,1,1,0.7825496052031781,0.7432484319672129
family_a_002043_visual_splice,cea834248c1e28e3,0.0,visual_splice,1,1,1.0,0.9989586208808723
family_a_002044_visual_splice,cea834248c1e28e3,0.0,visual_splice,1,1,0.9914681613696453,0.9993948604423839
family_a_002045_visual_splice,cea834248c1e28e3,0.0,visual_splice,1,1,0.740882022857826,0.7967466514934598
family_a_002057_genuine,cd87dba657f9cdae,0.0,genuine,0,0,0.5039586724194528,0.47393553025616036
family_a_002058_text_qr_mismatch,cd87dba657f9cdae,0.0,text_qr_mismatch,1,1,0.9892559678100785,0.9994584677745317
family_a_002059_qr_only_mismatch,cd87dba657f9cdae,0.0,qr_only_mismatch,1,1,0.9998549349167394,0.9997585562185987
family_a_002060_checksum_invalid,cd87dba657f9cdae,0.0,checksum_invalid,1,1,0.9978717523493643,0.9997310701365
family_a_002061_format_invalid,cd87dba657f9cdae,0.0,format_invalid,1,1,0.9999842022116904,0.9994054461619077
family_a_002062_field_missing,cd87dba657f9cdae,0.0,field_missing,1,1,0.9999842022116904,0.9995967902186843
family_a_002063_fine_grained_edit,cd87dba657f9cdae,0.0,fine_grained_edit,1,1,0.9903346200143196,0.9993500988809818
family_a_002064_coordinated_full_forgery,cd87dba657f9cdae,0.0,coordinated_full_forgery,1,1,0.7800173278674027,0.7754770661040082
family_a_002065_visual_splice,cd87dba657f9cdae,0.0,visual_splice,1,1,0.764272718250818,0.8258137228053579
family_a_002066_visual_splice,cd87dba657f9cdae,0.0,visual_splice,1,1,0.9948558029283372,0.9995566041712073
family_a_002067_visual_splice,cd87dba657f9cdae,0.0,visual_splice,1,1,0.7741888542190868,0.7169233616605661
family_a_002068_genuine,af7a662fb6c66b6c,0.0,genuine,0,0,0.7228962980884703,0.6932965859377848
family_a_002069_text_qr_mismatch,af7a662fb6c66b6c,0.0,text_qr_mismatch,1,1,0.9830776621945838,0.9994615610440688
family_a_002070_qr_only_mismatch,af7a662fb6c66b6c,0.0,qr_only_mismatch,1,1,0.9955232858339123,0.9993895267842813
family_a_002071_checksum_invalid,af7a662fb6c66b6c,0.0,checksum_invalid,1,1,0.997613131659709,0.9997909601280094
family_a_002072_format_invalid,af7a662fb6c66b6c,0.0,format_invalid,1,1,0.9996147970318637,0.9994981745995628
family_a_002073_field_missing,af7a662fb6c66b6c,0.0,field_missing,1,1,0.9999842022116904,0.9998105044488491
family_a_002074_fine_grained_edit,af7a662fb6c66b6c,0.0,fine_grained_edit,1,1,0.9974321061802327,0.99770871828495
family_a_002075_coordinated_full_forgery,af7a662fb6c66b6c,0.0,coordinated_full_forgery,1,1,0.7776074115634993,0.8439959328384876
family_a_002076_visual_splice,af7a662fb6c66b6c,0.0,visual_splice,1,1,0.923227660260902,0.939592303111042
family_a_002077_visual_splice,af7a662fb6c66b6c,0.0,visual_splice,1,1,0.9968891683433937,0.9994681817466367
family_a_002078_visual_splice,af7a662fb6c66b6c,0.0,visual_splice,1,1,0.8897780741287518,0.9414154948075693
family_a_002101_genuine,18aa6456a48fa225,0.0,genuine,0,0,0.6136086013505067,0.5157526551798249
family_a_002102_text_qr_mismatch,18aa6456a48fa225,0.0,text_qr_mismatch,1,1,0.8703357634147817,0.9283940556481709
family_a_002103_qr_only_mismatch,18aa6456a48fa225,0.0,qr_only_mismatch,1,1,0.9959886016212175,0.999432981801149
family_a_002104_checksum_invalid,18aa6456a48fa225,0.0,checksum_invalid,1,1,0.9254105618016334,0.989448269844415
family_a_002105_format_invalid,18aa6456a48fa225,0.0,format_invalid,1,1,0.9158425045711934,0.9746173666725569
family_a_002106_field_missing,18aa6456a48fa225,0.0,field_missing,1,1,0.9325332179248769,0.967835822200844
family_a_002107_fine_grained_edit,18aa6456a48fa225,0.0,fine_grained_edit,1,1,0.9351606194388938,0.9246231276787863
family_a_002108_coordinated_full_forgery,18aa6456a48fa225,0.0,coordinated_full_forgery,1,1,0.7610139424970397,0.769295303792043
family_a_002109_visual_splice,18aa6456a48fa225,0.0,visual_splice,1,1,0.8203647400050937,0.9500574502947876
family_a_002110_visual_splice,18aa6456a48fa225,0.0,visual_splice,1,1,0.933442333736372,0.9610263828537742
family_a_002111_visual_splice,18aa6456a48fa225,0.0,visual_splice,1,1,0.8708201171603842,0.8488912214219756
family_a_002123_genuine,47c6cd846a874671,0.0,genuine,0,0,0.6946783263542368,0.6231465213521217
family_a_002124_text_qr_mismatch,47c6cd846a874671,0.0,text_qr_mismatch,1,1,0.991553600016124,0.9997385046108965
family_a_002125_qr_only_mismatch,47c6cd846a874671,0.0,qr_only_mismatch,1,1,0.994420742462343,0.9993680608517707
family_a_002126_checksum_invalid,47c6cd846a874671,0.0,checksum_invalid,1,1,0.9983448579493954,0.9995820493040026
family_a_002127_format_invalid,47c6cd846a874671,0.0,format_invalid,1,1,1.0,0.9998273508684538
family_a_002128_field_missing,47c6cd846a874671,0.0,field_missing,1,1,0.9999842022116904,0.9991153438813664
family_a_002129_fine_grained_edit,47c6cd846a874671,0.0,fine_grained_edit,1,1,0.9941150621875964,0.9996996793364084
family_a_002130_coordinated_full_forgery,47c6cd846a874671,0.0,coordinated_full_forgery,1,1,0.8054330833233468,0.8368001481563663
family_a_002131_visual_splice,47c6cd846a874671,0.0,visual_splice,1,1,0.9997354497354497,0.999452140652306
family_a_002132_visual_splice,47c6cd846a874671,0.0,visual_splice,1,1,0.9976279588194309,0.9997388497360516
family_a_002133_visual_splice,47c6cd846a874671,0.0,visual_splice,1,1,0.9874248826291079,0.9997778253996593
family_a_002134_genuine,0de6be05eaa80efb,0.0,genuine,0,0,0.7466670702840671,0.7737678454349596
family_a_002135_text_qr_mismatch,0de6be05eaa80efb,0.0,text_qr_mismatch,1,1,0.9981348280363119,0.9997260676762764
family_a_002136_qr_only_mismatch,0de6be05eaa80efb,0.0,qr_only_mismatch,1,1,0.9944049446740334,0.9996743215939045
family_a_002137_checksum_invalid,0de6be05eaa80efb,0.0,checksum_invalid,1,1,0.9983606557377049,0.9997044174683805
family_a_002138_format_invalid,0de6be05eaa80efb,0.0,format_invalid,1,1,1.0,0.9997600541998859
family_a_002139_field_missing,0de6be05eaa80efb,0.0,field_missing,1,1,1.0,0.9997335852767839
family_a_002140_fine_grained_edit,0de6be05eaa80efb,0.0,fine_grained_edit,1,1,0.9950715104280766,0.9995915044375487
family_a_002141_coordinated_full_forgery,0de6be05eaa80efb,0.0,coordinated_full_forgery,1,1,0.7487270402589208,0.8007906027095258
family_a_002142_visual_splice,0de6be05eaa80efb,0.0,visual_splice,1,1,0.755748228449405,0.7633214220772423
family_a_002143_visual_splice,0de6be05eaa80efb,0.0,visual_splice,1,1,0.9981348280363119,0.9996507657545242
family_a_002144_visual_splice,0de6be05eaa80efb,0.0,visual_splice,1,1,0.8555540045046712,0.9300761615638511
family_a_002145_genuine,0b58b396a6849e4f,0.0,genuine,0,0,0.5585541134200153,0.35796247577887996
family_a_002146_text_qr_mismatch,0b58b396a6849e4f,0.0,text_qr_mismatch,1,1,0.9830776621945838,0.9994972769816437
family_a_002147_qr_only_mismatch,0b58b396a6849e4f,0.0,qr_only_mismatch,1,1,0.9921580126256608,0.9996286193762578
family_a_002148_checksum_invalid,0b58b396a6849e4f,0.0,checksum_invalid,1,1,0.9972971273817585,0.9998516465702002
family_a_002149_format_invalid,0b58b396a6849e4f,0.0,format_invalid,1,1,0.9999842022116904,0.9996252017599468
family_a_002150_field_missing,0b58b396a6849e4f,0.0,field_missing,1,1,1.0,0.9992805602808249
family_a_002151_fine_grained_edit,0b58b396a6849e4f,0.0,fine_grained_edit,1,1,0.9930050566596804,0.9995757142855584
family_a_002152_coordinated_full_forgery,0b58b396a6849e4f,0.0,coordinated_full_forgery,1,1,0.8226688603657106,0.9404723955032293
family_a_002153_visual_splice,0b58b396a6849e4f,0.0,visual_splice,1,1,0.7845114719120955,0.8187587171649972
family_a_002154_visual_splice,0b58b396a6849e4f,0.0,visual_splice,1,1,0.7800547429607698,0.7786185467009777
family_a_002155_visual_splice,0b58b396a6849e4f,0.0,visual_splice,1,1,0.7089970168862807,0.8114894790507861
family_a_002156_genuine,1ddddc1ad0d3498f,0.0,genuine,0,0,0.6971013995372304,0.417802713509833
family_a_002157_text_qr_mismatch,1ddddc1ad0d3498f,0.0,text_qr_mismatch,1,1,0.9947474346653873,0.9997511651002627
family_a_002158_qr_only_mismatch,1ddddc1ad0d3498f,0.0,qr_only_mismatch,1,1,0.9978606422125571,0.9997297878977532
family_a_002159_checksum_invalid,1ddddc1ad0d3498f,0.0,checksum_invalid,1,1,0.9983606557377049,0.9997617299466571
family_a_002160_format_invalid,1ddddc1ad0d3498f,0.0,format_invalid,1,1,1.0,0.9997412798232472
family_a_002161_field_missing,1ddddc1ad0d3498f,0.0,field_missing,1,1,1.0,0.9996659664772808
family_a_002162_fine_grained_edit,1ddddc1ad0d3498f,0.0,fine_grained_edit,1,1,0.994420742462343,0.9994701024932516
family_a_002163_coordinated_full_forgery,1ddddc1ad0d3498f,0.0,coordinated_full_forgery,1,1,0.7774339608203608,0.8219420660981376
family_a_002164_visual_splice,1ddddc1ad0d3498f,0.0,visual_splice,1,1,0.9947474346653873,0.9998378791575865
family_a_002165_visual_splice,1ddddc1ad0d3498f,0.0,visual_splice,1,1,1.0,0.9996239571064928
family_a_002166_visual_splice,1ddddc1ad0d3498f,0.0,visual_splice,1,1,0.9960822270533555,0.9997276846451111
family_a_002167_genuine,cf96514ac17bc4ec,0.0,genuine,0,0,0.6479371013391826,0.3998632399765488
family_a_002168_text_qr_mismatch,cf96514ac17bc4ec,0.0,text_qr_mismatch,1,1,0.9946644776319991,0.9998052656158143
family_a_002169_qr_only_mismatch,cf96514ac17bc4ec,0.0,qr_only_mismatch,1,1,0.9950264731953312,0.9994995109475403
family_a_002170_checksum_invalid,cf96514ac17bc4ec,0.0,checksum_invalid,1,1,0.9972971273817585,0.9998224459782323
family_a_002171_format_invalid,cf96514ac17bc4ec,0.0,format_invalid,1,1,1.0,0.9998433972682403
family_a_002172_field_missing,cf96514ac17bc4ec,0.0,field_missing,1,1,1.0,0.9979821645165498
family_a_002173_fine_grained_edit,cf96514ac17bc4ec,0.0,fine_grained_edit,1,1,0.9929026137912801,0.9994724558383877
family_a_002174_coordinated_full_forgery,cf96514ac17bc4ec,0.0,coordinated_full_forgery,1,1,0.7297145110157355,0.7643586605258043
family_a_002175_visual_splice,cf96514ac17bc4ec,0.0,visual_splice,1,1,0.9944310513207992,0.9996318733224778
family_a_002176_visual_splice,cf96514ac17bc4ec,0.0,visual_splice,1,1,0.7659487902731867,0.7795773059823327
family_a_002177_visual_splice,cf96514ac17bc4ec,0.0,visual_splice,1,1,0.9999842022116904,0.9995174516918941
family_a_002178_genuine,429498a0fe853c1b,0.0,genuine,0,0,0.5879708428428055,0.45194986595783765
family_a_002179_text_qr_mismatch,429498a0fe853c1b,0.0,text_qr_mismatch,1,1,0.9981573444242475,0.9997488553866054
family_a_002180_qr_only_mismatch,429498a0fe853c1b,0.0,qr_only_mismatch,1,1,0.9943841897416545,0.9994984742817908
family_a_002181_checksum_invalid,429498a0fe853c1b,0.0,checksum_invalid,1,1,0.9978559545610547,0.9997681428936387
family_a_002182_format_invalid,429498a0fe853c1b,0.0,format_invalid,1,1,0.9999842022116904,0.9997956190190194
family_a_002183_field_missing,429498a0fe853c1b,0.0,field_missing,1,1,1.0,0.9997745563221975
family_a_002184_fine_grained_edit,429498a0fe853c1b,0.0,fine_grained_edit,1,1,0.994327434134011,0.9996104320478265
family_a_002185_coordinated_full_forgery,429498a0fe853c1b,0.0,coordinated_full_forgery,1,1,0.7484386674581326,0.7964202377636397
family_a_002186_visual_splice,429498a0fe853c1b,0.0,visual_splice,1,1,0.7898343507433176,0.9128675997693559
family_a_002187_visual_splice,429498a0fe853c1b,0.0,visual_splice,1,1,0.9960690985168738,0.9997327664177036
family_a_002188_visual_splice,429498a0fe853c1b,0.0,visual_splice,1,1,0.98865659479906,0.9992097990061891
family_a_002189_genuine,5bc53c578a8fa7fc,0.0,genuine,0,0,0.5955387002240687,0.47738015516805615
family_a_002190_text_qr_mismatch,5bc53c578a8fa7fc,0.0,text_qr_mismatch,1,1,0.9929261070237169,0.9995339763200255
family_a_002191_qr_only_mismatch,5bc53c578a8fa7fc,0.0,qr_only_mismatch,1,1,0.9909140459736204,0.9995522624418164
family_a_002192_checksum_invalid,5bc53c578a8fa7fc,0.0,checksum_invalid,1,1,0.9983606557377049,0.9997565253638326
family_a_002193_format_invalid,5bc53c578a8fa7fc,0.0,format_invalid,1,1,0.9999842022116904,0.9996630004511283
family_a_002194_field_missing,5bc53c578a8fa7fc,0.0,field_missing,1,1,0.9999842022116904,0.9989143553519798
family_a_002195_fine_grained_edit,5bc53c578a8fa7fc,0.0,fine_grained_edit,1,1,0.9924086940883936,0.9994362779044369
family_a_002196_coordinated_full_forgery,5bc53c578a8fa7fc,0.0,coordinated_full_forgery,1,1,0.9502862657509435,0.8681718044495828
family_a_002197_visual_splice,5bc53c578a8fa7fc,0.0,visual_splice,1,1,0.9958515836222219,0.9994205096292219
family_a_002198_visual_splice,5bc53c578a8fa7fc,0.0,visual_splice,1,1,0.7716469243723771,0.84097608032658
family_a_002199_visual_splice,5bc53c578a8fa7fc,0.0,visual_splice,1,1,0.8107091523550989,0.7806514791110042
family_a_002200_genuine,fb83da64be54a5cc,0.0,genuine,0,0,0.6493581002966583,0.5495604712779205
family_a_002201_text_qr_mismatch,fb83da64be54a5cc,0.0,text_qr_mismatch,1,1,0.9947139731953313,0.9995379600124383
family_a_002202_qr_only_mismatch,fb83da64be54a5cc,0.0,qr_only_mismatch,1,1,0.9890852052310359,0.9993450550844786
family_a_002203_checksum_invalid,fb83da64be54a5cc,0.0,checksum_invalid,1,1,0.9972971273817585,0.9997458734539986
family_a_002204_format_invalid,fb83da64be54a5cc,0.0,format_invalid,1,1,0.9999842022116904,0.9996914539524016
family_a_002205_field_missing,fb83da64be54a5cc,0.0,field_missing,1,1,1.0,0.9983618870321723
family_a_002206_fine_grained_edit,fb83da64be54a5cc,0.0,fine_grained_edit,1,1,0.989753000920049,0.9982709948296081
family_a_002207_coordinated_full_forgery,fb83da64be54a5cc,0.0,coordinated_full_forgery,1,1,0.8373447729266468,0.9789474207348161
family_a_002208_visual_splice,fb83da64be54a5cc,0.0,visual_splice,1,1,0.992,0.9993584049515906
family_a_002209_visual_splice,fb83da64be54a5cc,0.0,visual_splice,1,1,0.8283263873502995,0.9486738334837806
family_a_002210_visual_splice,fb83da64be54a5cc,0.0,visual_splice,1,1,0.9979945707839858,0.999540356499089
family_a_002211_genuine,195de7bab7b78f3d,0.0,genuine,0,0,0.6243239631515789,0.621412790244597
family_a_002212_text_qr_mismatch,195de7bab7b78f3d,0.0,text_qr_mismatch,1,1,0.9940852052310359,0.9994747142469718
family_a_002213_qr_only_mismatch,195de7bab7b78f3d,0.0,qr_only_mismatch,1,1,0.9957040828837358,0.9993156255471678
family_a_002214_checksum_invalid,195de7bab7b78f3d,0.0,checksum_invalid,1,1,0.9978717523493643,0.9998804493826156
family_a_002215_format_invalid,195de7bab7b78f3d,0.0,format_invalid,1,1,0.9999842022116904,0.9997735058786837
family_a_002216_field_missing,195de7bab7b78f3d,0.0,field_missing,1,1,0.9999842022116904,0.9996610421691596
family_a_002217_fine_grained_edit,195de7bab7b78f3d,0.0,fine_grained_edit,1,1,0.986920742462343,0.9992228272155486
family_a_002218_coordinated_full_forgery,195de7bab7b78f3d,0.0,coordinated_full_forgery,1,1,0.7367974885312688,0.7640400753913414
family_a_002219_visual_splice,195de7bab7b78f3d,0.0,visual_splice,1,1,0.9999842022116904,0.9990690872168185
family_a_002220_visual_splice,195de7bab7b78f3d,0.0,visual_splice,1,1,0.9978065302480023,0.9997089045651903
family_a_002221_visual_splice,195de7bab7b78f3d,0.0,visual_splice,1,1,0.9956231498953722,0.9848207415611765
family_a_002222_genuine,c23e224909122c05,0.0,genuine,0,0,0.6797307819011624,0.4412571886338386
family_a_002223_text_qr_mismatch,c23e224909122c05,0.0,text_qr_mismatch,1,1,0.994392737144554,0.9996046810160889
family_a_002224_qr_only_mismatch,c23e224909122c05,0.0,qr_only_mismatch,1,1,0.993296768726178,0.9994152125938882
family_a_002225_checksum_invalid,c23e224909122c05,0.0,checksum_invalid,1,1,0.9972971273817585,0.9998082094749885
family_a_002226_format_invalid,c23e224909122c05,0.0,format_invalid,1,1,1.0,0.9997885650660403
family_a_002227_field_missing,c23e224909122c05,0.0,field_missing,1,1,1.0,0.9996864841030899
family_a_002228_fine_grained_edit,c23e224909122c05,0.0,fine_grained_edit,1,1,0.9955232858339123,0.9994641648567993
family_a_002229_coordinated_full_forgery,c23e224909122c05,0.0,coordinated_full_forgery,1,1,0.7605756916696481,0.7580362072227446
family_a_002230_visual_splice,c23e224909122c05,0.0,visual_splice,1,1,0.8116301747809451,0.9106707368325389
family_a_002231_visual_splice,c23e224909122c05,0.0,visual_splice,1,1,0.9975481422125572,0.999413653697323
family_a_002232_visual_splice,c23e224909122c05,0.0,visual_splice,1,1,0.7805560707554001,0.8897026107882757
family_a_002233_genuine,717e4596243b7f25,0.0,genuine,0,0,0.6298589842366052,0.3845955206470758
family_a_002234_text_qr_mismatch,717e4596243b7f25,0.0,text_qr_mismatch,1,1,0.9981731422125572,0.9995729361979452
family_a_002235_qr_only_mismatch,717e4596243b7f25,0.0,qr_only_mismatch,1,1,0.9920154746578557,0.9991264577130754
family_a_002236_checksum_invalid,717e4596243b7f25,0.0,checksum_invalid,1,1,0.9978717523493643,0.9997318868195986
family_a_002237_format_invalid,717e4596243b7f25,0.0,format_invalid,1,1,0.9999842022116904,0.9998075352670125
family_a_002238_field_missing,717e4596243b7f25,0.0,field_missing,1,1,0.9922413793103447,0.9986537277387243
family_a_002239_fine_grained_edit,717e4596243b7f25,0.0,fine_grained_edit,1,1,0.994420742462343,0.9984073542984547
family_a_002240_coordinated_full_forgery,717e4596243b7f25,0.0,coordinated_full_forgery,1,1,0.806751057557411,0.9142203810040717
family_a_002241_visual_splice,717e4596243b7f25,0.0,visual_splice,1,1,0.7892208419311351,0.7877845692897969
family_a_002242_visual_splice,717e4596243b7f25,0.0,visual_splice,1,1,0.804125601953102,0.904918645954285
family_a_002243_visual_splice,717e4596243b7f25,0.0,visual_splice,1,1,0.7708000146342999,0.8030439249005806
family_a_002255_genuine,d83eccf737143264,0.0,genuine,0,0,0.7448828019407712,0.44947480409499957
family_a_002256_text_qr_mismatch,d83eccf737143264,0.0,text_qr_mismatch,1,1,0.9981731422125572,0.999519048568766
family_a_002257_qr_only_mismatch,d83eccf737143264,0.0,qr_only_mismatch,1,1,0.9944086940883936,0.9996318155238408
family_a_002258_checksum_invalid,d83eccf737143264,0.0,checksum_invalid,1,1,0.9983448579493954,0.9998260153965262
family_a_002259_format_invalid,d83eccf737143264,0.0,format_invalid,1,1,1.0,0.9998055513893055
family_a_002260_field_missing,d83eccf737143264,0.0,field_missing,1,1,1.0,0.9994295990108918
family_a_002261_fine_grained_edit,d83eccf737143264,0.0,fine_grained_edit,1,1,0.9944049446740334,0.9997104997399691
family_a_002262_coordinated_full_forgery,d83eccf737143264,0.0,coordinated_full_forgery,1,1,0.7387481585475871,0.7477890357553587
family_a_002263_visual_splice,d83eccf737143264,0.0,visual_splice,1,1,0.9965368059834725,0.9998232737530923
family_a_002264_visual_splice,d83eccf737143264,0.0,visual_splice,1,1,0.7273468196448013,0.7614226965986037
family_a_002265_visual_splice,d83eccf737143264,0.0,visual_splice,1,1,0.9916931398619979,0.9991800994313378
family_a_002266_genuine,e5f4ac76524f7f94,0.0,genuine,0,0,0.6443865419247549,0.5701630775193732
family_a_002267_text_qr_mismatch,e5f4ac76524f7f94,0.0,text_qr_mismatch,1,1,0.994058325599733,0.9994905819869304
family_a_002268_qr_only_mismatch,e5f4ac76524f7f94,0.0,qr_only_mismatch,1,1,0.9944086940883936,0.9994267727607632
family_a_002269_checksum_invalid,e5f4ac76524f7f94,0.0,checksum_invalid,1,1,0.9978717523493643,0.9997685796787066
family_a_002270_format_invalid,e5f4ac76524f7f94,0.0,format_invalid,1,1,1.0,0.9997619971671361
family_a_002271_field_missing,e5f4ac76524f7f94,0.0,field_missing,1,1,1.0,0.9996833618476234
family_a_002272_fine_grained_edit,e5f4ac76524f7f94,0.0,fine_grained_edit,1,1,0.9944086940883936,0.9993049705415025
family_a_002273_coordinated_full_forgery,e5f4ac76524f7f94,0.0,coordinated_full_forgery,1,1,0.7899702391777137,0.7993273594588195
family_a_002274_visual_splice,e5f4ac76524f7f94,0.0,visual_splice,1,1,0.7747786351637336,0.8580489710516191
family_a_002275_visual_splice,e5f4ac76524f7f94,0.0,visual_splice,1,1,0.7209008055342426,0.7321444392551189
family_a_002276_visual_splice,e5f4ac76524f7f94,0.0,visual_splice,1,1,0.8191425275020243,0.8982462537987327
family_a_002277_genuine,432b31f8b3935da4,0.0,genuine,0,0,0.7359901599990911,0.5712981494418881
family_a_002278_text_qr_mismatch,432b31f8b3935da4,0.0,text_qr_mismatch,1,1,0.9921475871557116,0.9996683963785603
family_a_002279_qr_only_mismatch,432b31f8b3935da4,0.0,qr_only_mismatch,1,1,0.9940852052310359,0.9994628719768299
family_a_002280_checksum_invalid,432b31f8b3935da4,0.0,checksum_invalid,1,1,0.9983448579493954,0.999866048875194
family_a_002281_format_invalid,432b31f8b3935da4,0.0,format_invalid,1,1,0.9999842022116904,0.9995949695647875
family_a_002282_field_missing,432b31f8b3935da4,0.0,field_missing,1,1,1.0,0.9995162511650761
family_a_002283_fine_grained_edit,432b31f8b3935da4,0.0,fine_grained_edit,1,1,0.9944049446740334,0.9995246258057412
family_a_002284_coordinated_full_forgery,432b31f8b3935da4,0.0,coordinated_full_forgery,1,1,0.7117512316803923,0.7490786004354112
family_a_002285_visual_splice,432b31f8b3935da4,0.0,visual_splice,1,1,0.7734994483688251,0.8827320564700544
family_a_002286_visual_splice,432b31f8b3935da4,0.0,visual_splice,1,1,0.819671587316224,0.9556543846491583
family_a_002287_visual_splice,432b31f8b3935da4,0.0,visual_splice,1,1,1.0,0.9995661978561847
family_a_002299_genuine,53c205ec7a57b843,0.0,genuine,0,0,0.7578587800821823,0.5034777301116636
family_a_002300_text_qr_mismatch,53c205ec7a57b843,0.0,text_qr_mismatch,1,1,0.9856335066864206,0.9994951011510698
family_a_002301_qr_only_mismatch,53c205ec7a57b843,0.0,qr_only_mismatch,1,1,0.994420742462343,0.9996764486897399
family_a_002302_checksum_invalid,53c205ec7a57b843,0.0,checksum_invalid,1,1,0.9983606557377049,0.9997489238401004
family_a_002303_format_invalid,53c205ec7a57b843,0.0,format_invalid,1,1,1.0,0.9999020853719948
family_a_002304_field_missing,53c205ec7a57b843,0.0,field_missing,1,1,1.0,0.9996375837570275
family_a_002305_fine_grained_edit,53c205ec7a57b843,0.0,fine_grained_edit,1,1,0.9918092038899284,0.9988740537619165
family_a_002306_coordinated_full_forgery,53c205ec7a57b843,0.0,coordinated_full_forgery,1,1,0.7647526883218757,0.86331791792466
family_a_002307_visual_splice,53c205ec7a57b843,0.0,visual_splice,1,1,0.9960980248416651,0.9997923553698147
family_a_002308_visual_splice,53c205ec7a57b843,0.0,visual_splice,1,1,0.7767512374653698,0.8912762552561583
family_a_002309_visual_splice,53c205ec7a57b843,0.0,visual_splice,1,1,1.0,0.9996163764270466
family_a_002321_genuine,b0c76bc69831028b,0.0,genuine,0,0,0.7126535643374439,0.573945245546196
family_a_002322_text_qr_mismatch,b0c76bc69831028b,0.0,text_qr_mismatch,1,1,0.9963119214182194,0.999691459677494
family_a_002323_qr_only_mismatch,b0c76bc69831028b,0.0,qr_only_mismatch,1,1,0.993827719206529,0.9995092637191461
family_a_002324_checksum_invalid,b0c76bc69831028b,0.0,checksum_invalid,1,1,0.9973129251700681,0.9998238265761688
family_a_002325_format_invalid,b0c76bc69831028b,0.0,format_invalid,1,1,0.9899842022116904,0.9995870695062005
family_a_002326_field_missing,b0c76bc69831028b,0.0,field_missing,1,1,0.9933175355450237,0.9995447842503635
family_a_002327_fine_grained_edit,b0c76bc69831028b,0.0,fine_grained_edit,1,1,0.9936705837385841,0.9984379480848726
family_a_002328_coordinated_full_forgery,b0c76bc69831028b,0.0,coordinated_full_forgery,1,1,0.7361838303227438,0.7920816211779307
family_a_002329_visual_splice,b0c76bc69831028b,0.0,visual_splice,1,1,0.7605908811934567,0.7971801296205363
family_a_002330_visual_splice,b0c76bc69831028b,0.0,visual_splice,1,1,0.9999842022116904,0.9993984378903941
family_a_002331_visual_splice,b0c76bc69831028b,0.0,visual_splice,1,1,0.7517291045481983,0.7635332908152018
family_a_002332_genuine,f97a45eada5ee0c9,0.0,genuine,0,0,0.7027753476511299,0.3367981624742192
family_a_002333_text_qr_mismatch,f97a45eada5ee0c9,0.0,text_qr_mismatch,1,1,0.9981348280363119,0.9998196282290173
family_a_002334_qr_only_mismatch,f97a45eada5ee0c9,0.0,qr_only_mismatch,1,1,0.9961997498383335,0.9995593760704995
family_a_002335_checksum_invalid,f97a45eada5ee0c9,0.0,checksum_invalid,1,1,0.9999842022116904,0.999778450550526
family_a_002336_format_invalid,f97a45eada5ee0c9,0.0,format_invalid,1,1,1.0,0.9998134636030085
family_a_002337_field_missing,f97a45eada5ee0c9,0.0,field_missing,1,1,0.9858175355450238,0.9997255582108292
family_a_002338_fine_grained_edit,f97a45eada5ee0c9,0.0,fine_grained_edit,1,1,0.9874115427870653,0.9993091228874161
family_a_002339_coordinated_full_forgery,f97a45eada5ee0c9,0.0,coordinated_full_forgery,1,1,0.7505079740107911,0.7315782855638989
family_a_002340_visual_splice,f97a45eada5ee0c9,0.0,visual_splice,1,1,0.8972657959719926,0.9405821163071539
family_a_002341_visual_splice,f97a45eada5ee0c9,0.0,visual_splice,1,1,0.887480542707895,0.9379307920285684
family_a_002342_visual_splice,f97a45eada5ee0c9,0.0,visual_splice,1,1,0.8552385029773937,0.8809943380074033
family_a_002343_genuine,f1917532ddb2f142,0.0,genuine,0,0,0.596599127809588,0.3952287588105202
family_a_002344_text_qr_mismatch,f1917532ddb2f142,0.0,text_qr_mismatch,1,1,0.9924086940883936,0.9991357290455977
family_a_002345_qr_only_mismatch,f1917532ddb2f142,0.0,qr_only_mismatch,1,1,0.9871715853145949,0.9980870021822429
family_a_002346_checksum_invalid,f1917532ddb2f142,0.0,checksum_invalid,1,1,0.9978717523493643,0.9998228437382546
family_a_002347_format_invalid,f1917532ddb2f142,0.0,format_invalid,1,1,1.0,0.9996626435900081
family_a_002348_field_missing,f1917532ddb2f142,0.0,field_missing,1,1,0.9999842022116904,0.9988853405234228
family_a_002349_fine_grained_edit,f1917532ddb2f142,0.0,fine_grained_edit,1,1,0.9949723177285986,0.9993031882253585
family_a_002350_coordinated_full_forgery,f1917532ddb2f142,0.0,coordinated_full_forgery,1,1,0.8085114348118726,0.8949098499329884
family_a_002351_visual_splice,f1917532ddb2f142,0.0,visual_splice,1,1,0.9977640197575377,0.9998057332584878
family_a_002352_visual_splice,f1917532ddb2f142,0.0,visual_splice,1,1,0.6840831709977835,0.5857988358895811
family_a_002353_visual_splice,f1917532ddb2f142,0.0,visual_splice,1,1,0.9924207424623429,0.999078042227142
family_a_002365_genuine,ea39c699be7ae6b9,0.0,genuine,0,0,0.6956074611993995,0.5444905109147594
family_a_002366_text_qr_mismatch,ea39c699be7ae6b9,0.0,text_qr_mismatch,1,1,0.994420742462343,0.9993578722594542
family_a_002367_qr_only_mismatch,ea39c699be7ae6b9,0.0,qr_only_mismatch,1,1,0.994420742462343,0.9994792054599935
family_a_002368_checksum_invalid,ea39c699be7ae6b9,0.0,checksum_invalid,1,1,0.9978717523493643,0.9994327743806438
family_a_002369_format_invalid,ea39c699be7ae6b9,0.0,format_invalid,1,1,0.9999842022116904,0.9996849870361979
family_a_002370_field_missing,ea39c699be7ae6b9,0.0,field_missing,1,1,0.9922413793103447,0.9994472807962798
family_a_002371_fine_grained_edit,ea39c699be7ae6b9,0.0,fine_grained_edit,1,1,0.9916507098629572,0.999613695849583
family_a_002372_coordinated_full_forgery,ea39c699be7ae6b9,0.0,coordinated_full_forgery,1,1,0.8043388760969197,0.9445207197848382
family_a_002373_visual_splice,ea39c699be7ae6b9,0.0,visual_splice,1,1,1.0,0.9996528402712452
family_a_002374_visual_splice,ea39c699be7ae6b9,0.0,visual_splice,1,1,0.7201163033960991,0.8349326023299805
family_a_002375_visual_splice,ea39c699be7ae6b9,0.0,visual_splice,1,1,0.7643267348306108,0.8561073773829321
family_a_002376_genuine,db3a8200a1c79c6c,0.0,genuine,0,0,0.6169707075461369,0.5057178212992174
family_a_002377_text_qr_mismatch,db3a8200a1c79c6c,0.0,text_qr_mismatch,1,1,0.9718932490929846,0.9992291322796831
family_a_002378_qr_only_mismatch,db3a8200a1c79c6c,0.0,qr_only_mismatch,1,1,0.9901787864011515,0.9995488054189968
family_a_002379_checksum_invalid,db3a8200a1c79c6c,0.0,checksum_invalid,1,1,0.9979754527695687,0.9996158107157735
family_a_002380_format_invalid,db3a8200a1c79c6c,0.0,format_invalid,1,1,1.0,0.9996959155269943
family_a_002381_field_missing,db3a8200a1c79c6c,0.0,field_missing,1,1,1.0,0.9993432651346471
family_a_002382_fine_grained_edit,db3a8200a1c79c6c,0.0,fine_grained_edit,1,1,0.996327719206529,0.9996405269850913
family_a_002383_coordinated_full_forgery,db3a8200a1c79c6c,0.0,coordinated_full_forgery,1,1,0.7639993634547207,0.7272003421297176
family_a_002384_visual_splice,db3a8200a1c79c6c,0.0,visual_splice,1,1,0.9973879392444208,0.9993609631881286
family_a_002385_visual_splice,db3a8200a1c79c6c,0.0,visual_splice,1,1,0.7553310953744453,0.7478637932029017
family_a_002386_visual_splice,db3a8200a1c79c6c,0.0,visual_splice,1,1,0.7844714949139358,0.7735663662468693
family_a_002387_genuine,6f0ee68e7ba88fc9,0.0,genuine,0,0,0.5210591801510024,0.33483072806042913
family_a_002388_text_qr_mismatch,6f0ee68e7ba88fc9,0.0,text_qr_mismatch,1,1,0.9841355451549879,0.9996502982630812
family_a_002389_qr_only_mismatch,6f0ee68e7ba88fc9,0.0,qr_only_mismatch,1,1,0.9155028699006142,0.9135156186692275
family_a_002390_checksum_invalid,6f0ee68e7ba88fc9,0.0,checksum_invalid,1,1,0.9978559545610547,0.9997703689598574
family_a_002391_format_invalid,6f0ee68e7ba88fc9,0.0,format_invalid,1,1,0.9997413793103448,0.9998592377230145
family_a_002392_field_missing,6f0ee68e7ba88fc9,0.0,field_missing,1,1,0.9999842022116904,0.9990908146317559
family_a_002393_fine_grained_edit,6f0ee68e7ba88fc9,0.0,fine_grained_edit,1,1,0.9826258644578699,0.999180978082348
family_a_002394_coordinated_full_forgery,6f0ee68e7ba88fc9,0.0,coordinated_full_forgery,1,1,0.7545193352154906,0.6730883982023064
family_a_002395_visual_splice,6f0ee68e7ba88fc9,0.0,visual_splice,1,1,0.8525262623071884,0.9540507571004296
family_a_002396_visual_splice,6f0ee68e7ba88fc9,0.0,visual_splice,1,1,0.7938998386308548,0.8558053093343493
family_a_002397_visual_splice,6f0ee68e7ba88fc9,0.0,visual_splice,1,1,0.770852432804103,0.7721809132717802
family_a_002409_genuine,d330e875a791e264,0.0,genuine,0,0,0.7407521066506217,0.5788023612019073
family_a_002410_text_qr_mismatch,d330e875a791e264,0.0,text_qr_mismatch,1,1,0.9903438165144876,0.9995664645261176
family_a_002411_qr_only_mismatch,d330e875a791e264,0.0,qr_only_mismatch,1,1,0.9962372945525477,0.9996560225340548
family_a_002412_checksum_invalid,d330e875a791e264,0.0,checksum_invalid,1,1,0.9983448579493954,0.9996981370537878
family_a_002413_format_invalid,d330e875a791e264,0.0,format_invalid,1,1,1.0,0.9998635099848202
family_a_002414_field_missing,d330e875a791e264,0.0,field_missing,1,1,1.0,0.9997223665792394
family_a_002415_fine_grained_edit,d330e875a791e264,0.0,fine_grained_edit,1,1,0.996327719206529,0.9989314993877378
family_a_002416_coordinated_full_forgery,d330e875a791e264,0.0,coordinated_full_forgery,1,1,0.7351462361952069,0.73452402881744
family_a_002417_visual_splice,d330e875a791e264,0.0,visual_splice,1,1,0.9959850837997483,0.9995921524829279
family_a_002418_visual_splice,d330e875a791e264,0.0,visual_splice,1,1,0.7709500266792461,0.8230996625899165
family_a_002419_visual_splice,d330e875a791e264,0.0,visual_splice,1,1,0.7662343499835521,0.8002147855749838
family_a_002431_genuine,27a45ae6b7142600,0.0,genuine,0,0,0.6015947695003101,0.4081229038428171
family_a_002432_text_qr_mismatch,27a45ae6b7142600,0.0,text_qr_mismatch,1,1,0.9894945159783071,0.9995283160155001
family_a_002433_qr_only_mismatch,27a45ae6b7142600,0.0,qr_only_mismatch,1,1,0.9908515836222219,0.9994361096472754
family_a_002434_checksum_invalid,27a45ae6b7142600,0.0,checksum_invalid,1,1,0.9972971273817585,0.9995826677069264
family_a_002435_format_invalid,27a45ae6b7142600,0.0,format_invalid,1,1,0.9962814636985304,0.9995354535679405
family_a_002436_field_missing,27a45ae6b7142600,0.0,field_missing,1,1,1.0,0.999752061189009
family_a_002437_fine_grained_edit,27a45ae6b7142600,0.0,fine_grained_edit,1,1,0.9804892268204342,0.9996955597020482
family_a_002438_coordinated_full_forgery,27a45ae6b7142600,0.0,coordinated_full_forgery,1,1,0.913253148255256,0.8999019634659412
family_a_002439_visual_splice,27a45ae6b7142600,0.0,visual_splice,1,1,0.9957040828837358,0.9989592444745982
family_a_002440_visual_splice,27a45ae6b7142600,0.0,visual_splice,1,1,0.9981190302480023,0.9996485983149399
family_a_002441_visual_splice,27a45ae6b7142600,0.0,visual_splice,1,1,0.9933175355450237,0.9996145893824822
family_a_002442_genuine,bd944f9a42dab105,0.0,genuine,0,0,0.6426429315601784,0.5537017858896871
family_a_002443_text_qr_mismatch,bd944f9a42dab105,0.0,text_qr_mismatch,1,1,0.994420742462343,0.9996104584740416
family_a_002444_qr_only_mismatch,bd944f9a42dab105,0.0,qr_only_mismatch,1,1,0.9958153600802149,0.9996292293138238
family_a_002445_checksum_invalid,bd944f9a42dab105,0.0,checksum_invalid,1,1,0.9983606557377049,0.9998021339737955
family_a_002446_format_invalid,bd944f9a42dab105,0.0,format_invalid,1,1,1.0,0.9998388865317248
family_a_002447_field_missing,bd944f9a42dab105,0.0,field_missing,1,1,1.0,0.9995546990327634
family_a_002448_fine_grained_edit,bd944f9a42dab105,0.0,fine_grained_edit,1,1,0.9936890351452697,0.9995456929529121
family_a_002449_coordinated_full_forgery,bd944f9a42dab105,0.0,coordinated_full_forgery,1,1,0.6844890166810412,0.7437324534152064
family_a_002450_visual_splice,bd944f9a42dab105,0.0,visual_splice,1,1,0.844046755846409,0.9600055189931848
family_a_002451_visual_splice,bd944f9a42dab105,0.0,visual_splice,1,1,0.7841786852557646,0.7730367386368145
family_a_002452_visual_splice,bd944f9a42dab105,0.0,visual_splice,1,1,0.7691133411064,0.78754713399711
family_a_002453_genuine,60ad394537259c8b,0.0,genuine,0,0,0.6009722202358946,0.5357208334423759
family_a_002454_text_qr_mismatch,60ad394537259c8b,0.0,text_qr_mismatch,1,1,0.994420742462343,0.9990637060823191
family_a_002455_qr_only_mismatch,60ad394537259c8b,0.0,qr_only_mismatch,1,1,0.9944049446740334,0.9992194736629312
family_a_002456_checksum_invalid,60ad394537259c8b,0.0,checksum_invalid,1,1,0.9983606557377049,0.999761075612443
family_a_002457_format_invalid,60ad394537259c8b,0.0,format_invalid,1,1,1.0,0.9997746641419503
family_a_002458_field_missing,60ad394537259c8b,0.0,field_missing,1,1,0.9999842022116904,0.9996967640461595
family_a_002459_fine_grained_edit,60ad394537259c8b,0.0,fine_grained_edit,1,1,0.9946847345262172,0.9988326408968741
family_a_002460_coordinated_full_forgery,60ad394537259c8b,0.0,coordinated_full_forgery,1,1,0.7253902417979997,0.7832364004797405
family_a_002461_visual_splice,60ad394537259c8b,0.0,visual_splice,1,1,0.6601716253932767,0.5694745125968985
family_a_002462_visual_splice,60ad394537259c8b,0.0,visual_splice,1,1,0.995021620489142,0.9997233917843756
family_a_002463_visual_splice,60ad394537259c8b,0.0,visual_splice,1,1,0.9960597106654199,0.9974420078218589
family_a_002464_genuine,0826212217894163,0.0,genuine,0,0,0.6813698408443711,0.6561861662076942
family_a_002465_text_qr_mismatch,0826212217894163,0.0,text_qr_mismatch,1,1,0.9920154746578557,0.999612454119087
family_a_002466_qr_only_mismatch,0826212217894163,0.0,qr_only_mismatch,1,1,0.9944049446740334,0.9995123675052909
family_a_002467_checksum_invalid,0826212217894163,0.0,checksum_invalid,1,1,0.9983606557377049,0.9998187536638959
family_a_002468_format_invalid,0826212217894163,0.0,format_invalid,1,1,0.9999842022116904,0.999770531511222
family_a_002469_field_missing,0826212217894163,0.0,field_missing,1,1,1.0,0.999718615232647
family_a_002470_fine_grained_edit,0826212217894163,0.0,fine_grained_edit,1,1,0.9924910023324851,0.9991429139187845
family_a_002471_coordinated_full_forgery,0826212217894163,0.0,coordinated_full_forgery,1,1,0.7697304427197821,0.8618983167113966
family_a_002472_visual_splice,0826212217894163,0.0,visual_splice,1,1,0.9920154746578557,0.9996396058808382
family_a_002473_visual_splice,0826212217894163,0.0,visual_splice,1,1,0.7691712660487288,0.9160776761673145
family_a_002474_visual_splice,0826212217894163,0.0,visual_splice,1,1,0.995021620489142,0.9995421585410628
family_a_002497_genuine,63f5d06eb8a1b129,0.0,genuine,0,0,0.5877431350797664,0.539622562359989
family_a_002498_text_qr_mismatch,63f5d06eb8a1b129,0.0,text_qr_mismatch,1,1,0.9965561008209556,0.9993221432853074
family_a_002499_qr_only_mismatch,63f5d06eb8a1b129,0.0,qr_only_mismatch,1,1,0.9862344064386318,0.9995382194276836
family_a_002500_checksum_invalid,63f5d06eb8a1b129,0.0,checksum_invalid,1,1,0.9928257456828885,0.9997505227235601
family_a_002501_format_invalid,63f5d06eb8a1b129,0.0,format_invalid,1,1,0.9988303560578443,0.9997591898312183
family_a_002502_field_missing,63f5d06eb8a1b129,0.0,field_missing,1,1,0.9999842022116904,0.9994907847539002
family_a_002503_fine_grained_edit,63f5d06eb8a1b129,0.0,fine_grained_edit,1,1,0.991950808739342,0.9996636361459674
family_a_002504_coordinated_full_forgery,63f5d06eb8a1b129,0.0,coordinated_full_forgery,1,1,0.7860960027468289,0.8314706449711258
family_a_002505_visual_splice,63f5d06eb8a1b129,0.0,visual_splice,1,1,0.7854708530356054,0.7692484949563699
family_a_002506_visual_splice,63f5d06eb8a1b129,0.0,visual_splice,1,1,0.801800643470731,0.7774779714955632
family_a_002507_visual_splice,63f5d06eb8a1b129,0.0,visual_splice,1,1,0.7462186060213963,0.7825367031264067
family_a_002508_genuine,ac2940155409f4b3,0.0,genuine,0,0,0.688432412278688,0.5286426899064246
family_a_002509_text_qr_mismatch,ac2940155409f4b3,0.0,text_qr_mismatch,1,1,0.9954941008006776,0.999578096006271
family_a_002510_qr_only_mismatch,ac2940155409f4b3,0.0,qr_only_mismatch,1,1,0.9958243356658184,0.9993066088778495
family_a_002511_checksum_invalid,ac2940155409f4b3,0.0,checksum_invalid,1,1,0.9978717523493643,0.9997416791172792
family_a_002512_format_invalid,ac2940155409f4b3,0.0,format_invalid,1,1,1.0,0.999850569460244
family_a_002513_field_missing,ac2940155409f4b3,0.0,field_missing,1,1,1.0,0.9995898951568564
family_a_002514_fine_grained_edit,ac2940155409f4b3,0.0,fine_grained_edit,1,1,0.9954941008006776,0.9996449930914635
family_a_002515_coordinated_full_forgery,ac2940155409f4b3,0.0,coordinated_full_forgery,1,1,0.7278335138482377,0.7229223619861175
family_a_002516_visual_splice,ac2940155409f4b3,0.0,visual_splice,1,1,0.768169518733228,0.8854971237830159
family_a_002517_visual_splice,ac2940155409f4b3,0.0,visual_splice,1,1,0.7987281899134133,0.7598740149552128
family_a_002518_visual_splice,ac2940155409f4b3,0.0,visual_splice,1,1,0.7703779876127663,0.872765076322368
family_a_002519_genuine,6063d0067bcaf5f0,0.0,genuine,0,0,0.6485163179014621,0.5581252737797323
family_a_002520_text_qr_mismatch,6063d0067bcaf5f0,0.0,text_qr_mismatch,1,1,0.982327719206529,0.9994860324953655
family_a_002521_qr_only_mismatch,6063d0067bcaf5f0,0.0,qr_only_mismatch,1,1,0.9944049446740334,0.9997166056252804
family_a_002522_checksum_invalid,6063d0067bcaf5f0,0.0,checksum_invalid,1,1,0.9983448579493954,0.9997200533721663
family_a_002523_format_invalid,6063d0067bcaf5f0,0.0,format_invalid,1,1,1.0,0.9997680119181124
family_a_002524_field_missing,6063d0067bcaf5f0,0.0,field_missing,1,1,0.9999842022116904,0.9990817367250715
family_a_002525_fine_grained_edit,6063d0067bcaf5f0,0.0,fine_grained_edit,1,1,0.9862959436601436,0.9996361172619177
family_a_002526_coordinated_full_forgery,6063d0067bcaf5f0,0.0,coordinated_full_forgery,1,1,0.7978283201639849,0.902088721260083
family_a_002527_visual_splice,6063d0067bcaf5f0,0.0,visual_splice,1,1,0.9965561008209556,0.9995829028899421
family_a_002528_visual_splice,6063d0067bcaf5f0,0.0,visual_splice,1,1,0.7258523871577462,0.8274079172898156
family_a_002529_visual_splice,6063d0067bcaf5f0,0.0,visual_splice,1,1,0.8036678074272982,0.8175302893386184
family_a_002530_genuine,cfb2ba1779a7200b,0.0,genuine,0,0,0.7098411946844776,0.6313558139540851
family_a_002531_text_qr_mismatch,cfb2ba1779a7200b,0.0,text_qr_mismatch,1,1,0.9957811553410274,0.9995487335912284
family_a_002532_qr_only_mismatch,cfb2ba1779a7200b,0.0,qr_only_mismatch,1,1,0.9947139731953313,0.9995052390762773
family_a_002533_checksum_invalid,cfb2ba1779a7200b,0.0,checksum_invalid,1,1,0.9983606557377049,0.9997429340325955
family_a_002534_format_invalid,cfb2ba1779a7200b,0.0,format_invalid,1,1,0.9999842022116904,0.9997600541998859
family_a_002535_field_missing,cfb2ba1779a7200b,0.0,field_missing,1,1,0.9999842022116904,0.9994231738150968
family_a_002536_fine_grained_edit,cfb2ba1779a7200b,0.0,fine_grained_edit,1,1,0.9943303178083618,0.9994495488742072
family_a_002537_coordinated_full_forgery,cfb2ba1779a7200b,0.0,coordinated_full_forgery,1,1,0.7551648961609462,0.7440946518323442
family_a_002538_visual_splice,cfb2ba1779a7200b,0.0,visual_splice,1,1,0.7525843016452772,0.6146853016981416
family_a_002539_visual_splice,cfb2ba1779a7200b,0.0,visual_splice,1,1,0.9913312889823264,0.9984683262464806
family_a_002540_visual_splice,cfb2ba1779a7200b,0.0,visual_splice,1,1,0.754925846465886,0.780492576838868
family_a_002574_genuine,cddc564199084d55,0.0,genuine,0,0,0.617936850082045,0.47522120805483853
family_a_002575_text_qr_mismatch,cddc564199084d55,0.0,text_qr_mismatch,1,1,0.9830062336231552,0.9994531711697293
family_a_002576_qr_only_mismatch,cddc564199084d55,0.0,qr_only_mismatch,1,1,0.9913685292343026,0.9992716736096325
family_a_002577_checksum_invalid,cddc564199084d55,0.0,checksum_invalid,1,1,0.9983606557377049,0.9996986538653512
family_a_002578_format_invalid,cddc564199084d55,0.0,format_invalid,1,1,0.9999842022116904,0.9997948021183314
family_a_002579_field_missing,cddc564199084d55,0.0,field_missing,1,1,0.9999842022116904,0.9995014248901717
family_a_002580_fine_grained_edit,cddc564199084d55,0.0,fine_grained_edit,1,1,0.9957611589682405,0.9985668291644254
family_a_002581_coordinated_full_forgery,cddc564199084d55,0.0,coordinated_full_forgery,1,1,0.7703857578291203,0.9112008909993817
family_a_002582_visual_splice,cddc564199084d55,0.0,visual_splice,1,1,0.800056277318562,0.8691827837053401
family_a_002583_visual_splice,cddc564199084d55,0.0,visual_splice,1,1,0.8194736399205685,0.932668483652076
family_a_002584_visual_splice,cddc564199084d55,0.0,visual_splice,1,1,0.7504767670381401,0.795070761554822
family_a_002596_genuine,8bf4bb2e5343fa02,0.0,genuine,0,0,0.7044693989225118,0.7752058494639235
family_a_002597_text_qr_mismatch,8bf4bb2e5343fa02,0.0,text_qr_mismatch,1,1,0.9062685337672824,0.8868342674609293
family_a_002598_qr_only_mismatch,8bf4bb2e5343fa02,0.0,qr_only_mismatch,1,1,0.994420742462343,0.9993673627829626
family_a_002599_checksum_invalid,8bf4bb2e5343fa02,0.0,checksum_invalid,1,1,0.9978717523493643,0.999844151254397
family_a_002600_format_invalid,8bf4bb2e5343fa02,0.0,format_invalid,1,1,0.9199611059212459,0.9790757481531095
family_a_002601_field_missing,8bf4bb2e5343fa02,0.0,field_missing,1,1,1.0,0.9990064067806592
family_a_002602_fine_grained_edit,8bf4bb2e5343fa02,0.0,fine_grained_edit,1,1,0.9371271022404457,0.9450026749516269
family_a_002603_coordinated_full_forgery,8bf4bb2e5343fa02,0.0,coordinated_full_forgery,1,1,0.7896783293273185,0.9105162417192366
family_a_002604_visual_splice,8bf4bb2e5343fa02,0.0,visual_splice,1,1,0.8220179281993323,0.8444960553646451
family_a_002605_visual_splice,8bf4bb2e5343fa02,0.0,visual_splice,1,1,0.8903960092231773,0.9090206368451011
family_a_002606_visual_splice,8bf4bb2e5343fa02,0.0,visual_splice,1,1,0.7463409238265213,0.6923401552244189
family_a_002607_genuine,ca57033497f8b27d,0.0,genuine,0,0,0.6154017734182414,0.491935547390053
family_a_002608_text_qr_mismatch,ca57033497f8b27d,0.0,text_qr_mismatch,1,1,0.992327719206529,0.9995615984274385
family_a_002609_qr_only_mismatch,ca57033497f8b27d,0.0,qr_only_mismatch,1,1,0.9890694074427263,0.9993028548465576
family_a_002610_checksum_invalid,ca57033497f8b27d,0.0,checksum_invalid,1,1,0.9978717523493643,0.9997391980946001
family_a_002611_format_invalid,ca57033497f8b27d,0.0,format_invalid,1,1,0.9999842022116904,0.99978056313739
family_a_002612_field_missing,ca57033497f8b27d,0.0,field_missing,1,1,0.9999842022116904,0.9995457099340349
family_a_002613_fine_grained_edit,ca57033497f8b27d,0.0,fine_grained_edit,1,1,0.994420742462343,0.9996556451632019
family_a_002614_coordinated_full_forgery,ca57033497f8b27d,0.0,coordinated_full_forgery,1,1,0.8093133806726089,0.8294249750564641
family_a_002615_visual_splice,ca57033497f8b27d,0.0,visual_splice,1,1,0.7783697484307254,0.8067099856995038
family_a_002616_visual_splice,ca57033497f8b27d,0.0,visual_splice,1,1,0.7718285733945554,0.7344355731928192
family_a_002617_visual_splice,ca57033497f8b27d,0.0,visual_splice,1,1,0.784102393252192,0.7399939876293224
family_a_002618_genuine,2ca7f91d46e3bd27,0.0,genuine,0,0,0.6261942521564329,0.38416234886638984
family_a_002619_text_qr_mismatch,2ca7f91d46e3bd27,0.0,text_qr_mismatch,1,1,0.9963119214182194,0.9989932707954172
family_a_002620_qr_only_mismatch,2ca7f91d46e3bd27,0.0,qr_only_mismatch,1,1,0.9921317893674021,0.9997109613407585
family_a_002621_checksum_invalid,2ca7f91d46e3bd27,0.0,checksum_invalid,1,1,0.9978717523493643,0.9997136651752265
family_a_002622_format_invalid,2ca7f91d46e3bd27,0.0,format_invalid,1,1,0.9999842022116904,0.9998114892021803
family_a_002623_field_missing,2ca7f91d46e3bd27,0.0,field_missing,1,1,1.0,0.9995224796212493
family_a_002624_fine_grained_edit,2ca7f91d46e3bd27,0.0,fine_grained_edit,1,1,0.9912376017313822,0.9996329559564678
family_a_002625_coordinated_full_forgery,2ca7f91d46e3bd27,0.0,coordinated_full_forgery,1,1,0.7320379902674813,0.6556213477240984
family_a_002626_visual_splice,2ca7f91d46e3bd27,0.0,visual_splice,1,1,0.7708526036534189,0.7843701309877301
family_a_002627_visual_splice,2ca7f91d46e3bd27,0.0,visual_splice,1,1,0.8140497622773766,0.8749802552065951
family_a_002628_visual_splice,2ca7f91d46e3bd27,0.0,visual_splice,1,1,0.9650680087893838,0.9990259338148663
family_a_002640_genuine,729856d3f61d3ff6,0.0,genuine,0,0,0.5300085749253362,0.410404767159083
family_a_002641_text_qr_mismatch,729856d3f61d3ff6,0.0,text_qr_mismatch,1,1,0.9959886016212175,0.9997348460644768
family_a_002642_qr_only_mismatch,729856d3f61d3ff6,0.0,qr_only_mismatch,1,1,0.987027119668602,0.9994708022502112
family_a_002643_checksum_invalid,729856d3f61d3ff6,0.0,checksum_invalid,1,1,0.997613131659709,0.9997765766536488
family_a_002644_format_invalid,729856d3f61d3ff6,0.0,format_invalid,1,1,0.9997413793103448,0.9998423349021897
family_a_002645_field_missing,729856d3f61d3ff6,0.0,field_missing,1,1,0.9999842022116904,0.9995350968587418
family_a_002646_fine_grained_edit,729856d3f61d3ff6,0.0,fine_grained_edit,1,1,0.9943169462893882,0.9982711572902937
family_a_002647_coordinated_full_forgery,729856d3f61d3ff6,0.0,coordinated_full_forgery,1,1,0.7511435118505833,0.7369500783947673
family_a_002648_visual_splice,729856d3f61d3ff6,0.0,visual_splice,1,1,0.9957040828837358,0.9990781530305864
family_a_002649_visual_splice,729856d3f61d3ff6,0.0,visual_splice,1,1,0.7295270001208063,0.7699054094175899
family_a_002650_visual_splice,729856d3f61d3ff6,0.0,visual_splice,1,1,0.9936133811799077,0.9996466942214433
family_a_002662_genuine,c5e386ab33f45784,0.0,genuine,0,0,0.7081903608730271,0.4851262481218754
family_a_002663_text_qr_mismatch,c5e386ab33f45784,0.0,text_qr_mismatch,1,1,0.9923372167845741,0.9997472184270219
family_a_002664_qr_only_mismatch,c5e386ab33f45784,0.0,qr_only_mismatch,1,1,0.9110207327342899,0.9161366019521656
family_a_002665_checksum_invalid,c5e386ab33f45784,0.0,checksum_invalid,1,1,0.9983606557377049,0.9998036164154706
family_a_002666_format_invalid,c5e386ab33f45784,0.0,format_invalid,1,1,1.0,0.9998743032588399
family_a_002667_field_missing,c5e386ab33f45784,0.0,field_missing,1,1,0.9994690265486725,0.9996332058654246
family_a_002668_fine_grained_edit,c5e386ab33f45784,0.0,fine_grained_edit,1,1,0.994420742462343,0.9996040475325717
family_a_002669_coordinated_full_forgery,c5e386ab33f45784,0.0,coordinated_full_forgery,1,1,0.7748357648889297,0.8069258179572679
family_a_002670_visual_splice,c5e386ab33f45784,0.0,visual_splice,1,1,0.9978606422125571,0.9995647663651444
family_a_002671_visual_splice,c5e386ab33f45784,0.0,visual_splice,1,1,0.7857972713310533,0.9368576122676122
family_a_002672_visual_splice,c5e386ab33f45784,0.0,visual_splice,1,1,0.9962798175458473,0.9997694723466957
family_a_002684_genuine,b1d4e2e9700700aa,0.0,genuine,0,0,0.6285927580884247,0.611519226992908
family_a_002685_text_qr_mismatch,b1d4e2e9700700aa,0.0,text_qr_mismatch,1,1,0.9981731422125572,0.9995518836617624
family_a_002686_qr_only_mismatch,b1d4e2e9700700aa,0.0,qr_only_mismatch,1,1,0.9975145215229019,0.9997192887904686
family_a_002687_checksum_invalid,b1d4e2e9700700aa,0.0,checksum_invalid,1,1,0.9973129251700681,0.9997925776512289
family_a_002688_format_invalid,b1d4e2e9700700aa,0.0,format_invalid,1,1,1.0,0.9997306932177384
family_a_002689_field_missing,b1d4e2e9700700aa,0.0,field_missing,1,1,0.9994690265486725,0.999297923419777
family_a_002690_fine_grained_edit,b1d4e2e9700700aa,0.0,fine_grained_edit,1,1,0.996327719206529,0.9994441930513288
family_a_002691_coordinated_full_forgery,b1d4e2e9700700aa,0.0,coordinated_full_forgery,1,1,0.7353848314564537,0.8152411772701836
family_a_002692_visual_splice,b1d4e2e9700700aa,0.0,visual_splice,1,1,0.7780690011211289,0.8368122559054194
family_a_002693_visual_splice,b1d4e2e9700700aa,0.0,visual_splice,1,1,0.8258267850322255,0.9390715557092302
family_a_002694_visual_splice,b1d4e2e9700700aa,0.0,visual_splice,1,1,0.7835298984163166,0.7365830201682392
family_a_002706_genuine,1d1a4e78fea05dd2,0.0,genuine,0,0,0.6285256108377323,0.6304991307393437
family_a_002707_text_qr_mismatch,1d1a4e78fea05dd2,0.0,text_qr_mismatch,1,1,0.9909140459736204,0.9995884477710474
family_a_002708_qr_only_mismatch,1d1a4e78fea05dd2,0.0,qr_only_mismatch,1,1,0.9914200267266036,0.9993897186203369
family_a_002709_checksum_invalid,1d1a4e78fea05dd2,0.0,checksum_invalid,1,1,0.9974865493812279,0.9997998031625084
family_a_002710_format_invalid,1d1a4e78fea05dd2,0.0,format_invalid,1,1,0.9999842022116904,0.9997486594569692
family_a_002711_field_missing,1d1a4e78fea05dd2,0.0,field_missing,1,1,0.9999842022116904,0.9995818184561579
family_a_002712_fine_grained_edit,1d1a4e78fea05dd2,0.0,fine_grained_edit,1,1,0.994420742462343,0.9993999347089043
family_a_002713_coordinated_full_forgery,1d1a4e78fea05dd2,0.0,coordinated_full_forgery,1,1,0.7424805960684979,0.7303423875537342
family_a_002714_visual_splice,1d1a4e78fea05dd2,0.0,visual_splice,1,1,0.7761633698295989,0.6748517567018819
family_a_002715_visual_splice,1d1a4e78fea05dd2,0.0,visual_splice,1,1,0.7416478201587582,0.6785466833485672
family_a_002716_visual_splice,1d1a4e78fea05dd2,0.0,visual_splice,1,1,0.7790592439629791,0.7718650371058533
family_a_002739_genuine,b890f43d8f3b5a50,0.0,genuine,0,0,0.6030067773660273,0.4230427727324407
family_a_002740_text_qr_mismatch,b890f43d8f3b5a50,0.0,text_qr_mismatch,1,1,0.9941621217726877,0.9990327509693786
family_a_002741_qr_only_mismatch,b890f43d8f3b5a50,0.0,qr_only_mismatch,1,1,0.9934189834297855,0.9992781593340764
family_a_002742_checksum_invalid,b890f43d8f3b5a50,0.0,checksum_invalid,1,1,0.9978717523493643,0.9996454344449016
family_a_002743_format_invalid,b890f43d8f3b5a50,0.0,format_invalid,1,1,0.9999842022116904,0.9997083078353792
family_a_002744_field_missing,b890f43d8f3b5a50,0.0,field_missing,1,1,0.9999842022116904,0.9989609761809914
family_a_002745_fine_grained_edit,b890f43d8f3b5a50,0.0,fine_grained_edit,1,1,0.9947763232838835,0.9997064911828489
family_a_002746_coordinated_full_forgery,b890f43d8f3b5a50,0.0,coordinated_full_forgery,1,1,0.8279867623148353,0.9470606051863069
family_a_002747_visual_splice,b890f43d8f3b5a50,0.0,visual_splice,1,1,0.7907930709271987,0.8687606783463073
family_a_002748_visual_splice,b890f43d8f3b5a50,0.0,visual_splice,1,1,0.7544362891289929,0.798788014892724
family_a_002749_visual_splice,b890f43d8f3b5a50,0.0,visual_splice,1,1,0.7508468973821618,0.7917466537941227
family_a_002750_genuine,6e0d32905b01ab44,0.0,genuine,0,0,0.5818764242152467,0.553836870177972
family_a_002751_text_qr_mismatch,6e0d32905b01ab44,0.0,text_qr_mismatch,1,1,0.9939134842503254,0.9996385128932208
family_a_002752_qr_only_mismatch,6e0d32905b01ab44,0.0,qr_only_mismatch,1,1,0.9939941565129271,0.999586549568116
family_a_002753_checksum_invalid,6e0d32905b01ab44,0.0,checksum_invalid,1,1,0.9983606557377049,0.9998153540139847
family_a_002754_format_invalid,6e0d32905b01ab44,0.0,format_invalid,1,1,1.0,0.9997965787904467
family_a_002755_field_missing,6e0d32905b01ab44,0.0,field_missing,1,1,1.0,0.9996242785084796
family_a_002756_fine_grained_edit,6e0d32905b01ab44,0.0,fine_grained_edit,1,1,0.9944263491377541,0.9995598529935534
family_a_002757_coordinated_full_forgery,6e0d32905b01ab44,0.0,coordinated_full_forgery,1,1,0.7988198496730468,0.8359379041041833
family_a_002758_visual_splice,6e0d32905b01ab44,0.0,visual_splice,1,1,1.0,0.9986399538950185
family_a_002759_visual_splice,6e0d32905b01ab44,0.0,visual_splice,1,1,0.9994690265486725,0.9996365425960355
family_a_002760_visual_splice,6e0d32905b01ab44,0.0,visual_splice,1,1,0.7663913952343185,0.6510389673065832
family_a_002772_genuine,a1bfc5fa0b87237c,0.0,genuine,0,0,0.4820635175529601,0.2709671990743525
family_a_002773_text_qr_mismatch,a1bfc5fa0b87237c,0.0,text_qr_mismatch,1,1,0.995021620489142,0.9995865644204042
family_a_002774_qr_only_mismatch,a1bfc5fa0b87237c,0.0,qr_only_mismatch,1,1,0.9981731422125572,0.9996234348532054
family_a_002775_checksum_invalid,a1bfc5fa0b87237c,0.0,checksum_invalid,1,1,0.9989497194530698,0.9998322044978255
family_a_002776_format_invalid,a1bfc5fa0b87237c,0.0,format_invalid,1,1,1.0,0.9997874160413097
family_a_002777_field_missing,a1bfc5fa0b87237c,0.0,field_missing,1,1,1.0,0.9997008979390213
family_a_002778_fine_grained_edit,a1bfc5fa0b87237c,0.0,fine_grained_edit,1,1,0.9941621217726877,0.9992368105544168
family_a_002779_coordinated_full_forgery,a1bfc5fa0b87237c,0.0,coordinated_full_forgery,1,1,0.7451036644841165,0.697137070402648
family_a_002780_visual_splice,a1bfc5fa0b87237c,0.0,visual_splice,1,1,0.7895876060030338,0.8075071400001063
family_a_002781_visual_splice,a1bfc5fa0b87237c,0.0,visual_splice,1,1,0.8945871691124152,0.9451054142917461
family_a_002782_visual_splice,a1bfc5fa0b87237c,0.0,visual_splice,1,1,0.9958022118216546,0.9998524696696834
family_a_002783_genuine,a6a3f4c6e5f4bf51,0.0,genuine,0,0,0.6692995655534787,0.6129626280713514
family_a_002784_text_qr_mismatch,a6a3f4c6e5f4bf51,0.0,text_qr_mismatch,1,1,0.9913232354789272,0.9992596252267841
family_a_002785_qr_only_mismatch,a6a3f4c6e5f4bf51,0.0,qr_only_mismatch,1,1,0.9977798175458473,0.9996033175977386
family_a_002786_checksum_invalid,a6a3f4c6e5f4bf51,0.0,checksum_invalid,1,1,0.9983606557377049,0.9997248297283731
family_a_002787_format_invalid,a6a3f4c6e5f4bf51,0.0,format_invalid,1,1,1.0,0.9996511254162309
family_a_002788_field_missing,a6a3f4c6e5f4bf51,0.0,field_missing,1,1,1.0,0.9991648365580982
family_a_002789_fine_grained_edit,a6a3f4c6e5f4bf51,0.0,fine_grained_edit,1,1,0.9957339110118373,0.9973133712544894
family_a_002790_coordinated_full_forgery,a6a3f4c6e5f4bf51,0.0,coordinated_full_forgery,1,1,0.7377353112562729,0.7767995062557063
family_a_002791_visual_splice,a6a3f4c6e5f4bf51,0.0,visual_splice,1,1,0.7741292124474015,0.7693843593134941
family_a_002792_visual_splice,a6a3f4c6e5f4bf51,0.0,visual_splice,1,1,0.7334685633223152,0.7292226703439049
family_a_002793_visual_splice,a6a3f4c6e5f4bf51,0.0,visual_splice,1,1,0.7872627287539642,0.7661005953712184
family_a_002794_genuine,2b8685c79dea4dce,0.0,genuine,0,0,0.5803739500374535,0.5373838192503605
family_a_002795_text_qr_mismatch,2b8685c79dea4dce,0.0,text_qr_mismatch,1,1,0.9981731422125572,0.9996838804866217
family_a_002796_qr_only_mismatch,2b8685c79dea4dce,0.0,qr_only_mismatch,1,1,0.9959021872916354,0.9995775018258848
family_a_002797_checksum_invalid,2b8685c79dea4dce,0.0,checksum_invalid,1,1,0.9978717523493643,0.999713412795858
family_a_002798_format_invalid,2b8685c79dea4dce,0.0,format_invalid,1,1,0.99,0.9997756006917013
family_a_002799_field_missing,2b8685c79dea4dce,0.0,field_missing,1,1,0.9999842022116904,0.9995250239384118
family_a_002800_fine_grained_edit,2b8685c79dea4dce,0.0,fine_grained_edit,1,1,0.9954941008006776,0.9997207043363121
family_a_002801_coordinated_full_forgery,2b8685c79dea4dce,0.0,coordinated_full_forgery,1,1,0.6677986571020873,0.7363699749547111
family_a_002802_visual_splice,2b8685c79dea4dce,0.0,visual_splice,1,1,0.9924309292086708,0.9996196181707993
family_a_002803_visual_splice,2b8685c79dea4dce,0.0,visual_splice,1,1,0.9870297904923148,0.9996398749655314
family_a_002804_visual_splice,2b8685c79dea4dce,0.0,visual_splice,1,1,0.9948088545316952,0.996730391493471
family_a_002805_genuine,4b76ed53a33186b7,0.0,genuine,0,0,0.6795676749046586,0.423352715444516
family_a_002806_text_qr_mismatch,4b76ed53a33186b7,0.0,text_qr_mismatch,1,1,0.9981731422125572,0.9997076832273463
family_a_002807_qr_only_mismatch,4b76ed53a33186b7,0.0,qr_only_mismatch,1,1,0.9933881571430575,0.99966465616212
family_a_002808_checksum_invalid,4b76ed53a33186b7,0.0,checksum_invalid,1,1,0.9983606557377049,0.9998484127151624
family_a_002809_format_invalid,4b76ed53a33186b7,0.0,format_invalid,1,1,1.0,0.9998671606971534
family_a_002810_field_missing,4b76ed53a33186b7,0.0,field_missing,1,1,1.0,0.9995581707085892
family_a_002811_fine_grained_edit,4b76ed53a33186b7,0.0,fine_grained_edit,1,1,0.993703197793464,0.9995312803739793
family_a_002812_coordinated_full_forgery,4b76ed53a33186b7,0.0,coordinated_full_forgery,1,1,0.7654076345467505,0.8110382945881545
family_a_002813_visual_splice,4b76ed53a33186b7,0.0,visual_splice,1,1,0.994420742462343,0.9996604365402662
family_a_002814_visual_splice,4b76ed53a33186b7,0.0,visual_splice,1,1,0.776376830220874,0.7782981093785293
family_a_002815_visual_splice,4b76ed53a33186b7,0.0,visual_splice,1,1,0.7427698889060366,0.8313436507164664
family_a_002816_genuine,af295b2b27bb6d37,0.0,genuine,0,0,0.7363762950538615,0.6995239084550406
family_a_002817_text_qr_mismatch,af295b2b27bb6d37,0.0,text_qr_mismatch,1,1,0.987253000920049,0.9996446428598594
family_a_002818_qr_only_mismatch,af295b2b27bb6d37,0.0,qr_only_mismatch,1,1,0.9980602011706403,0.9997902915360816
family_a_002819_checksum_invalid,af295b2b27bb6d37,0.0,checksum_invalid,1,1,0.9978717523493643,0.9997361233308576
family_a_002820_format_invalid,af295b2b27bb6d37,0.0,format_invalid,1,1,0.9999842022116904,0.9997915887381568
family_a_002821_field_missing,af295b2b27bb6d37,0.0,field_missing,1,1,0.9999842022116904,0.9995094456827398
family_a_002822_fine_grained_edit,af295b2b27bb6d37,0.0,fine_grained_edit,1,1,0.9813062760696528,0.9992068438227575
family_a_002823_coordinated_full_forgery,af295b2b27bb6d37,0.0,coordinated_full_forgery,1,1,0.7655236550315715,0.8601726347252585
family_a_002824_visual_splice,af295b2b27bb6d37,0.0,visual_splice,1,1,0.9936697764763532,0.9993463354576919
family_a_002825_visual_splice,af295b2b27bb6d37,0.0,visual_splice,1,1,0.8447270217514852,0.9703171589232318
family_a_002826_visual_splice,af295b2b27bb6d37,0.0,visual_splice,1,1,0.7147759454163481,0.7983979536544243
family_a_002827_genuine,76a617a9065ad7c3,0.0,genuine,0,0,0.5695847039226198,0.5040528905469351
family_a_002828_text_qr_mismatch,76a617a9065ad7c3,0.0,text_qr_mismatch,1,1,0.9893598065286646,0.999380808555529
family_a_002829_qr_only_mismatch,76a617a9065ad7c3,0.0,qr_only_mismatch,1,1,0.9565151494180956,0.9073046824478953
family_a_002830_checksum_invalid,76a617a9065ad7c3,0.0,checksum_invalid,1,1,0.9978717523493643,0.9997097685174514
family_a_002831_format_invalid,76a617a9065ad7c3,0.0,format_invalid,1,1,0.9999842022116904,0.9997933612407889
family_a_002832_field_missing,76a617a9065ad7c3,0.0,field_missing,1,1,0.9930747126436781,0.9992539511311669
family_a_002833_fine_grained_edit,76a617a9065ad7c3,0.0,fine_grained_edit,1,1,0.9925264731953313,0.9946969592328941
family_a_002834_coordinated_full_forgery,76a617a9065ad7c3,0.0,coordinated_full_forgery,1,1,0.921003904861256,0.9707439306761239
family_a_002835_visual_splice,76a617a9065ad7c3,0.0,visual_splice,1,1,0.9894945159783071,0.9995976473636176
family_a_002836_visual_splice,76a617a9065ad7c3,0.0,visual_splice,1,1,0.7110279560610578,0.6275784354960535
family_a_002837_visual_splice,76a617a9065ad7c3,0.0,visual_splice,1,1,0.7675652453293006,0.8260079249960772
family_a_002838_genuine,8a577bf7b229ada5,0.0,genuine,0,0,0.7042890095236902,0.6161203111145539
family_a_002839_text_qr_mismatch,8a577bf7b229ada5,0.0,text_qr_mismatch,1,1,0.9891515183072102,0.9994046205081851
family_a_002840_qr_only_mismatch,8a577bf7b229ada5,0.0,qr_only_mismatch,1,1,0.9953886044965611,0.9994942408278485
family_a_002841_checksum_invalid,8a577bf7b229ada5,0.0,checksum_invalid,1,1,0.9983606557377049,0.9998246819162796
family_a_002842_format_invalid,8a577bf7b229ada5,0.0,format_invalid,1,1,1.0,0.9997767910618683
family_a_002843_field_missing,8a577bf7b229ada5,0.0,field_missing,1,1,1.0,0.9997179980046708
family_a_002844_fine_grained_edit,8a577bf7b229ada5,0.0,fine_grained_edit,1,1,0.9958153600802149,0.9996725059106277
family_a_002845_coordinated_full_forgery,8a577bf7b229ada5,0.0,coordinated_full_forgery,1,1,0.7323367153714961,0.860636988086584
family_a_002846_visual_splice,8a577bf7b229ada5,0.0,visual_splice,1,1,0.9949530098544938,0.9997180720374338
family_a_002847_visual_splice,8a577bf7b229ada5,0.0,visual_splice,1,1,0.8300711248872623,0.8870517841722471
family_a_002848_visual_splice,8a577bf7b229ada5,0.0,visual_splice,1,1,0.8074267299675051,0.7662969074156932
family_a_002849_genuine,5910012909b5290b,0.0,genuine,0,0,0.554839836257605,0.43127016689809117
family_a_002850_text_qr_mismatch,5910012909b5290b,0.0,text_qr_mismatch,1,1,0.9944490227810282,0.9996634170177349
family_a_002851_qr_only_mismatch,5910012909b5290b,0.0,qr_only_mismatch,1,1,0.9544740854376699,0.9995678133346243
family_a_002852_checksum_invalid,5910012909b5290b,0.0,checksum_invalid,1,1,0.9972971273817585,0.9997021940367661
family_a_002853_format_invalid,5910012909b5290b,0.0,format_invalid,1,1,0.9999842022116904,0.999746019948179
family_a_002854_field_missing,5910012909b5290b,0.0,field_missing,1,1,1.0,0.9995916969885467
family_a_002855_fine_grained_edit,5910012909b5290b,0.0,fine_grained_edit,1,1,0.9852683976305532,0.9969874286703738
family_a_002856_coordinated_full_forgery,5910012909b5290b,0.0,coordinated_full_forgery,1,1,0.8088656903128729,0.8405176478940084
family_a_002857_visual_splice,5910012909b5290b,0.0,visual_splice,1,1,0.7952769473916418,0.9135223615287434
family_a_002858_visual_splice,5910012909b5290b,0.0,visual_splice,1,1,0.8388184118801547,0.8937265594424937
family_a_002859_visual_splice,5910012909b5290b,0.0,visual_splice,1,1,0.9912553339705755,0.9997449990779887
family_a_002860_genuine,7e964aaf91ffc224,0.0,genuine,0,0,0.7089598662969191,0.6605018842912439
family_a_002861_text_qr_mismatch,7e964aaf91ffc224,0.0,text_qr_mismatch,1,1,0.9939517984265707,0.9997251394575222
family_a_002862_qr_only_mismatch,7e964aaf91ffc224,0.0,qr_only_mismatch,1,1,0.9947139731953313,0.9996757169430796
family_a_002863_checksum_invalid,7e964aaf91ffc224,0.0,checksum_invalid,1,1,0.9983606557377049,0.9996792611526402
family_a_002864_format_invalid,7e964aaf91ffc224,0.0,format_invalid,1,1,1.0,0.9998393617785056
family_a_002865_field_missing,7e964aaf91ffc224,0.0,field_missing,1,1,1.0,0.9996783876242425
family_a_002866_fine_grained_edit,7e964aaf91ffc224,0.0,fine_grained_edit,1,1,0.984420742462343,0.999299918091542
family_a_002867_coordinated_full_forgery,7e964aaf91ffc224,0.0,coordinated_full_forgery,1,1,0.8033512347301182,0.7342815618125256
family_a_002868_visual_splice,7e964aaf91ffc224,0.0,visual_splice,1,1,0.9939517984265707,0.9997954961602948
family_a_002869_visual_splice,7e964aaf91ffc224,0.0,visual_splice,1,1,0.9981731422125572,0.9996796897643582
family_a_002870_visual_splice,7e964aaf91ffc224,0.0,visual_splice,1,1,1.0,0.9995763889777648
family_a_002871_genuine,a9eab3b45ec0d472,0.0,genuine,0,0,0.7156892036352234,0.47443580243978317
family_a_002872_text_qr_mismatch,a9eab3b45ec0d472,0.0,text_qr_mismatch,1,1,0.9957653575527178,0.9997192748892206
family_a_002873_qr_only_mismatch,a9eab3b45ec0d472,0.0,qr_only_mismatch,1,1,0.9849723177285986,0.9992447673897867
family_a_002874_checksum_invalid,a9eab3b45ec0d472,0.0,checksum_invalid,1,1,0.9978559545610547,0.9997352218214318
family_a_002875_format_invalid,a9eab3b45ec0d472,0.0,format_invalid,1,1,0.9999842022116904,0.9996685604463378
family_a_002876_field_missing,a9eab3b45ec0d472,0.0,field_missing,1,1,0.995,0.9945292117731325
family_a_002877_fine_grained_edit,a9eab3b45ec0d472,0.0,fine_grained_edit,1,1,0.9963119214182194,0.9995389535237278
family_a_002878_coordinated_full_forgery,a9eab3b45ec0d472,0.0,coordinated_full_forgery,1,1,0.831619744874677,0.8618383863472594
family_a_002879_visual_splice,a9eab3b45ec0d472,0.0,visual_splice,1,1,0.9960677481967203,0.9953053614491219
family_a_002880_visual_splice,a9eab3b45ec0d472,0.0,visual_splice,1,1,0.788360359001929,0.7667907196661057
family_a_002881_visual_splice,a9eab3b45ec0d472,0.0,visual_splice,1,1,0.7782768986741031,0.8492119794334756
family_a_002882_genuine,029bdc5df8c5b9b7,0.0,genuine,0,0,0.6741185255208717,0.6193639576751778
family_a_002883_text_qr_mismatch,029bdc5df8c5b9b7,0.0,text_qr_mismatch,1,1,0.9980602011706403,0.9997339436930176
family_a_002884_qr_only_mismatch,029bdc5df8c5b9b7,0.0,qr_only_mismatch,1,1,0.9205145668761078,0.8871999924806814
family_a_002885_checksum_invalid,029bdc5df8c5b9b7,0.0,checksum_invalid,1,1,0.9983606557377049,0.9998398761577184
family_a_002886_format_invalid,029bdc5df8c5b9b7,0.0,format_invalid,1,1,1.0,0.9997850235229825
family_a_002887_field_missing,029bdc5df8c5b9b7,0.0,field_missing,1,1,1.0,0.9996805034550745
family_a_002888_fine_grained_edit,029bdc5df8c5b9b7,0.0,fine_grained_edit,1,1,0.965663450638325,0.979926853347461
family_a_002889_coordinated_full_forgery,029bdc5df8c5b9b7,0.0,coordinated_full_forgery,1,1,0.9376641654095981,0.8775730496972871
family_a_002890_visual_splice,029bdc5df8c5b9b7,0.0,visual_splice,1,1,0.7709466706677881,0.7814999774703218
family_a_002891_visual_splice,029bdc5df8c5b9b7,0.0,visual_splice,1,1,0.9999842022116904,0.9995651540057441
family_a_002892_visual_splice,029bdc5df8c5b9b7,0.0,visual_splice,1,1,0.9976147970318636,0.999502437147504
family_a_002893_genuine,398200f93cb9340c,0.0,genuine,0,0,0.630448420898019,0.3218294896081636
family_a_002894_text_qr_mismatch,398200f93cb9340c,0.0,text_qr_mismatch,1,1,0.9905680087893838,0.999202265429635
family_a_002895_qr_only_mismatch,398200f93cb9340c,0.0,qr_only_mismatch,1,1,0.9938388573846539,0.9997084384416722
family_a_002896_checksum_invalid,398200f93cb9340c,0.0,checksum_invalid,1,1,0.9978717523493643,0.9998508142111587
family_a_002897_format_invalid,398200f93cb9340c,0.0,format_invalid,1,1,0.9996147970318637,0.9995845766584972
family_a_002898_field_missing,398200f93cb9340c,0.0,field_missing,1,1,0.9999842022116904,0.9996949092684093
family_a_002899_fine_grained_edit,398200f93cb9340c,0.0,fine_grained_edit,1,1,0.9948734177215189,0.9975693766879135
family_a_002900_coordinated_full_forgery,398200f93cb9340c,0.0,coordinated_full_forgery,1,1,0.7759473187629904,0.804046914831026
family_a_002901_visual_splice,398200f93cb9340c,0.0,visual_splice,1,1,0.7916819599880293,0.8558999269613545
family_a_002902_visual_splice,398200f93cb9340c,0.0,visual_splice,1,1,0.9979145215229019,0.9995617930716311
family_a_002903_visual_splice,398200f93cb9340c,0.0,visual_splice,1,1,0.7785076575124106,0.7466467939179098
family_a_002904_genuine,dd9a045fc7dab18e,0.0,genuine,0,0,0.7263977094690744,0.5673887045022462
family_a_002905_text_qr_mismatch,dd9a045fc7dab18e,0.0,text_qr_mismatch,1,1,0.9981731422125572,0.9995579409269836
family_a_002906_qr_only_mismatch,dd9a045fc7dab18e,0.0,qr_only_mismatch,1,1,0.9963119214182194,0.9996219209148849
family_a_002907_checksum_invalid,dd9a045fc7dab18e,0.0,checksum_invalid,1,1,0.9640666292364959,0.9849320677827355
family_a_002908_format_invalid,dd9a045fc7dab18e,0.0,format_invalid,1,1,0.9087802030852719,0.9706720348276007
family_a_002909_field_missing,dd9a045fc7dab18e,0.0,field_missing,1,1,0.995,0.9990338431105036
family_a_002910_fine_grained_edit,dd9a045fc7dab18e,0.0,fine_grained_edit,1,1,0.9474198494143856,0.942170525327833
family_a_002911_coordinated_full_forgery,dd9a045fc7dab18e,0.0,coordinated_full_forgery,1,1,0.73783458065157,0.7785478788820714
family_a_002912_visual_splice,dd9a045fc7dab18e,0.0,visual_splice,1,1,0.9293038018080138,0.9008348836071037
family_a_002913_visual_splice,dd9a045fc7dab18e,0.0,visual_splice,1,1,0.9003110844323403,0.9476261413301571
family_a_002914_visual_splice,dd9a045fc7dab18e,0.0,visual_splice,1,1,0.9704219155513962,0.9834317640001486
family_a_002926_genuine,db610e4820bc6dc5,0.0,genuine,0,0,0.7203725922397747,0.6682040708695537
family_a_002927_text_qr_mismatch,db610e4820bc6dc5,0.0,text_qr_mismatch,1,1,0.9978223280363119,0.999799069493793
family_a_002928_qr_only_mismatch,db610e4820bc6dc5,0.0,qr_only_mismatch,1,1,0.996327719206529,0.9994720937533305
family_a_002929_checksum_invalid,db610e4820bc6dc5,0.0,checksum_invalid,1,1,0.9978559545610547,0.9998100440615533
family_a_002930_format_invalid,db610e4820bc6dc5,0.0,format_invalid,1,1,1.0,0.9997606627005912
family_a_002931_field_missing,db610e4820bc6dc5,0.0,field_missing,1,1,1.0,0.9993357564520173
family_a_002932_fine_grained_edit,db610e4820bc6dc5,0.0,fine_grained_edit,1,1,0.9936751017313823,0.9994340026769586
family_a_002933_coordinated_full_forgery,db610e4820bc6dc5,0.0,coordinated_full_forgery,1,1,0.765343803416555,0.7314462113129566
family_a_002934_visual_splice,db610e4820bc6dc5,0.0,visual_splice,1,1,0.7684253340275748,0.7882575300690159
family_a_002935_visual_splice,db610e4820bc6dc5,0.0,visual_splice,1,1,0.7974081539786989,0.8069867925202227
family_a_002936_visual_splice,db610e4820bc6dc5,0.0,visual_splice,1,1,0.7136492964330039,0.7384345261018199
family_a_002948_genuine,d55852a0f45416dc,0.0,genuine,0,0,0.6863901927929128,0.7130766211056402
family_a_002949_text_qr_mismatch,d55852a0f45416dc,0.0,text_qr_mismatch,1,1,0.995021620489142,0.9997565352850203
family_a_002950_qr_only_mismatch,d55852a0f45416dc,0.0,qr_only_mismatch,1,1,0.9998391371284298,0.9997643155856301
family_a_002951_checksum_invalid,d55852a0f45416dc,0.0,checksum_invalid,1,1,0.9978717523493643,0.9996684629228316
family_a_002952_format_invalid,d55852a0f45416dc,0.0,format_invalid,1,1,0.9999842022116904,0.9998799740705462
family_a_002953_field_missing,d55852a0f45416dc,0.0,field_missing,1,1,0.9999842022116904,0.9993093783993237
family_a_002954_fine_grained_edit,d55852a0f45416dc,0.0,fine_grained_edit,1,1,0.9676920617526906,0.9978767172990722
family_a_002955_coordinated_full_forgery,d55852a0f45416dc,0.0,coordinated_full_forgery,1,1,0.7079029925473844,0.6755226713349305
family_a_002956_visual_splice,d55852a0f45416dc,0.0,visual_splice,1,1,0.766645178468799,0.8643661006438634
family_a_002957_visual_splice,d55852a0f45416dc,0.0,visual_splice,1,1,0.7611873406391786,0.706259648765331
family_a_002958_visual_splice,d55852a0f45416dc,0.0,visual_splice,1,1,0.7683909752099418,0.8494834542911921
family_a_002970_genuine,cf7ba76d4db5c136,0.0,genuine,0,0,0.6723773407783105,0.6204307940740158
family_a_002971_text_qr_mismatch,cf7ba76d4db5c136,0.0,text_qr_mismatch,1,1,0.9928479843256798,0.9990678576665657
family_a_002972_qr_only_mismatch,cf7ba76d4db5c136,0.0,qr_only_mismatch,1,1,0.9921580126256608,0.9996783962935668
family_a_002973_checksum_invalid,cf7ba76d4db5c136,0.0,checksum_invalid,1,1,0.9983606557377049,0.9996874279862948
family_a_002974_format_invalid,cf7ba76d4db5c136,0.0,format_invalid,1,1,1.0,0.9997588140877242
family_a_002975_field_missing,cf7ba76d4db5c136,0.0,field_missing,1,1,1.0,0.9996546478899159
family_a_002976_fine_grained_edit,cf7ba76d4db5c136,0.0,fine_grained_edit,1,1,0.9941515183072102,0.999727152091319
family_a_002977_coordinated_full_forgery,cf7ba76d4db5c136,0.0,coordinated_full_forgery,1,1,0.7328247270745303,0.7049694377351413
family_a_002978_visual_splice,cf7ba76d4db5c136,0.0,visual_splice,1,1,0.805446260546587,0.8977348525060282
family_a_002979_visual_splice,cf7ba76d4db5c136,0.0,visual_splice,1,1,0.7511706040328984,0.7610098297283978
family_a_002980_visual_splice,cf7ba76d4db5c136,0.0,visual_splice,1,1,0.9960423902830154,0.9998187687778051
family_a_002981_genuine,8ac775f5c07a5c77,0.0,genuine,0,0,0.5376558368070048,0.34848352720323994
family_a_002982_text_qr_mismatch,8ac775f5c07a5c77,0.0,text_qr_mismatch,1,1,0.9908591270850131,0.9994957761391784
family_a_002983_qr_only_mismatch,8ac775f5c07a5c77,0.0,qr_only_mismatch,1,1,0.9890950132011674,0.9996454540067828
family_a_002984_checksum_invalid,8ac775f5c07a5c77,0.0,checksum_invalid,1,1,0.9972971273817585,0.9995398431662852
family_a_002985_format_invalid,8ac775f5c07a5c77,0.0,format_invalid,1,1,0.9999842022116904,0.9998263599044798
family_a_002986_field_missing,8ac775f5c07a5c77,0.0,field_missing,1,1,0.9999842022116904,0.999503116738739
family_a_002987_fine_grained_edit,8ac775f5c07a5c77,0.0,fine_grained_edit,1,1,1.0,0.9996144746654204
family_a_002988_coordinated_full_forgery,8ac775f5c07a5c77,0.0,coordinated_full_forgery,1,1,0.7286043956369573,0.718050130099983
family_a_002989_visual_splice,8ac775f5c07a5c77,0.0,visual_splice,1,1,0.9981190302480023,0.9996080620976677
family_a_002990_visual_splice,8ac775f5c07a5c77,0.0,visual_splice,1,1,0.995021620489142,0.9990563447480402
family_a_002991_visual_splice,8ac775f5c07a5c77,0.0,visual_splice,1,1,0.8449815118007682,0.9443546771800198
family_a_002992_genuine,efe1561c2adcad1f,0.0,genuine,0,0,0.6226686449880786,0.5377694387458373
family_a_002993_text_qr_mismatch,efe1561c2adcad1f,0.0,text_qr_mismatch,1,1,0.9960269157974628,0.9996881870281732
family_a_002994_qr_only_mismatch,efe1561c2adcad1f,0.0,qr_only_mismatch,1,1,0.9870341245285185,0.9994355640771104
family_a_002995_checksum_invalid,efe1561c2adcad1f,0.0,checksum_invalid,1,1,0.9983606557377049,0.9997974447549111
family_a_002996_format_invalid,efe1561c2adcad1f,0.0,format_invalid,1,1,1.0,0.9995768902060072
family_a_002997_field_missing,efe1561c2adcad1f,0.0,field_missing,1,1,1.0,0.9995130964132086
family_a_002998_fine_grained_edit,efe1561c2adcad1f,0.0,fine_grained_edit,1,1,0.9934189834297855,0.9995421646828123
family_a_002999_coordinated_full_forgery,efe1561c2adcad1f,0.0,coordinated_full_forgery,1,1,0.7612140818897933,0.8155866772155507
family_a_003000_visual_splice,efe1561c2adcad1f,0.0,visual_splice,1,1,0.7835917825327211,0.8082011338902851
family_a_003001_visual_splice,efe1561c2adcad1f,0.0,visual_splice,1,1,0.7582093770816674,0.8460854802033251
family_a_003002_visual_splice,efe1561c2adcad1f,0.0,visual_splice,1,1,0.7982713845639986,0.7547314076664347
family_a_003014_genuine,5547e1082802f54f,0.0,genuine,0,0,0.7179796028787148,0.6353724257387335
family_a_003015_text_qr_mismatch,5547e1082802f54f,0.0,text_qr_mismatch,1,1,0.9458052138307201,0.9686741529937716
family_a_003016_qr_only_mismatch,5547e1082802f54f,0.0,qr_only_mismatch,1,1,0.9349762754821359,0.8905507946384857
family_a_003017_checksum_invalid,5547e1082802f54f,0.0,checksum_invalid,1,1,0.9752360637446283,0.9827065239649048
family_a_003018_format_invalid,5547e1082802f54f,0.0,format_invalid,1,1,0.9060177435108113,0.9708317146676172
family_a_003019_field_missing,5547e1082802f54f,0.0,field_missing,1,1,0.9736426993457722,0.9834736980809149
family_a_003020_fine_grained_edit,5547e1082802f54f,0.0,fine_grained_edit,1,1,0.943455659247221,0.9822487972032081
family_a_003021_coordinated_full_forgery,5547e1082802f54f,0.0,coordinated_full_forgery,1,1,0.7489695531476654,0.7821068016154237
family_a_003022_visual_splice,5547e1082802f54f,0.0,visual_splice,1,1,0.9505181194078617,0.966373376856185
family_a_003023_visual_splice,5547e1082802f54f,0.0,visual_splice,1,1,0.9394805022237119,0.966373376856185
family_a_003024_visual_splice,5547e1082802f54f,0.0,visual_splice,1,1,0.9380391818556074,0.9523671770484057
family_a_003025_genuine,a42e56846a6bdb27,0.0,genuine,0,0,0.7011769721170503,0.5901743312336339
family_a_003026_text_qr_mismatch,a42e56846a6bdb27,0.0,text_qr_mismatch,1,1,0.9903943215649926,0.9987454744937287
family_a_003027_qr_only_mismatch,a42e56846a6bdb27,0.0,qr_only_mismatch,1,1,0.9957497088001469,0.9993537410758645
family_a_003028_checksum_invalid,a42e56846a6bdb27,0.0,checksum_invalid,1,1,0.9978717523493643,0.9996036947796318
family_a_003029_format_invalid,a42e56846a6bdb27,0.0,format_invalid,1,1,1.0,0.9997746681419353
family_a_003030_field_missing,a42e56846a6bdb27,0.0,field_missing,1,1,1.0,0.9995206528890613
family_a_003031_fine_grained_edit,a42e56846a6bdb27,0.0,fine_grained_edit,1,1,0.9944086940883936,0.9973934526444468
family_a_003032_coordinated_full_forgery,a42e56846a6bdb27,0.0,coordinated_full_forgery,1,1,0.7750161040056479,0.7975146893504711
family_a_003033_visual_splice,a42e56846a6bdb27,0.0,visual_splice,1,1,0.9905723483219334,0.999144911167108
family_a_003034_visual_splice,a42e56846a6bdb27,0.0,visual_splice,1,1,1.0,0.9994095824335314
family_a_003035_visual_splice,a42e56846a6bdb27,0.0,visual_splice,1,1,0.994420742462343,0.9983299332654539
family_a_003036_genuine,4606560d2a4ddfc7,0.0,genuine,0,0,0.4891027131695125,0.4104233115440142
family_a_003037_text_qr_mismatch,4606560d2a4ddfc7,0.0,text_qr_mismatch,1,1,0.9981190302480023,0.9997266829838718
family_a_003038_qr_only_mismatch,4606560d2a4ddfc7,0.0,qr_only_mismatch,1,1,0.9752719794144445,0.9995307662165521
family_a_003039_checksum_invalid,4606560d2a4ddfc7,0.0,checksum_invalid,1,1,0.9978717523493643,0.9996629003654186
family_a_003040_format_invalid,4606560d2a4ddfc7,0.0,format_invalid,1,1,1.0,0.9997446966460888
family_a_003041_field_missing,4606560d2a4ddfc7,0.0,field_missing,1,1,0.9999842022116904,0.9996418786171899
family_a_003042_fine_grained_edit,4606560d2a4ddfc7,0.0,fine_grained_edit,1,1,0.9941621217726877,0.9995032008760377
family_a_003043_coordinated_full_forgery,4606560d2a4ddfc7,0.0,coordinated_full_forgery,1,1,0.7485417798814941,0.7526139576054959
family_a_003044_visual_splice,4606560d2a4ddfc7,0.0,visual_splice,1,1,0.9576439532409349,0.9623568938327447
family_a_003045_visual_splice,4606560d2a4ddfc7,0.0,visual_splice,1,1,0.9948734177215189,0.9994153879156414
family_a_003046_visual_splice,4606560d2a4ddfc7,0.0,visual_splice,1,1,0.9997413793103448,0.9993943003915843
family_a_003069_genuine,3d7156d3847fbdd5,0.0,genuine,0,0,0.6794477718281904,0.777594217496347
family_a_003070_text_qr_mismatch,3d7156d3847fbdd5,0.0,text_qr_mismatch,1,1,0.9954449897098445,0.9996509899671966
family_a_003071_qr_only_mismatch,3d7156d3847fbdd5,0.0,qr_only_mismatch,1,1,0.9954941008006776,0.999263294056231
family_a_003072_checksum_invalid,3d7156d3847fbdd5,0.0,checksum_invalid,1,1,0.9978717523493643,0.9998016250930417
family_a_003073_format_invalid,3d7156d3847fbdd5,0.0,format_invalid,1,1,0.9999842022116904,0.9996444083384143
family_a_003074_field_missing,3d7156d3847fbdd5,0.0,field_missing,1,1,0.9999842022116904,0.9996996475173626
family_a_003075_fine_grained_edit,3d7156d3847fbdd5,0.0,fine_grained_edit,1,1,0.9863780449882191,0.9992763201016551
family_a_003076_coordinated_full_forgery,3d7156d3847fbdd5,0.0,coordinated_full_forgery,1,1,0.7168121204787368,0.7304540536378049
family_a_003077_visual_splice,3d7156d3847fbdd5,0.0,visual_splice,1,1,0.7365939895850856,0.8234455456464943
family_a_003078_visual_splice,3d7156d3847fbdd5,0.0,visual_splice,1,1,0.7807454589372861,0.7309056996190815
family_a_003079_visual_splice,3d7156d3847fbdd5,0.0,visual_splice,1,1,0.7689078460264167,0.7321190581075476
family_a_003080_genuine,01a2f2e450e9f40c,0.0,genuine,0,0,0.7334224182513291,0.739607946779314
family_a_003081_text_qr_mismatch,01a2f2e450e9f40c,0.0,text_qr_mismatch,1,1,0.9960980248416651,0.999524647726083
family_a_003082_qr_only_mismatch,01a2f2e450e9f40c,0.0,qr_only_mismatch,1,1,0.9944049446740334,0.9997755428747196
family_a_003083_checksum_invalid,01a2f2e450e9f40c,0.0,checksum_invalid,1,1,0.9983606557377049,0.9996309340563048
family_a_003084_format_invalid,01a2f2e450e9f40c,0.0,format_invalid,1,1,1.0,0.9997303513931943
family_a_003085_field_missing,01a2f2e450e9f40c,0.0,field_missing,1,1,1.0,0.9996113148606914
family_a_003086_fine_grained_edit,01a2f2e450e9f40c,0.0,fine_grained_edit,1,1,0.9942094414625593,0.9997283973768394
family_a_003087_coordinated_full_forgery,01a2f2e450e9f40c,0.0,coordinated_full_forgery,1,1,0.8954750507105024,0.9279381246763296
family_a_003088_visual_splice,01a2f2e450e9f40c,0.0,visual_splice,1,1,0.7819132385491604,0.897423861319152
family_a_003089_visual_splice,01a2f2e450e9f40c,0.0,visual_splice,1,1,0.7719358025039811,0.7821375976327885
family_a_003090_visual_splice,01a2f2e450e9f40c,0.0,visual_splice,1,1,0.7054015431465314,0.7876637125000443
family_a_003091_genuine,30198e7c6150d4b1,0.0,genuine,0,0,0.7522212899357217,0.5885406638323853
family_a_003092_text_qr_mismatch,30198e7c6150d4b1,0.0,text_qr_mismatch,1,1,0.9940852052310359,0.9995475140465573
family_a_003093_qr_only_mismatch,30198e7c6150d4b1,0.0,qr_only_mismatch,1,1,0.994420742462343,0.9995548301941382
family_a_003094_checksum_invalid,30198e7c6150d4b1,0.0,checksum_invalid,1,1,0.9978717523493643,0.9998472632854045
family_a_003095_format_invalid,30198e7c6150d4b1,0.0,format_invalid,1,1,1.0,0.9998000567130554
family_a_003096_field_missing,30198e7c6150d4b1,0.0,field_missing,1,1,1.0,0.9994838743164549
family_a_003097_fine_grained_edit,30198e7c6150d4b1,0.0,fine_grained_edit,1,1,0.994420742462343,0.9995656396638745
family_a_003098_coordinated_full_forgery,30198e7c6150d4b1,0.0,coordinated_full_forgery,1,1,0.7906164630717989,0.8672340448236892
family_a_003099_visual_splice,30198e7c6150d4b1,0.0,visual_splice,1,1,0.989991324030739,0.999691748105676
family_a_003100_visual_splice,30198e7c6150d4b1,0.0,visual_splice,1,1,1.0,0.9996179247005013
family_a_003101_visual_splice,30198e7c6150d4b1,0.0,visual_splice,1,1,0.9963656366569341,0.9997234961068231
family_a_003102_genuine,1ba21b1f39cf7b00,0.0,genuine,0,0,0.5872328794879655,0.532711763627808
family_a_003103_text_qr_mismatch,1ba21b1f39cf7b00,0.0,text_qr_mismatch,1,1,0.8798218677516048,0.8466012360991814
family_a_003104_qr_only_mismatch,1ba21b1f39cf7b00,0.0,qr_only_mismatch,1,1,0.9981731422125572,0.9995221480011349
family_a_003105_checksum_invalid,1ba21b1f39cf7b00,0.0,checksum_invalid,1,1,0.9604225440353469,0.9897505639419208
family_a_003106_format_invalid,1ba21b1f39cf7b00,0.0,format_invalid,1,1,0.937369332451403,0.9641198519532265
family_a_003107_field_missing,1ba21b1f39cf7b00,0.0,field_missing,1,1,0.9650990687407276,0.9778873096940024
family_a_003108_fine_grained_edit,1ba21b1f39cf7b00,0.0,fine_grained_edit,1,1,0.9235736117768875,0.9499494332211275
family_a_003109_coordinated_full_forgery,1ba21b1f39cf7b00,0.0,coordinated_full_forgery,1,1,0.7945112959543343,0.854024326055874
family_a_003110_visual_splice,1ba21b1f39cf7b00,0.0,visual_splice,1,1,0.9628377145221666,0.9612436377904819
family_a_003111_visual_splice,1ba21b1f39cf7b00,0.0,visual_splice,1,1,0.9268855332963974,0.9532032605695469
family_a_003112_visual_splice,1ba21b1f39cf7b00,0.0,visual_splice,1,1,0.8799561685041634,0.927261370360618
family_a_003113_genuine,fadbfeaed4bece9c,0.0,genuine,0,0,0.6571021019720549,0.5979332322049726
family_a_003114_text_qr_mismatch,fadbfeaed4bece9c,0.0,text_qr_mismatch,1,1,0.9920765157307269,0.9996087843501843
family_a_003115_qr_only_mismatch,fadbfeaed4bece9c,0.0,qr_only_mismatch,1,1,0.9854463772783828,0.999351488909606
family_a_003116_checksum_invalid,fadbfeaed4bece9c,0.0,checksum_invalid,1,1,0.9978559545610547,0.9998042988959805
family_a_003117_format_invalid,fadbfeaed4bece9c,0.0,format_invalid,1,1,0.9924842022116904,0.9998190201610749
family_a_003118_field_missing,fadbfeaed4bece9c,0.0,field_missing,1,1,0.9999842022116904,0.9994709259464681
family_a_003119_fine_grained_edit,fadbfeaed4bece9c,0.0,fine_grained_edit,1,1,0.9944049446740334,0.9989535880675344
family_a_003120_coordinated_full_forgery,fadbfeaed4bece9c,0.0,coordinated_full_forgery,1,1,0.7713626721046087,0.7725748846879009
family_a_003121_visual_splice,fadbfeaed4bece9c,0.0,visual_splice,1,1,0.6868409574987566,0.6514814025432327
family_a_003122_visual_splice,fadbfeaed4bece9c,0.0,visual_splice,1,1,0.9947091204891421,0.9994760302133012
family_a_003123_visual_splice,fadbfeaed4bece9c,0.0,visual_splice,1,1,0.7556846628526995,0.7983248575790617
family_a_003135_genuine,4717381dfa9adb08,0.0,genuine,0,0,0.6046700516164353,0.4107464126585115
family_a_003136_text_qr_mismatch,4717381dfa9adb08,0.0,text_qr_mismatch,1,1,0.9772354497354497,0.9990953350196373
family_a_003137_qr_only_mismatch,4717381dfa9adb08,0.0,qr_only_mismatch,1,1,0.9958515836222219,0.9987513227374943
family_a_003138_checksum_invalid,4717381dfa9adb08,0.0,checksum_invalid,1,1,0.9983448579493954,0.9997871467115553
family_a_003139_format_invalid,4717381dfa9adb08,0.0,format_invalid,1,1,0.9999842022116904,0.9995455039309472
family_a_003140_field_missing,4717381dfa9adb08,0.0,field_missing,1,1,1.0,0.9997117677670152
family_a_003141_fine_grained_edit,4717381dfa9adb08,0.0,fine_grained_edit,1,1,0.9924947272842221,0.9980352364158531
family_a_003142_coordinated_full_forgery,4717381dfa9adb08,0.0,coordinated_full_forgery,1,1,0.7307021347671966,0.7045320753415032
family_a_003143_visual_splice,4717381dfa9adb08,0.0,visual_splice,1,1,0.7764667242186983,0.8866190476065948
family_a_003144_visual_splice,4717381dfa9adb08,0.0,visual_splice,1,1,0.7907372304117665,0.8617373658429924
family_a_003145_visual_splice,4717381dfa9adb08,0.0,visual_splice,1,1,0.9914681613696453,0.9978968007970079
family_a_003168_genuine,d7fca3fe32242215,0.0,genuine,0,0,0.7074935126746696,0.5105888065685428
family_a_003169_text_qr_mismatch,d7fca3fe32242215,0.0,text_qr_mismatch,1,1,0.9883717651123902,0.9995333051143451
family_a_003170_qr_only_mismatch,d7fca3fe32242215,0.0,qr_only_mismatch,1,1,0.9941515183072102,0.9994222165073542
family_a_003171_checksum_invalid,d7fca3fe32242215,0.0,checksum_invalid,1,1,0.9137002064948662,0.9903667242215577
family_a_003172_format_invalid,d7fca3fe32242215,0.0,format_invalid,1,1,1.0,0.9998343208805847
family_a_003173_field_missing,d7fca3fe32242215,0.0,field_missing,1,1,1.0,0.9997258177384958
family_a_003174_fine_grained_edit,d7fca3fe32242215,0.0,fine_grained_edit,1,1,0.9933717651123902,0.9992998151092813
family_a_003175_coordinated_full_forgery,d7fca3fe32242215,0.0,coordinated_full_forgery,1,1,0.7871652755846108,0.7737436192918485
family_a_003176_visual_splice,d7fca3fe32242215,0.0,visual_splice,1,1,0.775749185801162,0.7577846858986104
family_a_003177_visual_splice,d7fca3fe32242215,0.0,visual_splice,1,1,0.7408931056802395,0.6069491122390966
family_a_003178_visual_splice,d7fca3fe32242215,0.0,visual_splice,1,1,0.9928450976156447,0.9996797932892154
family_a_003179_genuine,382c4e2d0f50fe6b,0.0,genuine,0,0,0.7010869849539908,0.497072140854904
family_a_003180_text_qr_mismatch,382c4e2d0f50fe6b,0.0,text_qr_mismatch,1,1,0.9949828446123695,0.9997833915442007
family_a_003181_qr_only_mismatch,382c4e2d0f50fe6b,0.0,qr_only_mismatch,1,1,0.992416635062054,0.9990665964684667
family_a_003182_checksum_invalid,382c4e2d0f50fe6b,0.0,checksum_invalid,1,1,0.9978717523493643,0.9997800669943321
family_a_003183_format_invalid,382c4e2d0f50fe6b,0.0,format_invalid,1,1,1.0,0.999821567852668
family_a_003184_field_missing,382c4e2d0f50fe6b,0.0,field_missing,1,1,1.0,0.9996658339898592
family_a_003185_fine_grained_edit,382c4e2d0f50fe6b,0.0,fine_grained_edit,1,1,0.994420742462343,0.9983987047699461
family_a_003186_coordinated_full_forgery,382c4e2d0f50fe6b,0.0,coordinated_full_forgery,1,1,0.8129168192844592,0.8631918390360585
family_a_003187_visual_splice,382c4e2d0f50fe6b,0.0,visual_splice,1,1,0.9977640197575377,0.9986355081401789
family_a_003188_visual_splice,382c4e2d0f50fe6b,0.0,visual_splice,1,1,0.7885578117570785,0.8401524052491184
family_a_003189_visual_splice,382c4e2d0f50fe6b,0.0,visual_splice,1,1,0.7778362093983627,0.786431332519034
family_a_003201_genuine,4066991dc1fbc339,0.0,genuine,0,0,0.6572396896324293,0.615010645347977
family_a_003202_text_qr_mismatch,4066991dc1fbc339,0.0,text_qr_mismatch,1,1,0.9927540757956763,0.9996283629807651
family_a_003203_qr_only_mismatch,4066991dc1fbc339,0.0,qr_only_mismatch,1,1,0.9785586734968257,0.9993398972171694
family_a_003204_checksum_invalid,4066991dc1fbc339,0.0,checksum_invalid,1,1,0.9983606557377049,0.999836535807153
family_a_003205_format_invalid,4066991dc1fbc339,0.0,format_invalid,1,1,1.0,0.9997385014289686
family_a_003206_field_missing,4066991dc1fbc339,0.0,field_missing,1,1,0.9946666666666666,0.9996341846881401
family_a_003207_fine_grained_edit,4066991dc1fbc339,0.0,fine_grained_edit,1,1,0.9954941008006776,0.9996664867404973
family_a_003208_coordinated_full_forgery,4066991dc1fbc339,0.0,coordinated_full_forgery,1,1,0.7580541412506868,0.7617662780382739
family_a_003209_visual_splice,4066991dc1fbc339,0.0,visual_splice,1,1,0.821512354468584,0.7940707856192594
family_a_003210_visual_splice,4066991dc1fbc339,0.0,visual_splice,1,1,0.9953663175245918,0.9949946354821948
family_a_003211_visual_splice,4066991dc1fbc339,0.0,visual_splice,1,1,0.8376586618270951,0.9606698036124723
family_a_003212_genuine,436fc3f5ed50c55f,0.0,genuine,0,0,0.7093817177601628,0.7321539068399553
family_a_003213_text_qr_mismatch,436fc3f5ed50c55f,0.0,text_qr_mismatch,1,1,0.8982908209243416,0.8716067937055034
family_a_003214_qr_only_mismatch,436fc3f5ed50c55f,0.0,qr_only_mismatch,1,1,0.9935716858585694,0.9996385120486949
family_a_003215_checksum_invalid,436fc3f5ed50c55f,0.0,checksum_invalid,1,1,0.9605722202256259,0.9847210775626195
family_a_003216_format_invalid,436fc3f5ed50c55f,0.0,format_invalid,1,1,0.9521417590662712,0.9720046228196961
family_a_003217_field_missing,436fc3f5ed50c55f,0.0,field_missing,1,1,0.9792723468515057,0.9823608411321098
family_a_003218_fine_grained_edit,436fc3f5ed50c55f,0.0,fine_grained_edit,1,1,0.906426956568488,0.9055893494751034
family_a_003219_coordinated_full_forgery,436fc3f5ed50c55f,0.0,coordinated_full_forgery,1,1,0.7675754542183704,0.7938377018559681
family_a_003220_visual_splice,436fc3f5ed50c55f,0.0,visual_splice,1,1,0.888999023510006,0.8568817948555865
family_a_003221_visual_splice,436fc3f5ed50c55f,0.0,visual_splice,1,1,0.9006803859786018,0.9166614008897893
family_a_003222_visual_splice,436fc3f5ed50c55f,0.0,visual_splice,1,1,0.8641940776179792,0.8566691597193052
family_a_003223_genuine,9b87297b8df2bac3,0.0,genuine,0,0,0.6848310155072967,0.5310472976826912
family_a_003224_text_qr_mismatch,9b87297b8df2bac3,0.0,text_qr_mismatch,1,1,0.9854463772783828,0.9993785917155791
family_a_003225_qr_only_mismatch,9b87297b8df2bac3,0.0,qr_only_mismatch,1,1,0.9947052371445539,0.999550520558609
family_a_003226_checksum_invalid,9b87297b8df2bac3,0.0,checksum_invalid,1,1,0.9978559545610547,0.9995352287776089
family_a_003227_format_invalid,9b87297b8df2bac3,0.0,format_invalid,1,1,0.9999842022116904,0.9998255124188338
family_a_003228_field_missing,9b87297b8df2bac3,0.0,field_missing,1,1,0.9999842022116904,0.9994971870787795
family_a_003229_fine_grained_edit,9b87297b8df2bac3,0.0,fine_grained_edit,1,1,0.9958557822066989,0.9987480519739997
family_a_003230_coordinated_full_forgery,9b87297b8df2bac3,0.0,coordinated_full_forgery,1,1,0.9080059192288331,0.9676567180808896
family_a_003231_visual_splice,9b87297b8df2bac3,0.0,visual_splice,1,1,0.6440567136694899,0.6472913330215011
family_a_003232_visual_splice,9b87297b8df2bac3,0.0,visual_splice,1,1,0.7855929072158765,0.7977148452956729
family_a_003233_visual_splice,9b87297b8df2bac3,0.0,visual_splice,1,1,0.9979787729956762,0.9996559902005404
family_a_003234_genuine,c42b17192c95156b,0.0,genuine,0,0,0.5388868706162926,0.34646714986957805
family_a_003235_text_qr_mismatch,c42b17192c95156b,0.0,text_qr_mismatch,1,1,0.9927027953442777,0.9992213840819306
family_a_003236_qr_only_mismatch,c42b17192c95156b,0.0,qr_only_mismatch,1,1,0.9871258008945081,0.9995636331786519
family_a_003237_checksum_invalid,c42b17192c95156b,0.0,checksum_invalid,1,1,0.9983606557377049,0.9997579734741413
family_a_003238_format_invalid,c42b17192c95156b,0.0,format_invalid,1,1,1.0,0.9997850231653884
family_a_003239_field_missing,c42b17192c95156b,0.0,field_missing,1,1,0.995,0.9983328067206304
family_a_003240_fine_grained_edit,c42b17192c95156b,0.0,fine_grained_edit,1,1,0.993541371069172,0.9990730966679015
family_a_003241_coordinated_full_forgery,c42b17192c95156b,0.0,coordinated_full_forgery,1,1,0.7737908618644,0.7985729227845909
family_a_003242_visual_splice,c42b17192c95156b,0.0,visual_splice,1,1,0.7457040732486595,0.7192655442426428
family_a_003243_visual_splice,c42b17192c95156b,0.0,visual_splice,1,1,0.9980602011706403,0.9985937406129708
family_a_003244_visual_splice,c42b17192c95156b,0.0,visual_splice,1,1,0.9977798175458473,0.9998350540713921
family_a_003245_genuine,f50a21446c27fe22,0.0,genuine,0,0,0.576976047104323,0.5940517407857394
family_a_003246_text_qr_mismatch,f50a21446c27fe22,0.0,text_qr_mismatch,1,1,0.9980320282986469,0.9992817963458572
family_a_003247_qr_only_mismatch,f50a21446c27fe22,0.0,qr_only_mismatch,1,1,0.9963119214182194,0.9997425315445404
family_a_003248_checksum_invalid,f50a21446c27fe22,0.0,checksum_invalid,1,1,0.9983606557377049,0.9998352168391235
family_a_003249_format_invalid,f50a21446c27fe22,0.0,format_invalid,1,1,0.9999842022116904,0.9996624171694543
family_a_003250_field_missing,f50a21446c27fe22,0.0,field_missing,1,1,0.9999842022116904,0.9995410280447986
family_a_003251_fine_grained_edit,f50a21446c27fe22,0.0,fine_grained_edit,1,1,0.9955186996163096,0.999731251889938
family_a_003252_coordinated_full_forgery,f50a21446c27fe22,0.0,coordinated_full_forgery,1,1,0.778490566669106,0.7724191007845571
family_a_003253_visual_splice,f50a21446c27fe22,0.0,visual_splice,1,1,0.8120551381303974,0.81554020306541
family_a_003254_visual_splice,f50a21446c27fe22,0.0,visual_splice,1,1,0.8115390269200131,0.9048326076886891
family_a_003255_visual_splice,f50a21446c27fe22,0.0,visual_splice,1,1,0.750283326456476,0.8026671983690804
family_a_003256_genuine,ee1c56fb6898911b,0.0,genuine,0,0,0.7087856998345226,0.43651452480375164
family_a_003257_text_qr_mismatch,ee1c56fb6898911b,0.0,text_qr_mismatch,1,1,0.9963119214182194,0.9995760565906652
family_a_003258_qr_only_mismatch,ee1c56fb6898911b,0.0,qr_only_mismatch,1,1,0.9962086209391543,0.9993891353107275
family_a_003259_checksum_invalid,ee1c56fb6898911b,0.0,checksum_invalid,1,1,0.9978717523493643,0.9997897383642785
family_a_003260_format_invalid,ee1c56fb6898911b,0.0,format_invalid,1,1,1.0,0.9994657657239674
family_a_003261_field_missing,ee1c56fb6898911b,0.0,field_missing,1,1,0.9999842022116904,0.9995783490129387
family_a_003262_fine_grained_edit,ee1c56fb6898911b,0.0,fine_grained_edit,1,1,0.9909140459736204,0.9997791234410414
family_a_003263_coordinated_full_forgery,ee1c56fb6898911b,0.0,coordinated_full_forgery,1,1,0.8008466329109066,0.8942125244392878
family_a_003264_visual_splice,ee1c56fb6898911b,0.0,visual_splice,1,1,0.9979145215229019,0.9995047045410106
family_a_003265_visual_splice,ee1c56fb6898911b,0.0,visual_splice,1,1,0.7408797586232667,0.8192280539417045
family_a_003266_visual_splice,ee1c56fb6898911b,0.0,visual_splice,1,1,0.7901540195937605,0.8443019358338637
family_a_003267_genuine,8bd962ad873ba868,0.0,genuine,0,0,0.5392150026413927,0.5028619654173176
family_a_003268_text_qr_mismatch,8bd962ad873ba868,0.0,text_qr_mismatch,1,1,0.9915516664722631,0.9991380730713278
family_a_003269_qr_only_mismatch,8bd962ad873ba868,0.0,qr_only_mismatch,1,1,0.9887146834311991,0.999658057616125
family_a_003270_checksum_invalid,8bd962ad873ba868,0.0,checksum_invalid,1,1,0.9978717523493643,0.9996409001381394
family_a_003271_format_invalid,8bd962ad873ba868,0.0,format_invalid,1,1,0.9919842022116905,0.9997782486099842
family_a_003272_field_missing,8bd962ad873ba868,0.0,field_missing,1,1,0.9999842022116904,0.9997833213958198
family_a_003273_fine_grained_edit,8bd962ad873ba868,0.0,fine_grained_edit,1,1,0.9812907347663085,0.9996239764687197
family_a_003274_coordinated_full_forgery,8bd962ad873ba868,0.0,coordinated_full_forgery,1,1,0.8032692818372011,0.8156960685383139
family_a_003275_visual_splice,8bd962ad873ba868,0.0,visual_splice,1,1,0.8890027409577614,0.9590345436070683
family_a_003276_visual_splice,8bd962ad873ba868,0.0,visual_splice,1,1,0.6956234465515214,0.8727571419474632
family_a_003277_visual_splice,8bd962ad873ba868,0.0,visual_splice,1,1,0.8019765028649437,0.9092719238926438
family_a_003278_genuine,b899bd67ed2f5ee4,0.0,genuine,0,0,0.6925829116554627,0.6011971750213885
family_a_003279_text_qr_mismatch,b899bd67ed2f5ee4,0.0,text_qr_mismatch,1,1,0.9913780460319279,0.9980519912051506
family_a_003280_qr_only_mismatch,b899bd67ed2f5ee4,0.0,qr_only_mismatch,1,1,0.9973879392444208,0.999625561482193
family_a_003281_checksum_invalid,b899bd67ed2f5ee4,0.0,checksum_invalid,1,1,0.9983606557377049,0.9997756273591386
family_a_003282_format_invalid,b899bd67ed2f5ee4,0.0,format_invalid,1,1,0.9996147970318637,0.9997375616319643
family_a_003283_field_missing,b899bd67ed2f5ee4,0.0,field_missing,1,1,1.0,0.9997257767740556
family_a_003284_fine_grained_edit,b899bd67ed2f5ee4,0.0,fine_grained_edit,1,1,0.9936697764763532,0.9992973955723317
family_a_003285_coordinated_full_forgery,b899bd67ed2f5ee4,0.0,coordinated_full_forgery,1,1,0.8883200639338491,0.9518498855951187
family_a_003286_visual_splice,b899bd67ed2f5ee4,0.0,visual_splice,1,1,1.0,0.9995428380443839
family_a_003287_visual_splice,b899bd67ed2f5ee4,0.0,visual_splice,1,1,1.0,0.9985868698290211
family_a_003288_visual_splice,b899bd67ed2f5ee4,0.0,visual_splice,1,1,0.9924192474206474,0.9989211272971291
family_a_003300_genuine,7e8472b4b8cf5b17,0.0,genuine,0,0,0.7578095966155243,0.7193493898401683
family_a_003301_text_qr_mismatch,7e8472b4b8cf5b17,0.0,text_qr_mismatch,1,1,0.9899723177285986,0.9984207006634928
family_a_003302_qr_only_mismatch,7e8472b4b8cf5b17,0.0,qr_only_mismatch,1,1,0.9958672323747928,0.999685655228664
family_a_003303_checksum_invalid,7e8472b4b8cf5b17,0.0,checksum_invalid,1,1,0.9978717523493643,0.9997651831256257
family_a_003304_format_invalid,7e8472b4b8cf5b17,0.0,format_invalid,1,1,1.0,0.9995950018248474
family_a_003305_field_missing,7e8472b4b8cf5b17,0.0,field_missing,1,1,0.9999842022116904,0.9994516467545762
family_a_003306_fine_grained_edit,7e8472b4b8cf5b17,0.0,fine_grained_edit,1,1,0.9958515836222219,0.9968685474977573
family_a_003307_coordinated_full_forgery,7e8472b4b8cf5b17,0.0,coordinated_full_forgery,1,1,0.7326991381439997,0.671238461108163
family_a_003308_visual_splice,7e8472b4b8cf5b17,0.0,visual_splice,1,1,0.994420742462343,0.9992855848327712
family_a_003309_visual_splice,7e8472b4b8cf5b17,0.0,visual_splice,1,1,0.9911556613696452,0.9975532715417446
family_a_003310_visual_splice,7e8472b4b8cf5b17,0.0,visual_splice,1,1,0.9960822270533555,0.999737301593402
family_a_003311_genuine,92a1915ac3712aea,0.0,genuine,0,0,0.48363580047742116,0.46101862238706737
family_a_003312_text_qr_mismatch,92a1915ac3712aea,0.0,text_qr_mismatch,1,1,0.9857040828837359,0.9996095184315942
family_a_003313_qr_only_mismatch,92a1915ac3712aea,0.0,qr_only_mismatch,1,1,0.9954941008006776,0.9990181478350483
family_a_003314_checksum_invalid,92a1915ac3712aea,0.0,checksum_invalid,1,1,0.9961432812279124,0.9997601644680347
family_a_003315_format_invalid,92a1915ac3712aea,0.0,format_invalid,1,1,0.9999842022116904,0.9998104124615105
family_a_003316_field_missing,92a1915ac3712aea,0.0,field_missing,1,1,1.0,0.9995719533504079
family_a_003317_fine_grained_edit,92a1915ac3712aea,0.0,fine_grained_edit,1,1,0.979928433979645,0.9979695663438631
family_a_003318_coordinated_full_forgery,92a1915ac3712aea,0.0,coordinated_full_forgery,1,1,0.7416613727021898,0.8125967913918205
family_a_003319_visual_splice,92a1915ac3712aea,0.0,visual_splice,1,1,0.7852044749326427,0.8876328087553683
family_a_003320_visual_splice,92a1915ac3712aea,0.0,visual_splice,1,1,0.9490793974055174,0.946425860068171
family_a_003321_visual_splice,92a1915ac3712aea,0.0,visual_splice,1,1,0.9877260704778873,0.9978229610597238
family_a_003344_genuine,64ec01e0706b4647,0.0,genuine,0,0,0.6787250873840946,0.5973697434473271
family_a_003345_text_qr_mismatch,64ec01e0706b4647,0.0,text_qr_mismatch,1,1,0.9940852052310359,0.9995550449884136
family_a_003346_qr_only_mismatch,64ec01e0706b4647,0.0,qr_only_mismatch,1,1,0.9962798175458473,0.9998732835013567
family_a_003347_checksum_invalid,64ec01e0706b4647,0.0,checksum_invalid,1,1,0.9983448579493954,0.9998541757642567
family_a_003348_format_invalid,64ec01e0706b4647,0.0,format_invalid,1,1,1.0,0.9998088941073365
family_a_003349_field_missing,64ec01e0706b4647,0.0,field_missing,1,1,1.0,0.9996097214859656
family_a_003350_fine_grained_edit,64ec01e0706b4647,0.0,fine_grained_edit,1,1,0.994420742462343,0.9993066993184073
family_a_003351_coordinated_full_forgery,64ec01e0706b4647,0.0,coordinated_full_forgery,1,1,0.7108790011280337,0.792745769490565
family_a_003352_visual_splice,64ec01e0706b4647,0.0,visual_splice,1,1,0.7697636384282545,0.8108153820363502
family_a_003353_visual_splice,64ec01e0706b4647,0.0,visual_splice,1,1,0.7726711231958645,0.6982710206953925
family_a_003354_visual_splice,64ec01e0706b4647,0.0,visual_splice,1,1,0.9963023339337829,0.9997825070064573
family_a_003355_genuine,58d1f817ebc4366b,0.0,genuine,0,0,0.6657551366066876,0.6381234318772105
family_a_003356_text_qr_mismatch,58d1f817ebc4366b,0.0,text_qr_mismatch,1,1,0.9947091204891421,0.9994434641870752
family_a_003357_qr_only_mismatch,58d1f817ebc4366b,0.0,qr_only_mismatch,1,1,0.9889766034927361,0.9997113790414343
family_a_003358_checksum_invalid,58d1f817ebc4366b,0.0,checksum_invalid,1,1,0.9978717523493643,0.9998326077911754
family_a_003359_format_invalid,58d1f817ebc4366b,0.0,format_invalid,1,1,1.0,0.9997555075835256
family_a_003360_field_missing,58d1f817ebc4366b,0.0,field_missing,1,1,0.9966666666666666,0.9994596990735497
family_a_003361_fine_grained_edit,58d1f817ebc4366b,0.0,fine_grained_edit,1,1,0.9946420828634578,0.9993361112116773
family_a_003362_coordinated_full_forgery,58d1f817ebc4366b,0.0,coordinated_full_forgery,1,1,0.7316568835219974,0.8021282175734867
family_a_003363_visual_splice,58d1f817ebc4366b,0.0,visual_splice,1,1,0.9942141657159825,0.9995880553467675
family_a_003364_visual_splice,58d1f817ebc4366b,0.0,visual_splice,1,1,0.7952236977106882,0.8125154139000011
family_a_003365_visual_splice,58d1f817ebc4366b,0.0,visual_splice,1,1,0.9930747126436781,0.999320341325184
family_a_003377_genuine,d412cf4135faa8da,0.0,genuine,0,0,0.7161130480343794,0.5288720614856227
family_a_003378_text_qr_mismatch,d412cf4135faa8da,0.0,text_qr_mismatch,1,1,0.9943461155966713,0.9995051183836603
family_a_003379_qr_only_mismatch,d412cf4135faa8da,0.0,qr_only_mismatch,1,1,0.9958084032974306,0.9997069148215665
family_a_003380_checksum_invalid,d412cf4135faa8da,0.0,checksum_invalid,1,1,0.9868717523493643,0.9995630073510811
family_a_003381_format_invalid,d412cf4135faa8da,0.0,format_invalid,1,1,1.0,0.9997830591490816
family_a_003382_field_missing,d412cf4135faa8da,0.0,field_missing,1,1,1.0,0.9993616963183358
family_a_003383_fine_grained_edit,d412cf4135faa8da,0.0,fine_grained_edit,1,1,0.9957769567565501,0.9995789477466129
family_a_003384_coordinated_full_forgery,d412cf4135faa8da,0.0,coordinated_full_forgery,1,1,0.809534792466552,0.9214048654520249
family_a_003385_visual_splice,d412cf4135faa8da,0.0,visual_splice,1,1,0.7483809241211108,0.7082298052094124
family_a_003386_visual_splice,d412cf4135faa8da,0.0,visual_splice,1,1,0.8005276393236409,0.8957057883574727
family_a_003387_visual_splice,d412cf4135faa8da,0.0,visual_splice,1,1,0.7742277356747284,0.7638395105536714
family_a_003388_genuine,43e475306cda26f2,0.0,genuine,0,0,0.591162519276254,0.5479457093356148
family_a_003389_text_qr_mismatch,43e475306cda26f2,0.0,text_qr_mismatch,1,1,0.9947435513207992,0.999669785033704
family_a_003390_qr_only_mismatch,43e475306cda26f2,0.0,qr_only_mismatch,1,1,0.9874489382912293,0.9995458919753369
family_a_003391_checksum_invalid,43e475306cda26f2,0.0,checksum_invalid,1,1,0.9873129251700681,0.999568950485276
family_a_003392_format_invalid,43e475306cda26f2,0.0,format_invalid,1,1,0.9999842022116904,0.9998480168976897
family_a_003393_field_missing,43e475306cda26f2,0.0,field_missing,1,1,1.0,0.999704636289098
family_a_003394_fine_grained_edit,43e475306cda26f2,0.0,fine_grained_edit,1,1,0.9892113545185615,0.9996475284085397
family_a_003395_coordinated_full_forgery,43e475306cda26f2,0.0,coordinated_full_forgery,1,1,0.775929078658639,0.7308744125545316
family_a_003396_visual_splice,43e475306cda26f2,0.0,visual_splice,1,1,0.9872553339705754,0.9998080410316471
family_a_003397_visual_splice,43e475306cda26f2,0.0,visual_splice,1,1,0.7860978128888609,0.754714860613159
family_a_003398_visual_splice,43e475306cda26f2,0.0,visual_splice,1,1,0.9981573444242475,0.9998035830780599
family_a_003399_genuine,480594a119e8a196,0.0,genuine,0,0,0.6528536663611243,0.5854229120994866
family_a_003400_text_qr_mismatch,480594a119e8a196,0.0,text_qr_mismatch,1,1,0.9947052371445539,0.9996256188350218
family_a_003401_qr_only_mismatch,480594a119e8a196,0.0,qr_only_mismatch,1,1,0.9779204480937957,0.9979247473339791
family_a_003402_checksum_invalid,480594a119e8a196,0.0,checksum_invalid,1,1,0.9978717523493643,0.9997567669088132
family_a_003403_format_invalid,480594a119e8a196,0.0,format_invalid,1,1,0.9999842022116904,0.9998395236910821
family_a_003404_field_missing,480594a119e8a196,0.0,field_missing,1,1,1.0,0.9990499168392295
family_a_003405_fine_grained_edit,480594a119e8a196,0.0,fine_grained_edit,1,1,0.9930566008006775,0.9996237703568789
family_a_003406_coordinated_full_forgery,480594a119e8a196,0.0,coordinated_full_forgery,1,1,0.8018183587065338,0.7398354649408403
family_a_003407_visual_splice,480594a119e8a196,0.0,visual_splice,1,1,0.8134579261250822,0.8893523712620164
family_a_003408_visual_splice,480594a119e8a196,0.0,visual_splice,1,1,0.7845430382953253,0.9267366447586325
family_a_003409_visual_splice,480594a119e8a196,0.0,visual_splice,1,1,0.9999842022116904,0.9991043827017148
family_a_003410_genuine,4b558300e41a38a9,0.0,genuine,0,0,0.7483224011796942,0.7386843251529822
family_a_003411_text_qr_mismatch,4b558300e41a38a9,0.0,text_qr_mismatch,1,1,0.9962594403570503,0.9996844283769367
family_a_003412_qr_only_mismatch,4b558300e41a38a9,0.0,qr_only_mismatch,1,1,0.9851259415655014,0.9996974490632454
family_a_003413_checksum_invalid,4b558300e41a38a9,0.0,checksum_invalid,1,1,0.9978717523493643,0.9997942249014221
family_a_003414_format_invalid,4b558300e41a38a9,0.0,format_invalid,1,1,1.0,0.9997800044064428
family_a_003415_field_missing,4b558300e41a38a9,0.0,field_missing,1,1,0.9999842022116904,0.9996512174882696
family_a_003416_fine_grained_edit,4b558300e41a38a9,0.0,fine_grained_edit,1,1,0.9841486934135482,0.9994097062134462
family_a_003417_coordinated_full_forgery,4b558300e41a38a9,0.0,coordinated_full_forgery,1,1,0.868889511647607,0.9251424625161849
family_a_003418_visual_splice,4b558300e41a38a9,0.0,visual_splice,1,1,0.9945273088792238,0.9962700775846857
family_a_003419_visual_splice,4b558300e41a38a9,0.0,visual_splice,1,1,0.9940044462893881,0.9996449636976574
family_a_003420_visual_splice,4b558300e41a38a9,0.0,visual_splice,1,1,0.7704239801432243,0.8508617690396373
family_a_003421_genuine,cb15e933f65e8ffb,0.0,genuine,0,0,0.6809059277918855,0.30418950602083344
family_a_003422_text_qr_mismatch,cb15e933f65e8ffb,0.0,text_qr_mismatch,1,1,0.9872560409822584,0.999592688369988
family_a_003423_qr_only_mismatch,cb15e933f65e8ffb,0.0,qr_only_mismatch,1,1,0.9906314587640747,0.999504936367979
family_a_003424_checksum_invalid,cb15e933f65e8ffb,0.0,checksum_invalid,1,1,0.937437636236178,0.9416561734337474
family_a_003425_format_invalid,cb15e933f65e8ffb,0.0,format_invalid,1,1,1.0,0.9997418350839918
family_a_003426_field_missing,cb15e933f65e8ffb,0.0,field_missing,1,1,0.9919690265486726,0.9988276901595042
family_a_003427_fine_grained_edit,cb15e933f65e8ffb,0.0,fine_grained_edit,1,1,0.9930811176273912,0.9992159323989537
family_a_003428_coordinated_full_forgery,cb15e933f65e8ffb,0.0,coordinated_full_forgery,1,1,0.7503152021154716,0.7192655442426428
family_a_003429_visual_splice,cb15e933f65e8ffb,0.0,visual_splice,1,1,0.9112291776211525,0.9647787947265848
family_a_003430_visual_splice,cb15e933f65e8ffb,0.0,visual_splice,1,1,0.8659835149005842,0.9294996547252307
family_a_003431_visual_splice,cb15e933f65e8ffb,0.0,visual_splice,1,1,0.8782073089736719,0.9289636293500718
family_a_003432_genuine,38cc6ec61d1f0326,0.0,genuine,0,0,0.7073667851690564,0.728353055650768
family_a_003433_text_qr_mismatch,38cc6ec61d1f0326,0.0,text_qr_mismatch,1,1,0.9830776621945838,0.999378745172706
family_a_003434_qr_only_mismatch,38cc6ec61d1f0326,0.0,qr_only_mismatch,1,1,0.994420742462343,0.9995205297153331
family_a_003435_checksum_invalid,38cc6ec61d1f0326,0.0,checksum_invalid,1,1,0.9962626446231378,0.9997945688802725
family_a_003436_format_invalid,38cc6ec61d1f0326,0.0,format_invalid,1,1,0.9997413793103448,0.9997895733528643
family_a_003437_field_missing,38cc6ec61d1f0326,0.0,field_missing,1,1,1.0,0.9994179348734192
family_a_003438_fine_grained_edit,38cc6ec61d1f0326,0.0,fine_grained_edit,1,1,0.9916837273985234,0.997843032645204
family_a_003439_coordinated_full_forgery,38cc6ec61d1f0326,0.0,coordinated_full_forgery,1,1,0.7500700681688702,0.8527942936076348
family_a_003440_visual_splice,38cc6ec61d1f0326,0.0,visual_splice,1,1,0.7747325337472875,0.7283551231091187
family_a_003441_visual_splice,38cc6ec61d1f0326,0.0,visual_splice,1,1,0.8092373569604121,0.8855182069271685
family_a_003442_visual_splice,38cc6ec61d1f0326,0.0,visual_splice,1,1,0.7732737002373608,0.8189720434419885
family_a_003454_genuine,3163df10a9e2f346,0.0,genuine,0,0,0.6054956068310751,0.5736602832633231
family_a_003455_text_qr_mismatch,3163df10a9e2f346,0.0,text_qr_mismatch,1,1,0.9960269157974628,0.9997684167957502
family_a_003456_qr_only_mismatch,3163df10a9e2f346,0.0,qr_only_mismatch,1,1,0.9870333355962329,0.9985273297455034
family_a_003457_checksum_invalid,3163df10a9e2f346,0.0,checksum_invalid,1,1,0.9983606557377049,0.9996951200770265
family_a_003458_format_invalid,3163df10a9e2f346,0.0,format_invalid,1,1,1.0,0.9995991268623794
family_a_003459_field_missing,3163df10a9e2f346,0.0,field_missing,1,1,1.0,0.9995271058449725
family_a_003460_fine_grained_edit,3163df10a9e2f346,0.0,fine_grained_edit,1,1,0.9726399898462604,0.9940075325392814
family_a_003461_coordinated_full_forgery,3163df10a9e2f346,0.0,coordinated_full_forgery,1,1,0.8164970107705533,0.8494070582287555
family_a_003462_visual_splice,3163df10a9e2f346,0.0,visual_splice,1,1,0.7807862562195386,0.7475025134848858
family_a_003463_visual_splice,3163df10a9e2f346,0.0,visual_splice,1,1,0.9962798175458473,0.9994268062540368
family_a_003464_visual_splice,3163df10a9e2f346,0.0,visual_splice,1,1,0.9943841897416545,0.9995112760880175
family_a_003465_genuine,034f681b72ebfc38,0.0,genuine,0,0,0.7003966583712298,0.6383660963195533
family_a_003466_text_qr_mismatch,034f681b72ebfc38,0.0,text_qr_mismatch,1,1,0.982206822518599,0.9966039044766385
family_a_003467_qr_only_mismatch,034f681b72ebfc38,0.0,qr_only_mismatch,1,1,0.9981731422125572,0.9994214705051833
family_a_003468_checksum_invalid,034f681b72ebfc38,0.0,checksum_invalid,1,1,0.9983606557377049,0.9994526861884723
family_a_003469_format_invalid,034f681b72ebfc38,0.0,format_invalid,1,1,0.995,0.9995590297244854
family_a_003470_field_missing,034f681b72ebfc38,0.0,field_missing,1,1,1.0,0.9995248273006323
family_a_003471_fine_grained_edit,034f681b72ebfc38,0.0,fine_grained_edit,1,1,0.9831720993427705,0.9983109271376012
family_a_003472_coordinated_full_forgery,034f681b72ebfc38,0.0,coordinated_full_forgery,1,1,0.80390663028046,0.9583245620517626
family_a_003473_visual_splice,034f681b72ebfc38,0.0,visual_splice,1,1,0.7969415659868333,0.8396068441748821
family_a_003474_visual_splice,034f681b72ebfc38,0.0,visual_splice,1,1,0.9959850837997483,0.9996497496021504
family_a_003475_visual_splice,034f681b72ebfc38,0.0,visual_splice,1,1,0.995913974755546,0.9992726419863007
family_a_003476_genuine,7606def78c6d45c8,0.0,genuine,0,0,0.705323677869529,0.7108498558787004
family_a_003477_text_qr_mismatch,7606def78c6d45c8,0.0,text_qr_mismatch,1,1,0.9965561008209556,0.9995575359597505
family_a_003478_qr_only_mismatch,7606def78c6d45c8,0.0,qr_only_mismatch,1,1,0.9947091204891421,0.9997000677908278
family_a_003479_checksum_invalid,7606def78c6d45c8,0.0,checksum_invalid,1,1,0.9983606557377049,0.9999054964905258
family_a_003480_format_invalid,7606def78c6d45c8,0.0,format_invalid,1,1,1.0,0.9997093583758033
family_a_003481_field_missing,7606def78c6d45c8,0.0,field_missing,1,1,1.0,0.9995431512813349
family_a_003482_fine_grained_edit,7606def78c6d45c8,0.0,fine_grained_edit,1,1,0.994420742462343,0.9996506912611789
family_a_003483_coordinated_full_forgery,7606def78c6d45c8,0.0,coordinated_full_forgery,1,1,0.7836445591240527,0.8435190881930618
family_a_003484_visual_splice,7606def78c6d45c8,0.0,visual_splice,1,1,0.7899278848123547,0.8070566205454596
family_a_003485_visual_splice,7606def78c6d45c8,0.0,visual_splice,1,1,0.9996147970318637,0.9996027056958106
family_a_003486_visual_splice,7606def78c6d45c8,0.0,visual_splice,1,1,0.8093391941726594,0.9392907519199152
family_a_003487_genuine,8e189ae37334d05b,0.0,genuine,0,0,0.6558954945018245,0.29309020219174986
family_a_003488_text_qr_mismatch,8e189ae37334d05b,0.0,text_qr_mismatch,1,1,0.996327719206529,0.9996863589467353
family_a_003489_qr_only_mismatch,8e189ae37334d05b,0.0,qr_only_mismatch,1,1,0.9958243356658184,0.9992314186009048
family_a_003490_checksum_invalid,8e189ae37334d05b,0.0,checksum_invalid,1,1,0.9972971273817585,0.9997955648256048
family_a_003491_format_invalid,8e189ae37334d05b,0.0,format_invalid,1,1,0.9999842022116904,0.9997695187121038
family_a_003492_field_missing,8e189ae37334d05b,0.0,field_missing,1,1,0.9999842022116904,0.9997037256868294
family_a_003493_fine_grained_edit,8e189ae37334d05b,0.0,fine_grained_edit,1,1,0.994420742462343,0.9997143806341655
family_a_003494_coordinated_full_forgery,8e189ae37334d05b,0.0,coordinated_full_forgery,1,1,0.7668205294616675,0.8588273009268723
family_a_003495_visual_splice,8e189ae37334d05b,0.0,visual_splice,1,1,0.7842792185283703,0.815453984986424
family_a_003496_visual_splice,8e189ae37334d05b,0.0,visual_splice,1,1,0.7727217679650101,0.8300894812120818
family_a_003497_visual_splice,8e189ae37334d05b,0.0,visual_splice,1,1,0.7874102539203153,0.8022983738420972
family_a_003498_genuine,74ca7b9fe9229b81,0.0,genuine,0,0,0.6629516406170549,0.611712380830703
family_a_003499_text_qr_mismatch,74ca7b9fe9229b81,0.0,text_qr_mismatch,1,1,0.994420742462343,0.9992895534926064
family_a_003500_qr_only_mismatch,74ca7b9fe9229b81,0.0,qr_only_mismatch,1,1,0.9981573444242475,0.9997162255550689
family_a_003501_checksum_invalid,74ca7b9fe9229b81,0.0,checksum_invalid,1,1,0.9983606557377049,0.9997882777348132
family_a_003502_format_invalid,74ca7b9fe9229b81,0.0,format_invalid,1,1,1.0,0.9996388966354418
family_a_003503_field_missing,74ca7b9fe9229b81,0.0,field_missing,1,1,0.9999842022116904,0.9993949883038254
family_a_003504_fine_grained_edit,74ca7b9fe9229b81,0.0,fine_grained_edit,1,1,0.995799634767748,0.9998068270893327
family_a_003505_coordinated_full_forgery,74ca7b9fe9229b81,0.0,coordinated_full_forgery,1,1,0.7782529253080918,0.7660952522978132
family_a_003506_visual_splice,74ca7b9fe9229b81,0.0,visual_splice,1,1,0.7982342024495317,0.8696080121979363
family_a_003507_visual_splice,74ca7b9fe9229b81,0.0,visual_splice,1,1,0.8209520240713839,0.8223466365612007
family_a_003508_visual_splice,74ca7b9fe9229b81,0.0,visual_splice,1,1,0.9931423077175073,0.9996059258183696
family_a_003531_genuine,dcf6966ec0979136,0.0,genuine,0,0,0.7208817510660623,0.6249876540697286
family_a_003532_text_qr_mismatch,dcf6966ec0979136,0.0,text_qr_mismatch,1,1,0.9995424349167393,0.9997643155856301
family_a_003533_qr_only_mismatch,dcf6966ec0979136,0.0,qr_only_mismatch,1,1,0.9926267777814559,0.999329355736844
family_a_003534_checksum_invalid,dcf6966ec0979136,0.0,checksum_invalid,1,1,0.9983606557377049,0.9996111491583259
family_a_003535_format_invalid,dcf6966ec0979136,0.0,format_invalid,1,1,0.9999842022116904,0.9998054069586403
family_a_003536_field_missing,dcf6966ec0979136,0.0,field_missing,1,1,0.9999842022116904,0.9997523693930761
family_a_003537_fine_grained_edit,dcf6966ec0979136,0.0,fine_grained_edit,1,1,0.996327719206529,0.9996881010660184
family_a_003538_coordinated_full_forgery,dcf6966ec0979136,0.0,coordinated_full_forgery,1,1,0.7709651922995993,0.7921121557783242
family_a_003539_visual_splice,dcf6966ec0979136,0.0,visual_splice,1,1,0.7719974330067403,0.7678408645341291
family_a_003540_visual_splice,dcf6966ec0979136,0.0,visual_splice,1,1,0.9871871658311171,0.9995907276580656
family_a_003541_visual_splice,dcf6966ec0979136,0.0,visual_splice,1,1,0.7856480211877137,0.8263953472166561
family_a_003542_genuine,ee18989a6e511b9e,0.0,genuine,0,0,0.7313241954226015,0.49397107764811415
family_a_003543_text_qr_mismatch,ee18989a6e511b9e,0.0,text_qr_mismatch,1,1,0.9942094414625593,0.9996017954483167
family_a_003544_qr_only_mismatch,ee18989a6e511b9e,0.0,qr_only_mismatch,1,1,0.9927096168930521,0.9994318037743696
family_a_003545_checksum_invalid,ee18989a6e511b9e,0.0,checksum_invalid,1,1,0.9978717523493643,0.9991560059843568
family_a_003546_format_invalid,ee18989a6e511b9e,0.0,format_invalid,1,1,1.0,0.9998331478764796
family_a_003547_field_missing,ee18989a6e511b9e,0.0,field_missing,1,1,1.0,0.9996055041673586
family_a_003548_fine_grained_edit,ee18989a6e511b9e,0.0,fine_grained_edit,1,1,0.9940044462893881,0.9993642871801133
family_a_003549_coordinated_full_forgery,ee18989a6e511b9e,0.0,coordinated_full_forgery,1,1,0.8284878090274822,0.9312547635492507
family_a_003550_visual_splice,ee18989a6e511b9e,0.0,visual_splice,1,1,1.0,0.998580852860387
family_a_003551_visual_splice,ee18989a6e511b9e,0.0,visual_splice,1,1,0.7704052842524117,0.7984385831121235
family_a_003552_visual_splice,ee18989a6e511b9e,0.0,visual_splice,1,1,0.9980602011706403,0.997666064804039
family_a_003553_genuine,6e44a810e12683d9,0.0,genuine,0,0,0.6944834643567678,0.6067907054528868
family_a_003554_text_qr_mismatch,6e44a810e12683d9,0.0,text_qr_mismatch,1,1,0.997860541151478,0.9996892414455399
family_a_003555_qr_only_mismatch,6e44a810e12683d9,0.0,qr_only_mismatch,1,1,0.994420742462343,0.999613195947666
family_a_003556_checksum_invalid,6e44a810e12683d9,0.0,checksum_invalid,1,1,0.9978717523493643,0.9997489980263883
family_a_003557_format_invalid,6e44a810e12683d9,0.0,format_invalid,1,1,1.0,0.9998170135478099
family_a_003558_field_missing,6e44a810e12683d9,0.0,field_missing,1,1,1.0,0.999797142041289
family_a_003559_fine_grained_edit,6e44a810e12683d9,0.0,fine_grained_edit,1,1,0.9899674861873813,0.9997325727839538
family_a_003560_coordinated_full_forgery,6e44a810e12683d9,0.0,coordinated_full_forgery,1,1,0.7767098436569936,0.926572837275112
family_a_003561_visual_splice,6e44a810e12683d9,0.0,visual_splice,1,1,0.7859810654297047,0.8320697848064394
family_a_003562_visual_splice,6e44a810e12683d9,0.0,visual_splice,1,1,0.8201630323715251,0.9170058712613408
family_a_003563_visual_splice,6e44a810e12683d9,0.0,visual_splice,1,1,0.9205737630299187,0.9011040991637618
family_a_003575_genuine,090848de074a67ce,0.0,genuine,0,0,0.6790509487919973,0.5670331771279372
family_a_003576_text_qr_mismatch,090848de074a67ce,0.0,text_qr_mismatch,1,1,0.99170539914392,0.9994705065728223
family_a_003577_qr_only_mismatch,090848de074a67ce,0.0,qr_only_mismatch,1,1,0.9973655972670811,0.9996736196893672
family_a_003578_checksum_invalid,090848de074a67ce,0.0,checksum_invalid,1,1,0.9973129251700681,0.9997859482625029
family_a_003579_format_invalid,090848de074a67ce,0.0,format_invalid,1,1,0.9999842022116904,0.9997550387013812
family_a_003580_field_missing,090848de074a67ce,0.0,field_missing,1,1,0.9999842022116904,0.9997273376928594
family_a_003581_fine_grained_edit,090848de074a67ce,0.0,fine_grained_edit,1,1,0.9902626235395791,0.9994631955057254
family_a_003582_coordinated_full_forgery,090848de074a67ce,0.0,coordinated_full_forgery,1,1,0.8088739538052228,0.8022984170699794
family_a_003583_visual_splice,090848de074a67ce,0.0,visual_splice,1,1,0.7509719728015385,0.8820921346462063
family_a_003584_visual_splice,090848de074a67ce,0.0,visual_splice,1,1,0.7034234415308523,0.6936266062813984
family_a_003585_visual_splice,090848de074a67ce,0.0,visual_splice,1,1,0.7870596506602436,0.7387936448826034
family_a_003597_genuine,5a152cae824141fd,0.0,genuine,0,0,0.5541732190234354,0.2632043741411217
family_a_003598_text_qr_mismatch,5a152cae824141fd,0.0,text_qr_mismatch,1,1,0.9959886016212175,0.999706437116751
family_a_003599_qr_only_mismatch,5a152cae824141fd,0.0,qr_only_mismatch,1,1,0.9860808604888268,0.999398996336506
family_a_003600_checksum_invalid,5a152cae824141fd,0.0,checksum_invalid,1,1,0.9978717523493643,0.999624030952868
family_a_003601_format_invalid,5a152cae824141fd,0.0,format_invalid,1,1,1.0,0.9995773587476428
family_a_003602_field_missing,5a152cae824141fd,0.0,field_missing,1,1,0.9999842022116904,0.9994219154811351
family_a_003603_fine_grained_edit,5a152cae824141fd,0.0,fine_grained_edit,1,1,0.9930070692294345,0.9995486825379857
family_a_003604_coordinated_full_forgery,5a152cae824141fd,0.0,coordinated_full_forgery,1,1,0.7418187785440218,0.8353310048399077
family_a_003605_visual_splice,5a152cae824141fd,0.0,visual_splice,1,1,0.8193213720231417,0.9442137833993649
family_a_003606_visual_splice,5a152cae824141fd,0.0,visual_splice,1,1,0.9981348280363119,0.999795963117999
family_a_003607_visual_splice,5a152cae824141fd,0.0,visual_splice,1,1,0.9958357858339123,0.9995020535757625
family_a_003630_genuine,f62143d21cf1a09a,0.0,genuine,0,0,0.6705773228542645,0.5389493833557437
family_a_003631_text_qr_mismatch,f62143d21cf1a09a,0.0,text_qr_mismatch,1,1,0.995913974755546,0.9988511732267695
family_a_003632_qr_only_mismatch,f62143d21cf1a09a,0.0,qr_only_mismatch,1,1,0.9944086940883936,0.9991830786465945
family_a_003633_checksum_invalid,f62143d21cf1a09a,0.0,checksum_invalid,1,1,0.9983606557377049,0.9998436394728814
family_a_003634_format_invalid,f62143d21cf1a09a,0.0,format_invalid,1,1,0.99,0.9998163671278723
family_a_003635_field_missing,f62143d21cf1a09a,0.0,field_missing,1,1,1.0,0.9995879373393852
family_a_003636_fine_grained_edit,f62143d21cf1a09a,0.0,fine_grained_edit,1,1,0.9891265857689667,0.999694264096016
family_a_003637_coordinated_full_forgery,f62143d21cf1a09a,0.0,coordinated_full_forgery,1,1,0.8013270987783226,0.8776354188180036
family_a_003638_visual_splice,f62143d21cf1a09a,0.0,visual_splice,1,1,0.9931731422125571,0.9990335844837794
family_a_003639_visual_splice,f62143d21cf1a09a,0.0,visual_splice,1,1,0.7196330996732232,0.8026014926109235
family_a_003640_visual_splice,f62143d21cf1a09a,0.0,visual_splice,1,1,0.9959886016212175,0.9963723540964061
family_a_003641_genuine,275d4182b90b95fb,0.0,genuine,0,0,0.7201185479435551,0.7513306899052243
family_a_003642_text_qr_mismatch,275d4182b90b95fb,0.0,text_qr_mismatch,1,1,0.9958084032974306,0.999728300726706
family_a_003643_qr_only_mismatch,275d4182b90b95fb,0.0,qr_only_mismatch,1,1,0.9961848134913787,0.999419300318619
family_a_003644_checksum_invalid,275d4182b90b95fb,0.0,checksum_invalid,1,1,0.9978717523493643,0.9998368213368409
family_a_003645_format_invalid,275d4182b90b95fb,0.0,format_invalid,1,1,0.9999842022116904,0.9998203567073792
family_a_003646_field_missing,275d4182b90b95fb,0.0,field_missing,1,1,0.9999842022116904,0.9996312458209664
family_a_003647_fine_grained_edit,275d4182b90b95fb,0.0,fine_grained_edit,1,1,0.9934189834297855,0.9997234947623551
family_a_003648_coordinated_full_forgery,275d4182b90b95fb,0.0,coordinated_full_forgery,1,1,0.7701835593759714,0.7201004846294408
family_a_003649_visual_splice,275d4182b90b95fb,0.0,visual_splice,1,1,0.9981190302480023,0.99980230264003
family_a_003650_visual_splice,275d4182b90b95fb,0.0,visual_splice,1,1,0.9950579197362117,0.9995599174273916
family_a_003651_visual_splice,275d4182b90b95fb,0.0,visual_splice,1,1,0.9981731422125572,0.999683040087061
family_a_003652_genuine,407543c1f8ef84f0,0.0,genuine,0,0,0.647890306216609,0.4653010359483889
family_a_003653_text_qr_mismatch,407543c1f8ef84f0,0.0,text_qr_mismatch,1,1,0.992659453334971,0.9995882245931343
family_a_003654_qr_only_mismatch,407543c1f8ef84f0,0.0,qr_only_mismatch,1,1,0.9963119214182194,0.9996716498610153
family_a_003655_checksum_invalid,407543c1f8ef84f0,0.0,checksum_invalid,1,1,0.9973129251700681,0.999845298556437
family_a_003656_format_invalid,407543c1f8ef84f0,0.0,format_invalid,1,1,1.0,0.9997547417484297
family_a_003657_field_missing,407543c1f8ef84f0,0.0,field_missing,1,1,0.9999842022116904,0.9997887796159164
family_a_003658_fine_grained_edit,407543c1f8ef84f0,0.0,fine_grained_edit,1,1,0.9944086940883936,0.9995502194190043
family_a_003659_coordinated_full_forgery,407543c1f8ef84f0,0.0,coordinated_full_forgery,1,1,0.7878907305493326,0.892499749463333
family_a_003660_visual_splice,407543c1f8ef84f0,0.0,visual_splice,1,1,0.9879741826761037,0.9997212574097437
family_a_003661_visual_splice,407543c1f8ef84f0,0.0,visual_splice,1,1,1.0,0.9994196927173017
family_a_003662_visual_splice,407543c1f8ef84f0,0.0,visual_splice,1,1,0.7645480837152354,0.7630973751397189
family_a_003674_genuine,681ba52b015697ec,0.0,genuine,0,0,0.635601163067817,0.44033788831807347
family_a_003675_text_qr_mismatch,681ba52b015697ec,0.0,text_qr_mismatch,1,1,0.9958515836222219,0.9994839777578003
family_a_003676_qr_only_mismatch,681ba52b015697ec,0.0,qr_only_mismatch,1,1,0.9921580126256608,0.9996271139930573
family_a_003677_checksum_invalid,681ba52b015697ec,0.0,checksum_invalid,1,1,0.9983448579493954,0.9996038443630443
family_a_003678_format_invalid,681ba52b015697ec,0.0,format_invalid,1,1,1.0,0.9997619221657994
family_a_003679_field_missing,681ba52b015697ec,0.0,field_missing,1,1,0.995,0.9996768962854641
family_a_003680_fine_grained_edit,681ba52b015697ec,0.0,fine_grained_edit,1,1,0.9936751017313823,0.9993095073713253
family_a_003681_coordinated_full_forgery,681ba52b015697ec,0.0,coordinated_full_forgery,1,1,0.7569933305173282,0.8158029207852909
family_a_003682_visual_splice,681ba52b015697ec,0.0,visual_splice,1,1,0.7742602022750947,0.7737678454349596
family_a_003683_visual_splice,681ba52b015697ec,0.0,visual_splice,1,1,0.6724409928801817,0.6539988174151282
family_a_003684_visual_splice,681ba52b015697ec,0.0,visual_splice,1,1,0.9973655972670811,0.9994760180035809
family_a_003685_genuine,2bc46e7c654a3ea5,0.0,genuine,0,0,0.7634857494636594,0.7726814657110339
family_a_003686_text_qr_mismatch,2bc46e7c654a3ea5,0.0,text_qr_mismatch,1,1,0.992327719206529,0.9996496307853664
family_a_003687_qr_only_mismatch,2bc46e7c654a3ea5,0.0,qr_only_mismatch,1,1,0.9842925311245366,0.9987838767502093
family_a_003688_checksum_invalid,2bc46e7c654a3ea5,0.0,checksum_invalid,1,1,0.9978717523493643,0.9998508142111587
family_a_003689_format_invalid,2bc46e7c654a3ea5,0.0,format_invalid,1,1,0.9999842022116904,0.9997814980227177
family_a_003690_field_missing,2bc46e7c654a3ea5,0.0,field_missing,1,1,1.0,0.997612745479702
family_a_003691_fine_grained_edit,2bc46e7c654a3ea5,0.0,fine_grained_edit,1,1,0.9960690985168738,0.9995694232378406
family_a_003692_coordinated_full_forgery,2bc46e7c654a3ea5,0.0,coordinated_full_forgery,1,1,0.9444891989164086,0.9901330829127697
family_a_003693_visual_splice,2bc46e7c654a3ea5,0.0,visual_splice,1,1,0.7347210913843207,0.8164812647483035
family_a_003694_visual_splice,2bc46e7c654a3ea5,0.0,visual_splice,1,1,0.9934780233704887,0.9994224718909592
family_a_003695_visual_splice,2bc46e7c654a3ea5,0.0,visual_splice,1,1,0.9981573444242475,0.9996677312595234
family_a_003707_genuine,17e174573bcbb55c,0.0,genuine,0,0,0.6756837145059987,0.5514255120122621
family_a_003708_text_qr_mismatch,17e174573bcbb55c,0.0,text_qr_mismatch,1,1,0.9933095231716788,0.9994094636301059
family_a_003709_qr_only_mismatch,17e174573bcbb55c,0.0,qr_only_mismatch,1,1,0.9965561008209556,0.9995156443248542
family_a_003710_checksum_invalid,17e174573bcbb55c,0.0,checksum_invalid,1,1,0.9978717523493643,0.9997822937012343
family_a_003711_format_invalid,17e174573bcbb55c,0.0,format_invalid,1,1,0.9999842022116904,0.9998305256673118
family_a_003712_field_missing,17e174573bcbb55c,0.0,field_missing,1,1,0.9996147970318637,0.9994814625603301
family_a_003713_fine_grained_edit,17e174573bcbb55c,0.0,fine_grained_edit,1,1,0.9934189834297855,0.9997434052025339
family_a_003714_coordinated_full_forgery,17e174573bcbb55c,0.0,coordinated_full_forgery,1,1,0.7038784551142919,0.640198047036178
family_a_003715_visual_splice,17e174573bcbb55c,0.0,visual_splice,1,1,0.9934189834297855,0.9997761463165888
family_a_003716_visual_splice,17e174573bcbb55c,0.0,visual_splice,1,1,0.9999842022116904,0.9997433079491659
family_a_003717_visual_splice,17e174573bcbb55c,0.0,visual_splice,1,1,0.8390282612029337,0.9527148343487906
family_a_003718_genuine,f4da6cd55dade7cc,0.0,genuine,0,0,0.7263572365160799,0.6314658600915282
family_a_003719_text_qr_mismatch,f4da6cd55dade7cc,0.0,text_qr_mismatch,1,1,0.994420742462343,0.9995309256928526
family_a_003720_qr_only_mismatch,f4da6cd55dade7cc,0.0,qr_only_mismatch,1,1,0.9950264731953312,0.9994182106721017
family_a_003721_checksum_invalid,f4da6cd55dade7cc,0.0,checksum_invalid,1,1,0.9978717523493643,0.9996383464051632
family_a_003722_format_invalid,f4da6cd55dade7cc,0.0,format_invalid,1,1,0.9340400843881856,0.9776134856934737
family_a_003723_field_missing,f4da6cd55dade7cc,0.0,field_missing,1,1,1.0,0.9995088111448891
family_a_003724_fine_grained_edit,f4da6cd55dade7cc,0.0,fine_grained_edit,1,1,0.9944049446740334,0.9995360924424466
family_a_003725_coordinated_full_forgery,f4da6cd55dade7cc,0.0,coordinated_full_forgery,1,1,0.7641687220879808,0.8063364610815632
family_a_003726_visual_splice,f4da6cd55dade7cc,0.0,visual_splice,1,1,1.0,0.9997421771326873
family_a_003727_visual_splice,f4da6cd55dade7cc,0.0,visual_splice,1,1,0.7796790471836721,0.8695877999642598
family_a_003728_visual_splice,f4da6cd55dade7cc,0.0,visual_splice,1,1,0.7752990169326381,0.8112374482979154
family_a_003729_genuine,e884f15b1548e6a8,0.0,genuine,0,0,0.6612872982653728,0.6297093211193737
family_a_003730_text_qr_mismatch,e884f15b1548e6a8,0.0,text_qr_mismatch,1,1,0.9906279409426054,0.9996890393847772
family_a_003731_qr_only_mismatch,e884f15b1548e6a8,0.0,qr_only_mismatch,1,1,0.9871517362686579,0.9994658415950406
family_a_003732_checksum_invalid,e884f15b1548e6a8,0.0,checksum_invalid,1,1,0.9983606557377049,0.9997756273591386
family_a_003733_format_invalid,e884f15b1548e6a8,0.0,format_invalid,1,1,1.0,0.9997752425682591
family_a_003734_field_missing,e884f15b1548e6a8,0.0,field_missing,1,1,1.0,0.9997225104480199
family_a_003735_fine_grained_edit,e884f15b1548e6a8,0.0,fine_grained_edit,1,1,0.994420742462343,0.9995807613829666
family_a_003736_coordinated_full_forgery,e884f15b1548e6a8,0.0,coordinated_full_forgery,1,1,0.6879416984149097,0.7369998154101088
family_a_003737_visual_splice,e884f15b1548e6a8,0.0,visual_splice,1,1,0.7971621820294152,0.839896762013251
family_a_003738_visual_splice,e884f15b1548e6a8,0.0,visual_splice,1,1,0.9959850837997483,0.9996270220478828
family_a_003739_visual_splice,e884f15b1548e6a8,0.0,visual_splice,1,1,0.9958243356658184,0.9994339364177699
family_a_003740_genuine,8be3c3a18f44ece2,0.0,genuine,0,0,0.545498168596714,0.29863036881193245
family_a_003741_text_qr_mismatch,8be3c3a18f44ece2,0.0,text_qr_mismatch,1,1,0.9824807832502259,0.9994490779975999
family_a_003742_qr_only_mismatch,8be3c3a18f44ece2,0.0,qr_only_mismatch,1,1,0.9950599346653872,0.9998663352948501
family_a_003743_checksum_invalid,8be3c3a18f44ece2,0.0,checksum_invalid,1,1,0.9972971273817585,0.999692139210327
family_a_003744_format_invalid,8be3c3a18f44ece2,0.0,format_invalid,1,1,1.0,0.999726341462321
family_a_003745_field_missing,8be3c3a18f44ece2,0.0,field_missing,1,1,0.9999842022116904,0.9991052469394408
family_a_003746_fine_grained_edit,8be3c3a18f44ece2,0.0,fine_grained_edit,1,1,0.9946420828634578,0.9995236768654194
family_a_003747_coordinated_full_forgery,8be3c3a18f44ece2,0.0,coordinated_full_forgery,1,1,0.7717758197494233,0.8234864206013919
family_a_003748_visual_splice,8be3c3a18f44ece2,0.0,visual_splice,1,1,0.9981573444242475,0.9996473889753782
family_a_003749_visual_splice,8be3c3a18f44ece2,0.0,visual_splice,1,1,0.6963354755816006,0.7267977893079104
family_a_003750_visual_splice,8be3c3a18f44ece2,0.0,visual_splice,1,1,0.9930850123855816,0.9997728295509632
family_a_003751_genuine,f6e0f2f79b71f23a,0.0,genuine,0,0,0.5280836537922685,0.45033522626335326
family_a_003752_text_qr_mismatch,f6e0f2f79b71f23a,0.0,text_qr_mismatch,1,1,0.9962372945525477,0.999542119753053
family_a_003753_qr_only_mismatch,f6e0f2f79b71f23a,0.0,qr_only_mismatch,1,1,0.9954941008006776,0.9992697215838082
family_a_003754_checksum_invalid,f6e0f2f79b71f23a,0.0,checksum_invalid,1,1,0.9978717523493643,0.9996538939586146
family_a_003755_format_invalid,f6e0f2f79b71f23a,0.0,format_invalid,1,1,0.9997413793103448,0.999750793783496
family_a_003756_field_missing,f6e0f2f79b71f23a,0.0,field_missing,1,1,0.9999842022116904,0.9995604331696442
family_a_003757_fine_grained_edit,f6e0f2f79b71f23a,0.0,fine_grained_edit,1,1,0.987783210124693,0.9983075342937281
family_a_003758_coordinated_full_forgery,f6e0f2f79b71f23a,0.0,coordinated_full_forgery,1,1,0.7774626370373618,0.7201288367919043
family_a_003759_visual_splice,f6e0f2f79b71f23a,0.0,visual_splice,1,1,0.7912225755346661,0.8466239425527448
family_a_003760_visual_splice,f6e0f2f79b71f23a,0.0,visual_splice,1,1,0.8282498807013292,0.892373413009995
family_a_003761_visual_splice,f6e0f2f79b71f23a,0.0,visual_splice,1,1,0.7521604054389397,0.7905345002824663
family_a_003762_genuine,0caa051de594f195,0.0,genuine,0,0,0.6417851824274012,0.14116320794974585
family_a_003763_text_qr_mismatch,0caa051de594f195,0.0,text_qr_mismatch,1,1,0.9959850837997483,0.9996270220478828
family_a_003764_qr_only_mismatch,0caa051de594f195,0.0,qr_only_mismatch,1,1,0.9926474499168926,0.9995581505154517
family_a_003765_checksum_invalid,0caa051de594f195,0.0,checksum_invalid,1,1,0.995,0.9997639175119566
family_a_003766_format_invalid,0caa051de594f195,0.0,format_invalid,1,1,1.0,0.9998148359493179
family_a_003767_field_missing,0caa051de594f195,0.0,field_missing,1,1,0.9683333333333334,0.9991501816981704
family_a_003768_fine_grained_edit,0caa051de594f195,0.0,fine_grained_edit,1,1,0.9962997321417837,0.9994598802402253
family_a_003769_coordinated_full_forgery,0caa051de594f195,0.0,coordinated_full_forgery,1,1,0.888520632162851,0.9728707861923356
family_a_003770_visual_splice,0caa051de594f195,0.0,visual_splice,1,1,1.0,0.9996588912917846
family_a_003771_visual_splice,0caa051de594f195,0.0,visual_splice,1,1,0.9964973345145967,0.999544611111509
family_a_003772_visual_splice,0caa051de594f195,0.0,visual_splice,1,1,0.995021620489142,0.99968801553098
family_a_003773_genuine,d9ffab9b895688cc,0.0,genuine,0,0,0.6505902400981672,0.4568001318916873
family_a_003774_text_qr_mismatch,d9ffab9b895688cc,0.0,text_qr_mismatch,1,1,0.9939517984265707,0.9997111120799249
family_a_003775_qr_only_mismatch,d9ffab9b895688cc,0.0,qr_only_mismatch,1,1,0.9960822270533555,0.9997911364922634
family_a_003776_checksum_invalid,d9ffab9b895688cc,0.0,checksum_invalid,1,1,0.9983448579493954,0.9998429335579087
family_a_003777_format_invalid,d9ffab9b895688cc,0.0,format_invalid,1,1,0.9999842022116904,0.999875164503474
family_a_003778_field_missing,d9ffab9b895688cc,0.0,field_missing,1,1,1.0,0.9996396519072104
family_a_003779_fine_grained_edit,d9ffab9b895688cc,0.0,fine_grained_edit,1,1,0.9923372167845741,0.998070435567487
family_a_003780_coordinated_full_forgery,d9ffab9b895688cc,0.0,coordinated_full_forgery,1,1,0.8830526110064767,0.9496276085430927
family_a_003781_visual_splice,d9ffab9b895688cc,0.0,visual_splice,1,1,0.9981731422125572,0.9964205109527979
family_a_003782_visual_splice,d9ffab9b895688cc,0.0,visual_splice,1,1,0.9981348280363119,0.9997970000583497
family_a_003783_visual_splice,d9ffab9b895688cc,0.0,visual_splice,1,1,0.9994690265486725,0.9997615445885837
family_a_003784_genuine,f3723457edbf7dda,0.0,genuine,0,0,0.7409116052978095,0.5743376943715295
family_a_003785_text_qr_mismatch,f3723457edbf7dda,0.0,text_qr_mismatch,1,1,0.9960980248416651,0.999592500731545
family_a_003786_qr_only_mismatch,f3723457edbf7dda,0.0,qr_only_mismatch,1,1,0.9927540757956763,0.9992205522708505
family_a_003787_checksum_invalid,f3723457edbf7dda,0.0,checksum_invalid,1,1,0.9983606557377049,0.9999165994027492
family_a_003788_format_invalid,f3723457edbf7dda,0.0,format_invalid,1,1,1.0,0.9997167988453036
family_a_003789_field_missing,f3723457edbf7dda,0.0,field_missing,1,1,1.0,0.9995124544228855
family_a_003790_fine_grained_edit,f3723457edbf7dda,0.0,fine_grained_edit,1,1,0.9868066565129271,0.9966178030977639
family_a_003791_coordinated_full_forgery,f3723457edbf7dda,0.0,coordinated_full_forgery,1,1,0.7589449968733135,0.765124325954812
family_a_003792_visual_splice,f3723457edbf7dda,0.0,visual_splice,1,1,0.9507581875751809,0.988248998289617
family_a_003793_visual_splice,f3723457edbf7dda,0.0,visual_splice,1,1,0.7581701623241289,0.7821375976327885
family_a_003794_visual_splice,f3723457edbf7dda,0.0,visual_splice,1,1,0.7906766456878468,0.869042322613894
family_a_003795_genuine,34472fee389b4c65,0.0,genuine,0,0,0.5508419584202819,0.5353295758094277
family_a_003796_text_qr_mismatch,34472fee389b4c65,0.0,text_qr_mismatch,1,1,0.9950264731953312,0.9994074047015596
family_a_003797_qr_only_mismatch,34472fee389b4c65,0.0,qr_only_mismatch,1,1,0.9947091204891421,0.9996657484623274
family_a_003798_checksum_invalid,34472fee389b4c65,0.0,checksum_invalid,1,1,0.9978717523493643,0.9996824051934705
family_a_003799_format_invalid,34472fee389b4c65,0.0,format_invalid,1,1,1.0,0.9998052226477486
family_a_003800_field_missing,34472fee389b4c65,0.0,field_missing,1,1,0.9979842022116904,0.9996459365795877
family_a_003801_fine_grained_edit,34472fee389b4c65,0.0,fine_grained_edit,1,1,0.9877175230749881,0.9992562890361996
family_a_003802_coordinated_full_forgery,34472fee389b4c65,0.0,coordinated_full_forgery,1,1,0.7742023999457843,0.82861242018068
family_a_003803_visual_splice,34472fee389b4c65,0.0,visual_splice,1,1,0.76693057630083,0.7888415998643254
family_a_003804_visual_splice,34472fee389b4c65,0.0,visual_splice,1,1,0.7790141442012966,0.779183650006147
family_a_003805_visual_splice,34472fee389b4c65,0.0,visual_splice,1,1,0.9981573444242475,0.9996474439054585
family_a_003806_genuine,2c1397c9ed99537b,0.0,genuine,0,0,0.6837320051532991,0.648571626931862
family_a_003807_text_qr_mismatch,2c1397c9ed99537b,0.0,text_qr_mismatch,1,1,0.9914973345145967,0.9989022780304264
family_a_003808_qr_only_mismatch,2c1397c9ed99537b,0.0,qr_only_mismatch,1,1,0.9981573444242475,0.9990602852344356
family_a_003809_checksum_invalid,2c1397c9ed99537b,0.0,checksum_invalid,1,1,0.9996147970318637,0.9997484608433589
family_a_003810_format_invalid,2c1397c9ed99537b,0.0,format_invalid,1,1,1.0,0.9997245484157791
family_a_003811_field_missing,2c1397c9ed99537b,0.0,field_missing,1,1,0.9925,0.9995628705986862
family_a_003812_fine_grained_edit,2c1397c9ed99537b,0.0,fine_grained_edit,1,1,0.9957769567565501,0.9993737872223208
family_a_003813_coordinated_full_forgery,2c1397c9ed99537b,0.0,coordinated_full_forgery,1,1,0.8158231311011712,0.8657603376727785
family_a_003814_visual_splice,2c1397c9ed99537b,0.0,visual_splice,1,1,0.7928902517643475,0.7917480805867266
family_a_003815_visual_splice,2c1397c9ed99537b,0.0,visual_splice,1,1,0.8145789588273731,0.7729057356089014
family_a_003816_visual_splice,2c1397c9ed99537b,0.0,visual_splice,1,1,0.9940987532920842,0.9994006103824554
family_a_003817_genuine,c9cc095cf0ed03e9,0.0,genuine,0,0,0.6210230172598784,0.6610263685258676
family_a_003818_text_qr_mismatch,c9cc095cf0ed03e9,0.0,text_qr_mismatch,1,1,0.997860541151478,0.9996389831318582
family_a_003819_qr_only_mismatch,c9cc095cf0ed03e9,0.0,qr_only_mismatch,1,1,0.9936751017313823,0.9994554105446014
family_a_003820_checksum_invalid,c9cc095cf0ed03e9,0.0,checksum_invalid,1,1,0.9972971273817585,0.9998055144810931
family_a_003821_format_invalid,c9cc095cf0ed03e9,0.0,format_invalid,1,1,1.0,0.9997781323138236
family_a_003822_field_missing,c9cc095cf0ed03e9,0.0,field_missing,1,1,0.9997413793103448,0.9994875819649126
family_a_003823_fine_grained_edit,c9cc095cf0ed03e9,0.0,fine_grained_edit,1,1,0.994420742462343,0.9995624677648386
family_a_003824_coordinated_full_forgery,c9cc095cf0ed03e9,0.0,coordinated_full_forgery,1,1,0.7680041725017007,0.7826134684152147
family_a_003825_visual_splice,c9cc095cf0ed03e9,0.0,visual_splice,1,1,0.7617970335633477,0.728842887800702
family_a_003826_visual_splice,c9cc095cf0ed03e9,0.0,visual_splice,1,1,0.9958672323747928,0.9996912921235299
family_a_003827_visual_splice,c9cc095cf0ed03e9,0.0,visual_splice,1,1,0.9915862289258327,0.999146501690353
family_a_003828_genuine,0bf3420897ecbb64,0.0,genuine,0,0,0.7568296925233645,0.6761086155548612
family_a_003829_text_qr_mismatch,0bf3420897ecbb64,0.0,text_qr_mismatch,1,1,0.9826085644135383,0.9994325623814716
family_a_003830_qr_only_mismatch,0bf3420897ecbb64,0.0,qr_only_mismatch,1,1,0.9965561008209556,0.9995572304401238
family_a_003831_checksum_invalid,0bf3420897ecbb64,0.0,checksum_invalid,1,1,0.9978717523493643,0.9998493798773347
family_a_003832_format_invalid,0bf3420897ecbb64,0.0,format_invalid,1,1,1.0,0.9998003634495484
family_a_003833_field_missing,0bf3420897ecbb64,0.0,field_missing,1,1,0.9999842022116904,0.9989956241615787
family_a_003834_fine_grained_edit,0bf3420897ecbb64,0.0,fine_grained_edit,1,1,0.9907048077175072,0.9996997265859897
family_a_003835_coordinated_full_forgery,0bf3420897ecbb64,0.0,coordinated_full_forgery,1,1,0.7877717585225267,0.7549393963461853
family_a_003836_visual_splice,0bf3420897ecbb64,0.0,visual_splice,1,1,0.9981731422125572,0.999730192647489
family_a_003837_visual_splice,0bf3420897ecbb64,0.0,visual_splice,1,1,0.9999842022116904,0.9993688223397388
family_a_003838_visual_splice,0bf3420897ecbb64,0.0,visual_splice,1,1,0.9947474346653873,0.9997225121820021
family_a_003839_genuine,898dfc1d1675fe4d,0.0,genuine,0,0,0.6417547132743482,0.5701980526685458
family_a_003840_text_qr_mismatch,898dfc1d1675fe4d,0.0,text_qr_mismatch,1,1,0.9929096248735025,0.9996488010003867
family_a_003841_qr_only_mismatch,898dfc1d1675fe4d,0.0,qr_only_mismatch,1,1,0.9944049446740334,0.999532714970309
family_a_003842_checksum_invalid,898dfc1d1675fe4d,0.0,checksum_invalid,1,1,0.9972971273817585,0.9997157080490647
family_a_003843_format_invalid,898dfc1d1675fe4d,0.0,format_invalid,1,1,1.0,0.9998349416722275
family_a_003844_field_missing,898dfc1d1675fe4d,0.0,field_missing,1,1,0.9999842022116904,0.9996557732777938
family_a_003845_fine_grained_edit,898dfc1d1675fe4d,0.0,fine_grained_edit,1,1,0.9850579197362117,0.9995257500214587
family_a_003846_coordinated_full_forgery,898dfc1d1675fe4d,0.0,coordinated_full_forgery,1,1,0.8291387241533466,0.812700444492646
family_a_003847_visual_splice,898dfc1d1675fe4d,0.0,visual_splice,1,1,0.7816351457156725,0.8503905066958866
family_a_003848_visual_splice,898dfc1d1675fe4d,0.0,visual_splice,1,1,0.9862553339705755,0.9997044264319893
family_a_003849_visual_splice,898dfc1d1675fe4d,0.0,visual_splice,1,1,0.989877451304675,0.9996383696410956
family_a_003861_genuine,9c8bf4a30210020b,0.0,genuine,0,0,0.5946055873693992,0.33156482848101454
family_a_003862_text_qr_mismatch,9c8bf4a30210020b,0.0,text_qr_mismatch,1,1,0.9933515836222219,0.9991783832378786
family_a_003863_qr_only_mismatch,9c8bf4a30210020b,0.0,qr_only_mismatch,1,1,0.9826871180191236,0.9992327713142182
family_a_003864_checksum_invalid,9c8bf4a30210020b,0.0,checksum_invalid,1,1,0.9972971273817585,0.9998435121407807
family_a_003865_format_invalid,9c8bf4a30210020b,0.0,format_invalid,1,1,0.9999842022116904,0.9998381608275775
family_a_003866_field_missing,9c8bf4a30210020b,0.0,field_missing,1,1,0.9999842022116904,0.9996320068168044
family_a_003867_fine_grained_edit,9c8bf4a30210020b,0.0,fine_grained_edit,1,1,0.9966183550657384,0.9995597934023998
family_a_003868_coordinated_full_forgery,9c8bf4a30210020b,0.0,coordinated_full_forgery,1,1,0.7776064927127746,0.6317499479462472
family_a_003869_visual_splice,9c8bf4a30210020b,0.0,visual_splice,1,1,0.7711374196450312,0.8584032730496104
family_a_003870_visual_splice,9c8bf4a30210020b,0.0,visual_splice,1,1,0.8532895262366803,0.9589938298618028
family_a_003871_visual_splice,9c8bf4a30210020b,0.0,visual_splice,1,1,0.9921977273314277,0.9996953901839197
family_a_003883_genuine,efef618c8a0d1358,0.0,genuine,0,0,0.6721209860120854,0.4811839708583792
family_a_003884_text_qr_mismatch,efef618c8a0d1358,0.0,text_qr_mismatch,1,1,0.9913464809760059,0.9992725817172181
family_a_003885_qr_only_mismatch,efef618c8a0d1358,0.0,qr_only_mismatch,1,1,0.9963119214182194,0.9992437062835876
family_a_003886_checksum_invalid,efef618c8a0d1358,0.0,checksum_invalid,1,1,0.9978717523493643,0.9998247769732997
family_a_003887_format_invalid,efef618c8a0d1358,0.0,format_invalid,1,1,0.9999842022116904,0.9997891643315775
family_a_003888_field_missing,efef618c8a0d1358,0.0,field_missing,1,1,1.0,0.9991142686173841
family_a_003889_fine_grained_edit,efef618c8a0d1358,0.0,fine_grained_edit,1,1,0.9946420828634578,0.9993378023845583
family_a_003890_coordinated_full_forgery,efef618c8a0d1358,0.0,coordinated_full_forgery,1,1,0.7969267113652715,0.836585125177808
family_a_003891_visual_splice,efef618c8a0d1358,0.0,visual_splice,1,1,0.9977640197575377,0.9996729897682616
family_a_003892_visual_splice,efef618c8a0d1358,0.0,visual_splice,1,1,0.7903189054020917,0.8109472774414497
family_a_003893_visual_splice,efef618c8a0d1358,0.0,visual_splice,1,1,0.9906121431542958,0.9984382938379325
family_a_003894_genuine,8f574d9285e4deeb,0.0,genuine,0,0,0.6525927186056909,0.6302074314334485
family_a_003895_text_qr_mismatch,8f574d9285e4deeb,0.0,text_qr_mismatch,1,1,0.9944086940883936,0.9994591459855876
family_a_003896_qr_only_mismatch,8f574d9285e4deeb,0.0,qr_only_mismatch,1,1,0.9908243356658184,0.9996218167722937
family_a_003897_checksum_invalid,8f574d9285e4deeb,0.0,checksum_invalid,1,1,0.9983606557377049,0.9997731124278078
family_a_003898_format_invalid,8f574d9285e4deeb,0.0,format_invalid,1,1,1.0,0.9996757423364505
family_a_003899_field_missing,8f574d9285e4deeb,0.0,field_missing,1,1,0.9999842022116904,0.9995485546760706
family_a_003900_fine_grained_edit,8f574d9285e4deeb,0.0,fine_grained_edit,1,1,0.994420742462343,0.9991429344848792
family_a_003901_coordinated_full_forgery,8f574d9285e4deeb,0.0,coordinated_full_forgery,1,1,0.6808274695465522,0.7925680064513301
family_a_003902_visual_splice,8f574d9285e4deeb,0.0,visual_splice,1,1,0.994420742462343,0.9991926969502434
family_a_003903_visual_splice,8f574d9285e4deeb,0.0,visual_splice,1,1,0.7726723652875216,0.7819717859724572
family_a_003904_visual_splice,8f574d9285e4deeb,0.0,visual_splice,1,1,0.7742243645335053,0.8039459691888093
family_a_003916_genuine,332b4d7111d202f4,0.0,genuine,0,0,0.6041304180740632,0.42762586698604865
family_a_003917_text_qr_mismatch,332b4d7111d202f4,0.0,text_qr_mismatch,1,1,0.9884207424623429,0.9993709996308443
family_a_003918_qr_only_mismatch,332b4d7111d202f4,0.0,qr_only_mismatch,1,1,0.9950599346653872,0.9997346906866528
family_a_003919_checksum_invalid,332b4d7111d202f4,0.0,checksum_invalid,1,1,0.9983606557377049,0.999864074331465
family_a_003920_format_invalid,332b4d7111d202f4,0.0,format_invalid,1,1,1.0,0.9997822258340983
family_a_003921_field_missing,332b4d7111d202f4,0.0,field_missing,1,1,0.9997413793103448,0.9993251085054993
family_a_003922_fine_grained_edit,332b4d7111d202f4,0.0,fine_grained_edit,1,1,0.9965561008209556,0.999452231733968
family_a_003923_coordinated_full_forgery,332b4d7111d202f4,0.0,coordinated_full_forgery,1,1,0.8464000067253878,0.7959411797631968
family_a_003924_visual_splice,332b4d7111d202f4,0.0,visual_splice,1,1,0.8234650958659665,0.8769740202124423
family_a_003925_visual_splice,332b4d7111d202f4,0.0,visual_splice,1,1,0.7882878133631479,0.7052767502120044
family_a_003926_visual_splice,332b4d7111d202f4,0.0,visual_splice,1,1,0.7868669331600951,0.8126191036067256
family_a_003938_genuine,880606101752cf84,0.0,genuine,0,0,0.5245227796651659,0.2050861602644083
family_a_003939_text_qr_mismatch,880606101752cf84,0.0,text_qr_mismatch,1,1,0.9915324720192591,0.9992998740469914
family_a_003940_qr_only_mismatch,880606101752cf84,0.0,qr_only_mismatch,1,1,0.9957876985135844,0.9994968735337046
family_a_003941_checksum_invalid,880606101752cf84,0.0,checksum_invalid,1,1,0.9909464649930423,0.9997154980603004
family_a_003942_format_invalid,880606101752cf84,0.0,format_invalid,1,1,0.9999842022116904,0.9997860593306699
family_a_003943_field_missing,880606101752cf84,0.0,field_missing,1,1,0.9999842022116904,0.9994530179801052
family_a_003944_fine_grained_edit,880606101752cf84,0.0,fine_grained_edit,1,1,0.9936705837385841,0.999715089671874
family_a_003945_coordinated_full_forgery,880606101752cf84,0.0,coordinated_full_forgery,1,1,0.6948677596976351,0.6508340141788581
family_a_003946_visual_splice,880606101752cf84,0.0,visual_splice,1,1,0.7579365666889538,0.7653264847421523
family_a_003947_visual_splice,880606101752cf84,0.0,visual_splice,1,1,0.9909941008006775,0.9996361589747439
family_a_003948_visual_splice,880606101752cf84,0.0,visual_splice,1,1,0.9881376459953239,0.9998220185021602
family_a_003949_genuine,191812c1358feda3,0.0,genuine,0,0,0.6475521511041634,0.672419612576563
family_a_003950_text_qr_mismatch,191812c1358feda3,0.0,text_qr_mismatch,1,1,0.9946933227008324,0.9996691972340422
family_a_003951_qr_only_mismatch,191812c1358feda3,0.0,qr_only_mismatch,1,1,0.9959850837997483,0.9996820682732027
family_a_003952_checksum_invalid,191812c1358feda3,0.0,checksum_invalid,1,1,0.9972971273817585,0.9998404908736821
family_a_003953_format_invalid,191812c1358feda3,0.0,format_invalid,1,1,0.9999842022116904,0.9997743187418148
family_a_003954_field_missing,191812c1358feda3,0.0,field_missing,1,1,0.9996147970318637,0.999181981613208
family_a_003955_fine_grained_edit,191812c1358feda3,0.0,fine_grained_edit,1,1,0.9965561008209556,0.9995393537965535
family_a_003956_coordinated_full_forgery,191812c1358feda3,0.0,coordinated_full_forgery,1,1,0.6950636630920595,0.7172850191969898
family_a_003957_visual_splice,191812c1358feda3,0.0,visual_splice,1,1,0.9969059760608103,0.9997109790946729
family_a_003958_visual_splice,191812c1358feda3,0.0,visual_splice,1,1,0.9954941008006776,0.9994864987890232
family_a_003959_visual_splice,191812c1358feda3,0.0,visual_splice,1,1,0.9962594403570503,0.9994977431438408
family_a_003971_genuine,f8f4de1b92125723,0.0,genuine,0,0,0.7322471424434184,0.7326730215236252
family_a_003972_text_qr_mismatch,f8f4de1b92125723,0.0,text_qr_mismatch,1,1,0.9981731422125572,0.9996759094995663
family_a_003973_qr_only_mismatch,f8f4de1b92125723,0.0,qr_only_mismatch,1,1,0.9943461155966713,0.9981038131048937
family_a_003974_checksum_invalid,f8f4de1b92125723,0.0,checksum_invalid,1,1,0.997613131659709,0.9996131104630736
family_a_003975_format_invalid,f8f4de1b92125723,0.0,format_invalid,1,1,0.9999842022116904,0.9996077075326777
family_a_003976_field_missing,f8f4de1b92125723,0.0,field_missing,1,1,0.9999842022116904,0.9997194218197852
family_a_003977_fine_grained_edit,f8f4de1b92125723,0.0,fine_grained_edit,1,1,0.9944086940883936,0.9996146554173541
family_a_003978_coordinated_full_forgery,f8f4de1b92125723,0.0,coordinated_full_forgery,1,1,0.7663789268027466,0.7921015043033258
family_a_003979_visual_splice,f8f4de1b92125723,0.0,visual_splice,1,1,0.9901503129021297,0.9982129979266775
family_a_003980_visual_splice,f8f4de1b92125723,0.0,visual_splice,1,1,0.8010470049813395,0.8763211149306764
family_a_003981_visual_splice,f8f4de1b92125723,0.0,visual_splice,1,1,1.0,0.9995337152646239
family_a_003982_genuine,d5e69e4d3e0fb6a2,0.0,genuine,0,0,0.5877492346464649,0.2765863285814042
family_a_003983_text_qr_mismatch,d5e69e4d3e0fb6a2,0.0,text_qr_mismatch,1,1,0.9962798175458473,0.9996573615738148
family_a_003984_qr_only_mismatch,d5e69e4d3e0fb6a2,0.0,qr_only_mismatch,1,1,0.9960423902830154,0.9998162551423097
family_a_003985_checksum_invalid,d5e69e4d3e0fb6a2,0.0,checksum_invalid,1,1,0.9983606557377049,0.9997590907352236
family_a_003986_format_invalid,d5e69e4d3e0fb6a2,0.0,format_invalid,1,1,1.0,0.9998038342140255
family_a_003987_field_missing,d5e69e4d3e0fb6a2,0.0,field_missing,1,1,1.0,0.9996093068338853
family_a_003988_fine_grained_edit,d5e69e4d3e0fb6a2,0.0,fine_grained_edit,1,1,0.9941515183072102,0.9994717533797428
family_a_003989_coordinated_full_forgery,d5e69e4d3e0fb6a2,0.0,coordinated_full_forgery,1,1,0.7759847750019625,0.7245442010376326
family_a_003990_visual_splice,d5e69e4d3e0fb6a2,0.0,visual_splice,1,1,0.7227277147184239,0.7940721373513852
family_a_003991_visual_splice,d5e69e4d3e0fb6a2,0.0,visual_splice,1,1,0.9939517984265707,0.999594243455571
family_a_003992_visual_splice,d5e69e4d3e0fb6a2,0.0,visual_splice,1,1,0.7623884215693606,0.8253953750111005
family_a_003993_genuine,c1b5447ba8c9604e,0.0,genuine,0,0,0.7312310848837866,0.8451275325343175
family_a_003994_text_qr_mismatch,c1b5447ba8c9604e,0.0,text_qr_mismatch,1,1,0.9310164260828259,0.9292826799452806
family_a_003995_qr_only_mismatch,c1b5447ba8c9604e,0.0,qr_only_mismatch,1,1,0.994420742462343,0.999351236215577
family_a_003996_checksum_invalid,c1b5447ba8c9604e,0.0,checksum_invalid,1,1,0.9499403829983208,0.9748908659254564
family_a_003997_format_invalid,c1b5447ba8c9604e,0.0,format_invalid,1,1,0.9589264863405529,0.9726893857627682
family_a_003998_field_missing,c1b5447ba8c9604e,0.0,field_missing,1,1,0.9763146254062843,0.9890146997568421
family_a_003999_fine_grained_edit,c1b5447ba8c9604e,0.0,fine_grained_edit,1,1,0.9264148738176126,0.9162355663276707
family_a_004000_coordinated_full_forgery,c1b5447ba8c9604e,0.0,coordinated_full_forgery,1,1,0.7190860285310382,0.5928809152008929
family_a_004001_visual_splice,c1b5447ba8c9604e,0.0,visual_splice,1,1,0.9874195079827645,0.9920273026123609
family_a_004002_visual_splice,c1b5447ba8c9604e,0.0,visual_splice,1,1,0.9772158549453357,0.9845517603112386
family_a_004003_visual_splice,c1b5447ba8c9604e,0.0,visual_splice,1,1,0.8828689790482435,0.9202067940475827
family_a_004004_genuine,3851bcbdf63e01ab,0.0,genuine,0,0,0.6389559651657746,0.5050267023572912
family_a_004005_text_qr_mismatch,3851bcbdf63e01ab,0.0,text_qr_mismatch,1,1,0.9981731422125572,0.9996792889119553
family_a_004006_qr_only_mismatch,3851bcbdf63e01ab,0.0,qr_only_mismatch,1,1,0.9309195669117843,0.8489499494567588
family_a_004007_checksum_invalid,3851bcbdf63e01ab,0.0,checksum_invalid,1,1,0.9972971273817585,0.9997126051268751
family_a_004008_format_invalid,3851bcbdf63e01ab,0.0,format_invalid,1,1,0.9999842022116904,0.9997463598923775
family_a_004009_field_missing,3851bcbdf63e01ab,0.0,field_missing,1,1,0.9999842022116904,0.9994974202247545
family_a_004010_fine_grained_edit,3851bcbdf63e01ab,0.0,fine_grained_edit,1,1,0.994420742462343,0.9993766847845995
family_a_004011_coordinated_full_forgery,3851bcbdf63e01ab,0.0,coordinated_full_forgery,1,1,0.7403944839458186,0.8000423977642783
family_a_004012_visual_splice,3851bcbdf63e01ab,0.0,visual_splice,1,1,0.9903280187261779,0.9997872503443724
family_a_004013_visual_splice,3851bcbdf63e01ab,0.0,visual_splice,1,1,0.9965368059834725,0.9996393075533181
family_a_004014_visual_splice,3851bcbdf63e01ab,0.0,visual_splice,1,1,0.7489718112208529,0.7775299385205453
family_a_004026_genuine,53814b9b32990e65,0.0,genuine,0,0,0.5982582906787612,0.5859814918673169
family_a_004027_text_qr_mismatch,53814b9b32990e65,0.0,text_qr_mismatch,1,1,0.9960384915601521,0.9996464875293106
family_a_004028_qr_only_mismatch,53814b9b32990e65,0.0,qr_only_mismatch,1,1,0.9921935287469508,0.999651106925908
family_a_004029_checksum_invalid,53814b9b32990e65,0.0,checksum_invalid,1,1,0.9979754527695687,0.9998300780325211
family_a_004030_format_invalid,53814b9b32990e65,0.0,format_invalid,1,1,1.0,0.9997880572507837
family_a_004031_field_missing,53814b9b32990e65,0.0,field_missing,1,1,1.0,0.9996636768579718
family_a_004032_fine_grained_edit,53814b9b32990e65,0.0,fine_grained_edit,1,1,0.9934189834297855,0.9995018020166863
family_a_004033_coordinated_full_forgery,53814b9b32990e65,0.0,coordinated_full_forgery,1,1,0.7454420466665813,0.8206798235395564
family_a_004034_visual_splice,53814b9b32990e65,0.0,visual_splice,1,1,0.7858479425747751,0.7647665401047349
family_a_004035_visual_splice,53814b9b32990e65,0.0,visual_splice,1,1,0.6504008027560559,0.7210604896780489
family_a_004036_visual_splice,53814b9b32990e65,0.0,visual_splice,1,1,0.9977879392444209,0.9994214310497728
family_a_004048_genuine,8d1e3bf33ea76701,0.0,genuine,0,0,0.6515717936150118,0.4278218274907401
family_a_004049_text_qr_mismatch,8d1e3bf33ea76701,0.0,text_qr_mismatch,1,1,0.9922045828634577,0.9994841653050994
family_a_004050_qr_only_mismatch,8d1e3bf33ea76701,0.0,qr_only_mismatch,1,1,0.992416635062054,0.9994805324795534
family_a_004051_checksum_invalid,8d1e3bf33ea76701,0.0,checksum_invalid,1,1,0.9978717523493643,0.9998485507426136
family_a_004052_format_invalid,8d1e3bf33ea76701,0.0,format_invalid,1,1,0.9999842022116904,0.9998747202379081
family_a_004053_field_missing,8d1e3bf33ea76701,0.0,field_missing,1,1,0.995,0.9955493401277217
family_a_004054_fine_grained_edit,8d1e3bf33ea76701,0.0,fine_grained_edit,1,1,0.9899516883990717,0.9996953286138192
family_a_004055_coordinated_full_forgery,8d1e3bf33ea76701,0.0,coordinated_full_forgery,1,1,0.701728638484349,0.7500980277840429
family_a_004056_visual_splice,8d1e3bf33ea76701,0.0,visual_splice,1,1,0.9981731422125572,0.9997017370653933
family_a_004057_visual_splice,8d1e3bf33ea76701,0.0,visual_splice,1,1,0.7936688711147663,0.8992419036258392
family_a_004058_visual_splice,8d1e3bf33ea76701,0.0,visual_splice,1,1,0.9924753836647006,0.9931256601863219
family_a_004059_genuine,499ebe3c9d7227d9,0.0,genuine,0,0,0.6654010498204319,0.3789056929033369
family_a_004060_text_qr_mismatch,499ebe3c9d7227d9,0.0,text_qr_mismatch,1,1,0.9957611589682405,0.9996400789388399
family_a_004061_qr_only_mismatch,499ebe3c9d7227d9,0.0,qr_only_mismatch,1,1,0.8776670387548232,0.8471169441238234
family_a_004062_checksum_invalid,499ebe3c9d7227d9,0.0,checksum_invalid,1,1,0.9848529411764706,0.9993746094586864
family_a_004063_format_invalid,499ebe3c9d7227d9,0.0,format_invalid,1,1,1.0,0.9998100285825928
family_a_004064_field_missing,499ebe3c9d7227d9,0.0,field_missing,1,1,1.0,0.9996623049840369
family_a_004065_fine_grained_edit,499ebe3c9d7227d9,0.0,fine_grained_edit,1,1,0.9946420828634578,0.9996668118841661
family_a_004066_coordinated_full_forgery,499ebe3c9d7227d9,0.0,coordinated_full_forgery,1,1,0.8651917035884984,0.9369735464815553
family_a_004067_visual_splice,499ebe3c9d7227d9,0.0,visual_splice,1,1,0.787628079323975,0.7921381097380862
family_a_004068_visual_splice,499ebe3c9d7227d9,0.0,visual_splice,1,1,0.8016445969982706,0.9167440757401424
family_a_004069_visual_splice,499ebe3c9d7227d9,0.0,visual_splice,1,1,0.9973014947029786,0.999669354106511
family_a_004070_genuine,06272a2079199717,0.0,genuine,0,0,0.6004977294490055,0.5607762786065292
family_a_004071_text_qr_mismatch,06272a2079199717,0.0,text_qr_mismatch,1,1,0.9963119214182194,0.9996788258389402
family_a_004072_qr_only_mismatch,06272a2079199717,0.0,qr_only_mismatch,1,1,0.9774250373149507,0.9995808692848306
family_a_004073_checksum_invalid,06272a2079199717,0.0,checksum_invalid,1,1,0.9972971273817585,0.9998177515261276
family_a_004074_format_invalid,06272a2079199717,0.0,format_invalid,1,1,0.9988303560578443,0.9996675809548514
family_a_004075_field_missing,06272a2079199717,0.0,field_missing,1,1,1.0,0.9992676822671461
family_a_004076_fine_grained_edit,06272a2079199717,0.0,fine_grained_edit,1,1,0.995006111186237,0.9973630128531675
family_a_004077_coordinated_full_forgery,06272a2079199717,0.0,coordinated_full_forgery,1,1,0.758976544499178,0.7051829556018264
family_a_004078_visual_splice,06272a2079199717,0.0,visual_splice,1,1,0.8095197087831822,0.9482917398199263
family_a_004079_visual_splice,06272a2079199717,0.0,visual_splice,1,1,0.9976279588194309,0.9996420124291762
family_a_004080_visual_splice,06272a2079199717,0.0,visual_splice,1,1,0.9995744680851064,0.9993941477846603
family_a_004092_genuine,b95c6aaa82b5cd54,0.0,genuine,0,0,0.7276960462754078,0.7487829587348578
family_a_004093_text_qr_mismatch,b95c6aaa82b5cd54,0.0,text_qr_mismatch,1,1,0.9925652669337302,0.9987884038329464
family_a_004094_qr_only_mismatch,b95c6aaa82b5cd54,0.0,qr_only_mismatch,1,1,0.9929304297940088,0.9995317368210245
family_a_004095_checksum_invalid,b95c6aaa82b5cd54,0.0,checksum_invalid,1,1,0.9978559545610547,0.999780741207422
family_a_004096_format_invalid,b95c6aaa82b5cd54,0.0,format_invalid,1,1,0.9999842022116904,0.9997949417341843
family_a_004097_field_missing,b95c6aaa82b5cd54,0.0,field_missing,1,1,1.0,0.9994647574225098
family_a_004098_fine_grained_edit,b95c6aaa82b5cd54,0.0,fine_grained_edit,1,1,0.9951342556140743,0.9974949561226044
family_a_004099_coordinated_full_forgery,b95c6aaa82b5cd54,0.0,coordinated_full_forgery,1,1,0.8192030224809622,0.9035738943383167
family_a_004100_visual_splice,b95c6aaa82b5cd54,0.0,visual_splice,1,1,0.7761753429728248,0.7797646282137531
family_a_004101_visual_splice,b95c6aaa82b5cd54,0.0,visual_splice,1,1,0.7763336343570618,0.877473321045793
family_a_004102_visual_splice,b95c6aaa82b5cd54,0.0,visual_splice,1,1,0.995021620489142,0.9996890705964595
family_a_004103_genuine,323c1a3646c31be7,0.0,genuine,0,0,0.691834174803378,0.6849779825437091
family_a_004104_text_qr_mismatch,323c1a3646c31be7,0.0,text_qr_mismatch,1,1,0.9960597106654199,0.9995587721968636
family_a_004105_qr_only_mismatch,323c1a3646c31be7,0.0,qr_only_mismatch,1,1,0.994420742462343,0.9997762206187758
family_a_004106_checksum_invalid,323c1a3646c31be7,0.0,checksum_invalid,1,1,0.9983606557377049,0.9999116937676286
family_a_004107_format_invalid,323c1a3646c31be7,0.0,format_invalid,1,1,0.9999842022116904,0.9998959320824231
family_a_004108_field_missing,323c1a3646c31be7,0.0,field_missing,1,1,1.0,0.9995536143618389
family_a_004109_fine_grained_edit,323c1a3646c31be7,0.0,fine_grained_edit,1,1,0.9813619054415348,0.9955802382530518
family_a_004110_coordinated_full_forgery,323c1a3646c31be7,0.0,coordinated_full_forgery,1,1,0.7803608866254222,0.8667790089244989
family_a_004111_visual_splice,323c1a3646c31be7,0.0,visual_splice,1,1,0.7643963321004695,0.710324405451731
family_a_004112_visual_splice,323c1a3646c31be7,0.0,visual_splice,1,1,0.9824047307698387,0.994557698228978
family_a_004113_visual_splice,323c1a3646c31be7,0.0,visual_splice,1,1,1.0,0.9996442985539521
family_a_004114_genuine,def9300e4c74263a,0.0,genuine,0,0,0.7294774802977092,0.5359446438499661
family_a_004115_text_qr_mismatch,def9300e4c74263a,0.0,text_qr_mismatch,1,1,0.9981731422125572,0.999786216508786
family_a_004116_qr_only_mismatch,def9300e4c74263a,0.0,qr_only_mismatch,1,1,0.9909941008006775,0.999315067069548
family_a_004117_checksum_invalid,def9300e4c74263a,0.0,checksum_invalid,1,1,0.9978717523493643,0.9995580275320703
family_a_004118_format_invalid,def9300e4c74263a,0.0,format_invalid,1,1,1.0,0.9998657509539961
family_a_004119_field_missing,def9300e4c74263a,0.0,field_missing,1,1,0.992,0.999556078904069
family_a_004120_fine_grained_edit,def9300e4c74263a,0.0,fine_grained_edit,1,1,0.9894886740288364,0.9997249559886155
family_a_004121_coordinated_full_forgery,def9300e4c74263a,0.0,coordinated_full_forgery,1,1,0.7606276279349119,0.806044293518752
family_a_004122_visual_splice,def9300e4c74263a,0.0,visual_splice,1,1,0.7828065028256241,0.7828585971894282
family_a_004123_visual_splice,def9300e4c74263a,0.0,visual_splice,1,1,0.7813712619006344,0.7837826264100476
family_a_004124_visual_splice,def9300e4c74263a,0.0,visual_splice,1,1,0.9981190302480023,0.9997955616422214
family_a_004125_genuine,399fe4300f492799,0.0,genuine,0,0,0.5846094903564514,0.5369275516575094
family_a_004126_text_qr_mismatch,399fe4300f492799,0.0,text_qr_mismatch,1,1,0.9940852052310359,0.9993006312545014
family_a_004127_qr_only_mismatch,399fe4300f492799,0.0,qr_only_mismatch,1,1,0.994420742462343,0.9995457282572481
family_a_004128_checksum_invalid,399fe4300f492799,0.0,checksum_invalid,1,1,0.9972971273817585,0.9996597756621051
family_a_004129_format_invalid,399fe4300f492799,0.0,format_invalid,1,1,1.0,0.9998046416911949
family_a_004130_field_missing,399fe4300f492799,0.0,field_missing,1,1,1.0,0.9995521318663249
family_a_004131_fine_grained_edit,399fe4300f492799,0.0,fine_grained_edit,1,1,0.9840852052310359,0.9965171192725852
family_a_004132_coordinated_full_forgery,399fe4300f492799,0.0,coordinated_full_forgery,1,1,0.7499382851105747,0.7490801400342856
family_a_004133_visual_splice,399fe4300f492799,0.0,visual_splice,1,1,0.9999842022116904,0.9993631735018166
family_a_004134_visual_splice,399fe4300f492799,0.0,visual_splice,1,1,0.8100137109609353,0.827885850192852
family_a_004135_visual_splice,399fe4300f492799,0.0,visual_splice,1,1,0.7466436185660676,0.7591408698062625
family_a_004147_genuine,ee8768607f916521,0.0,genuine,0,0,0.5277427124561714,0.4014779216791827
family_a_004148_text_qr_mismatch,ee8768607f916521,0.0,text_qr_mismatch,1,1,0.9921981903670484,0.9984929772153827
family_a_004149_qr_only_mismatch,ee8768607f916521,0.0,qr_only_mismatch,1,1,0.9959886016212175,0.9996292661379085
family_a_004150_checksum_invalid,ee8768607f916521,0.0,checksum_invalid,1,1,0.9922971273817585,0.99978404801435
family_a_004151_format_invalid,ee8768607f916521,0.0,format_invalid,1,1,0.9847413793103448,0.9998097587452646
family_a_004152_field_missing,ee8768607f916521,0.0,field_missing,1,1,1.0,0.9995761330050089
family_a_004153_fine_grained_edit,ee8768607f916521,0.0,fine_grained_edit,1,1,0.9846739383178896,0.9965661726549571
family_a_004154_coordinated_full_forgery,ee8768607f916521,0.0,coordinated_full_forgery,1,1,0.7320807788066633,0.7082912991513348
family_a_004155_visual_splice,ee8768607f916521,0.0,visual_splice,1,1,0.9837721785127149,0.9995965173021026
family_a_004156_visual_splice,ee8768607f916521,0.0,visual_splice,1,1,0.7593603314885885,0.7998298567891299
family_a_004157_visual_splice,ee8768607f916521,0.0,visual_splice,1,1,0.9958022118216546,0.9998682397569705
family_a_004158_genuine,9f69071a5858a160,0.0,genuine,0,0,0.7121509203137988,0.5061422467649733
family_a_004159_text_qr_mismatch,9f69071a5858a160,0.0,text_qr_mismatch,1,1,0.9934189834297855,0.9996907799642828
family_a_004160_qr_only_mismatch,9f69071a5858a160,0.0,qr_only_mismatch,1,1,0.9935586734968257,0.9997267348740497
family_a_004161_checksum_invalid,9f69071a5858a160,0.0,checksum_invalid,1,1,0.9979754527695687,0.9997338432909163
family_a_004162_format_invalid,9f69071a5858a160,0.0,format_invalid,1,1,1.0,0.9997494701037789
family_a_004163_field_missing,9f69071a5858a160,0.0,field_missing,1,1,1.0,0.9993561619346824
family_a_004164_fine_grained_edit,9f69071a5858a160,0.0,fine_grained_edit,1,1,0.9817480835526361,0.9979444844906176
family_a_004165_coordinated_full_forgery,9f69071a5858a160,0.0,coordinated_full_forgery,1,1,0.9243097314805979,0.917778545868548
family_a_004166_visual_splice,9f69071a5858a160,0.0,visual_splice,1,1,0.7651494380227243,0.7430382845503276
family_a_004167_visual_splice,9f69071a5858a160,0.0,visual_splice,1,1,0.7837940866477376,0.7692968797263441
family_a_004168_visual_splice,9f69071a5858a160,0.0,visual_splice,1,1,0.7408857287474059,0.7124714352506505
family_a_004180_genuine,7a3e584e47b0220b,0.0,genuine,0,0,0.7037181141716721,0.4207319770277562
family_a_004181_text_qr_mismatch,7a3e584e47b0220b,0.0,text_qr_mismatch,1,1,0.9958243356658184,0.9996807184841319
family_a_004182_qr_only_mismatch,7a3e584e47b0220b,0.0,qr_only_mismatch,1,1,0.9958153600802149,0.9992103144529264
family_a_004183_checksum_invalid,7a3e584e47b0220b,0.0,checksum_invalid,1,1,0.9979754527695687,0.9998641434865172
family_a_004184_format_invalid,7a3e584e47b0220b,0.0,format_invalid,1,1,1.0,0.9996796475066345
family_a_004185_field_missing,7a3e584e47b0220b,0.0,field_missing,1,1,1.0,0.9996564795751269
family_a_004186_fine_grained_edit,7a3e584e47b0220b,0.0,fine_grained_edit,1,1,0.9864158163539686,0.999574866876144
family_a_004187_coordinated_full_forgery,7a3e584e47b0220b,0.0,coordinated_full_forgery,1,1,0.8181150061355165,0.91200647702513
family_a_004188_visual_splice,7a3e584e47b0220b,0.0,visual_splice,1,1,0.9994690265486725,0.9992237238379662
family_a_004189_visual_splice,7a3e584e47b0220b,0.0,visual_splice,1,1,0.7599567025597512,0.7653351535547425
family_a_004190_visual_splice,7a3e584e47b0220b,0.0,visual_splice,1,1,0.7624066382688889,0.79880082662354
family_a_004191_genuine,1626551f51e5da1b,0.0,genuine,0,0,0.6533803591686338,0.564922947321248
family_a_004192_text_qr_mismatch,1626551f51e5da1b,0.0,text_qr_mismatch,1,1,0.9909087705382954,0.9995010035727306
family_a_004193_qr_only_mismatch,1626551f51e5da1b,0.0,qr_only_mismatch,1,1,0.9930070692294345,0.9995956629803019
family_a_004194_checksum_invalid,1626551f51e5da1b,0.0,checksum_invalid,1,1,0.9928717523493643,0.9997196355409514
family_a_004195_format_invalid,1626551f51e5da1b,0.0,format_invalid,1,1,0.9989497194530698,0.999773583822495
family_a_004196_field_missing,1626551f51e5da1b,0.0,field_missing,1,1,1.0,0.9991296816860306
family_a_004197_fine_grained_edit,1626551f51e5da1b,0.0,fine_grained_edit,1,1,0.994420742462343,0.99956461259129
family_a_004198_coordinated_full_forgery,1626551f51e5da1b,0.0,coordinated_full_forgery,1,1,0.8080160255658824,0.8852272696591367
family_a_004199_visual_splice,1626551f51e5da1b,0.0,visual_splice,1,1,0.8271565478189778,0.9523495473052237
family_a_004200_visual_splice,1626551f51e5da1b,0.0,visual_splice,1,1,0.8188842353378353,0.8401660085369115
family_a_004201_visual_splice,1626551f51e5da1b,0.0,visual_splice,1,1,0.7894067015285259,0.886511911141369
family_a_004202_genuine,dd24003511615813,0.0,genuine,0,0,0.5481746670844061,0.36230118014216484
family_a_004203_text_qr_mismatch,dd24003511615813,0.0,text_qr_mismatch,1,1,0.9963119214182194,0.9994936495278612
family_a_004204_qr_only_mismatch,dd24003511615813,0.0,qr_only_mismatch,1,1,0.9950264731953312,0.9990892303673328
family_a_004205_checksum_invalid,dd24003511615813,0.0,checksum_invalid,1,1,0.9973129251700681,0.9997173473714552
family_a_004206_format_invalid,dd24003511615813,0.0,format_invalid,1,1,0.9999842022116904,0.9998382492680653
family_a_004207_field_missing,dd24003511615813,0.0,field_missing,1,1,0.9999842022116904,0.9994916209042416
family_a_004208_fine_grained_edit,dd24003511615813,0.0,fine_grained_edit,1,1,0.9850264731953312,0.9993874047774165
family_a_004209_coordinated_full_forgery,dd24003511615813,0.0,coordinated_full_forgery,1,1,0.8089276047211785,0.8626139150818032
family_a_004210_visual_splice,dd24003511615813,0.0,visual_splice,1,1,0.7689649360870612,0.8318465044956381
family_a_004211_visual_splice,dd24003511615813,0.0,visual_splice,1,1,0.7779993887552296,0.8415379239664115
family_a_004212_visual_splice,dd24003511615813,0.0,visual_splice,1,1,0.9838379261073686,0.9996830464915047
family_a_004224_genuine,ed1b17d539d834bf,0.0,genuine,0,0,0.6348548673055885,0.36464245708058757
family_a_004225_text_qr_mismatch,ed1b17d539d834bf,0.0,text_qr_mismatch,1,1,0.9959886016212175,0.9994321816172548
family_a_004226_qr_only_mismatch,ed1b17d539d834bf,0.0,qr_only_mismatch,1,1,0.9957611589682405,0.9993004173644505
family_a_004227_checksum_invalid,ed1b17d539d834bf,0.0,checksum_invalid,1,1,0.9978717523493643,0.9995014659680196
family_a_004228_format_invalid,ed1b17d539d834bf,0.0,format_invalid,1,1,1.0,0.9998198998247899
family_a_004229_field_missing,ed1b17d539d834bf,0.0,field_missing,1,1,1.0,0.9997721729386251
family_a_004230_fine_grained_edit,ed1b17d539d834bf,0.0,fine_grained_edit,1,1,0.9950579197362117,0.9982931171680672
family_a_004231_coordinated_full_forgery,ed1b17d539d834bf,0.0,coordinated_full_forgery,1,1,0.7441444737233338,0.7650059105083697
family_a_004232_visual_splice,ed1b17d539d834bf,0.0,visual_splice,1,1,0.7891168461653345,0.7715303343135153
family_a_004233_visual_splice,ed1b17d539d834bf,0.0,visual_splice,1,1,0.8180373452946896,0.8611694151263748
family_a_004234_visual_splice,ed1b17d539d834bf,0.0,visual_splice,1,1,0.7848582860164487,0.7790944084724797
family_a_004235_genuine,2d0492922fa90f02,0.0,genuine,0,0,0.6111546211827613,0.4225681574368675
family_a_004236_text_qr_mismatch,2d0492922fa90f02,0.0,text_qr_mismatch,1,1,0.9954941008006776,0.9996157456733439
family_a_004237_qr_only_mismatch,2d0492922fa90f02,0.0,qr_only_mismatch,1,1,0.9934222701628953,0.9994569698416361
family_a_004238_checksum_invalid,2d0492922fa90f02,0.0,checksum_invalid,1,1,0.9983606557377049,0.9997974447549111
family_a_004239_format_invalid,2d0492922fa90f02,0.0,format_invalid,1,1,1.0,0.999704403731771
family_a_004240_field_missing,2d0492922fa90f02,0.0,field_missing,1,1,1.0,0.9997093704980484
family_a_004241_fine_grained_edit,2d0492922fa90f02,0.0,fine_grained_edit,1,1,0.9917356681939988,0.9995946805106867
family_a_004242_coordinated_full_forgery,2d0492922fa90f02,0.0,coordinated_full_forgery,1,1,0.7555244263891264,0.7560502354498767
family_a_004243_visual_splice,2d0492922fa90f02,0.0,visual_splice,1,1,0.9958087725777541,0.9980861723252473
family_a_004244_visual_splice,2d0492922fa90f02,0.0,visual_splice,1,1,0.97615151830721,0.9993147440211129
family_a_004245_visual_splice,2d0492922fa90f02,0.0,visual_splice,1,1,0.7061697254137459,0.5992365720843043
family_a_004246_genuine,8754d17bc10c36ac,0.0,genuine,0,0,0.6831830213759393,0.590221025304503
family_a_004247_text_qr_mismatch,8754d17bc10c36ac,0.0,text_qr_mismatch,1,1,0.9896440349003158,0.9995435086931966
family_a_004248_qr_only_mismatch,8754d17bc10c36ac,0.0,qr_only_mismatch,1,1,0.9927027953442777,0.9996620611704208
family_a_004249_checksum_invalid,8754d17bc10c36ac,0.0,checksum_invalid,1,1,0.9983606557377049,0.9997470763876233
family_a_004250_format_invalid,8754d17bc10c36ac,0.0,format_invalid,1,1,1.0,0.999781068141862
family_a_004251_field_missing,8754d17bc10c36ac,0.0,field_missing,1,1,1.0,0.9991397337716146
family_a_004252_fine_grained_edit,8754d17bc10c36ac,0.0,fine_grained_edit,1,1,0.9908273497613928,0.9994334761260288
family_a_004253_coordinated_full_forgery,8754d17bc10c36ac,0.0,coordinated_full_forgery,1,1,0.7956153891279181,0.8655974896259845
family_a_004254_visual_splice,8754d17bc10c36ac,0.0,visual_splice,1,1,0.7647208743987106,0.8077598689623209
family_a_004255_visual_splice,8754d17bc10c36ac,0.0,visual_splice,1,1,0.9884644766270644,0.9993512234503829
family_a_004256_visual_splice,8754d17bc10c36ac,0.0,visual_splice,1,1,0.7667694942147497,0.7386510304594031
family_a_004257_genuine,21940c7bc8de891b,0.0,genuine,0,0,0.7103754644732945,0.7106300538296636
family_a_004258_text_qr_mismatch,21940c7bc8de891b,0.0,text_qr_mismatch,1,1,0.90493455006496,0.9095679766908946
family_a_004259_qr_only_mismatch,21940c7bc8de891b,0.0,qr_only_mismatch,1,1,0.9971678469042363,0.9997264925219621
family_a_004260_checksum_invalid,21940c7bc8de891b,0.0,checksum_invalid,1,1,0.9630172117734869,0.9677368659899394
family_a_004261_format_invalid,21940c7bc8de891b,0.0,format_invalid,1,1,0.9098980795602836,0.9691469021880894
family_a_004262_field_missing,21940c7bc8de891b,0.0,field_missing,1,1,0.9807646157573557,0.9826426005930368
family_a_004263_fine_grained_edit,21940c7bc8de891b,0.0,fine_grained_edit,1,1,0.8917549841219927,0.9144509263111773
family_a_004264_coordinated_full_forgery,21940c7bc8de891b,0.0,coordinated_full_forgery,1,1,0.7924421510509839,0.877585455042835
family_a_004265_visual_splice,21940c7bc8de891b,0.0,visual_splice,1,1,0.9261556571717402,0.9033303331213361
family_a_004266_visual_splice,21940c7bc8de891b,0.0,visual_splice,1,1,0.9027687539337049,0.8485921615290888
family_a_004267_visual_splice,21940c7bc8de891b,0.0,visual_splice,1,1,0.9366530253238622,0.9213099685530056
family_a_004268_genuine,6c520a8e6c030fdc,0.0,genuine,0,0,0.7204388315454193,0.668419444303219
family_a_004269_text_qr_mismatch,6c520a8e6c030fdc,0.0,text_qr_mismatch,1,1,0.995238934713622,0.9993948119596883
family_a_004270_qr_only_mismatch,6c520a8e6c030fdc,0.0,qr_only_mismatch,1,1,0.999877451304675,0.9998564963925416
family_a_004271_checksum_invalid,6c520a8e6c030fdc,0.0,checksum_invalid,1,1,0.9983606557377049,0.999818454109188
family_a_004272_format_invalid,6c520a8e6c030fdc,0.0,format_invalid,1,1,0.9997413793103448,0.9995346181147384
family_a_004273_field_missing,6c520a8e6c030fdc,0.0,field_missing,1,1,0.9994690265486725,0.9993037046570691
family_a_004274_fine_grained_edit,6c520a8e6c030fdc,0.0,fine_grained_edit,1,1,0.9946089801390524,0.9988385718580327
family_a_004275_coordinated_full_forgery,6c520a8e6c030fdc,0.0,coordinated_full_forgery,1,1,0.8056940575480452,0.8399658752094858
family_a_004276_visual_splice,6c520a8e6c030fdc,0.0,visual_splice,1,1,0.9956761016212176,0.9994542681284498
family_a_004277_visual_splice,6c520a8e6c030fdc,0.0,visual_splice,1,1,0.7332438486616614,0.6851706632615858
family_a_004278_visual_splice,6c520a8e6c030fdc,0.0,visual_splice,1,1,0.7746719638131626,0.8065073034540995
family_a_004279_genuine,5b849e9f541920c9,0.0,genuine,0,0,0.7083701441205953,0.6587930841135804
family_a_004280_text_qr_mismatch,5b849e9f541920c9,0.0,text_qr_mismatch,1,1,0.994420742462343,0.999582419193092
family_a_004281_qr_only_mismatch,5b849e9f541920c9,0.0,qr_only_mismatch,1,1,0.994420742462343,0.999675867771336
family_a_004282_checksum_invalid,5b849e9f541920c9,0.0,checksum_invalid,1,1,0.9933606557377049,0.9998501672845934
family_a_004283_format_invalid,5b849e9f541920c9,0.0,format_invalid,1,1,1.0,0.9997759148540191
family_a_004284_field_missing,5b849e9f541920c9,0.0,field_missing,1,1,1.0,0.9997457262624927
family_a_004285_fine_grained_edit,5b849e9f541920c9,0.0,fine_grained_edit,1,1,0.994420742462343,0.9997330824441649
family_a_004286_coordinated_full_forgery,5b849e9f541920c9,0.0,coordinated_full_forgery,1,1,0.7797269828680181,0.8749363998855442
family_a_004287_visual_splice,5b849e9f541920c9,0.0,visual_splice,1,1,0.790113606427625,0.8700123381218045
family_a_004288_visual_splice,5b849e9f541920c9,0.0,visual_splice,1,1,0.9882798175458473,0.9998645952006266
family_a_004289_visual_splice,5b849e9f541920c9,0.0,visual_splice,1,1,0.8066779430314219,0.8768479013910704
family_a_004290_genuine,a819a26ca5c113af,0.0,genuine,0,0,0.6414102409765802,0.4064124481355086
family_a_004291_text_qr_mismatch,a819a26ca5c113af,0.0,text_qr_mismatch,1,1,0.9960980248416651,0.9997315704641101
family_a_004292_qr_only_mismatch,a819a26ca5c113af,0.0,qr_only_mismatch,1,1,0.9908591270850131,0.9996444682771949
family_a_004293_checksum_invalid,a819a26ca5c113af,0.0,checksum_invalid,1,1,0.9983606557377049,0.9997438830751981
family_a_004294_format_invalid,a819a26ca5c113af,0.0,format_invalid,1,1,1.0,0.9998917999652401
family_a_004295_field_missing,a819a26ca5c113af,0.0,field_missing,1,1,1.0,0.9996872878103358
family_a_004296_fine_grained_edit,a819a26ca5c113af,0.0,fine_grained_edit,1,1,0.9940355394942066,0.9996569601486373
family_a_004297_coordinated_full_forgery,a819a26ca5c113af,0.0,coordinated_full_forgery,1,1,0.709658691377981,0.6555164052556139
family_a_004298_visual_splice,a819a26ca5c113af,0.0,visual_splice,1,1,0.803751522968867,0.8492659569946125
family_a_004299_visual_splice,a819a26ca5c113af,0.0,visual_splice,1,1,0.9933717651123902,0.9997496011319265
family_a_004300_visual_splice,a819a26ca5c113af,0.0,visual_splice,1,1,0.7894788441094799,0.8649091351008406
family_a_004301_genuine,38187f04915c7da6,0.0,genuine,0,0,0.620420815124879,0.5675764838019532
family_a_004302_text_qr_mismatch,38187f04915c7da6,0.0,text_qr_mismatch,1,1,0.9872819820825511,0.999750524613228
family_a_004303_qr_only_mismatch,38187f04915c7da6,0.0,qr_only_mismatch,1,1,0.9957040828837358,0.9992598629630812
family_a_004304_checksum_invalid,38187f04915c7da6,0.0,checksum_invalid,1,1,0.9978717523493643,0.9997107482090484
family_a_004305_format_invalid,38187f04915c7da6,0.0,format_invalid,1,1,1.0,0.9998469379989774
family_a_004306_field_missing,38187f04915c7da6,0.0,field_missing,1,1,0.9999842022116904,0.9992441027915004
family_a_004307_fine_grained_edit,38187f04915c7da6,0.0,fine_grained_edit,1,1,0.9951580752643733,0.999689964580067
family_a_004308_coordinated_full_forgery,38187f04915c7da6,0.0,coordinated_full_forgery,1,1,0.8426406484740672,0.878085152492341
family_a_004309_visual_splice,38187f04915c7da6,0.0,visual_splice,1,1,0.7678925743502317,0.7908669770124254
family_a_004310_visual_splice,38187f04915c7da6,0.0,visual_splice,1,1,0.7807899717966401,0.8633197313079531
family_a_004311_visual_splice,38187f04915c7da6,0.0,visual_splice,1,1,0.9936751017313823,0.9993020778649903
family_a_004312_genuine,5b274f24e7fb6883,0.0,genuine,0,0,0.6574791422009021,0.5570867703991758
family_a_004313_text_qr_mismatch,5b274f24e7fb6883,0.0,text_qr_mismatch,1,1,0.9920154746578557,0.9993945726001848
family_a_004314_qr_only_mismatch,5b274f24e7fb6883,0.0,qr_only_mismatch,1,1,0.984335380666588,0.9995680209706375
family_a_004315_checksum_invalid,5b274f24e7fb6883,0.0,checksum_invalid,1,1,0.9972971273817585,0.9995965933516067
family_a_004316_format_invalid,5b274f24e7fb6883,0.0,format_invalid,1,1,1.0,0.9997736534654628
family_a_004317_field_missing,5b274f24e7fb6883,0.0,field_missing,1,1,0.9999842022116904,0.9995828765987163
family_a_004318_fine_grained_edit,5b274f24e7fb6883,0.0,fine_grained_edit,1,1,0.9860852052310358,0.9988535526370566
family_a_004319_coordinated_full_forgery,5b274f24e7fb6883,0.0,coordinated_full_forgery,1,1,0.78788553804303,0.8474672825522492
family_a_004320_visual_splice,5b274f24e7fb6883,0.0,visual_splice,1,1,0.7487257880912068,0.7315202219252225
family_a_004321_visual_splice,5b274f24e7fb6883,0.0,visual_splice,1,1,0.9978023339337829,0.9998397275579347
family_a_004322_visual_splice,5b274f24e7fb6883,0.0,visual_splice,1,1,0.7778187795641436,0.6216038892449801
family_a_004323_genuine,009547e20f2b66f0,0.0,genuine,0,0,0.6029213656698105,0.4974608429474041
family_a_004324_text_qr_mismatch,009547e20f2b66f0,0.0,text_qr_mismatch,1,1,0.9958672323747928,0.9997491514143534
family_a_004325_qr_only_mismatch,009547e20f2b66f0,0.0,qr_only_mismatch,1,1,0.9929220006372422,0.9998053750417247
family_a_004326_checksum_invalid,009547e20f2b66f0,0.0,checksum_invalid,1,1,0.9983448579493954,0.9998760620646826
family_a_004327_format_invalid,009547e20f2b66f0,0.0,format_invalid,1,1,1.0,0.9999019087165777
family_a_004328_field_missing,009547e20f2b66f0,0.0,field_missing,1,1,1.0,0.999197845197685
family_a_004329_fine_grained_edit,009547e20f2b66f0,0.0,fine_grained_edit,1,1,0.9950927736903837,0.9995809132321013
family_a_004330_coordinated_full_forgery,009547e20f2b66f0,0.0,coordinated_full_forgery,1,1,0.7735794505212528,0.8148514872982895
family_a_004331_visual_splice,009547e20f2b66f0,0.0,visual_splice,1,1,0.8845046309681623,0.9662451609396875
family_a_004332_visual_splice,009547e20f2b66f0,0.0,visual_splice,1,1,0.8096964996619619,0.7475116607797153
family_a_004333_visual_splice,009547e20f2b66f0,0.0,visual_splice,1,1,0.9959886016212175,0.9996496851088795
family_a_004345_genuine,b7e0dc9d4e7f55d8,0.0,genuine,0,0,0.6595969020271886,0.5173695335787646
family_a_004346_text_qr_mismatch,b7e0dc9d4e7f55d8,0.0,text_qr_mismatch,1,1,0.9902427292528416,0.9994815475066561
family_a_004347_qr_only_mismatch,b7e0dc9d4e7f55d8,0.0,qr_only_mismatch,1,1,0.9511806332652956,0.9565102519730532
family_a_004348_checksum_invalid,b7e0dc9d4e7f55d8,0.0,checksum_invalid,1,1,0.9983606557377049,0.9997085679111739
family_a_004349_format_invalid,b7e0dc9d4e7f55d8,0.0,format_invalid,1,1,0.9999842022116904,0.9996980509680731
family_a_004350_field_missing,b7e0dc9d4e7f55d8,0.0,field_missing,1,1,1.0,0.9993870912331803
family_a_004351_fine_grained_edit,b7e0dc9d4e7f55d8,0.0,fine_grained_edit,1,1,0.7630251017599231,0.7893052153556088
family_a_004352_coordinated_full_forgery,b7e0dc9d4e7f55d8,0.0,coordinated_full_forgery,1,1,0.8184475839168219,0.9209140588589334
family_a_004353_visual_splice,b7e0dc9d4e7f55d8,0.0,visual_splice,1,1,0.76348682584994,0.7998819444376342
family_a_004354_visual_splice,b7e0dc9d4e7f55d8,0.0,visual_splice,1,1,0.7122857963640495,0.8323595673544024
family_a_004355_visual_splice,b7e0dc9d4e7f55d8,0.0,visual_splice,1,1,1.0,0.9995467281747532
family_a_004356_genuine,73476d17358e3cdc,0.0,genuine,0,0,0.5656689625125431,0.39883085466333074
family_a_004357_text_qr_mismatch,73476d17358e3cdc,0.0,text_qr_mismatch,1,1,0.9923372167845741,0.9990203502768522
family_a_004358_qr_only_mismatch,73476d17358e3cdc,0.0,qr_only_mismatch,1,1,0.9924912619277256,0.9995847237494848
family_a_004359_checksum_invalid,73476d17358e3cdc,0.0,checksum_invalid,1,1,0.9961432812279124,0.999335266836138
family_a_004360_format_invalid,73476d17358e3cdc,0.0,format_invalid,1,1,0.9999842022116904,0.9997348924009882
family_a_004361_field_missing,73476d17358e3cdc,0.0,field_missing,1,1,1.0,0.999411756450351
family_a_004362_fine_grained_edit,73476d17358e3cdc,0.0,fine_grained_edit,1,1,0.9940404353304615,0.9967077234812171
family_a_004363_coordinated_full_forgery,73476d17358e3cdc,0.0,coordinated_full_forgery,1,1,0.8415137754658386,0.8518380288522303
family_a_004364_visual_splice,73476d17358e3cdc,0.0,visual_splice,1,1,0.8185105048899891,0.8614823725900745
family_a_004365_visual_splice,73476d17358e3cdc,0.0,visual_splice,1,1,0.7596828260707008,0.7691473852537746
family_a_004366_visual_splice,73476d17358e3cdc,0.0,visual_splice,1,1,0.6648604432800395,0.6527478881289996
family_a_004378_genuine,2ab313839d513d2c,0.0,genuine,0,0,0.7229474107355881,0.6031490037515312
family_a_004379_text_qr_mismatch,2ab313839d513d2c,0.0,text_qr_mismatch,1,1,0.9940763472193567,0.9993918836225982
family_a_004380_qr_only_mismatch,2ab313839d513d2c,0.0,qr_only_mismatch,1,1,0.9929096248735025,0.9995810289824429
family_a_004381_checksum_invalid,2ab313839d513d2c,0.0,checksum_invalid,1,1,0.9977451700708833,0.9992313236403855
family_a_004382_format_invalid,2ab313839d513d2c,0.0,format_invalid,1,1,0.9940000000000001,0.9994251067433649
family_a_004383_field_missing,2ab313839d513d2c,0.0,field_missing,1,1,1.0,0.999538169404737
family_a_004384_fine_grained_edit,2ab313839d513d2c,0.0,fine_grained_edit,1,1,0.994420742462343,0.9987216653738579
family_a_004385_coordinated_full_forgery,2ab313839d513d2c,0.0,coordinated_full_forgery,1,1,0.7883569351342213,0.8779198793529975
family_a_004386_visual_splice,2ab313839d513d2c,0.0,visual_splice,1,1,0.7645421585875835,0.7971576555088433
family_a_004387_visual_splice,2ab313839d513d2c,0.0,visual_splice,1,1,0.9108404177174865,0.946281611396547
family_a_004388_visual_splice,2ab313839d513d2c,0.0,visual_splice,1,1,0.9981731422125572,0.9994397716735642
family_a_004389_genuine,a74f563ae6ed4381,0.0,genuine,0,0,0.5360693299391796,0.33509958623920855
family_a_004390_text_qr_mismatch,a74f563ae6ed4381,0.0,text_qr_mismatch,1,1,0.9958357858339123,0.9995935550644914
family_a_004391_qr_only_mismatch,a74f563ae6ed4381,0.0,qr_only_mismatch,1,1,0.9924753836647006,0.999760448361014
family_a_004392_checksum_invalid,a74f563ae6ed4381,0.0,checksum_invalid,1,1,0.9972971273817585,0.9997768322258503
family_a_004393_format_invalid,a74f563ae6ed4381,0.0,format_invalid,1,1,0.9989497194530698,0.9997133673781974
family_a_004394_field_missing,a74f563ae6ed4381,0.0,field_missing,1,1,0.9946666666666666,0.99943813469415
family_a_004395_fine_grained_edit,a74f563ae6ed4381,0.0,fine_grained_edit,1,1,0.994790032916806,0.9979518445750318
family_a_004396_coordinated_full_forgery,a74f563ae6ed4381,0.0,coordinated_full_forgery,1,1,0.7966438027994033,0.8251661125054686
family_a_004397_visual_splice,a74f563ae6ed4381,0.0,visual_splice,1,1,0.7596434003300575,0.8166998048559705
family_a_004398_visual_splice,a74f563ae6ed4381,0.0,visual_splice,1,1,0.6758070493516679,0.48917694754839935
family_a_004399_visual_splice,a74f563ae6ed4381,0.0,visual_splice,1,1,0.7518231649333265,0.8270236977085853
family_a_004411_genuine,0244a2e20f6e8082,0.0,genuine,0,0,0.6657499713931516,0.5397913763765241
family_a_004412_text_qr_mismatch,0244a2e20f6e8082,0.0,text_qr_mismatch,1,1,0.9944086940883936,0.9997373672383798
family_a_004413_qr_only_mismatch,0244a2e20f6e8082,0.0,qr_only_mismatch,1,1,0.9956244094734471,0.9993848417732034
family_a_004414_checksum_invalid,0244a2e20f6e8082,0.0,checksum_invalid,1,1,0.9983606557377049,0.999884570274232
family_a_004415_format_invalid,0244a2e20f6e8082,0.0,format_invalid,1,1,1.0,0.9997850231653884
family_a_004416_field_missing,0244a2e20f6e8082,0.0,field_missing,1,1,0.9999842022116904,0.9997152034522238
family_a_004417_fine_grained_edit,0244a2e20f6e8082,0.0,fine_grained_edit,1,1,0.9940355394942066,0.9990255276444526
family_a_004418_coordinated_full_forgery,0244a2e20f6e8082,0.0,coordinated_full_forgery,1,1,0.7682177536472146,0.8199631881328515
family_a_004419_visual_splice,0244a2e20f6e8082,0.0,visual_splice,1,1,0.7805689886242897,0.7683378117718772
family_a_004420_visual_splice,0244a2e20f6e8082,0.0,visual_splice,1,1,0.9981348280363119,0.998857592275952
family_a_004421_visual_splice,0244a2e20f6e8082,0.0,visual_splice,1,1,1.0,0.9997662911209757
family_a_004444_genuine,60eee9a258496d16,0.0,genuine,0,0,0.6559141538714706,0.5466756790331104
family_a_004445_text_qr_mismatch,60eee9a258496d16,0.0,text_qr_mismatch,1,1,0.9981731422125572,0.9995622270807263
family_a_004446_qr_only_mismatch,60eee9a258496d16,0.0,qr_only_mismatch,1,1,0.9947113783215523,0.9995233278851328
family_a_004447_checksum_invalid,60eee9a258496d16,0.0,checksum_invalid,1,1,0.9909464649930423,0.9997860400710724
family_a_004448_format_invalid,60eee9a258496d16,0.0,format_invalid,1,1,0.9996147970318637,0.9995299277322602
family_a_004449_field_missing,60eee9a258496d16,0.0,field_missing,1,1,0.9937413793103448,0.9994343993903174
family_a_004450_fine_grained_edit,60eee9a258496d16,0.0,fine_grained_edit,1,1,0.994420742462343,0.9996862640223471
family_a_004451_coordinated_full_forgery,60eee9a258496d16,0.0,coordinated_full_forgery,1,1,0.7690061580083691,0.8830942620686077
family_a_004452_visual_splice,60eee9a258496d16,0.0,visual_splice,1,1,0.990839014164891,0.9994048494928413
family_a_004453_visual_splice,60eee9a258496d16,0.0,visual_splice,1,1,0.7451240887023458,0.7548900842057935
family_a_004454_visual_splice,60eee9a258496d16,0.0,visual_splice,1,1,0.9921441904910172,0.9991980968652862
family_a_004455_genuine,c71229fb846bb032,0.0,genuine,0,0,0.7452128479081115,0.7587279938420284
family_a_004456_text_qr_mismatch,c71229fb846bb032,0.0,text_qr_mismatch,1,1,0.9879576210584787,0.9995648172473826
family_a_004457_qr_only_mismatch,c71229fb846bb032,0.0,qr_only_mismatch,1,1,1.0,0.999463656471854
family_a_004458_checksum_invalid,c71229fb846bb032,0.0,checksum_invalid,1,1,0.9978717523493643,0.9998335101947541
family_a_004459_format_invalid,c71229fb846bb032,0.0,format_invalid,1,1,0.9949842022116904,0.9996764285123201
family_a_004460_field_missing,c71229fb846bb032,0.0,field_missing,1,1,0.9999842022116904,0.9996313224516736
family_a_004461_fine_grained_edit,c71229fb846bb032,0.0,fine_grained_edit,1,1,0.9944049446740334,0.999665993715294
family_a_004462_coordinated_full_forgery,c71229fb846bb032,0.0,coordinated_full_forgery,1,1,0.7602221800912461,0.8714720203760818
family_a_004463_visual_splice,c71229fb846bb032,0.0,visual_splice,1,1,0.8036862581563448,0.9429765789289792
family_a_004464_visual_splice,c71229fb846bb032,0.0,visual_splice,1,1,0.9899248826291078,0.9977717347126034
family_a_004465_visual_splice,c71229fb846bb032,0.0,visual_splice,1,1,0.9885641060055781,0.9972604849491921
family_a_004466_genuine,36feef0b1e5ac7d9,0.0,genuine,0,0,0.4961501876151438,0.21572613604415755
family_a_004467_text_qr_mismatch,36feef0b1e5ac7d9,0.0,text_qr_mismatch,1,1,0.988242908679352,0.9997684556824598
family_a_004468_qr_only_mismatch,36feef0b1e5ac7d9,0.0,qr_only_mismatch,1,1,0.992821760678327,0.9994562467199899
family_a_004469_checksum_invalid,36feef0b1e5ac7d9,0.0,checksum_invalid,1,1,0.9978559545610547,0.9998363925758653
family_a_004470_format_invalid,36feef0b1e5ac7d9,0.0,format_invalid,1,1,1.0,0.9997800279020905
family_a_004471_field_missing,36feef0b1e5ac7d9,0.0,field_missing,1,1,0.9999842022116904,0.9976280637603073
family_a_004472_fine_grained_edit,36feef0b1e5ac7d9,0.0,fine_grained_edit,1,1,0.9936751017313823,0.9997883937927218
family_a_004473_coordinated_full_forgery,36feef0b1e5ac7d9,0.0,coordinated_full_forgery,1,1,0.7482302690937491,0.7399048398494202
family_a_004474_visual_splice,36feef0b1e5ac7d9,0.0,visual_splice,1,1,0.9906570896619838,0.9991777430541097
family_a_004475_visual_splice,36feef0b1e5ac7d9,0.0,visual_splice,1,1,0.9796565947990601,0.9994326854573331
family_a_004476_visual_splice,36feef0b1e5ac7d9,0.0,visual_splice,1,1,0.995522086020334,0.9996102768210346
family_a_004477_genuine,fc3471992f2cd456,0.0,genuine,0,0,0.6876101228992494,0.6643978455022838
family_a_004478_text_qr_mismatch,fc3471992f2cd456,0.0,text_qr_mismatch,1,1,0.9930979993640291,0.9996963986627988
family_a_004479_qr_only_mismatch,fc3471992f2cd456,0.0,qr_only_mismatch,1,1,0.9837272502193027,0.9994713956886236
family_a_004480_checksum_invalid,fc3471992f2cd456,0.0,checksum_invalid,1,1,0.9983606557377049,0.999833129284855
family_a_004481_format_invalid,fc3471992f2cd456,0.0,format_invalid,1,1,1.0,0.9998276111367811
family_a_004482_field_missing,fc3471992f2cd456,0.0,field_missing,1,1,1.0,0.9995206027338276
family_a_004483_fine_grained_edit,fc3471992f2cd456,0.0,fine_grained_edit,1,1,0.994420742462343,0.9997250471849852
family_a_004484_coordinated_full_forgery,fc3471992f2cd456,0.0,coordinated_full_forgery,1,1,0.7416672133653966,0.798444969142447
family_a_004485_visual_splice,fc3471992f2cd456,0.0,visual_splice,1,1,0.8025245552379328,0.7931600542705901
family_a_004486_visual_splice,fc3471992f2cd456,0.0,visual_splice,1,1,0.8051057941852497,0.8411506523204615
family_a_004487_visual_splice,fc3471992f2cd456,0.0,visual_splice,1,1,0.9937727052310359,0.9993430842274789
family_a_004499_genuine,9c651061c6ddb30b,0.0,genuine,0,0,0.614451429641848,0.5715234619653567
family_a_004500_text_qr_mismatch,9c651061c6ddb30b,0.0,text_qr_mismatch,1,1,0.9942406104115256,0.9995574221371583
family_a_004501_qr_only_mismatch,9c651061c6ddb30b,0.0,qr_only_mismatch,1,1,0.9965561008209556,0.9996461734565585
family_a_004502_checksum_invalid,9c651061c6ddb30b,0.0,checksum_invalid,1,1,0.9978717523493643,0.9998468943401371
family_a_004503_format_invalid,9c651061c6ddb30b,0.0,format_invalid,1,1,1.0,0.9997921802581959
family_a_004504_field_missing,9c651061c6ddb30b,0.0,field_missing,1,1,0.9999842022116904,0.9989087620880049
family_a_004505_fine_grained_edit,9c651061c6ddb30b,0.0,fine_grained_edit,1,1,0.9929576210584787,0.9994164344962124
family_a_004506_coordinated_full_forgery,9c651061c6ddb30b,0.0,coordinated_full_forgery,1,1,0.9419291010266856,0.9516661272128488
family_a_004507_visual_splice,9c651061c6ddb30b,0.0,visual_splice,1,1,0.995021620489142,0.9997127018361394
family_a_004508_visual_splice,9c651061c6ddb30b,0.0,visual_splice,1,1,0.7889358288456872,0.8457499751400244
family_a_004509_visual_splice,9c651061c6ddb30b,0.0,visual_splice,1,1,0.9932600948041452,0.9995132070320838
family_a_004532_genuine,86b93b6b6c654614,0.0,genuine,0,0,0.7324186554838201,0.6619826426624194
family_a_004533_text_qr_mismatch,86b93b6b6c654614,0.0,text_qr_mismatch,1,1,0.9883898497613928,0.9995961541647439
family_a_004534_qr_only_mismatch,86b93b6b6c654614,0.0,qr_only_mismatch,1,1,0.9949828446123695,0.9996953066138113
family_a_004535_checksum_invalid,86b93b6b6c654614,0.0,checksum_invalid,1,1,0.9978717523493643,0.9996743882494692
family_a_004536_format_invalid,86b93b6b6c654614,0.0,format_invalid,1,1,1.0,0.9995438664408387
family_a_004537_field_missing,86b93b6b6c654614,0.0,field_missing,1,1,0.9999842022116904,0.9998186422842968
family_a_004538_fine_grained_edit,86b93b6b6c654614,0.0,fine_grained_edit,1,1,0.9943303178083618,0.9996476477329889
family_a_004539_coordinated_full_forgery,86b93b6b6c654614,0.0,coordinated_full_forgery,1,1,0.7068367133193562,0.7224878094404011
family_a_004540_visual_splice,86b93b6b6c654614,0.0,visual_splice,1,1,0.8049942711262621,0.8846052491472738
family_a_004541_visual_splice,86b93b6b6c654614,0.0,visual_splice,1,1,0.9981731422125572,0.9996425777879309
family_a_004542_visual_splice,86b93b6b6c654614,0.0,visual_splice,1,1,0.9981731422125572,0.9996912053346569
family_a_004554_genuine,1b3857989557ebf6,0.0,genuine,0,0,0.6787584449001345,0.6909183078270713
family_a_004555_text_qr_mismatch,1b3857989557ebf6,0.0,text_qr_mismatch,1,1,0.9960597106654199,0.9996074011807389
family_a_004556_qr_only_mismatch,1b3857989557ebf6,0.0,qr_only_mismatch,1,1,0.992010112865881,0.9984112754162068
family_a_004557_checksum_invalid,1b3857989557ebf6,0.0,checksum_invalid,1,1,0.9978717523493643,0.9997866162846164
family_a_004558_format_invalid,1b3857989557ebf6,0.0,format_invalid,1,1,1.0,0.9997749882753607
family_a_004559_field_missing,1b3857989557ebf6,0.0,field_missing,1,1,1.0,0.9996862712810815
family_a_004560_fine_grained_edit,1b3857989557ebf6,0.0,fine_grained_edit,1,1,0.9962530923408573,0.999672648707307
family_a_004561_coordinated_full_forgery,1b3857989557ebf6,0.0,coordinated_full_forgery,1,1,0.8052972150791827,0.8087270874365652
family_a_004562_visual_splice,1b3857989557ebf6,0.0,visual_splice,1,1,0.9959886016212175,0.9996856041688014
family_a_004563_visual_splice,1b3857989557ebf6,0.0,visual_splice,1,1,0.9959886016212175,0.9996015476505695
family_a_004564_visual_splice,1b3857989557ebf6,0.0,visual_splice,1,1,0.753662034065714,0.822919785078145
family_a_004587_genuine,4b81797de1a3a61c,0.0,genuine,0,0,0.6328157765036115,0.7338986207808718
family_a_004588_text_qr_mismatch,4b81797de1a3a61c,0.0,text_qr_mismatch,1,1,0.8838348234386477,0.9124400867654113
family_a_004589_qr_only_mismatch,4b81797de1a3a61c,0.0,qr_only_mismatch,1,1,0.9950264731953312,0.9990996569632526
family_a_004590_checksum_invalid,4b81797de1a3a61c,0.0,checksum_invalid,1,1,0.9547012983956678,0.9750060428229526
family_a_004591_format_invalid,4b81797de1a3a61c,0.0,format_invalid,1,1,0.9463278655189442,0.9823858088252457
family_a_004592_field_missing,4b81797de1a3a61c,0.0,field_missing,1,1,0.9680075998911971,0.9850829767451422
family_a_004593_fine_grained_edit,4b81797de1a3a61c,0.0,fine_grained_edit,1,1,0.9214743875271041,0.9107692472591409
family_a_004594_coordinated_full_forgery,4b81797de1a3a61c,0.0,coordinated_full_forgery,1,1,0.7352922744794448,0.8130879517682706
family_a_004595_visual_splice,4b81797de1a3a61c,0.0,visual_splice,1,1,0.9150347741664229,0.9374926527312831
family_a_004596_visual_splice,4b81797de1a3a61c,0.0,visual_splice,1,1,0.9243885979947629,0.9179420807321231
family_a_004597_visual_splice,4b81797de1a3a61c,0.0,visual_splice,1,1,0.9406796584216977,0.9911380865180623
family_a_004609_genuine,a340ddee24c0c143,0.0,genuine,0,0,0.7238290387794136,0.6146545803210202
family_a_004610_text_qr_mismatch,a340ddee24c0c143,0.0,text_qr_mismatch,1,1,0.988030198245612,0.9990809846512159
family_a_004611_qr_only_mismatch,a340ddee24c0c143,0.0,qr_only_mismatch,1,1,0.9924912619277256,0.9994686943766288
family_a_004612_checksum_invalid,a340ddee24c0c143,0.0,checksum_invalid,1,1,0.9972971273817585,0.9998520872234948
family_a_004613_format_invalid,a340ddee24c0c143,0.0,format_invalid,1,1,1.0,0.9997718726412196
family_a_004614_field_missing,a340ddee24c0c143,0.0,field_missing,1,1,1.0,0.9996307774358647
family_a_004615_fine_grained_edit,a340ddee24c0c143,0.0,fine_grained_edit,1,1,0.9933111081525909,0.9981353095902024
family_a_004616_coordinated_full_forgery,a340ddee24c0c143,0.0,coordinated_full_forgery,1,1,0.8837369384608877,0.8875518242386086
family_a_004617_visual_splice,a340ddee24c0c143,0.0,visual_splice,1,1,0.7501387431568624,0.7809018248041324
family_a_004618_visual_splice,a340ddee24c0c143,0.0,visual_splice,1,1,0.9967153774120439,0.9998678038228377
family_a_004619_visual_splice,a340ddee24c0c143,0.0,visual_splice,1,1,0.9959886016212175,0.9963621591159958
family_a_004620_genuine,d40ee5974b4e70ee,0.0,genuine,0,0,0.5920630124379942,0.5629429740607013
family_a_004621_text_qr_mismatch,d40ee5974b4e70ee,0.0,text_qr_mismatch,1,1,0.9943169462893882,0.9994917575435361
family_a_004622_qr_only_mismatch,d40ee5974b4e70ee,0.0,qr_only_mismatch,1,1,0.9967735846297389,0.9997228233012945
family_a_004623_checksum_invalid,d40ee5974b4e70ee,0.0,checksum_invalid,1,1,0.9908198827145612,0.9991521196662195
family_a_004624_format_invalid,d40ee5974b4e70ee,0.0,format_invalid,1,1,0.9999842022116904,0.9998162985670411
family_a_004625_field_missing,d40ee5974b4e70ee,0.0,field_missing,1,1,0.9917413793103448,0.9991255458506103
family_a_004626_fine_grained_edit,d40ee5974b4e70ee,0.0,fine_grained_edit,1,1,0.9858357858339123,0.9980850733383079
family_a_004627_coordinated_full_forgery,d40ee5974b4e70ee,0.0,coordinated_full_forgery,1,1,0.7893248771699697,0.7813342456248895
family_a_004628_visual_splice,d40ee5974b4e70ee,0.0,visual_splice,1,1,0.7725249296888552,0.7127957134921973
family_a_004629_visual_splice,d40ee5974b4e70ee,0.0,visual_splice,1,1,0.9940852052310359,0.9994406765595123
family_a_004630_visual_splice,d40ee5974b4e70ee,0.0,visual_splice,1,1,0.7921855420897487,0.7709072429570026
family_a_004642_genuine,b586dde9c11e3bb4,0.0,genuine,0,0,0.6035726924987245,0.5989086201378065
family_a_004643_text_qr_mismatch,b586dde9c11e3bb4,0.0,text_qr_mismatch,1,1,0.9917949062587839,0.9996633322897932
family_a_004644_qr_only_mismatch,b586dde9c11e3bb4,0.0,qr_only_mismatch,1,1,0.9938243356658184,0.9985133266598609
family_a_004645_checksum_invalid,b586dde9c11e3bb4,0.0,checksum_invalid,1,1,0.9962626446231378,0.9996053703233371
family_a_004646_format_invalid,b586dde9c11e3bb4,0.0,format_invalid,1,1,0.9999842022116904,0.9995777286701613
family_a_004647_field_missing,b586dde9c11e3bb4,0.0,field_missing,1,1,0.9995586702967968,0.9996086934824201
family_a_004648_fine_grained_edit,b586dde9c11e3bb4,0.0,fine_grained_edit,1,1,0.9958153600802149,0.9995526726898668
family_a_004649_coordinated_full_forgery,b586dde9c11e3bb4,0.0,coordinated_full_forgery,1,1,0.7748897415910534,0.8559098072309418
family_a_004650_visual_splice,b586dde9c11e3bb4,0.0,visual_splice,1,1,0.739786474954273,0.7744419031046511
family_a_004651_visual_splice,b586dde9c11e3bb4,0.0,visual_splice,1,1,0.9943169462893882,0.9995331562408483
family_a_004652_visual_splice,b586dde9c11e3bb4,0.0,visual_splice,1,1,0.9981190302480023,0.999499222148254
family_a_004653_genuine,6b9e7bedb3fcd330,0.0,genuine,0,0,0.7094210247074841,0.597846204482367
family_a_004654_text_qr_mismatch,6b9e7bedb3fcd330,0.0,text_qr_mismatch,1,1,0.9962086209391543,0.9994838361200824
family_a_004655_qr_only_mismatch,6b9e7bedb3fcd330,0.0,qr_only_mismatch,1,1,0.9980320282986469,0.998894194331507
family_a_004656_checksum_invalid,6b9e7bedb3fcd330,0.0,checksum_invalid,1,1,0.9978717523493643,0.9997646076410149
family_a_004657_format_invalid,6b9e7bedb3fcd330,0.0,format_invalid,1,1,0.9933175355450237,0.9996830829961995
family_a_004658_field_missing,6b9e7bedb3fcd330,0.0,field_missing,1,1,0.9999842022116904,0.9996180426583395
family_a_004659_fine_grained_edit,6b9e7bedb3fcd330,0.0,fine_grained_edit,1,1,0.9890710799515593,0.9994384303385825
family_a_004660_coordinated_full_forgery,6b9e7bedb3fcd330,0.0,coordinated_full_forgery,1,1,0.705715707249667,0.6285458002778574
family_a_004661_visual_splice,6b9e7bedb3fcd330,0.0,visual_splice,1,1,0.7797934270756616,0.8272972912306016
family_a_004662_visual_splice,6b9e7bedb3fcd330,0.0,visual_splice,1,1,0.8227291336420426,0.8637051919743899
family_a_004663_visual_splice,6b9e7bedb3fcd330,0.0,visual_splice,1,1,0.9977640197575377,0.9996265071036933
family_a_004664_genuine,4c2530529daa7581,0.0,genuine,0,0,0.45520828658239443,0.3846247986288198
family_a_004665_text_qr_mismatch,4c2530529daa7581,0.0,text_qr_mismatch,1,1,0.9929479390497478,0.9997424644738194
family_a_004666_qr_only_mismatch,4c2530529daa7581,0.0,qr_only_mismatch,1,1,0.9958830301631023,0.9992987469738227
family_a_004667_checksum_invalid,4c2530529daa7581,0.0,checksum_invalid,1,1,0.9972971273817585,0.9998457049126851
family_a_004668_format_invalid,4c2530529daa7581,0.0,format_invalid,1,1,1.0,0.9992528455868959
family_a_004669_field_missing,4c2530529daa7581,0.0,field_missing,1,1,0.9999842022116904,0.9996302786985387
family_a_004670_fine_grained_edit,4c2530529daa7581,0.0,fine_grained_edit,1,1,0.9716050180445781,0.9996759994790502
family_a_004671_coordinated_full_forgery,4c2530529daa7581,0.0,coordinated_full_forgery,1,1,0.8003355514081062,0.8386060839560948
family_a_004672_visual_splice,4c2530529daa7581,0.0,visual_splice,1,1,0.9819170586167941,0.9987754529294725
family_a_004673_visual_splice,4c2530529daa7581,0.0,visual_splice,1,1,1.0,0.9998219234560226
family_a_004674_visual_splice,4c2530529daa7581,0.0,visual_splice,1,1,0.9977640197575377,0.9997418909255226
family_a_004675_genuine,93f03a7c8f281a28,0.0,genuine,0,0,0.5746421289724002,0.5614196502355671
family_a_004676_text_qr_mismatch,93f03a7c8f281a28,0.0,text_qr_mismatch,1,1,0.9878628158844766,0.9995479559870001
family_a_004677_qr_only_mismatch,93f03a7c8f281a28,0.0,qr_only_mismatch,1,1,0.9970811881895686,0.9998066311309269
family_a_004678_checksum_invalid,93f03a7c8f281a28,0.0,checksum_invalid,1,1,0.9978717523493643,0.9997107482090484
family_a_004679_format_invalid,93f03a7c8f281a28,0.0,format_invalid,1,1,0.99,0.999787285457159
family_a_004680_field_missing,93f03a7c8f281a28,0.0,field_missing,1,1,0.9949842022116904,0.9987602087484967
family_a_004681_fine_grained_edit,93f03a7c8f281a28,0.0,fine_grained_edit,1,1,0.9863788473424318,0.9995601904248328
family_a_004682_coordinated_full_forgery,93f03a7c8f281a28,0.0,coordinated_full_forgery,1,1,0.7774833337503996,0.690538193543143
family_a_004683_visual_splice,93f03a7c8f281a28,0.0,visual_splice,1,1,0.9903749487069541,0.9991705074259883
family_a_004684_visual_splice,93f03a7c8f281a28,0.0,visual_splice,1,1,0.7659856896776427,0.9066410466162795
family_a_004685_visual_splice,93f03a7c8f281a28,0.0,visual_splice,1,1,0.9930385704778872,0.999639156641416
family_a_004686_genuine,1d699eaaa300f8c9,0.0,genuine,0,0,0.670266440558509,0.6162446011802651
family_a_004687_text_qr_mismatch,1d699eaaa300f8c9,0.0,text_qr_mismatch,1,1,0.9913953161612353,0.9996288706310553
family_a_004688_qr_only_mismatch,1d699eaaa300f8c9,0.0,qr_only_mismatch,1,1,0.9909140459736204,0.9997534179179826
family_a_004689_checksum_invalid,1d699eaaa300f8c9,0.0,checksum_invalid,1,1,0.9978717523493643,0.9997859386677097
family_a_004690_format_invalid,1d699eaaa300f8c9,0.0,format_invalid,1,1,1.0,0.9997821628121568
family_a_004691_field_missing,1d699eaaa300f8c9,0.0,field_missing,1,1,1.0,0.9995533811773277
family_a_004692_fine_grained_edit,1d699eaaa300f8c9,0.0,fine_grained_edit,1,1,0.9859438362504129,0.9993044737641346
family_a_004693_coordinated_full_forgery,1d699eaaa300f8c9,0.0,coordinated_full_forgery,1,1,0.7330383592267772,0.8651190030439827
family_a_004694_visual_splice,1d699eaaa300f8c9,0.0,visual_splice,1,1,0.7378884417767188,0.7037513587783693
family_a_004695_visual_splice,1d699eaaa300f8c9,0.0,visual_splice,1,1,0.7164790637829062,0.69710258337188
family_a_004696_visual_splice,1d699eaaa300f8c9,0.0,visual_splice,1,1,0.757994738431869,0.8312010456661453
family_a_004708_genuine,f008cb6d9ccca282,0.0,genuine,0,0,0.6972043100140115,0.6798253886795311
family_a_004709_text_qr_mismatch,f008cb6d9ccca282,0.0,text_qr_mismatch,1,1,0.9981190302480023,0.9997390256635106
family_a_004710_qr_only_mismatch,f008cb6d9ccca282,0.0,qr_only_mismatch,1,1,0.9958830301631023,0.9996479958899975
family_a_004711_checksum_invalid,f008cb6d9ccca282,0.0,checksum_invalid,1,1,0.9983448579493954,0.9997051665208648
family_a_004712_format_invalid,f008cb6d9ccca282,0.0,format_invalid,1,1,1.0,0.9997371021023995
family_a_004713_field_missing,f008cb6d9ccca282,0.0,field_missing,1,1,0.9999842022116904,0.9997131334751083
family_a_004714_fine_grained_edit,f008cb6d9ccca282,0.0,fine_grained_edit,1,1,0.9408982660516514,0.9978820655365225
family_a_004715_coordinated_full_forgery,f008cb6d9ccca282,0.0,coordinated_full_forgery,1,1,0.7117125974010726,0.6771129413613948
family_a_004716_visual_splice,f008cb6d9ccca282,0.0,visual_splice,1,1,0.9929603762551104,0.9968262617392246
family_a_004717_visual_splice,f008cb6d9ccca282,0.0,visual_splice,1,1,0.7705881495284345,0.8082874614936724
family_a_004718_visual_splice,f008cb6d9ccca282,0.0,visual_splice,1,1,0.9976237625052116,0.999800850710148
family_a_004730_genuine,395cd849e70fe2f7,0.0,genuine,0,0,0.7140905501002476,0.6594817119696131
family_a_004731_text_qr_mismatch,395cd849e70fe2f7,0.0,text_qr_mismatch,1,1,0.9957144157974628,0.9996203511240215
family_a_004732_qr_only_mismatch,395cd849e70fe2f7,0.0,qr_only_mismatch,1,1,0.9959886016212175,0.9996691972340422
family_a_004733_checksum_invalid,395cd849e70fe2f7,0.0,checksum_invalid,1,1,0.9978717523493643,0.9997411208637441
family_a_004734_format_invalid,395cd849e70fe2f7,0.0,format_invalid,1,1,1.0,0.9999023694434266
family_a_004735_field_missing,395cd849e70fe2f7,0.0,field_missing,1,1,0.9999842022116904,0.9995961206227092
family_a_004736_fine_grained_edit,395cd849e70fe2f7,0.0,fine_grained_edit,1,1,0.984895834752401,0.9995066379875659
family_a_004737_coordinated_full_forgery,395cd849e70fe2f7,0.0,coordinated_full_forgery,1,1,0.7501837406480972,0.7064407110946088
family_a_004738_visual_splice,395cd849e70fe2f7,0.0,visual_splice,1,1,0.9911212725777542,0.9996783484324648
family_a_004739_visual_splice,395cd849e70fe2f7,0.0,visual_splice,1,1,0.9956986180091532,0.9996160097561988
family_a_004740_visual_splice,395cd849e70fe2f7,0.0,visual_splice,1,1,0.9872354497354497,0.9980301917771081
family_a_004752_genuine,3a3c3b26c75db0ab,0.0,genuine,0,0,0.6666171993682347,0.5658870235700029
family_a_004753_text_qr_mismatch,3a3c3b26c75db0ab,0.0,text_qr_mismatch,1,1,0.992884152854048,0.9996341731513186
family_a_004754_qr_only_mismatch,3a3c3b26c75db0ab,0.0,qr_only_mismatch,1,1,0.9968633153028752,0.9995937831180969
family_a_004755_checksum_invalid,3a3c3b26c75db0ab,0.0,checksum_invalid,1,1,0.9972971273817585,0.9997533890436159
family_a_004756_format_invalid,3a3c3b26c75db0ab,0.0,format_invalid,1,1,1.0,0.9996808665938023
family_a_004757_field_missing,3a3c3b26c75db0ab,0.0,field_missing,1,1,0.9997413793103448,0.999584843908371
family_a_004758_fine_grained_edit,3a3c3b26c75db0ab,0.0,fine_grained_edit,1,1,0.9933175355450237,0.9994984255682494
family_a_004759_coordinated_full_forgery,3a3c3b26c75db0ab,0.0,coordinated_full_forgery,1,1,0.8034619453867918,0.7267010426657824
family_a_004760_visual_splice,3a3c3b26c75db0ab,0.0,visual_splice,1,1,0.7290997890206445,0.7067646733144064
family_a_004761_visual_splice,3a3c3b26c75db0ab,0.0,visual_splice,1,1,0.7749882879442643,0.7803572336718727
family_a_004762_visual_splice,3a3c3b26c75db0ab,0.0,visual_splice,1,1,0.7555886412593052,0.8510279648746736
family_a_004774_genuine,dba6c4e49d7ebc43,0.0,genuine,0,0,0.6732156670053192,0.40896276478608734
family_a_004775_text_qr_mismatch,dba6c4e49d7ebc43,0.0,text_qr_mismatch,1,1,0.9920154746578557,0.9993403151070434
family_a_004776_qr_only_mismatch,dba6c4e49d7ebc43,0.0,qr_only_mismatch,1,1,0.994420742462343,0.9994299018167413
family_a_004777_checksum_invalid,dba6c4e49d7ebc43,0.0,checksum_invalid,1,1,0.9983606557377049,0.9997681901477986
family_a_004778_format_invalid,dba6c4e49d7ebc43,0.0,format_invalid,1,1,1.0,0.9997581157679287
family_a_004779_field_missing,dba6c4e49d7ebc43,0.0,field_missing,1,1,0.9999842022116904,0.9993554710698249
family_a_004780_fine_grained_edit,dba6c4e49d7ebc43,0.0,fine_grained_edit,1,1,0.9857989905208727,0.999348993876907
family_a_004781_coordinated_full_forgery,dba6c4e49d7ebc43,0.0,coordinated_full_forgery,1,1,0.8918703190384971,0.8903223193407315
family_a_004782_visual_splice,dba6c4e49d7ebc43,0.0,visual_splice,1,1,0.7702722006368385,0.7596057169783914
family_a_004783_visual_splice,dba6c4e49d7ebc43,0.0,visual_splice,1,1,0.7824829333102798,0.7829985913951759
family_a_004784_visual_splice,dba6c4e49d7ebc43,0.0,visual_splice,1,1,0.9971678469042363,0.9995742956495395
family_a_004785_genuine,96595548e7111944,0.0,genuine,0,0,0.561135710749476,0.6024253603629272
family_a_004786_text_qr_mismatch,96595548e7111944,0.0,text_qr_mismatch,1,1,0.9976279588194309,0.9996909339124409
family_a_004787_qr_only_mismatch,96595548e7111944,0.0,qr_only_mismatch,1,1,0.9954941008006776,0.9996626991652945
family_a_004788_checksum_invalid,96595548e7111944,0.0,checksum_invalid,1,1,0.9978717523493643,0.9997977483682421
family_a_004789_format_invalid,96595548e7111944,0.0,format_invalid,1,1,1.0,0.9997505453986871
family_a_004790_field_missing,96595548e7111944,0.0,field_missing,1,1,0.9999842022116904,0.9994907847539002
family_a_004791_fine_grained_edit,96595548e7111944,0.0,fine_grained_edit,1,1,0.9963119214182194,0.9991827718042959
family_a_004792_coordinated_full_forgery,96595548e7111944,0.0,coordinated_full_forgery,1,1,0.7461684152210569,0.7428556479551109
family_a_004793_visual_splice,96595548e7111944,0.0,visual_splice,1,1,0.8401841422351407,0.9375060313341773
family_a_004794_visual_splice,96595548e7111944,0.0,visual_splice,1,1,0.7000058675404233,0.7354109722701546
family_a_004795_visual_splice,96595548e7111944,0.0,visual_splice,1,1,0.9903749487069541,0.9996548171926319
family_a_004796_genuine,3a340d5e43466630,0.0,genuine,0,0,0.5442892386405304,0.2931681058076641
family_a_004797_text_qr_mismatch,3a340d5e43466630,0.0,text_qr_mismatch,1,1,0.9943461155966713,0.9997184644842421
family_a_004798_qr_only_mismatch,3a340d5e43466630,0.0,qr_only_mismatch,1,1,0.994420742462343,0.9994553275965014
family_a_004799_checksum_invalid,3a340d5e43466630,0.0,checksum_invalid,1,1,0.9983606557377049,0.9995652328713847
family_a_004800_format_invalid,3a340d5e43466630,0.0,format_invalid,1,1,1.0,0.9997970911826557
family_a_004801_field_missing,3a340d5e43466630,0.0,field_missing,1,1,1.0,0.9991067700343035
family_a_004802_fine_grained_edit,3a340d5e43466630,0.0,fine_grained_edit,1,1,0.986920742462343,0.9986350371934105
family_a_004803_coordinated_full_forgery,3a340d5e43466630,0.0,coordinated_full_forgery,1,1,0.8184929855061691,0.8918370258138929
family_a_004804_visual_splice,3a340d5e43466630,0.0,visual_splice,1,1,0.9948014947029786,0.9991253343950965
family_a_004805_visual_splice,3a340d5e43466630,0.0,visual_splice,1,1,0.9977798175458473,0.9998809694281929
family_a_004806_visual_splice,3a340d5e43466630,0.0,visual_splice,1,1,0.7449648304604346,0.9161773825134467
family_a_004807_genuine,4061eb81fa71d039,0.0,genuine,0,0,0.7221480554120164,0.7043651685166652
family_a_004808_text_qr_mismatch,4061eb81fa71d039,0.0,text_qr_mismatch,1,1,0.9913703438647379,0.9996519122088485
family_a_004809_qr_only_mismatch,4061eb81fa71d039,0.0,qr_only_mismatch,1,1,0.9946420828634578,0.9996116833684682
family_a_004810_checksum_invalid,4061eb81fa71d039,0.0,checksum_invalid,1,1,0.9983606557377049,0.9997756273591386
family_a_004811_format_invalid,4061eb81fa71d039,0.0,format_invalid,1,1,1.0,0.9994251067433649
family_a_004812_field_missing,4061eb81fa71d039,0.0,field_missing,1,1,1.0,0.9997299010493174
family_a_004813_fine_grained_edit,4061eb81fa71d039,0.0,fine_grained_edit,1,1,0.994420742462343,0.9996657309370033
family_a_004814_coordinated_full_forgery,4061eb81fa71d039,0.0,coordinated_full_forgery,1,1,0.7497608086495902,0.7441626043556773
family_a_004815_visual_splice,4061eb81fa71d039,0.0,visual_splice,1,1,0.7385603703967942,0.7699446987268607
family_a_004816_visual_splice,4061eb81fa71d039,0.0,visual_splice,1,1,0.7750164707441038,0.8666698587382806
family_a_004817_visual_splice,4061eb81fa71d039,0.0,visual_splice,1,1,0.995913974755546,0.9909815172481409
family_a_004818_genuine,da2db83e27e8afef,0.0,genuine,0,0,0.6979998142523889,0.5371465978908455
family_a_004819_text_qr_mismatch,da2db83e27e8afef,0.0,text_qr_mismatch,1,1,0.8996322456259067,0.9099113288631665
family_a_004820_qr_only_mismatch,da2db83e27e8afef,0.0,qr_only_mismatch,1,1,0.9936890351452697,0.9995332060608945
family_a_004821_checksum_invalid,da2db83e27e8afef,0.0,checksum_invalid,1,1,0.9475049954177536,0.9795081237432528
family_a_004822_format_invalid,da2db83e27e8afef,0.0,format_invalid,1,1,0.9637676783220555,0.9845726254312732
family_a_004823_field_missing,da2db83e27e8afef,0.0,field_missing,1,1,0.9674185029195452,0.9772002524005379
family_a_004824_fine_grained_edit,da2db83e27e8afef,0.0,fine_grained_edit,1,1,0.9228209289078854,0.8981813145864891
family_a_004825_coordinated_full_forgery,da2db83e27e8afef,0.0,coordinated_full_forgery,1,1,0.7910282111088063,0.8092787200308122
family_a_004826_visual_splice,da2db83e27e8afef,0.0,visual_splice,1,1,0.924867522389822,0.8990676844970686
family_a_004827_visual_splice,da2db83e27e8afef,0.0,visual_splice,1,1,0.8660162414568938,0.8801611998344446
family_a_004828_visual_splice,da2db83e27e8afef,0.0,visual_splice,1,1,0.9062747441689295,0.9013781221400949
family_a_004851_genuine,b1dfca49e3d0c961,0.0,genuine,0,0,0.5530352612037042,0.3090620616013163
family_a_004852_text_qr_mismatch,b1dfca49e3d0c961,0.0,text_qr_mismatch,1,1,0.9977879392444209,0.9971080383303408
family_a_004853_qr_only_mismatch,b1dfca49e3d0c961,0.0,qr_only_mismatch,1,1,0.9950486536064612,0.9991956064935361
family_a_004854_checksum_invalid,b1dfca49e3d0c961,0.0,checksum_invalid,1,1,0.997613131659709,0.9997423005911452
family_a_004855_format_invalid,b1dfca49e3d0c961,0.0,format_invalid,1,1,0.9999842022116904,0.9995377824998688
family_a_004856_field_missing,b1dfca49e3d0c961,0.0,field_missing,1,1,0.9999842022116904,0.9990958892423953
family_a_004857_fine_grained_edit,b1dfca49e3d0c961,0.0,fine_grained_edit,1,1,0.9963119214182194,0.9992949936762894
family_a_004858_coordinated_full_forgery,b1dfca49e3d0c961,0.0,coordinated_full_forgery,1,1,0.8179550916175699,0.8509737056659589
family_a_004859_visual_splice,b1dfca49e3d0c961,0.0,visual_splice,1,1,0.7851810444678727,0.8096072405538379
family_a_004860_visual_splice,b1dfca49e3d0c961,0.0,visual_splice,1,1,0.7990616063092522,0.8190617839724343
family_a_004861_visual_splice,b1dfca49e3d0c961,0.0,visual_splice,1,1,0.828068695045299,0.9565701791730233
family_a_004862_genuine,8225a7101e38f676,0.0,genuine,0,0,0.626946567558403,0.42146563847172197
family_a_004863_text_qr_mismatch,8225a7101e38f676,0.0,text_qr_mismatch,1,1,0.994420742462343,0.9996464875293106
family_a_004864_qr_only_mismatch,8225a7101e38f676,0.0,qr_only_mismatch,1,1,0.9940852052310359,0.9995488444539657
family_a_004865_checksum_invalid,8225a7101e38f676,0.0,checksum_invalid,1,1,0.9983606557377049,0.9998294630058001
family_a_004866_format_invalid,8225a7101e38f676,0.0,format_invalid,1,1,1.0,0.9998256224317275
family_a_004867_field_missing,8225a7101e38f676,0.0,field_missing,1,1,1.0,0.9995532168281691
family_a_004868_fine_grained_edit,8225a7101e38f676,0.0,fine_grained_edit,1,1,0.9954941008006776,0.9991886660715112
family_a_004869_coordinated_full_forgery,8225a7101e38f676,0.0,coordinated_full_forgery,1,1,0.7337043747197763,0.7558955671093062
family_a_004870_visual_splice,8225a7101e38f676,0.0,visual_splice,1,1,0.9950715104280766,0.9996353796491929
family_a_004871_visual_splice,8225a7101e38f676,0.0,visual_splice,1,1,1.0,0.9993806364423494
family_a_004872_visual_splice,8225a7101e38f676,0.0,visual_splice,1,1,0.8091777621969817,0.8571103864424491
family_a_004873_genuine,20f7b79731a3e093,0.0,genuine,0,0,0.6576053047754562,0.339195010719933
family_a_004874_text_qr_mismatch,20f7b79731a3e093,0.0,text_qr_mismatch,1,1,0.9921981903670484,0.9994608618977431
family_a_004875_qr_only_mismatch,20f7b79731a3e093,0.0,qr_only_mismatch,1,1,0.994420742462343,0.9996077544120898
family_a_004876_checksum_invalid,20f7b79731a3e093,0.0,checksum_invalid,1,1,0.9974865493812279,0.999559576284964
family_a_004877_format_invalid,20f7b79731a3e093,0.0,format_invalid,1,1,0.9989497194530698,0.999824459573343
family_a_004878_field_missing,20f7b79731a3e093,0.0,field_missing,1,1,0.9999842022116904,0.9994609987462291
family_a_004879_fine_grained_edit,20f7b79731a3e093,0.0,fine_grained_edit,1,1,0.9899674861873813,0.9994076200848999
family_a_004880_coordinated_full_forgery,20f7b79731a3e093,0.0,coordinated_full_forgery,1,1,0.8401108038265039,0.9488224086705526
family_a_004881_visual_splice,20f7b79731a3e093,0.0,visual_splice,1,1,0.9981731422125572,0.9996759094995663
family_a_004882_visual_splice,20f7b79731a3e093,0.0,visual_splice,1,1,0.8238177567997857,0.9432104882804786
family_a_004883_visual_splice,20f7b79731a3e093,0.0,visual_splice,1,1,0.9880448556339662,0.9981034980275325
family_a_004884_genuine,8d7d38d049783566,0.0,genuine,0,0,0.7243571413986508,0.7273153017115945
family_a_004885_text_qr_mismatch,8d7d38d049783566,0.0,text_qr_mismatch,1,1,0.9962530923408573,0.9990781220630015
family_a_004886_qr_only_mismatch,8d7d38d049783566,0.0,qr_only_mismatch,1,1,0.9953135615792935,0.9997038096274892
family_a_004887_checksum_invalid,8d7d38d049783566,0.0,checksum_invalid,1,1,0.9978717523493643,0.9998048472499713
family_a_004888_format_invalid,8d7d38d049783566,0.0,format_invalid,1,1,1.0,0.9996361892470118
family_a_004889_field_missing,8d7d38d049783566,0.0,field_missing,1,1,1.0,0.9997263714891225
family_a_004890_fine_grained_edit,8d7d38d049783566,0.0,fine_grained_edit,1,1,0.994420742462343,0.9996005349017999
family_a_004891_coordinated_full_forgery,8d7d38d049783566,0.0,coordinated_full_forgery,1,1,0.8143098382946,0.879930146628996
family_a_004892_visual_splice,8d7d38d049783566,0.0,visual_splice,1,1,0.8015973611906744,0.8151088917063809
family_a_004893_visual_splice,8d7d38d049783566,0.0,visual_splice,1,1,0.995021620489142,0.9996755204066394
family_a_004894_visual_splice,8d7d38d049783566,0.0,visual_splice,1,1,0.9954941008006776,0.9991105658012241
family_a_004895_genuine,23259c2d65f37484,0.0,genuine,0,0,0.6331354581672819,0.5817649957130953
family_a_004896_text_qr_mismatch,23259c2d65f37484,0.0,text_qr_mismatch,1,1,0.9911212725777542,0.9997976555156923
family_a_004897_qr_only_mismatch,23259c2d65f37484,0.0,qr_only_mismatch,1,1,0.989420742462343,0.9993585878283829
family_a_004898_checksum_invalid,23259c2d65f37484,0.0,checksum_invalid,1,1,0.9983606557377049,0.9997682824083133
family_a_004899_format_invalid,23259c2d65f37484,0.0,format_invalid,1,1,1.0,0.9998667281125266
family_a_004900_field_missing,23259c2d65f37484,0.0,field_missing,1,1,1.0,0.9995041772765654
family_a_004901_fine_grained_edit,23259c2d65f37484,0.0,fine_grained_edit,1,1,0.9953933302698296,0.999794896657779
family_a_004902_coordinated_full_forgery,23259c2d65f37484,0.0,coordinated_full_forgery,1,1,0.6675052830666182,0.7517400174194101
family_a_004903_visual_splice,23259c2d65f37484,0.0,visual_splice,1,1,0.9978606422125571,0.9989008733787651
family_a_004904_visual_splice,23259c2d65f37484,0.0,visual_splice,1,1,0.9931459010247109,0.9994614389893156
family_a_004905_visual_splice,23259c2d65f37484,0.0,visual_splice,1,1,0.9953280033483466,0.999486564515453
family_a_004917_genuine,94b3883d7fca69e7,0.0,genuine,0,0,0.5443415803624067,0.6071228689748968
family_a_004918_text_qr_mismatch,94b3883d7fca69e7,0.0,text_qr_mismatch,1,1,0.9143638123419564,0.8706241017770808
family_a_004919_qr_only_mismatch,94b3883d7fca69e7,0.0,qr_only_mismatch,1,1,0.994420742462343,0.9997586356986476
family_a_004920_checksum_invalid,94b3883d7fca69e7,0.0,checksum_invalid,1,1,0.9640269083745362,0.9865994551545079
family_a_004921_format_invalid,94b3883d7fca69e7,0.0,format_invalid,1,1,0.9292934683223932,0.9730242534712061
family_a_004922_field_missing,94b3883d7fca69e7,0.0,field_missing,1,1,0.965423397001987,0.9826529791695019
family_a_004923_fine_grained_edit,94b3883d7fca69e7,0.0,fine_grained_edit,1,1,0.8866825487648312,0.9151494971670733
family_a_004924_coordinated_full_forgery,94b3883d7fca69e7,0.0,coordinated_full_forgery,1,1,0.7895210884867858,0.8202603116577463
family_a_004925_visual_splice,94b3883d7fca69e7,0.0,visual_splice,1,1,0.8995652281702504,0.8087172507704322
family_a_004926_visual_splice,94b3883d7fca69e7,0.0,visual_splice,1,1,0.8788231922263887,0.9266154038070252
family_a_004927_visual_splice,94b3883d7fca69e7,0.0,visual_splice,1,1,0.8990755270677719,0.9516546357847981
family_a_004928_genuine,0119a55848f2a5a7,0.0,genuine,0,0,0.6167231188178363,0.6121077604082553
family_a_004929_text_qr_mismatch,0119a55848f2a5a7,0.0,text_qr_mismatch,1,1,0.9943303178083618,0.9995366023360762
family_a_004930_qr_only_mismatch,0119a55848f2a5a7,0.0,qr_only_mismatch,1,1,0.994420742462343,0.9994613837415812
family_a_004931_checksum_invalid,0119a55848f2a5a7,0.0,checksum_invalid,1,1,0.9983448579493954,0.9996936226992577
family_a_004932_format_invalid,0119a55848f2a5a7,0.0,format_invalid,1,1,1.0,0.9998059205177151
family_a_004933_field_missing,0119a55848f2a5a7,0.0,field_missing,1,1,1.0,0.9994157985906402
family_a_004934_fine_grained_edit,0119a55848f2a5a7,0.0,fine_grained_edit,1,1,0.9958515836222219,0.9968505115091287
family_a_004935_coordinated_full_forgery,0119a55848f2a5a7,0.0,coordinated_full_forgery,1,1,0.7948285173485021,0.82339728796268
family_a_004936_visual_splice,0119a55848f2a5a7,0.0,visual_splice,1,1,0.7801926430206793,0.7167128098833773
family_a_004937_visual_splice,0119a55848f2a5a7,0.0,visual_splice,1,1,0.7420361241448967,0.7682869192133981
family_a_004938_visual_splice,0119a55848f2a5a7,0.0,visual_splice,1,1,0.7411601625233283,0.6855632130277868
family_a_004939_genuine,84f907d491ab65a8,0.0,genuine,0,0,0.7365175580821702,0.6490976717509298
family_a_004940_text_qr_mismatch,84f907d491ab65a8,0.0,text_qr_mismatch,1,1,0.9940355394942066,0.9994728892252653
family_a_004941_qr_only_mismatch,84f907d491ab65a8,0.0,qr_only_mismatch,1,1,0.9940852052310359,0.9995049333189606
family_a_004942_checksum_invalid,84f907d491ab65a8,0.0,checksum_invalid,1,1,0.9983606557377049,0.9997757909039938
family_a_004943_format_invalid,84f907d491ab65a8,0.0,format_invalid,1,1,1.0,0.9998163714683644
family_a_004944_field_missing,84f907d491ab65a8,0.0,field_missing,1,1,1.0,0.999429355229148
family_a_004945_fine_grained_edit,84f907d491ab65a8,0.0,fine_grained_edit,1,1,0.9941515183072102,0.9995820407259269
family_a_004946_coordinated_full_forgery,84f907d491ab65a8,0.0,coordinated_full_forgery,1,1,0.7516426102287866,0.752490030229811
family_a_004947_visual_splice,84f907d491ab65a8,0.0,visual_splice,1,1,0.8023153399423419,0.7653393122931662
family_a_004948_visual_splice,84f907d491ab65a8,0.0,visual_splice,1,1,0.9962798175458473,0.9996281644095466
family_a_004949_visual_splice,84f907d491ab65a8,0.0,visual_splice,1,1,0.8117909319855143,0.8771739268479202
family_a_004950_genuine,7158a0d829c7a68e,0.0,genuine,0,0,0.6398118088429138,0.7300616722018679
family_a_004951_text_qr_mismatch,7158a0d829c7a68e,0.0,text_qr_mismatch,1,1,0.994420742462343,0.9996424021282511
family_a_004952_qr_only_mismatch,7158a0d829c7a68e,0.0,qr_only_mismatch,1,1,0.9928612711000032,0.9996322694159808
family_a_004953_checksum_invalid,7158a0d829c7a68e,0.0,checksum_invalid,1,1,0.9978717523493643,0.9998849645865256
family_a_004954_format_invalid,7158a0d829c7a68e,0.0,format_invalid,1,1,0.9999842022116904,0.9998206663909202
family_a_004955_field_missing,7158a0d829c7a68e,0.0,field_missing,1,1,1.0,0.9974626691265293
family_a_004956_fine_grained_edit,7158a0d829c7a68e,0.0,fine_grained_edit,1,1,0.9936814785229613,0.9967070751170599
family_a_004957_coordinated_full_forgery,7158a0d829c7a68e,0.0,coordinated_full_forgery,1,1,0.7958059307993176,0.8189012669116446
family_a_004958_visual_splice,7158a0d829c7a68e,0.0,visual_splice,1,1,0.7975025825076384,0.7918012866904783
family_a_004959_visual_splice,7158a0d829c7a68e,0.0,visual_splice,1,1,1.0,0.9997236650252797
family_a_004960_visual_splice,7158a0d829c7a68e,0.0,visual_splice,1,1,0.8146536788871608,0.8378170407276176
family_a_004961_genuine,4b01248e00d5d15b,0.0,genuine,0,0,0.692588188917853,0.714740654654902
family_a_004962_text_qr_mismatch,4b01248e00d5d15b,0.0,text_qr_mismatch,1,1,0.9870511740288365,0.999423372710882
family_a_004963_qr_only_mismatch,4b01248e00d5d15b,0.0,qr_only_mismatch,1,1,0.9936751017313823,0.9996658491854129
family_a_004964_checksum_invalid,4b01248e00d5d15b,0.0,checksum_invalid,1,1,0.9983448579493954,0.9996092322357145
family_a_004965_format_invalid,4b01248e00d5d15b,0.0,format_invalid,1,1,1.0,0.9998120867160513
family_a_004966_field_missing,4b01248e00d5d15b,0.0,field_missing,1,1,1.0,0.9996494161405287
family_a_004967_fine_grained_edit,4b01248e00d5d15b,0.0,fine_grained_edit,1,1,0.996327719206529,0.999567590211757
family_a_004968_coordinated_full_forgery,4b01248e00d5d15b,0.0,coordinated_full_forgery,1,1,0.7158778907281647,0.5822205122133199
family_a_004969_visual_splice,4b01248e00d5d15b,0.0,visual_splice,1,1,0.694749635669393,0.7395879074332031
family_a_004970_visual_splice,4b01248e00d5d15b,0.0,visual_splice,1,1,0.9977640197575377,0.9981292661674311
family_a_004971_visual_splice,4b01248e00d5d15b,0.0,visual_splice,1,1,0.9947091204891421,0.9997264925219621
family_a_004972_genuine,497003a7cab42349,0.0,genuine,0,0,0.7214909354182852,0.6131504492133235
family_a_004973_text_qr_mismatch,497003a7cab42349,0.0,text_qr_mismatch,1,1,0.994420742462343,0.9996372011863006
family_a_004974_qr_only_mismatch,497003a7cab42349,0.0,qr_only_mismatch,1,1,0.9941515183072102,0.999568265388692
family_a_004975_checksum_invalid,497003a7cab42349,0.0,checksum_invalid,1,1,0.9983448579493954,0.9997870917374065
family_a_004976_format_invalid,497003a7cab42349,0.0,format_invalid,1,1,0.9999842022116904,0.9997843581225692
family_a_004977_field_missing,497003a7cab42349,0.0,field_missing,1,1,1.0,0.9997861582674352
family_a_004978_fine_grained_edit,497003a7cab42349,0.0,fine_grained_edit,1,1,0.9921947937023539,0.9993369484332231
family_a_004979_coordinated_full_forgery,497003a7cab42349,0.0,coordinated_full_forgery,1,1,0.7389601018844929,0.7033925064242075
family_a_004980_visual_splice,497003a7cab42349,0.0,visual_splice,1,1,0.753369854372637,0.7793757372969916
family_a_004981_visual_splice,497003a7cab42349,0.0,visual_splice,1,1,0.9981348280363119,0.9984155251425
family_a_004982_visual_splice,497003a7cab42349,0.0,visual_splice,1,1,0.9967153774120439,0.9996893553645059
family_a_004994_genuine,27a4ac4e4cdf8daf,0.0,genuine,0,0,0.3994442204574808,0.267386886319888
family_a_004995_text_qr_mismatch,27a4ac4e4cdf8daf,0.0,text_qr_mismatch,1,1,0.9897201127735974,0.9991525360888617
family_a_004996_qr_only_mismatch,27a4ac4e4cdf8daf,0.0,qr_only_mismatch,1,1,0.9959886016212175,0.9997866434025396
family_a_004997_checksum_invalid,27a4ac4e4cdf8daf,0.0,checksum_invalid,1,1,0.9978559545610547,0.9998430549051754
family_a_004998_format_invalid,27a4ac4e4cdf8daf,0.0,format_invalid,1,1,0.9999842022116904,0.9996467085105151
family_a_004999_field_missing,27a4ac4e4cdf8daf,0.0,field_missing,1,1,0.992,0.9993925260864048
family_a_005000_fine_grained_edit,27a4ac4e4cdf8daf,0.0,fine_grained_edit,1,1,0.9808840454271254,0.9995660046191699
family_a_005001_coordinated_full_forgery,27a4ac4e4cdf8daf,0.0,coordinated_full_forgery,1,1,0.7090767241879238,0.7453933445303585
family_a_005002_visual_splice,27a4ac4e4cdf8daf,0.0,visual_splice,1,1,0.9880623973727422,0.9997691445343063
family_a_005003_visual_splice,27a4ac4e4cdf8daf,0.0,visual_splice,1,1,0.7617551048877664,0.7197551206522186
family_a_005004_visual_splice,27a4ac4e4cdf8daf,0.0,visual_splice,1,1,0.9997413793103448,0.9997547089813247
family_a_005005_genuine,992b0a66c96a8815,0.0,genuine,0,0,0.5642109230803025,0.21129217922190402
family_a_005006_text_qr_mismatch,992b0a66c96a8815,0.0,text_qr_mismatch,1,1,0.9933514801580453,0.9994234062524531
family_a_005007_qr_only_mismatch,992b0a66c96a8815,0.0,qr_only_mismatch,1,1,0.9934807832502259,0.999507864293665
family_a_005008_checksum_invalid,992b0a66c96a8815,0.0,checksum_invalid,1,1,0.9978717523493643,0.9997516804992294
family_a_005009_format_invalid,992b0a66c96a8815,0.0,format_invalid,1,1,0.9999842022116904,0.9997113843302164
family_a_005010_field_missing,992b0a66c96a8815,0.0,field_missing,1,1,1.0,0.9996147061876943
family_a_005011_fine_grained_edit,992b0a66c96a8815,0.0,fine_grained_edit,1,1,0.9888119214182194,0.999469107580903
family_a_005012_coordinated_full_forgery,992b0a66c96a8815,0.0,coordinated_full_forgery,1,1,0.7660226928070455,0.7377822243415068
family_a_005013_visual_splice,992b0a66c96a8815,0.0,visual_splice,1,1,0.7620543218395409,0.7919818193989424
family_a_005014_visual_splice,992b0a66c96a8815,0.0,visual_splice,1,1,0.7846280691934182,0.8155622808870342
family_a_005015_visual_splice,992b0a66c96a8815,0.0,visual_splice,1,1,0.7720784998104067,0.7942631872172168
family_a_005016_genuine,e3a3575b6c1d1143,0.0,genuine,0,0,0.7120816729788652,0.47426388967167493
family_a_005017_text_qr_mismatch,e3a3575b6c1d1143,0.0,text_qr_mismatch,1,1,0.9861198644601308,0.9995765897874352
family_a_005018_qr_only_mismatch,e3a3575b6c1d1143,0.0,qr_only_mismatch,1,1,0.9945871147604625,0.9975881754145076
family_a_005019_checksum_invalid,e3a3575b6c1d1143,0.0,checksum_invalid,1,1,0.9978717523493643,0.9998426722970919
family_a_005020_format_invalid,e3a3575b6c1d1143,0.0,format_invalid,1,1,1.0,0.9995222127485872
family_a_005021_field_missing,e3a3575b6c1d1143,0.0,field_missing,1,1,1.0,0.9974416452948924
family_a_005022_fine_grained_edit,e3a3575b6c1d1143,0.0,fine_grained_edit,1,1,0.9962530923408573,0.9996594869457516
family_a_005023_coordinated_full_forgery,e3a3575b6c1d1143,0.0,coordinated_full_forgery,1,1,0.8226051093156537,0.9131306514352457
family_a_005024_visual_splice,e3a3575b6c1d1143,0.0,visual_splice,1,1,0.9957907145828674,0.9997388031042288
family_a_005025_visual_splice,e3a3575b6c1d1143,0.0,visual_splice,1,1,0.9973655972670811,0.9964604322751858
family_a_005026_visual_splice,e3a3575b6c1d1143,0.0,visual_splice,1,1,0.9925554204652203,0.9995825608692724
family_a_005027_genuine,d0b1be29fb8a1138,0.0,genuine,0,0,0.5710224946144862,0.4469626544633236
family_a_005028_text_qr_mismatch,d0b1be29fb8a1138,0.0,text_qr_mismatch,1,1,0.9879220006372421,0.999556071555266
family_a_005029_qr_only_mismatch,d0b1be29fb8a1138,0.0,qr_only_mismatch,1,1,0.9954975301926461,0.9994277231012638
family_a_005030_checksum_invalid,d0b1be29fb8a1138,0.0,checksum_invalid,1,1,0.9978717523493643,0.9998705649755683
family_a_005031_format_invalid,d0b1be29fb8a1138,0.0,format_invalid,1,1,0.9999842022116904,0.9998553587221892
family_a_005032_field_missing,d0b1be29fb8a1138,0.0,field_missing,1,1,0.9999842022116904,0.9993995116809665
family_a_005033_fine_grained_edit,d0b1be29fb8a1138,0.0,fine_grained_edit,1,1,0.993766377139696,0.9965164881744074
family_a_005034_coordinated_full_forgery,d0b1be29fb8a1138,0.0,coordinated_full_forgery,1,1,0.7681772471010734,0.740614528925922
family_a_005035_visual_splice,d0b1be29fb8a1138,0.0,visual_splice,1,1,0.9942141657159825,0.9997026560969858
family_a_005036_visual_splice,d0b1be29fb8a1138,0.0,visual_splice,1,1,0.9999842022116904,0.9996062210627686
family_a_005037_visual_splice,d0b1be29fb8a1138,0.0,visual_splice,1,1,0.7479354769606501,0.6687308894913317
family_a_005049_genuine,8b71f0846653556b,0.0,genuine,0,0,0.6197039445863081,0.5529830771574279
family_a_005050_text_qr_mismatch,8b71f0846653556b,0.0,text_qr_mismatch,1,1,0.9908245952610589,0.999038035693695
family_a_005051_qr_only_mismatch,8b71f0846653556b,0.0,qr_only_mismatch,1,1,0.9913198388142328,0.9995192087249675
family_a_005052_checksum_invalid,8b71f0846653556b,0.0,checksum_invalid,1,1,0.9983448579493954,0.999758888307665
family_a_005053_format_invalid,8b71f0846653556b,0.0,format_invalid,1,1,0.9983175355450239,0.9996181266886713
family_a_005054_field_missing,8b71f0846653556b,0.0,field_missing,1,1,0.9979842022116904,0.9996338841679945
family_a_005055_fine_grained_edit,8b71f0846653556b,0.0,fine_grained_edit,1,1,0.9954941008006776,0.9995873697286579
family_a_005056_coordinated_full_forgery,8b71f0846653556b,0.0,coordinated_full_forgery,1,1,0.8152544506075369,0.8760550157742835
family_a_005057_visual_splice,8b71f0846653556b,0.0,visual_splice,1,1,0.995980783250226,0.9944783276387142
family_a_005058_visual_splice,8b71f0846653556b,0.0,visual_splice,1,1,0.9897052371445539,0.999308953976435
family_a_005059_visual_splice,8b71f0846653556b,0.0,visual_splice,1,1,0.8152706744560959,0.8440107858458734
family_a_005071_genuine,f7a2af579186b18f,0.0,genuine,0,0,0.6973196538095805,0.6189708385441086
family_a_005072_text_qr_mismatch,f7a2af579186b18f,0.0,text_qr_mismatch,1,1,0.9940562331187711,0.9995471346468128
family_a_005073_qr_only_mismatch,f7a2af579186b18f,0.0,qr_only_mismatch,1,1,0.994420742462343,0.9994753546076952
family_a_005074_checksum_invalid,f7a2af579186b18f,0.0,checksum_invalid,1,1,0.9974865493812279,0.9996944075918897
family_a_005075_format_invalid,f7a2af579186b18f,0.0,format_invalid,1,1,0.9999842022116904,0.9997281939307753
family_a_005076_field_missing,f7a2af579186b18f,0.0,field_missing,1,1,1.0,0.9995508745888144
family_a_005077_fine_grained_edit,f7a2af579186b18f,0.0,fine_grained_edit,1,1,0.9958515836222219,0.9991082955343981
family_a_005078_coordinated_full_forgery,f7a2af579186b18f,0.0,coordinated_full_forgery,1,1,0.7087881353757355,0.557846990572064
family_a_005079_visual_splice,f7a2af579186b18f,0.0,visual_splice,1,1,0.8847233141067906,0.9236428547021682
family_a_005080_visual_splice,f7a2af579186b18f,0.0,visual_splice,1,1,0.7502147079687951,0.7701551377806691
family_a_005081_visual_splice,f7a2af579186b18f,0.0,visual_splice,1,1,0.7625978982878646,0.788214030663341
family_a_005093_genuine,03140812d07544bb,0.0,genuine,0,0,0.7190363307972811,0.5970825435295256
family_a_005094_text_qr_mismatch,03140812d07544bb,0.0,text_qr_mismatch,1,1,0.9891629684753037,0.9992836428860258
family_a_005095_qr_only_mismatch,03140812d07544bb,0.0,qr_only_mismatch,1,1,0.9909140459736204,0.9997494160208819
family_a_005096_checksum_invalid,03140812d07544bb,0.0,checksum_invalid,1,1,0.997613131659709,0.9996905929843424
family_a_005097_format_invalid,03140812d07544bb,0.0,format_invalid,1,1,0.9999842022116904,0.999751730233656
family_a_005098_field_missing,03140812d07544bb,0.0,field_missing,1,1,1.0,0.9996945857035567
family_a_005099_fine_grained_edit,03140812d07544bb,0.0,fine_grained_edit,1,1,0.9980320282986469,0.9995209652923359
family_a_005100_coordinated_full_forgery,03140812d07544bb,0.0,coordinated_full_forgery,1,1,0.7276291060943819,0.7931693810808583
family_a_005101_visual_splice,03140812d07544bb,0.0,visual_splice,1,1,0.9978065302480023,0.9998092884641079
family_a_005102_visual_splice,03140812d07544bb,0.0,visual_splice,1,1,0.996327719206529,0.9994735735561271
family_a_005103_visual_splice,03140812d07544bb,0.0,visual_splice,1,1,0.7364472064711491,0.7460158862042764
family_a_005115_genuine,96f1616b65bd3fc9,0.0,genuine,0,0,0.7255020760738544,0.549840660238276
family_a_005116_text_qr_mismatch,96f1616b65bd3fc9,0.0,text_qr_mismatch,1,1,0.9981731422125572,0.9996598146442991
family_a_005117_qr_only_mismatch,96f1616b65bd3fc9,0.0,qr_only_mismatch,1,1,0.9863094743638957,0.999545616260718
family_a_005118_checksum_invalid,96f1616b65bd3fc9,0.0,checksum_invalid,1,1,1.0,0.9997396274754933
family_a_005119_format_invalid,96f1616b65bd3fc9,0.0,format_invalid,1,1,0.9999842022116904,0.9997527349542249
family_a_005120_field_missing,96f1616b65bd3fc9,0.0,field_missing,1,1,1.0,0.9994994107489512
family_a_005121_fine_grained_edit,96f1616b65bd3fc9,0.0,fine_grained_edit,1,1,0.9944049446740334,0.9992838446710863
family_a_005122_coordinated_full_forgery,96f1616b65bd3fc9,0.0,coordinated_full_forgery,1,1,0.7380676548110712,0.7798032980329693
family_a_005123_visual_splice,96f1616b65bd3fc9,0.0,visual_splice,1,1,0.989392737144554,0.9995627889753698
family_a_005124_visual_splice,96f1616b65bd3fc9,0.0,visual_splice,1,1,0.7935913156140475,0.8382061939368727
family_a_005125_visual_splice,96f1616b65bd3fc9,0.0,visual_splice,1,1,0.7500993331899264,0.7443463753596544
family_a_005126_genuine,38498e44742d6538,0.0,genuine,0,0,0.7683310262542747,0.7520040892889401
family_a_005127_text_qr_mismatch,38498e44742d6538,0.0,text_qr_mismatch,1,1,0.9981731422125572,0.9995780116337226
family_a_005128_qr_only_mismatch,38498e44742d6538,0.0,qr_only_mismatch,1,1,0.9958243356658184,0.9990690379763281
family_a_005129_checksum_invalid,38498e44742d6538,0.0,checksum_invalid,1,1,0.9983448579493954,0.9997818728496919
family_a_005130_format_invalid,38498e44742d6538,0.0,format_invalid,1,1,0.9999842022116904,0.9997518717167719
family_a_005131_field_missing,38498e44742d6538,0.0,field_missing,1,1,1.0,0.9990499168392295
family_a_005132_fine_grained_edit,38498e44742d6538,0.0,fine_grained_edit,1,1,0.9916507098629572,0.9995067728206938
family_a_005133_coordinated_full_forgery,38498e44742d6538,0.0,coordinated_full_forgery,1,1,0.7565559071488785,0.8115730539265398
family_a_005134_visual_splice,38498e44742d6538,0.0,visual_splice,1,1,0.9977640197575377,0.9996875665697968
family_a_005135_visual_splice,38498e44742d6538,0.0,visual_splice,1,1,0.7616210297657438,0.7650343112743786
family_a_005136_visual_splice,38498e44742d6538,0.0,visual_splice,1,1,0.7014140321996883,0.6057688029151875
family_a_005137_genuine,09674febc6643db6,0.0,genuine,0,0,0.6646147328342344,0.5948791758688862
family_a_005138_text_qr_mismatch,09674febc6643db6,0.0,text_qr_mismatch,1,1,0.9950264731953312,0.999598209181711
family_a_005139_qr_only_mismatch,09674febc6643db6,0.0,qr_only_mismatch,1,1,0.984884152854048,0.9996278107487876
family_a_005140_checksum_invalid,09674febc6643db6,0.0,checksum_invalid,1,1,0.9978717523493643,0.9997848842716315
family_a_005141_format_invalid,09674febc6643db6,0.0,format_invalid,1,1,0.9988303560578443,0.9996801128001589
family_a_005142_field_missing,09674febc6643db6,0.0,field_missing,1,1,1.0,0.9996682423718611
family_a_005143_fine_grained_edit,09674febc6643db6,0.0,fine_grained_edit,1,1,0.994420742462343,0.9995624684924713
family_a_005144_coordinated_full_forgery,09674febc6643db6,0.0,coordinated_full_forgery,1,1,0.7748358774470593,0.8875119051112202
family_a_005145_visual_splice,09674febc6643db6,0.0,visual_splice,1,1,0.6475857304123983,0.6641873943580655
family_a_005146_visual_splice,09674febc6643db6,0.0,visual_splice,1,1,0.9968309611256987,0.9998507097706467
family_a_005147_visual_splice,09674febc6643db6,0.0,visual_splice,1,1,0.7491195188365398,0.8724834469166681
family_a_005159_genuine,b955d6d4fd96546c,0.0,genuine,0,0,0.6564777848960424,0.4482507260399571
family_a_005160_text_qr_mismatch,b955d6d4fd96546c,0.0,text_qr_mismatch,1,1,0.9959886016212175,0.9996619306001286
family_a_005161_qr_only_mismatch,b955d6d4fd96546c,0.0,qr_only_mismatch,1,1,0.9882331872938162,0.9990869836290127
family_a_005162_checksum_invalid,b955d6d4fd96546c,0.0,checksum_invalid,1,1,0.9973129251700681,0.9996154845847695
family_a_005163_format_invalid,b955d6d4fd96546c,0.0,format_invalid,1,1,0.9999842022116904,0.9998372026727802
family_a_005164_field_missing,b955d6d4fd96546c,0.0,field_missing,1,1,0.9999842022116904,0.9994300623910484
family_a_005165_fine_grained_edit,b955d6d4fd96546c,0.0,fine_grained_edit,1,1,0.9962086209391543,0.9995571113515236
family_a_005166_coordinated_full_forgery,b955d6d4fd96546c,0.0,coordinated_full_forgery,1,1,0.7974385275098907,0.8460458988736631
family_a_005167_visual_splice,b955d6d4fd96546c,0.0,visual_splice,1,1,0.9979145215229019,0.9994900481958184
family_a_005168_visual_splice,b955d6d4fd96546c,0.0,visual_splice,1,1,0.6752923809766794,0.6253284050439475
family_a_005169_visual_splice,b955d6d4fd96546c,0.0,visual_splice,1,1,0.9960302850696999,0.9996778700475819
family_a_005170_genuine,3bc7d1cc16b72c66,0.0,genuine,0,0,0.667908458066465,0.565843393429734
family_a_005171_text_qr_mismatch,3bc7d1cc16b72c66,0.0,text_qr_mismatch,1,1,0.9973655972670811,0.999278377983049
family_a_005172_qr_only_mismatch,3bc7d1cc16b72c66,0.0,qr_only_mismatch,1,1,0.996327719206529,0.9995514561962787
family_a_005173_checksum_invalid,3bc7d1cc16b72c66,0.0,checksum_invalid,1,1,0.9983606557377049,0.999811288698493
family_a_005174_format_invalid,3bc7d1cc16b72c66,0.0,format_invalid,1,1,1.0,0.9998357984754253
family_a_005175_field_missing,3bc7d1cc16b72c66,0.0,field_missing,1,1,1.0,0.9997437276706828
family_a_005176_fine_grained_edit,3bc7d1cc16b72c66,0.0,fine_grained_edit,1,1,0.9943461155966713,0.9994880154499003
family_a_005177_coordinated_full_forgery,3bc7d1cc16b72c66,0.0,coordinated_full_forgery,1,1,0.8041546642900588,0.8079306596889481
family_a_005178_visual_splice,3bc7d1cc16b72c66,0.0,visual_splice,1,1,0.7760878957165612,0.8488026596838291
family_a_005179_visual_splice,3bc7d1cc16b72c66,0.0,visual_splice,1,1,1.0,0.9994914956150971
family_a_005180_visual_splice,3bc7d1cc16b72c66,0.0,visual_splice,1,1,0.9944086940883936,0.9992729682344508
family_a_005225_genuine,44111448db2b9a15,0.0,genuine,0,0,0.6681543571067111,0.5845172803051129
family_a_005226_text_qr_mismatch,44111448db2b9a15,0.0,text_qr_mismatch,1,1,0.9958357858339123,0.9994850283082488
family_a_005227_qr_only_mismatch,44111448db2b9a15,0.0,qr_only_mismatch,1,1,0.9920154746578557,0.9992157862363997
family_a_005228_checksum_invalid,44111448db2b9a15,0.0,checksum_invalid,1,1,0.9983606557377049,0.9997903136734826
family_a_005229_format_invalid,44111448db2b9a15,0.0,format_invalid,1,1,1.0,0.9997831300677349
family_a_005230_field_missing,44111448db2b9a15,0.0,field_missing,1,1,0.9999842022116904,0.9993227163680493
family_a_005231_fine_grained_edit,44111448db2b9a15,0.0,fine_grained_edit,1,1,0.9927027953442777,0.9996811238529427
family_a_005232_coordinated_full_forgery,44111448db2b9a15,0.0,coordinated_full_forgery,1,1,0.7347433384992631,0.8410139389926924
family_a_005233_visual_splice,44111448db2b9a15,0.0,visual_splice,1,1,0.8206738382969013,0.8920254043014771
family_a_005234_visual_splice,44111448db2b9a15,0.0,visual_splice,1,1,0.7851605222615593,0.8624774084041038
family_a_005235_visual_splice,44111448db2b9a15,0.0,visual_splice,1,1,0.717420279295948,0.7063612374845477
family_a_005236_genuine,d49c0cd9436dd76f,0.0,genuine,0,0,0.6885043519815187,0.6068014664165722
family_a_005237_text_qr_mismatch,d49c0cd9436dd76f,0.0,text_qr_mismatch,1,1,0.9918830954932695,0.9996629849648179
family_a_005238_qr_only_mismatch,d49c0cd9436dd76f,0.0,qr_only_mismatch,1,1,0.9958243356658184,0.9992063545958065
family_a_005239_checksum_invalid,d49c0cd9436dd76f,0.0,checksum_invalid,1,1,0.9983606557377049,0.999737970771523
family_a_005240_format_invalid,d49c0cd9436dd76f,0.0,format_invalid,1,1,1.0,0.9995867725624409
family_a_005241_field_missing,d49c0cd9436dd76f,0.0,field_missing,1,1,1.0,0.9997916307356304
family_a_005242_fine_grained_edit,d49c0cd9436dd76f,0.0,fine_grained_edit,1,1,0.9936751017313823,0.9995004904686606
family_a_005243_coordinated_full_forgery,d49c0cd9436dd76f,0.0,coordinated_full_forgery,1,1,0.751354770323131,0.7616784014016197
family_a_005244_visual_splice,d49c0cd9436dd76f,0.0,visual_splice,1,1,0.9928065302480023,0.999637241144081
family_a_005245_visual_splice,d49c0cd9436dd76f,0.0,visual_splice,1,1,0.7617903586750705,0.7523174395919319
family_a_005246_visual_splice,d49c0cd9436dd76f,0.0,visual_splice,1,1,0.9403810273212294,0.9149548258997289
family_a_005247_genuine,1889af4f1f490e01,0.0,genuine,0,0,0.5233448853710829,0.2693831170755625
family_a_005248_text_qr_mismatch,1889af4f1f490e01,0.0,text_qr_mismatch,1,1,0.9947139731953313,0.9994800105038634
family_a_005249_qr_only_mismatch,1889af4f1f490e01,0.0,qr_only_mismatch,1,1,0.9930714279335835,0.9984825485432379
family_a_005250_checksum_invalid,1889af4f1f490e01,0.0,checksum_invalid,1,1,0.9978717523493643,0.999733151060192
family_a_005251_format_invalid,1889af4f1f490e01,0.0,format_invalid,1,1,1.0,0.9998573583569054
family_a_005252_field_missing,1889af4f1f490e01,0.0,field_missing,1,1,0.9999842022116904,0.9997914236117041
family_a_005253_fine_grained_edit,1889af4f1f490e01,0.0,fine_grained_edit,1,1,0.9961848134913787,0.9996750285353487
family_a_005254_coordinated_full_forgery,1889af4f1f490e01,0.0,coordinated_full_forgery,1,1,0.683009661325405,0.6283050733673462
family_a_005255_visual_splice,1889af4f1f490e01,0.0,visual_splice,1,1,0.9979145215229019,0.9997179154588618
family_a_005256_visual_splice,1889af4f1f490e01,0.0,visual_splice,1,1,0.8250739459535683,0.8859958286838856
family_a_005257_visual_splice,1889af4f1f490e01,0.0,visual_splice,1,1,0.9947435513207992,0.9997085737012376
family_a_005258_genuine,e241541dc8e4340e,0.0,genuine,0,0,0.7370162550806378,0.7075905520750332
family_a_005259_text_qr_mismatch,e241541dc8e4340e,0.0,text_qr_mismatch,1,1,0.994420742462343,0.9968768824078693
family_a_005260_qr_only_mismatch,e241541dc8e4340e,0.0,qr_only_mismatch,1,1,0.9661895185114312,0.9994821119308168
family_a_005261_checksum_invalid,e241541dc8e4340e,0.0,checksum_invalid,1,1,0.9983606557377049,0.999784053271071
family_a_005262_format_invalid,e241541dc8e4340e,0.0,format_invalid,1,1,1.0,0.9998523112484452
family_a_005263_field_missing,e241541dc8e4340e,0.0,field_missing,1,1,1.0,0.9992503031556329
family_a_005264_fine_grained_edit,e241541dc8e4340e,0.0,fine_grained_edit,1,1,0.9944049446740334,0.9994974880084273
family_a_005265_coordinated_full_forgery,e241541dc8e4340e,0.0,coordinated_full_forgery,1,1,0.7787793960650596,0.7699151124148246
family_a_005266_visual_splice,e241541dc8e4340e,0.0,visual_splice,1,1,0.9946306102788824,0.995785192465726
family_a_005267_visual_splice,e241541dc8e4340e,0.0,visual_splice,1,1,0.787733256527051,0.8481339645596463
family_a_005268_visual_splice,e241541dc8e4340e,0.0,visual_splice,1,1,1.0,0.998580453898639
family_a_005269_genuine,63b84f1da44c704e,0.0,genuine,0,0,0.7446602630913204,0.5487543335578178
family_a_005270_text_qr_mismatch,63b84f1da44c704e,0.0,text_qr_mismatch,1,1,0.9978223280363119,0.9997213903973066
family_a_005271_qr_only_mismatch,63b84f1da44c704e,0.0,qr_only_mismatch,1,1,0.9962530923408573,0.9996677518659206
family_a_005272_checksum_invalid,63b84f1da44c704e,0.0,checksum_invalid,1,1,0.9978717523493643,0.9997991301006924
family_a_005273_format_invalid,63b84f1da44c704e,0.0,format_invalid,1,1,1.0,0.9996015287445744
family_a_005274_field_missing,63b84f1da44c704e,0.0,field_missing,1,1,0.9994690265486725,0.9994862719777958
family_a_005275_fine_grained_edit,63b84f1da44c704e,0.0,fine_grained_edit,1,1,0.9930566008006775,0.9994239335896096
family_a_005276_coordinated_full_forgery,63b84f1da44c704e,0.0,coordinated_full_forgery,1,1,0.7420737055340555,0.6654714867635192
family_a_005277_visual_splice,63b84f1da44c704e,0.0,visual_splice,1,1,0.9959886016212175,0.9967027802801288
family_a_005278_visual_splice,63b84f1da44c704e,0.0,visual_splice,1,1,0.7459589146399324,0.8035026072963022
family_a_005279_visual_splice,63b84f1da44c704e,0.0,visual_splice,1,1,0.993079053807752,0.9994226370183894
family_a_005280_genuine,bc5be7e554e4c4fb,0.0,genuine,0,0,0.6869924092962385,0.4899499550432387
family_a_005281_text_qr_mismatch,bc5be7e554e4c4fb,0.0,text_qr_mismatch,1,1,0.9895524120214922,0.9996008811870362
family_a_005282_qr_only_mismatch,bc5be7e554e4c4fb,0.0,qr_only_mismatch,1,1,0.9965561008209556,0.9996225703094886
family_a_005283_checksum_invalid,bc5be7e554e4c4fb,0.0,checksum_invalid,1,1,0.9983606557377049,0.9998036164154706
family_a_005284_format_invalid,bc5be7e554e4c4fb,0.0,format_invalid,1,1,1.0,0.9998319287700046
family_a_005285_field_missing,bc5be7e554e4c4fb,0.0,field_missing,1,1,1.0,0.9996988564748839
family_a_005286_fine_grained_edit,bc5be7e554e4c4fb,0.0,fine_grained_edit,1,1,0.9934189834297855,0.9995231046088112
family_a_005287_coordinated_full_forgery,bc5be7e554e4c4fb,0.0,coordinated_full_forgery,1,1,0.8045515163271323,0.8616252895794153
family_a_005288_visual_splice,bc5be7e554e4c4fb,0.0,visual_splice,1,1,0.9960980248416651,0.999626345966712
family_a_005289_visual_splice,bc5be7e554e4c4fb,0.0,visual_splice,1,1,1.0,0.9993183491616076
family_a_005290_visual_splice,bc5be7e554e4c4fb,0.0,visual_splice,1,1,0.7496837118943195,0.7426197598180905
family_a_005291_genuine,594dd7294731726b,0.0,genuine,0,0,0.7377198981582428,0.6796345408300758
family_a_005292_text_qr_mismatch,594dd7294731726b,0.0,text_qr_mismatch,1,1,0.9908515836222219,0.9996252201325905
family_a_005293_qr_only_mismatch,594dd7294731726b,0.0,qr_only_mismatch,1,1,0.9830776621945838,0.9995863944466059
family_a_005294_checksum_invalid,594dd7294731726b,0.0,checksum_invalid,1,1,0.9983606557377049,0.999676169188127
family_a_005295_format_invalid,594dd7294731726b,0.0,format_invalid,1,1,1.0,0.9998471247955307
family_a_005296_field_missing,594dd7294731726b,0.0,field_missing,1,1,0.9999842022116904,0.9998186422842968
family_a_005297_fine_grained_edit,594dd7294731726b,0.0,fine_grained_edit,1,1,0.9944086940883936,0.9997055648486175
family_a_005298_coordinated_full_forgery,594dd7294731726b,0.0,coordinated_full_forgery,1,1,0.7859464799207505,0.7591216809102345
family_a_005299_visual_splice,594dd7294731726b,0.0,visual_splice,1,1,0.9973655972670811,0.9990172981615293
family_a_005300_visual_splice,594dd7294731726b,0.0,visual_splice,1,1,0.750357899784378,0.7723252492756287
family_a_005301_visual_splice,594dd7294731726b,0.0,visual_splice,1,1,0.8023390377943628,0.8546690171343265
family_a_005302_genuine,e338dd5feafed7fe,0.0,genuine,0,0,0.7295070280390072,0.6362009374556661
family_a_005303_text_qr_mismatch,e338dd5feafed7fe,0.0,text_qr_mismatch,1,1,0.994420742462343,0.9995880103532356
family_a_005304_qr_only_mismatch,e338dd5feafed7fe,0.0,qr_only_mismatch,1,1,0.9957876985135844,0.999611795098147
family_a_005305_checksum_invalid,e338dd5feafed7fe,0.0,checksum_invalid,1,1,1.0,0.9996771851052144
family_a_005306_format_invalid,e338dd5feafed7fe,0.0,format_invalid,1,1,1.0,0.9997190441290292
family_a_005307_field_missing,e338dd5feafed7fe,0.0,field_missing,1,1,1.0,0.9997106246980644
family_a_005308_fine_grained_edit,e338dd5feafed7fe,0.0,fine_grained_edit,1,1,0.9941515183072102,0.9991416181976045
family_a_005309_coordinated_full_forgery,e338dd5feafed7fe,0.0,coordinated_full_forgery,1,1,0.7133917587006151,0.6786098271981932
family_a_005310_visual_splice,e338dd5feafed7fe,0.0,visual_splice,1,1,0.8009957745441391,0.9304013805327792
family_a_005311_visual_splice,e338dd5feafed7fe,0.0,visual_splice,1,1,0.7684574892252867,0.8119799503470219
family_a_005312_visual_splice,e338dd5feafed7fe,0.0,visual_splice,1,1,0.7084695413498079,0.7702849217108544
family_a_005313_genuine,f86ffbb80852ffb3,0.0,genuine,0,0,0.690992390620479,0.6734014629321792
family_a_005314_text_qr_mismatch,f86ffbb80852ffb3,0.0,text_qr_mismatch,1,1,0.9919205501179075,0.9994314092378088
family_a_005315_qr_only_mismatch,f86ffbb80852ffb3,0.0,qr_only_mismatch,1,1,0.9923338201198797,0.9996799980224162
family_a_005316_checksum_invalid,f86ffbb80852ffb3,0.0,checksum_invalid,1,1,0.9978717523493643,0.9997229102223478
family_a_005317_format_invalid,f86ffbb80852ffb3,0.0,format_invalid,1,1,1.0,0.9998072406509164
family_a_005318_field_missing,f86ffbb80852ffb3,0.0,field_missing,1,1,1.0,0.9995301345594436
family_a_005319_fine_grained_edit,f86ffbb80852ffb3,0.0,fine_grained_edit,1,1,0.994420742462343,0.999613318003893
family_a_005320_coordinated_full_forgery,f86ffbb80852ffb3,0.0,coordinated_full_forgery,1,1,0.7780120411625552,0.733515681401141
family_a_005321_visual_splice,f86ffbb80852ffb3,0.0,visual_splice,1,1,0.789186655658684,0.7956946032122069
family_a_005322_visual_splice,f86ffbb80852ffb3,0.0,visual_splice,1,1,0.7918823412208176,0.7533386234893863
family_a_005323_visual_splice,f86ffbb80852ffb3,0.0,visual_splice,1,1,0.9960980248416651,0.9996272856623821
family_a_005335_genuine,474a4f54170b165e,0.0,genuine,0,0,0.552312921483771,0.24157407324723357
family_a_005336_text_qr_mismatch,474a4f54170b165e,0.0,text_qr_mismatch,1,1,0.994392737144554,0.9995321549297291
family_a_005337_qr_only_mismatch,474a4f54170b165e,0.0,qr_only_mismatch,1,1,0.9981348280363119,0.9997374556113456
family_a_005338_checksum_invalid,474a4f54170b165e,0.0,checksum_invalid,1,1,0.9983448579493954,0.9998645679567093
family_a_005339_format_invalid,474a4f54170b165e,0.0,format_invalid,1,1,1.0,0.999863988918412
family_a_005340_field_missing,474a4f54170b165e,0.0,field_missing,1,1,1.0,0.9993657838393202
family_a_005341_fine_grained_edit,474a4f54170b165e,0.0,fine_grained_edit,1,1,0.9954812132518515,0.99913904827602
family_a_005342_coordinated_full_forgery,474a4f54170b165e,0.0,coordinated_full_forgery,1,1,0.7623608070623118,0.7316992480637508
family_a_005343_visual_splice,474a4f54170b165e,0.0,visual_splice,1,1,0.9946644776319991,0.9997244527229618
family_a_005344_visual_splice,474a4f54170b165e,0.0,visual_splice,1,1,0.8093710160765782,0.8622992131399815
family_a_005345_visual_splice,474a4f54170b165e,0.0,visual_splice,1,1,0.8187631661403644,0.7727374465189524
family_a_005346_genuine,5c59fbb7e23a5595,0.0,genuine,0,0,0.6597547658568993,0.39101183923031174
family_a_005347_text_qr_mismatch,5c59fbb7e23a5595,0.0,text_qr_mismatch,1,1,0.9957040828837358,0.999481591563055
family_a_005348_qr_only_mismatch,5c59fbb7e23a5595,0.0,qr_only_mismatch,1,1,0.9869049446740334,0.9994668012242719
family_a_005349_checksum_invalid,5c59fbb7e23a5595,0.0,checksum_invalid,1,1,0.9978717523493643,0.9997520232620306
family_a_005350_format_invalid,5c59fbb7e23a5595,0.0,format_invalid,1,1,0.9999842022116904,0.9996431881066672
family_a_005351_field_missing,5c59fbb7e23a5595,0.0,field_missing,1,1,0.9940000000000001,0.9982216030814053
family_a_005352_fine_grained_edit,5c59fbb7e23a5595,0.0,fine_grained_edit,1,1,0.9791924604183464,0.9993970889087007
family_a_005353_coordinated_full_forgery,5c59fbb7e23a5595,0.0,coordinated_full_forgery,1,1,0.7924708028330764,0.8452032799217395
family_a_005354_visual_splice,5c59fbb7e23a5595,0.0,visual_splice,1,1,0.7184031596424083,0.6842291393572775
family_a_005355_visual_splice,5c59fbb7e23a5595,0.0,visual_splice,1,1,0.761709478447024,0.90716535227615
family_a_005356_visual_splice,5c59fbb7e23a5595,0.0,visual_splice,1,1,0.7770911527919118,0.8926153566433673
family_a_005357_genuine,42f1aae56d5c6a8d,0.0,genuine,0,0,0.5850425801389526,0.38599249023016374
family_a_005358_text_qr_mismatch,42f1aae56d5c6a8d,0.0,text_qr_mismatch,1,1,0.9927096168930521,0.9995485580970197
family_a_005359_qr_only_mismatch,42f1aae56d5c6a8d,0.0,qr_only_mismatch,1,1,0.9957144157974628,0.9997390184105139
family_a_005360_checksum_invalid,42f1aae56d5c6a8d,0.0,checksum_invalid,1,1,0.9983606557377049,0.9993973694283871
family_a_005361_format_invalid,42f1aae56d5c6a8d,0.0,format_invalid,1,1,1.0,0.9997081446114048
family_a_005362_field_missing,42f1aae56d5c6a8d,0.0,field_missing,1,1,1.0,0.9997712970701438
family_a_005363_fine_grained_edit,42f1aae56d5c6a8d,0.0,fine_grained_edit,1,1,0.9908591270850131,0.9994541853091289
family_a_005364_coordinated_full_forgery,42f1aae56d5c6a8d,0.0,coordinated_full_forgery,1,1,0.7191084576859426,0.8346085488628885
family_a_005365_visual_splice,42f1aae56d5c6a8d,0.0,visual_splice,1,1,0.828224683079219,0.9455400504356478
family_a_005366_visual_splice,42f1aae56d5c6a8d,0.0,visual_splice,1,1,0.8001067932040152,0.7730367386368145
family_a_005367_visual_splice,42f1aae56d5c6a8d,0.0,visual_splice,1,1,0.9960980248416651,0.9994267877827971
family_a_005368_genuine,5e8520269c03e01b,0.0,genuine,0,0,0.655400762331373,0.6388654864234932
family_a_005369_text_qr_mismatch,5e8520269c03e01b,0.0,text_qr_mismatch,1,1,0.9977640197575377,0.999593806563665
family_a_005370_qr_only_mismatch,5e8520269c03e01b,0.0,qr_only_mismatch,1,1,0.9981573444242475,0.9995197353206993
family_a_005371_checksum_invalid,5e8520269c03e01b,0.0,checksum_invalid,1,1,0.9983606557377049,0.9997704937567715
family_a_005372_format_invalid,5e8520269c03e01b,0.0,format_invalid,1,1,1.0,0.9998403006876313
family_a_005373_field_missing,5e8520269c03e01b,0.0,field_missing,1,1,0.9956147970318638,0.9995807493962966
family_a_005374_fine_grained_edit,5e8520269c03e01b,0.0,fine_grained_edit,1,1,0.9944049446740334,0.9997543695362995
family_a_005375_coordinated_full_forgery,5e8520269c03e01b,0.0,coordinated_full_forgery,1,1,0.8166800841104369,0.901522301178262
family_a_005376_visual_splice,5e8520269c03e01b,0.0,visual_splice,1,1,0.8177183346969973,0.9297733693819425
family_a_005377_visual_splice,5e8520269c03e01b,0.0,visual_splice,1,1,0.9974754392444208,0.9918982279350443
family_a_005378_visual_splice,5e8520269c03e01b,0.0,visual_splice,1,1,0.8132828333138821,0.8070956670468754
family_a_005379_genuine,cba42185eec984d1,0.0,genuine,0,0,0.7441255664820791,0.5422232240725078
family_a_005380_text_qr_mismatch,cba42185eec984d1,0.0,text_qr_mismatch,1,1,0.9942102128044938,0.9997847029913828
family_a_005381_qr_only_mismatch,cba42185eec984d1,0.0,qr_only_mismatch,1,1,0.9856591335704904,0.9993895023919134
family_a_005382_checksum_invalid,cba42185eec984d1,0.0,checksum_invalid,1,1,0.9973129251700681,0.9995589986637397
family_a_005383_format_invalid,cba42185eec984d1,0.0,format_invalid,1,1,1.0,0.9996454923948204
family_a_005384_field_missing,cba42185eec984d1,0.0,field_missing,1,1,1.0,0.9997403265713347
family_a_005385_fine_grained_edit,cba42185eec984d1,0.0,fine_grained_edit,1,1,0.9980478260869564,0.9997381053880464
family_a_005386_coordinated_full_forgery,cba42185eec984d1,0.0,coordinated_full_forgery,1,1,0.8289089804961018,0.9291600045039861
family_a_005387_visual_splice,cba42185eec984d1,0.0,visual_splice,1,1,1.0,0.9996356464515302
family_a_005388_visual_splice,cba42185eec984d1,0.0,visual_splice,1,1,0.9959850837997483,0.9996917427433982
family_a_005389_visual_splice,cba42185eec984d1,0.0,visual_splice,1,1,0.9959850837997483,0.9996019642996472
family_a_005390_genuine,f751c64621304b14,0.0,genuine,0,0,0.6743320289026653,0.5858576694885566
family_a_005391_text_qr_mismatch,f751c64621304b14,0.0,text_qr_mismatch,1,1,0.9388838858853729,0.912746740985432
family_a_005392_qr_only_mismatch,f751c64621304b14,0.0,qr_only_mismatch,1,1,0.994420742462343,0.999288861156529
family_a_005393_checksum_invalid,f751c64621304b14,0.0,checksum_invalid,1,1,0.9493549792878078,0.9858011704042933
family_a_005394_format_invalid,f751c64621304b14,0.0,format_invalid,1,1,0.918948285732743,0.9856039282759173
family_a_005395_field_missing,f751c64621304b14,0.0,field_missing,1,1,0.9560542177836977,0.9823451792365927
family_a_005396_fine_grained_edit,f751c64621304b14,0.0,fine_grained_edit,1,1,0.8790338257819882,0.8804632298415038
family_a_005397_coordinated_full_forgery,f751c64621304b14,0.0,coordinated_full_forgery,1,1,0.8038290493117121,0.8247757892350518
family_a_005398_visual_splice,f751c64621304b14,0.0,visual_splice,1,1,0.9389726730687018,0.9331576796156266
family_a_005399_visual_splice,f751c64621304b14,0.0,visual_splice,1,1,0.9236496957357008,0.9008998421299385
family_a_005400_visual_splice,f751c64621304b14,0.0,visual_splice,1,1,0.9383764997045487,0.8511888537971322
family_a_005412_genuine,b805b47a8fbec77a,0.0,genuine,0,0,0.5767543729542505,0.31612025182825876
family_a_005413_text_qr_mismatch,b805b47a8fbec77a,0.0,text_qr_mismatch,1,1,0.9871258008945081,0.9995140551812286
family_a_005414_qr_only_mismatch,b805b47a8fbec77a,0.0,qr_only_mismatch,1,1,0.9944049446740334,0.9993125319736035
family_a_005415_checksum_invalid,b805b47a8fbec77a,0.0,checksum_invalid,1,1,0.9983448579493954,0.999761075612443
family_a_005416_format_invalid,b805b47a8fbec77a,0.0,format_invalid,1,1,0.9996147970318637,0.999682699656243
family_a_005417_field_missing,b805b47a8fbec77a,0.0,field_missing,1,1,0.9999842022116904,0.9990350162959567
family_a_005418_fine_grained_edit,b805b47a8fbec77a,0.0,fine_grained_edit,1,1,0.9847142362686578,0.9994495488742072
family_a_005419_coordinated_full_forgery,b805b47a8fbec77a,0.0,coordinated_full_forgery,1,1,0.6970131553217592,0.5697221132461502
family_a_005420_visual_splice,b805b47a8fbec77a,0.0,visual_splice,1,1,0.9981348280363119,0.9987781704130994
family_a_005421_visual_splice,b805b47a8fbec77a,0.0,visual_splice,1,1,0.9977640197575377,0.9987500166587375
family_a_005422_visual_splice,b805b47a8fbec77a,0.0,visual_splice,1,1,0.9958357858339123,0.9995200397377412
family_a_005445_genuine,956e8cc0f398575e,0.0,genuine,0,0,0.7021870631695141,0.565843393429734
family_a_005446_text_qr_mismatch,956e8cc0f398575e,0.0,text_qr_mismatch,1,1,0.9915924596340601,0.9995965409942346
family_a_005447_qr_only_mismatch,956e8cc0f398575e,0.0,qr_only_mismatch,1,1,0.9947533600599369,0.9997143083703542
family_a_005448_checksum_invalid,956e8cc0f398575e,0.0,checksum_invalid,1,1,0.9983606557377049,0.9998202586339934
family_a_005449_format_invalid,956e8cc0f398575e,0.0,format_invalid,1,1,1.0,0.9997824350249065
family_a_005450_field_missing,956e8cc0f398575e,0.0,field_missing,1,1,1.0,0.9996137238211698
family_a_005451_fine_grained_edit,956e8cc0f398575e,0.0,fine_grained_edit,1,1,0.9777646307466492,0.9962811355368787
family_a_005452_coordinated_full_forgery,956e8cc0f398575e,0.0,coordinated_full_forgery,1,1,0.733413320449068,0.7377367299991641
family_a_005453_visual_splice,956e8cc0f398575e,0.0,visual_splice,1,1,0.995021620489142,0.9967240440086399
family_a_005454_visual_splice,956e8cc0f398575e,0.0,visual_splice,1,1,0.9959850837997483,0.9976598956295936
family_a_005455_visual_splice,956e8cc0f398575e,0.0,visual_splice,1,1,0.751681936761367,0.9145342681754882
family_a_005456_genuine,d94e6749b718c7c3,0.0,genuine,0,0,0.7000742302280255,0.34225661087054293
family_a_005457_text_qr_mismatch,d94e6749b718c7c3,0.0,text_qr_mismatch,1,1,0.9981731422125572,0.9995210740295625
family_a_005458_qr_only_mismatch,d94e6749b718c7c3,0.0,qr_only_mismatch,1,1,0.9886821413245224,0.9996516428468007
family_a_005459_checksum_invalid,d94e6749b718c7c3,0.0,checksum_invalid,1,1,0.9978717523493643,0.9997085306440164
family_a_005460_format_invalid,d94e6749b718c7c3,0.0,format_invalid,1,1,0.9997413793103448,0.9997794323181756
family_a_005461_field_missing,d94e6749b718c7c3,0.0,field_missing,1,1,0.9999842022116904,0.999636561013572
family_a_005462_fine_grained_edit,d94e6749b718c7c3,0.0,fine_grained_edit,1,1,0.9880910983599265,0.9992313845727726
family_a_005463_coordinated_full_forgery,d94e6749b718c7c3,0.0,coordinated_full_forgery,1,1,0.7000284821434647,0.7559635326864518
family_a_005464_visual_splice,d94e6749b718c7c3,0.0,visual_splice,1,1,0.7564004846114287,0.8557687651576823
family_a_005465_visual_splice,d94e6749b718c7c3,0.0,visual_splice,1,1,0.9976279588194309,0.9997929678301298
family_a_005466_visual_splice,d94e6749b718c7c3,0.0,visual_splice,1,1,0.9958022118216546,0.9997938233952955
family_a_005467_genuine,6426a4c6a7ac1a16,0.0,genuine,0,0,0.6967855896833781,0.6992630891224918
family_a_005468_text_qr_mismatch,6426a4c6a7ac1a16,0.0,text_qr_mismatch,1,1,0.9954941008006776,0.9995346876261963
family_a_005469_qr_only_mismatch,6426a4c6a7ac1a16,0.0,qr_only_mismatch,1,1,0.9945271196686021,0.999180153038748
family_a_005470_checksum_invalid,6426a4c6a7ac1a16,0.0,checksum_invalid,1,1,0.9978717523493643,0.9998303433083879
family_a_005471_format_invalid,6426a4c6a7ac1a16,0.0,format_invalid,1,1,0.9999842022116904,0.999656009710484
family_a_005472_field_missing,6426a4c6a7ac1a16,0.0,field_missing,1,1,1.0,0.9991042014790624
family_a_005473_fine_grained_edit,6426a4c6a7ac1a16,0.0,fine_grained_edit,1,1,0.9892559678100785,0.9989698435660546
family_a_005474_coordinated_full_forgery,6426a4c6a7ac1a16,0.0,coordinated_full_forgery,1,1,0.7755266063149713,0.7816494020830149
family_a_005475_visual_splice,6426a4c6a7ac1a16,0.0,visual_splice,1,1,0.8013128876339094,0.8638596225522508
family_a_005476_visual_splice,6426a4c6a7ac1a16,0.0,visual_splice,1,1,0.9947413793103448,0.9994499465317512
family_a_005477_visual_splice,6426a4c6a7ac1a16,0.0,visual_splice,1,1,0.9945271196686021,0.9995774205442166
family_a_005478_genuine,e125f0a38c981080,0.0,genuine,0,0,0.5473002068175804,0.362345673860832
family_a_005479_text_qr_mismatch,e125f0a38c981080,0.0,text_qr_mismatch,1,1,0.9954941008006776,0.9996823854763872
family_a_005480_qr_only_mismatch,e125f0a38c981080,0.0,qr_only_mismatch,1,1,0.9880062336231552,0.9996404580917041
family_a_005481_checksum_invalid,e125f0a38c981080,0.0,checksum_invalid,1,1,0.9978717523493643,0.9995785272268963
family_a_005482_format_invalid,e125f0a38c981080,0.0,format_invalid,1,1,0.9999842022116904,0.9997562843040751
family_a_005483_field_missing,e125f0a38c981080,0.0,field_missing,1,1,0.9994690265486725,0.9994811924671176
family_a_005484_fine_grained_edit,e125f0a38c981080,0.0,fine_grained_edit,1,1,0.9951580752643733,0.999508301730822
family_a_005485_coordinated_full_forgery,e125f0a38c981080,0.0,coordinated_full_forgery,1,1,0.7739039595907872,0.8422558837123906
family_a_005486_visual_splice,e125f0a38c981080,0.0,visual_splice,1,1,0.7415182631867887,0.8738163298427425
family_a_005487_visual_splice,e125f0a38c981080,0.0,visual_splice,1,1,0.8229973079733179,0.9138541822484703
family_a_005488_visual_splice,e125f0a38c981080,0.0,visual_splice,1,1,0.8136467477122313,0.9089253765242473
family_a_005489_genuine,f792113e8718f742,0.0,genuine,0,0,0.6943598481413951,0.599209729370452
family_a_005490_text_qr_mismatch,f792113e8718f742,0.0,text_qr_mismatch,1,1,0.9919711940883935,0.9990848142928479
family_a_005491_qr_only_mismatch,f792113e8718f742,0.0,qr_only_mismatch,1,1,0.994420742462343,0.9994704097722437
family_a_005492_checksum_invalid,f792113e8718f742,0.0,checksum_invalid,1,1,0.9983606557377049,0.9997964355837415
family_a_005493_format_invalid,f792113e8718f742,0.0,format_invalid,1,1,1.0,0.9997551221387966
family_a_005494_field_missing,f792113e8718f742,0.0,field_missing,1,1,1.0,0.9993322793096805
family_a_005495_fine_grained_edit,f792113e8718f742,0.0,fine_grained_edit,1,1,0.980194810222611,0.9995117979885759
family_a_005496_coordinated_full_forgery,f792113e8718f742,0.0,coordinated_full_forgery,1,1,0.7988196307519547,0.8100329600144975
family_a_005497_visual_splice,f792113e8718f742,0.0,visual_splice,1,1,0.9889681613696453,0.999364507219197
family_a_005498_visual_splice,f792113e8718f742,0.0,visual_splice,1,1,0.7472101246678763,0.7829427163099547
family_a_005499_visual_splice,f792113e8718f742,0.0,visual_splice,1,1,0.9981348280363119,0.9996067995908132
family_b_000011_genuine,8636d7e0ddcf7ebb,1.0,genuine,0,0,0.7333330737809888,0.706250290564376
family_b_000012_text_qr_mismatch,8636d7e0ddcf7ebb,1.0,text_qr_mismatch,1,1,0.9874012349005075,0.9984370605590959
family_b_000013_qr_only_mismatch,8636d7e0ddcf7ebb,1.0,qr_only_mismatch,1,1,0.9957354497354497,0.9994492658371416
family_b_000014_checksum_invalid,8636d7e0ddcf7ebb,1.0,checksum_invalid,1,1,1.0,0.9996609245456041
family_b_000015_format_invalid,8636d7e0ddcf7ebb,1.0,format_invalid,1,1,1.0,0.9997206442767033
family_b_000016_field_missing,8636d7e0ddcf7ebb,1.0,field_missing,1,1,0.9999118942731278,0.999153269943787
family_b_000017_fine_grained_edit,8636d7e0ddcf7ebb,1.0,fine_grained_edit,1,1,0.999128373266078,0.9996001573661675
family_b_000018_coordinated_full_forgery,8636d7e0ddcf7ebb,1.0,coordinated_full_forgery,1,1,0.769780714808494,0.7685297280492123
family_b_000019_visual_splice,8636d7e0ddcf7ebb,1.0,visual_splice,1,1,0.8169707509917592,0.7240299729660615
family_b_000020_visual_splice,8636d7e0ddcf7ebb,1.0,visual_splice,1,1,0.8267448467286558,0.9074616861242635
family_b_000021_visual_splice,8636d7e0ddcf7ebb,1.0,visual_splice,1,1,0.9990295413319512,0.9994986371044697
family_b_000022_genuine,ec56929d73813aa6,1.0,genuine,0,0,0.7202609807600926,0.740570789997258
family_b_000023_text_qr_mismatch,ec56929d73813aa6,1.0,text_qr_mismatch,1,1,0.9961927361952064,0.999097024696497
family_b_000024_qr_only_mismatch,ec56929d73813aa6,1.0,qr_only_mismatch,1,1,0.9937706403781292,0.9991518103912898
family_b_000025_checksum_invalid,ec56929d73813aa6,1.0,checksum_invalid,1,1,0.9999295774647888,0.9996290943446573
family_b_000026_format_invalid,ec56929d73813aa6,1.0,format_invalid,1,1,0.9999295774647888,0.9996441052023883
family_b_000027_field_missing,ec56929d73813aa6,1.0,field_missing,1,1,1.0,0.9992129563258063
family_b_000028_fine_grained_edit,ec56929d73813aa6,1.0,fine_grained_edit,1,1,0.9960214088316627,0.9996277258009794
family_b_000029_coordinated_full_forgery,ec56929d73813aa6,1.0,coordinated_full_forgery,1,1,0.8100363267963799,0.859998541054546
family_b_000030_visual_splice,ec56929d73813aa6,1.0,visual_splice,1,1,0.812054960813642,0.8573864268984559
family_b_000031_visual_splice,ec56929d73813aa6,1.0,visual_splice,1,1,0.7991259659998916,0.9010929619062257
family_b_000032_visual_splice,ec56929d73813aa6,1.0,visual_splice,1,1,0.8021014822700725,0.8305136505847559
family_b_000033_genuine,9b7477c9a87d7918,1.0,genuine,0,0,0.7470309589617891,0.7200510563657386
family_b_000034_text_qr_mismatch,9b7477c9a87d7918,1.0,text_qr_mismatch,1,1,0.9986503872040758,0.9995597389175842
family_b_000035_qr_only_mismatch,9b7477c9a87d7918,1.0,qr_only_mismatch,1,1,0.9905113273718333,0.9992466339170198
family_b_000036_checksum_invalid,9b7477c9a87d7918,1.0,checksum_invalid,1,1,0.9816666666666667,0.9997381221121622
family_b_000037_format_invalid,9b7477c9a87d7918,1.0,format_invalid,1,1,1.0,0.9996890863677788
family_b_000038_field_missing,9b7477c9a87d7918,1.0,field_missing,1,1,1.0,0.9992849533249318
family_b_000039_fine_grained_edit,9b7477c9a87d7918,1.0,fine_grained_edit,1,1,0.9966047821649184,0.9994878797406528
family_b_000040_coordinated_full_forgery,9b7477c9a87d7918,1.0,coordinated_full_forgery,1,1,0.8335005369420719,0.8838500566167656
family_b_000041_visual_splice,9b7477c9a87d7918,1.0,visual_splice,1,1,0.9868435634331268,0.9994618783955854
family_b_000042_visual_splice,9b7477c9a87d7918,1.0,visual_splice,1,1,0.8880970181137728,0.9278744986708398
family_b_000043_visual_splice,9b7477c9a87d7918,1.0,visual_splice,1,1,0.8071284605261596,0.8461438581657915
family_b_000055_genuine,9261679d0356da80,1.0,genuine,0,0,0.7441236641197715,0.6578452179920427
family_b_000056_text_qr_mismatch,9261679d0356da80,1.0,text_qr_mismatch,1,1,0.994420742462343,0.9993019872177222
family_b_000057_qr_only_mismatch,9261679d0356da80,1.0,qr_only_mismatch,1,1,0.9937706403781292,0.9994041476052388
family_b_000058_checksum_invalid,9261679d0356da80,1.0,checksum_invalid,1,1,1.0,0.9988867389993015
family_b_000059_format_invalid,9261679d0356da80,1.0,format_invalid,1,1,1.0,0.9997851507827233
family_b_000060_field_missing,9261679d0356da80,1.0,field_missing,1,1,0.9883333333333333,0.9984929487477785
family_b_000061_fine_grained_edit,9261679d0356da80,1.0,fine_grained_edit,1,1,0.9974621186610213,0.9993321701872436
family_b_000062_coordinated_full_forgery,9261679d0356da80,1.0,coordinated_full_forgery,1,1,0.7879517143247139,0.7587945668968087
family_b_000063_visual_splice,9261679d0356da80,1.0,visual_splice,1,1,0.8142469331087367,0.8564661151185805
family_b_000064_visual_splice,9261679d0356da80,1.0,visual_splice,1,1,0.759335672605081,0.7234267561162636
family_b_000065_visual_splice,9261679d0356da80,1.0,visual_splice,1,1,0.8362873896208818,0.9565995813402894
family_b_000066_genuine,d15bfe4a509d6566,1.0,genuine,0,0,0.716203629613123,0.6415270504002932
family_b_000067_text_qr_mismatch,d15bfe4a509d6566,1.0,text_qr_mismatch,1,1,0.9981515441583959,0.9990586167080404
family_b_000068_qr_only_mismatch,d15bfe4a509d6566,1.0,qr_only_mismatch,1,1,0.9080700185445209,0.9431217825354524
family_b_000069_checksum_invalid,d15bfe4a509d6566,1.0,checksum_invalid,1,1,1.0,0.99953521506412
family_b_000070_format_invalid,d15bfe4a509d6566,1.0,format_invalid,1,1,0.9999295774647888,0.9998089801043757
family_b_000071_field_missing,d15bfe4a509d6566,1.0,field_missing,1,1,1.0,0.9995496997129554
family_b_000072_fine_grained_edit,d15bfe4a509d6566,1.0,fine_grained_edit,1,1,0.9981359285187367,0.9996353585007565
family_b_000073_coordinated_full_forgery,d15bfe4a509d6566,1.0,coordinated_full_forgery,1,1,0.8085617390503649,0.8369530973936374
family_b_000074_visual_splice,d15bfe4a509d6566,1.0,visual_splice,1,1,0.8393414023957471,0.8700352641830623
family_b_000075_visual_splice,d15bfe4a509d6566,1.0,visual_splice,1,1,0.9933333333333333,0.9992524463070989
family_b_000076_visual_splice,d15bfe4a509d6566,1.0,visual_splice,1,1,0.816141407139042,0.8510000083643384
family_b_000099_genuine,b7cf26672bca7fc2,1.0,genuine,0,0,0.6834463090590581,0.42403881349214106
family_b_000100_text_qr_mismatch,b7cf26672bca7fc2,1.0,text_qr_mismatch,1,1,0.9968513216910011,0.9983672741169227
family_b_000101_qr_only_mismatch,b7cf26672bca7fc2,1.0,qr_only_mismatch,1,1,0.9963845151872526,0.9992197040770423
family_b_000102_checksum_invalid,b7cf26672bca7fc2,1.0,checksum_invalid,1,1,0.9966666666666666,0.9988449140230591
family_b_000103_format_invalid,b7cf26672bca7fc2,1.0,format_invalid,1,1,1.0,0.999206059948568
family_b_000104_field_missing,b7cf26672bca7fc2,1.0,field_missing,1,1,0.9994123360854783,0.9984778740590852
family_b_000105_fine_grained_edit,b7cf26672bca7fc2,1.0,fine_grained_edit,1,1,0.9957649046301905,0.9937605291566879
family_b_000106_coordinated_full_forgery,b7cf26672bca7fc2,1.0,coordinated_full_forgery,1,1,0.7969364897779049,0.9739079292758946
family_b_000107_visual_splice,b7cf26672bca7fc2,1.0,visual_splice,1,1,0.9900784313725489,0.9993409515663024
family_b_000108_visual_splice,b7cf26672bca7fc2,1.0,visual_splice,1,1,0.805605571474571,0.8515868360686959
family_b_000109_visual_splice,b7cf26672bca7fc2,1.0,visual_splice,1,1,0.8220583317589782,0.8640925941462279
family_b_000110_genuine,ce201ce82f4885c8,1.0,genuine,0,0,0.462428443370097,0.15923196284460153
family_b_000111_text_qr_mismatch,ce201ce82f4885c8,1.0,text_qr_mismatch,1,1,0.9461666666666667,0.9907691418225422
family_b_000112_qr_only_mismatch,ce201ce82f4885c8,1.0,qr_only_mismatch,1,1,0.9904713232696909,0.9980260288751598
family_b_000113_checksum_invalid,ce201ce82f4885c8,1.0,checksum_invalid,1,1,0.8981193589205185,0.9614935415224951
family_b_000114_format_invalid,ce201ce82f4885c8,1.0,format_invalid,1,1,1.0,0.9997614085705561
family_b_000115_field_missing,ce201ce82f4885c8,1.0,field_missing,1,1,0.9466666666666668,0.980493241137811
family_b_000116_fine_grained_edit,ce201ce82f4885c8,1.0,fine_grained_edit,1,1,0.8830151335880437,0.956868960106172
family_b_000117_coordinated_full_forgery,ce201ce82f4885c8,1.0,coordinated_full_forgery,1,1,0.8484250096706464,0.8859554890199383
family_b_000118_visual_splice,ce201ce82f4885c8,1.0,visual_splice,1,1,0.9454668700089386,0.9588135594441731
family_b_000119_visual_splice,ce201ce82f4885c8,1.0,visual_splice,1,1,0.8358376406376083,0.7944058528865232
family_b_000120_visual_splice,ce201ce82f4885c8,1.0,visual_splice,1,1,0.8048723453333377,0.7455540700154638
family_b_000121_genuine,261e665ebc559338,1.0,genuine,0,0,0.7234811443135157,0.6638854174195895
family_b_000122_text_qr_mismatch,261e665ebc559338,1.0,text_qr_mismatch,1,1,0.9981936135811955,0.9995849238174297
family_b_000123_qr_only_mismatch,261e665ebc559338,1.0,qr_only_mismatch,1,1,0.9943503199271316,0.999387353751269
family_b_000124_checksum_invalid,261e665ebc559338,1.0,checksum_invalid,1,1,0.995,0.9998575220734884
family_b_000125_format_invalid,261e665ebc559338,1.0,format_invalid,1,1,0.9999295774647888,0.9997284522285128
family_b_000126_field_missing,261e665ebc559338,1.0,field_missing,1,1,1.0,0.9993691662212729
family_b_000127_fine_grained_edit,261e665ebc559338,1.0,fine_grained_edit,1,1,0.9793526689350252,0.9941795535024551
family_b_000128_coordinated_full_forgery,261e665ebc559338,1.0,coordinated_full_forgery,1,1,0.7841310328594184,0.8306493086509376
family_b_000129_visual_splice,261e665ebc559338,1.0,visual_splice,1,1,0.8391599088658934,0.827494994265768
family_b_000130_visual_splice,261e665ebc559338,1.0,visual_splice,1,1,0.7175756071360698,0.8586863722992853
family_b_000131_visual_splice,261e665ebc559338,1.0,visual_splice,1,1,0.7925764784654169,0.8103410323835755
family_b_000132_genuine,5142eb0d561575a4,1.0,genuine,0,0,0.7385032346289576,0.6420033672478103
family_b_000133_text_qr_mismatch,5142eb0d561575a4,1.0,text_qr_mismatch,1,1,0.9952575885884418,0.9958419652619871
family_b_000134_qr_only_mismatch,5142eb0d561575a4,1.0,qr_only_mismatch,1,1,0.9957033007478013,0.9990182431379871
family_b_000135_checksum_invalid,5142eb0d561575a4,1.0,checksum_invalid,1,1,1.0,0.9997746968553798
family_b_000136_format_invalid,5142eb0d561575a4,1.0,format_invalid,1,1,0.9949295774647888,0.9995420902789425
family_b_000137_field_missing,5142eb0d561575a4,1.0,field_missing,1,1,0.9999118942731278,0.9994895592950434
family_b_000138_fine_grained_edit,5142eb0d561575a4,1.0,fine_grained_edit,1,1,0.996226579455771,0.9997458569832808
family_b_000139_coordinated_full_forgery,5142eb0d561575a4,1.0,coordinated_full_forgery,1,1,0.7950814104502452,0.8193513498836557
family_b_000140_visual_splice,5142eb0d561575a4,1.0,visual_splice,1,1,0.971,0.9985565554196604
family_b_000141_visual_splice,5142eb0d561575a4,1.0,visual_splice,1,1,0.886532620009171,0.9497267923747731
family_b_000142_visual_splice,5142eb0d561575a4,1.0,visual_splice,1,1,0.9965599127891044,0.9995840394532914
family_b_000165_genuine,81ff0cdf0dc60b55,1.0,genuine,0,0,0.4999769198950371,0.18132315260577034
family_b_000166_text_qr_mismatch,81ff0cdf0dc60b55,1.0,text_qr_mismatch,1,1,0.994420742462343,0.9991391616715201
family_b_000167_qr_only_mismatch,81ff0cdf0dc60b55,1.0,qr_only_mismatch,1,1,0.9938089154661592,0.9995866076263177
family_b_000168_checksum_invalid,81ff0cdf0dc60b55,1.0,checksum_invalid,1,1,1.0,0.9993766781376049
family_b_000169_format_invalid,81ff0cdf0dc60b55,1.0,format_invalid,1,1,1.0,0.9996766072326252
family_b_000170_field_missing,81ff0cdf0dc60b55,1.0,field_missing,1,1,0.985,0.9989340553089004
family_b_000171_fine_grained_edit,81ff0cdf0dc60b55,1.0,fine_grained_edit,1,1,0.9986923076923077,0.9993678466517752
family_b_000172_coordinated_full_forgery,81ff0cdf0dc60b55,1.0,coordinated_full_forgery,1,1,0.8191817483685984,0.7689223364888224
family_b_000173_visual_splice,81ff0cdf0dc60b55,1.0,visual_splice,1,1,0.7813572656469678,0.8307610160998488
family_b_000174_visual_splice,81ff0cdf0dc60b55,1.0,visual_splice,1,1,0.7548669538003445,0.797164998233698
family_b_000175_visual_splice,81ff0cdf0dc60b55,1.0,visual_splice,1,1,0.8444003399537913,0.9174870589093783
family_b_000176_genuine,f758a082ab1e7793,1.0,genuine,0,0,0.6855550989255108,0.4726323408376524
family_b_000177_text_qr_mismatch,f758a082ab1e7793,1.0,text_qr_mismatch,1,1,0.9944658732149244,0.9993959965854838
family_b_000178_qr_only_mismatch,f758a082ab1e7793,1.0,qr_only_mismatch,1,1,0.9870727397736527,0.9989190431042207
family_b_000179_checksum_invalid,f758a082ab1e7793,1.0,checksum_invalid,1,1,0.9989938217122684,0.9997517571298206
family_b_000180_format_invalid,f758a082ab1e7793,1.0,format_invalid,1,1,0.9999029126213592,0.9997226486868692
family_b_000181_field_missing,f758a082ab1e7793,1.0,field_missing,1,1,0.9915295413319513,0.9994234146075106
family_b_000182_fine_grained_edit,f758a082ab1e7793,1.0,fine_grained_edit,1,1,0.995832319333632,0.9995294706248831
family_b_000183_coordinated_full_forgery,f758a082ab1e7793,1.0,coordinated_full_forgery,1,1,0.7770172654821352,0.7652540356199828
family_b_000184_visual_splice,f758a082ab1e7793,1.0,visual_splice,1,1,0.8246656011973609,0.8785239822989929
family_b_000185_visual_splice,f758a082ab1e7793,1.0,visual_splice,1,1,0.7976993712814199,0.7743957037846327
family_b_000186_visual_splice,f758a082ab1e7793,1.0,visual_splice,1,1,0.8109730275427742,0.8844120199347731
family_b_000187_genuine,40e0d81c8cf3bebf,1.0,genuine,0,0,0.6442025974501072,0.36279981485091334
family_b_000188_text_qr_mismatch,40e0d81c8cf3bebf,1.0,text_qr_mismatch,1,1,0.9947086404270865,0.9995493392969448
family_b_000189_qr_only_mismatch,40e0d81c8cf3bebf,1.0,qr_only_mismatch,1,1,0.9931938701850469,0.9989332078099706
family_b_000190_checksum_invalid,40e0d81c8cf3bebf,1.0,checksum_invalid,1,1,0.9999295774647888,0.9998163025761452
family_b_000191_format_invalid,40e0d81c8cf3bebf,1.0,format_invalid,1,1,0.9932362459546927,0.9995464060017687
family_b_000192_field_missing,40e0d81c8cf3bebf,1.0,field_missing,1,1,0.9870000000000002,0.9993340193926762
family_b_000193_fine_grained_edit,40e0d81c8cf3bebf,1.0,fine_grained_edit,1,1,0.9933705226964582,0.9991327812204586
family_b_000194_coordinated_full_forgery,40e0d81c8cf3bebf,1.0,coordinated_full_forgery,1,1,0.8243966000925803,0.8752197255122188
family_b_000195_visual_splice,40e0d81c8cf3bebf,1.0,visual_splice,1,1,0.7282653219559557,0.7846222812534992
family_b_000196_visual_splice,40e0d81c8cf3bebf,1.0,visual_splice,1,1,0.8101609449848928,0.839801968514839
family_b_000197_visual_splice,40e0d81c8cf3bebf,1.0,visual_splice,1,1,0.9530111623327976,0.9801164017467457
family_b_000220_genuine,07da6ab0de3e1100,1.0,genuine,0,0,0.748224967708793,0.6912847683803947
family_b_000221_text_qr_mismatch,07da6ab0de3e1100,1.0,text_qr_mismatch,1,1,0.9949167565586606,0.9994476759288109
family_b_000222_qr_only_mismatch,07da6ab0de3e1100,1.0,qr_only_mismatch,1,1,0.9979461740384226,0.9992747277956764
family_b_000223_checksum_invalid,07da6ab0de3e1100,1.0,checksum_invalid,1,1,0.9883333333333333,0.9996381656290009
family_b_000224_format_invalid,07da6ab0de3e1100,1.0,format_invalid,1,1,1.0,0.9995338595819205
family_b_000225_field_missing,07da6ab0de3e1100,1.0,field_missing,1,1,0.9994827586206897,0.9963692323310773
family_b_000226_fine_grained_edit,07da6ab0de3e1100,1.0,fine_grained_edit,1,1,0.9944278531703199,0.9994918756768009
family_b_000227_coordinated_full_forgery,07da6ab0de3e1100,1.0,coordinated_full_forgery,1,1,0.8179975917371471,0.8464009724198664
family_b_000228_visual_splice,07da6ab0de3e1100,1.0,visual_splice,1,1,0.8099609927701088,0.8364214937227294
family_b_000229_visual_splice,07da6ab0de3e1100,1.0,visual_splice,1,1,0.792526084629476,0.7969210831731912
family_b_000230_visual_splice,07da6ab0de3e1100,1.0,visual_splice,1,1,0.7868336909434157,0.7899167585980661
family_b_000231_genuine,a6eaa03650eaee87,1.0,genuine,0,0,0.7118530273969179,0.5069409702058222
family_b_000232_text_qr_mismatch,a6eaa03650eaee87,1.0,text_qr_mismatch,1,1,0.9981731422125572,0.9994925714892785
family_b_000233_qr_only_mismatch,a6eaa03650eaee87,1.0,qr_only_mismatch,1,1,0.9957345682338408,0.9994346438992995
family_b_000234_checksum_invalid,a6eaa03650eaee87,1.0,checksum_invalid,1,1,0.9997413793103448,0.9996321708877782
family_b_000235_format_invalid,a6eaa03650eaee87,1.0,format_invalid,1,1,1.0,0.9995986439050178
family_b_000236_field_missing,a6eaa03650eaee87,1.0,field_missing,1,1,1.0,0.9996309505668292
family_b_000237_fine_grained_edit,a6eaa03650eaee87,1.0,fine_grained_edit,1,1,0.9876033689276419,0.9770904144341298
family_b_000238_coordinated_full_forgery,a6eaa03650eaee87,1.0,coordinated_full_forgery,1,1,0.8500411681790933,0.8318555146270082
family_b_000239_visual_splice,a6eaa03650eaee87,1.0,visual_splice,1,1,0.8809877234329636,0.9821924600491069
family_b_000240_visual_splice,a6eaa03650eaee87,1.0,visual_splice,1,1,0.839486425566134,0.8893926552172652
family_b_000241_visual_splice,a6eaa03650eaee87,1.0,visual_splice,1,1,0.8282823774351717,0.8620609318731254
family_b_000242_genuine,2c1abea49b7c0f1a,1.0,genuine,0,0,0.6884561801628851,0.22480660403720643
family_b_000243_text_qr_mismatch,2c1abea49b7c0f1a,1.0,text_qr_mismatch,1,1,0.9943503199271316,0.9994931318225047
family_b_000244_qr_only_mismatch,2c1abea49b7c0f1a,1.0,qr_only_mismatch,1,1,0.992355710864047,0.9991041866458276
family_b_000245_checksum_invalid,2c1abea49b7c0f1a,1.0,checksum_invalid,1,1,0.9999295774647888,0.9993549332991812
family_b_000246_format_invalid,2c1abea49b7c0f1a,1.0,format_invalid,1,1,0.9891666666666665,0.999589911286696
family_b_000247_field_missing,2c1abea49b7c0f1a,1.0,field_missing,1,1,0.975,0.9988155650848723
family_b_000248_fine_grained_edit,2c1abea49b7c0f1a,1.0,fine_grained_edit,1,1,0.9950361008209556,0.9995276973474826
family_b_000249_coordinated_full_forgery,2c1abea49b7c0f1a,1.0,coordinated_full_forgery,1,1,0.8687595333443077,0.9453841513186676
family_b_000250_visual_splice,2c1abea49b7c0f1a,1.0,visual_splice,1,1,0.997044640075745,0.9997214900876914
family_b_000251_visual_splice,2c1abea49b7c0f1a,1.0,visual_splice,1,1,0.8544633683610974,0.8823486123346194
family_b_000252_visual_splice,2c1abea49b7c0f1a,1.0,visual_splice,1,1,0.8382157269206442,0.9090179892106307
family_b_000253_genuine,8c4d847300f80bf2,1.0,genuine,0,0,0.5709264321000892,0.2662173975236055
family_b_000254_text_qr_mismatch,8c4d847300f80bf2,1.0,text_qr_mismatch,1,1,0.9887256130861191,0.9994872225622191
family_b_000255_qr_only_mismatch,8c4d847300f80bf2,1.0,qr_only_mismatch,1,1,0.995593327477394,0.9991947597131914
family_b_000256_checksum_invalid,8c4d847300f80bf2,1.0,checksum_invalid,1,1,1.0,0.9997122109954838
family_b_000257_format_invalid,8c4d847300f80bf2,1.0,format_invalid,1,1,1.0,0.9993104352390825
family_b_000258_field_missing,8c4d847300f80bf2,1.0,field_missing,1,1,0.9999118942731278,0.9994809905520327
family_b_000259_fine_grained_edit,8c4d847300f80bf2,1.0,fine_grained_edit,1,1,0.9950895241492381,0.9989410429122856
family_b_000260_coordinated_full_forgery,8c4d847300f80bf2,1.0,coordinated_full_forgery,1,1,0.8222316819194826,0.8000461236608943
family_b_000261_visual_splice,8c4d847300f80bf2,1.0,visual_splice,1,1,0.9961666666666668,0.9992859424916984
family_b_000262_visual_splice,8c4d847300f80bf2,1.0,visual_splice,1,1,0.9975294638683093,0.9995485152051169
family_b_000263_visual_splice,8c4d847300f80bf2,1.0,visual_splice,1,1,0.8560201129437982,0.8939359975057519
family_b_000264_genuine,a75be279591de363,1.0,genuine,0,0,0.712719304120888,0.6438275360101355
family_b_000265_text_qr_mismatch,a75be279591de363,1.0,text_qr_mismatch,1,1,0.9957381439533762,0.9989571205174447
family_b_000266_qr_only_mismatch,a75be279591de363,1.0,qr_only_mismatch,1,1,0.985532955330615,0.9994736818052734
family_b_000267_checksum_invalid,a75be279591de363,1.0,checksum_invalid,1,1,1.0,0.9998136117040356
family_b_000268_format_invalid,a75be279591de363,1.0,format_invalid,1,1,1.0,0.9997693409036448
family_b_000269_field_missing,a75be279591de363,1.0,field_missing,1,1,0.9890295413319512,0.999626499510197
family_b_000270_fine_grained_edit,a75be279591de363,1.0,fine_grained_edit,1,1,0.9977068747122969,0.9992656206171481
family_b_000271_coordinated_full_forgery,a75be279591de363,1.0,coordinated_full_forgery,1,1,0.8027464836406772,0.9026699151301987
family_b_000272_visual_splice,a75be279591de363,1.0,visual_splice,1,1,0.8557066618689042,0.8810839820581793
family_b_000273_visual_splice,a75be279591de363,1.0,visual_splice,1,1,0.8646280552950627,0.8781566328312048
family_b_000274_visual_splice,a75be279591de363,1.0,visual_splice,1,1,0.992543202526926,0.9995865350702877
family_b_000275_genuine,879553f8764faea5,1.0,genuine,0,0,0.696556105919446,0.683123038950586
family_b_000276_text_qr_mismatch,879553f8764faea5,1.0,text_qr_mismatch,1,1,0.993682534651257,0.9993466770798882
family_b_000277_qr_only_mismatch,879553f8764faea5,1.0,qr_only_mismatch,1,1,0.9949115679598934,0.9991413005350198
family_b_000278_checksum_invalid,879553f8764faea5,1.0,checksum_invalid,1,1,0.9999295774647888,0.9993796061623722
family_b_000279_format_invalid,879553f8764faea5,1.0,format_invalid,1,1,0.9998809523809524,0.9996040166808926
family_b_000280_field_missing,879553f8764faea5,1.0,field_missing,1,1,0.987875054896794,0.9966839386834442
family_b_000281_fine_grained_edit,879553f8764faea5,1.0,fine_grained_edit,1,1,0.9415900667171748,0.9394531239379357
family_b_000282_coordinated_full_forgery,879553f8764faea5,1.0,coordinated_full_forgery,1,1,0.7928881471937679,0.8807580091914871
family_b_000283_visual_splice,879553f8764faea5,1.0,visual_splice,1,1,0.9277774992800651,0.8821104383122987
family_b_000284_visual_splice,879553f8764faea5,1.0,visual_splice,1,1,0.791646176237871,0.8157393186487852
family_b_000285_visual_splice,879553f8764faea5,1.0,visual_splice,1,1,0.9203938813153926,0.9720759994376709
family_b_000297_genuine,11318356fa2d5c4d,1.0,genuine,0,0,0.5962409047314092,0.3474452881495526
family_b_000298_text_qr_mismatch,11318356fa2d5c4d,1.0,text_qr_mismatch,1,1,0.997044640075745,0.9996272324878028
family_b_000299_qr_only_mismatch,11318356fa2d5c4d,1.0,qr_only_mismatch,1,1,0.997044640075745,0.9987467468362126
family_b_000300_checksum_invalid,11318356fa2d5c4d,1.0,checksum_invalid,1,1,1.0,0.999548670286171
family_b_000301_format_invalid,11318356fa2d5c4d,1.0,format_invalid,1,1,0.9966666666666667,0.9998321375737865
family_b_000302_field_missing,11318356fa2d5c4d,1.0,field_missing,1,1,0.9832362459546925,0.9995482992563447
family_b_000303_fine_grained_edit,11318356fa2d5c4d,1.0,fine_grained_edit,1,1,0.969979227765789,0.9875863415148698
family_b_000304_coordinated_full_forgery,11318356fa2d5c4d,1.0,coordinated_full_forgery,1,1,0.7984596158335685,0.8661174312993495
family_b_000305_visual_splice,11318356fa2d5c4d,1.0,visual_splice,1,1,0.9949029126213592,0.999482530156622
family_b_000306_visual_splice,11318356fa2d5c4d,1.0,visual_splice,1,1,0.9011666666666666,0.9992277598789818
family_b_000307_visual_splice,11318356fa2d5c4d,1.0,visual_splice,1,1,0.8185347435785577,0.7896764835027866
family_b_000308_genuine,9b991a6f81ddea41,1.0,genuine,0,0,0.7374122385084135,0.7924459703163562
family_b_000309_text_qr_mismatch,9b991a6f81ddea41,1.0,text_qr_mismatch,1,1,0.9962874278086119,0.9997488765105631
family_b_000310_qr_only_mismatch,9b991a6f81ddea41,1.0,qr_only_mismatch,1,1,0.994420742462343,0.9992904516809509
family_b_000311_checksum_invalid,9b991a6f81ddea41,1.0,checksum_invalid,1,1,1.0,0.9997243928878237
family_b_000312_format_invalid,9b991a6f81ddea41,1.0,format_invalid,1,1,0.995,0.9996633797818344
family_b_000313_field_missing,9b991a6f81ddea41,1.0,field_missing,1,1,1.0,0.9988570902910161
family_b_000314_fine_grained_edit,9b991a6f81ddea41,1.0,fine_grained_edit,1,1,0.9875821936823,0.9996112081640598
family_b_000315_coordinated_full_forgery,9b991a6f81ddea41,1.0,coordinated_full_forgery,1,1,0.8304966082775329,0.8008698099530803
family_b_000316_visual_splice,9b991a6f81ddea41,1.0,visual_splice,1,1,0.8453997141224291,0.944260158545293
family_b_000317_visual_splice,9b991a6f81ddea41,1.0,visual_splice,1,1,0.8213383767622937,0.8977319611939446
family_b_000318_visual_splice,9b991a6f81ddea41,1.0,visual_splice,1,1,0.8254561668804873,0.9114564514118899
family_b_000330_genuine,da6bfa5f1c371ef8,1.0,genuine,0,0,0.5514434836251791,0.2831231125366402
family_b_000331_text_qr_mismatch,da6bfa5f1c371ef8,1.0,text_qr_mismatch,1,1,0.9953366843710545,0.9994662366903112
family_b_000332_qr_only_mismatch,da6bfa5f1c371ef8,1.0,qr_only_mismatch,1,1,0.9971732849364792,0.999236627744768
family_b_000333_checksum_invalid,da6bfa5f1c371ef8,1.0,checksum_invalid,1,1,1.0,0.9988392176174065
family_b_000334_format_invalid,da6bfa5f1c371ef8,1.0,format_invalid,1,1,1.0,0.9996601339091958
family_b_000335_field_missing,da6bfa5f1c371ef8,1.0,field_missing,1,1,1.0,0.9994725987538559
family_b_000336_fine_grained_edit,da6bfa5f1c371ef8,1.0,fine_grained_edit,1,1,0.9937504178190746,0.996841323104464
family_b_000337_coordinated_full_forgery,da6bfa5f1c371ef8,1.0,coordinated_full_forgery,1,1,0.7939405075096692,0.8055109887382569
family_b_000338_visual_splice,da6bfa5f1c371ef8,1.0,visual_splice,1,1,0.806027186317777,0.8676647030212298
family_b_000339_visual_splice,da6bfa5f1c371ef8,1.0,visual_splice,1,1,0.8138509086629035,0.9156046997460114
family_b_000340_visual_splice,da6bfa5f1c371ef8,1.0,visual_splice,1,1,0.8547082247095343,0.9563513932277197
family_b_000341_genuine,25e2939bca7029af,1.0,genuine,0,0,0.4986241276003968,0.3249035161334378
family_b_000342_text_qr_mismatch,25e2939bca7029af,1.0,text_qr_mismatch,1,1,0.9331835677928817,0.9807809862333061
family_b_000343_qr_only_mismatch,25e2939bca7029af,1.0,qr_only_mismatch,1,1,0.9963729163753865,0.9993655068012786
family_b_000344_checksum_invalid,25e2939bca7029af,1.0,checksum_invalid,1,1,0.9421666666666666,0.9992107099376867
family_b_000345_format_invalid,25e2939bca7029af,1.0,format_invalid,1,1,1.0,0.9996123878521905
family_b_000346_field_missing,25e2939bca7029af,1.0,field_missing,1,1,0.9716666666666666,0.9985086565470606
family_b_000347_fine_grained_edit,25e2939bca7029af,1.0,fine_grained_edit,1,1,0.9985863267670915,0.9995852052086242
family_b_000348_coordinated_full_forgery,25e2939bca7029af,1.0,coordinated_full_forgery,1,1,0.8075965872138811,0.9202195679079616
family_b_000349_visual_splice,25e2939bca7029af,1.0,visual_splice,1,1,0.8626897332476373,0.9715347898918396
family_b_000350_visual_splice,25e2939bca7029af,1.0,visual_splice,1,1,0.8989682539682541,0.9897812697335792
family_b_000351_visual_splice,25e2939bca7029af,1.0,visual_splice,1,1,0.9559228650137741,0.9958588573760659
family_b_000352_genuine,13224fc58e67ed2a,1.0,genuine,0,0,0.7232137428248415,0.4973069847237165
family_b_000353_text_qr_mismatch,13224fc58e67ed2a,1.0,text_qr_mismatch,1,1,0.9843775938520481,0.9795743073243587
family_b_000354_qr_only_mismatch,13224fc58e67ed2a,1.0,qr_only_mismatch,1,1,0.9950086553385341,0.9993962001176294
family_b_000355_checksum_invalid,13224fc58e67ed2a,1.0,checksum_invalid,1,1,1.0,0.9997710542029282
family_b_000356_format_invalid,13224fc58e67ed2a,1.0,format_invalid,1,1,0.9999029126213592,0.9997969885206281
family_b_000357_field_missing,13224fc58e67ed2a,1.0,field_missing,1,1,0.9994827586206897,0.9975040817284787
family_b_000358_fine_grained_edit,13224fc58e67ed2a,1.0,fine_grained_edit,1,1,0.9729727174706424,0.9980395585829129
family_b_000359_coordinated_full_forgery,13224fc58e67ed2a,1.0,coordinated_full_forgery,1,1,0.8287855572081888,0.859978238864955
family_b_000360_visual_splice,13224fc58e67ed2a,1.0,visual_splice,1,1,0.9827777777777778,0.9996600784170439
family_b_000361_visual_splice,13224fc58e67ed2a,1.0,visual_splice,1,1,0.7901999569648857,0.7606279236299562
family_b_000362_visual_splice,13224fc58e67ed2a,1.0,visual_splice,1,1,0.7992329455550105,0.7606279236299562
family_b_000363_genuine,cf39b3483195455a,1.0,genuine,0,0,0.6386208473157512,0.42945757048650707
family_b_000364_text_qr_mismatch,cf39b3483195455a,1.0,text_qr_mismatch,1,1,0.9928001817100806,0.9994375934402233
family_b_000365_qr_only_mismatch,cf39b3483195455a,1.0,qr_only_mismatch,1,1,0.9932354037870822,0.999518977603554
family_b_000366_checksum_invalid,cf39b3483195455a,1.0,checksum_invalid,1,1,0.9998809523809524,0.9995148788138056
family_b_000367_format_invalid,cf39b3483195455a,1.0,format_invalid,1,1,0.9998809523809524,0.9995574762496526
family_b_000368_field_missing,cf39b3483195455a,1.0,field_missing,1,1,0.9997222222222223,0.9994426682026619
family_b_000369_fine_grained_edit,cf39b3483195455a,1.0,fine_grained_edit,1,1,0.9957345682338408,0.9991762308615686
family_b_000370_coordinated_full_forgery,cf39b3483195455a,1.0,coordinated_full_forgery,1,1,0.8240508616583467,0.8387894247902687
family_b_000371_visual_splice,cf39b3483195455a,1.0,visual_splice,1,1,0.8556788200612463,0.9338361244765084
family_b_000372_visual_splice,cf39b3483195455a,1.0,visual_splice,1,1,0.824261095295289,0.8680751824562806
family_b_000373_visual_splice,cf39b3483195455a,1.0,visual_splice,1,1,0.8113109265218041,0.8345072176639662
family_b_000374_genuine,2008bde7849cceb0,1.0,genuine,0,0,0.6682248377304836,0.8269308081331336
family_b_000375_text_qr_mismatch,2008bde7849cceb0,1.0,text_qr_mismatch,1,1,0.9930070692294345,0.9995127425245561
family_b_000376_qr_only_mismatch,2008bde7849cceb0,1.0,qr_only_mismatch,1,1,0.997044640075745,0.9994099365059874
family_b_000377_checksum_invalid,2008bde7849cceb0,1.0,checksum_invalid,1,1,0.995,0.9997055376173324
family_b_000378_format_invalid,2008bde7849cceb0,1.0,format_invalid,1,1,0.9916666666666666,0.9995699712382274
family_b_000379_field_missing,2008bde7849cceb0,1.0,field_missing,1,1,0.9944117647058823,0.9990445752547963
family_b_000380_fine_grained_edit,2008bde7849cceb0,1.0,fine_grained_edit,1,1,0.9927040389264041,0.9994548223359979
family_b_000381_coordinated_full_forgery,2008bde7849cceb0,1.0,coordinated_full_forgery,1,1,0.8383358821242107,0.8621607343808185
family_b_000382_visual_splice,2008bde7849cceb0,1.0,visual_splice,1,1,0.8169936988841826,0.9158858172812591
family_b_000383_visual_splice,2008bde7849cceb0,1.0,visual_splice,1,1,0.7675486113167157,0.8447962762008071
family_b_000384_visual_splice,2008bde7849cceb0,1.0,visual_splice,1,1,0.8491943403175886,0.8610726860727057
family_b_000385_genuine,bc2f0aaadf2d9ebb,1.0,genuine,0,0,0.7559439454065631,0.5601241341156574
family_b_000386_text_qr_mismatch,bc2f0aaadf2d9ebb,1.0,text_qr_mismatch,1,1,0.9956196468216283,0.99953375405464
family_b_000387_qr_only_mismatch,bc2f0aaadf2d9ebb,1.0,qr_only_mismatch,1,1,0.9955113273718333,0.9993796219660489
family_b_000388_checksum_invalid,bc2f0aaadf2d9ebb,1.0,checksum_invalid,1,1,0.9998648648648648,0.9991541572333112
family_b_000389_format_invalid,bc2f0aaadf2d9ebb,1.0,format_invalid,1,1,1.0,0.999604976677185
family_b_000390_field_missing,bc2f0aaadf2d9ebb,1.0,field_missing,1,1,0.9984484796389813,0.9971441009328632
family_b_000391_fine_grained_edit,bc2f0aaadf2d9ebb,1.0,fine_grained_edit,1,1,0.9906464978305871,0.9966162692300433
family_b_000392_coordinated_full_forgery,bc2f0aaadf2d9ebb,1.0,coordinated_full_forgery,1,1,0.8515011285778891,0.9452542580207699
family_b_000393_visual_splice,bc2f0aaadf2d9ebb,1.0,visual_splice,1,1,0.8344395947793036,0.8343967783041982
family_b_000394_visual_splice,bc2f0aaadf2d9ebb,1.0,visual_splice,1,1,0.8151036775187006,0.8351052934354868
family_b_000395_visual_splice,bc2f0aaadf2d9ebb,1.0,visual_splice,1,1,0.8284628885043746,0.7824798824638335
family_b_000396_genuine,b3aca4d553529307,1.0,genuine,0,0,0.5703281573498965,0.08242509849030151
family_b_000397_text_qr_mismatch,b3aca4d553529307,1.0,text_qr_mismatch,1,1,0.9381666666666668,0.9933504682379497
family_b_000398_qr_only_mismatch,b3aca4d553529307,1.0,qr_only_mismatch,1,1,0.9992128556375132,0.9991663798243442
family_b_000399_checksum_invalid,b3aca4d553529307,1.0,checksum_invalid,1,1,0.9361666666666667,0.9914710379138117
family_b_000400_format_invalid,b3aca4d553529307,1.0,format_invalid,1,1,1.0,0.9995415840644762
family_b_000401_field_missing,b3aca4d553529307,1.0,field_missing,1,1,0.9396666666666667,0.9956205016768012
family_b_000402_fine_grained_edit,b3aca4d553529307,1.0,fine_grained_edit,1,1,0.9533121906406233,0.9440155353386572
family_b_000403_coordinated_full_forgery,b3aca4d553529307,1.0,coordinated_full_forgery,1,1,0.8048377022787437,0.7819562211190327
family_b_000404_visual_splice,b3aca4d553529307,1.0,visual_splice,1,1,0.9759583333333333,0.9992250612362538
family_b_000405_visual_splice,b3aca4d553529307,1.0,visual_splice,1,1,1.0,0.997334256395913
family_b_000406_visual_splice,b3aca4d553529307,1.0,visual_splice,1,1,0.9265186335403724,0.9840597288741653
family_b_000407_genuine,8dc62acce46af64d,1.0,genuine,0,0,0.6845785596526319,0.7311794811246531
family_b_000408_text_qr_mismatch,8dc62acce46af64d,1.0,text_qr_mismatch,1,1,0.9502188478490661,0.9111375974975623
family_b_000409_qr_only_mismatch,8dc62acce46af64d,1.0,qr_only_mismatch,1,1,0.932345753844197,0.8293373488701298
family_b_000410_checksum_invalid,8dc62acce46af64d,1.0,checksum_invalid,1,1,0.9620129959208538,0.9819937032769801
family_b_000411_format_invalid,8dc62acce46af64d,1.0,format_invalid,1,1,0.9065547412062089,0.9768806225408516
family_b_000412_field_missing,8dc62acce46af64d,1.0,field_missing,1,1,0.9889426472017818,0.9895717094452605
family_b_000413_fine_grained_edit,8dc62acce46af64d,1.0,fine_grained_edit,1,1,0.8278842181164143,0.883521057448228
family_b_000414_coordinated_full_forgery,8dc62acce46af64d,1.0,coordinated_full_forgery,1,1,0.829471230301857,0.8836028935607932
family_b_000415_visual_splice,8dc62acce46af64d,1.0,visual_splice,1,1,0.9268147619373576,0.9775247194709379
family_b_000416_visual_splice,8dc62acce46af64d,1.0,visual_splice,1,1,0.9330306614423479,0.9377298880764737
family_b_000417_visual_splice,8dc62acce46af64d,1.0,visual_splice,1,1,0.8356975834325278,0.9470234442188376
family_b_000418_genuine,5b1f7e853cc3404a,1.0,genuine,0,0,0.7513288374665978,0.6825511361558227
family_b_000419_text_qr_mismatch,5b1f7e853cc3404a,1.0,text_qr_mismatch,1,1,0.9894508261035778,0.9995389697384951
family_b_000420_qr_only_mismatch,5b1f7e853cc3404a,1.0,qr_only_mismatch,1,1,0.9953584731615943,0.9991173025011651
family_b_000421_checksum_invalid,5b1f7e853cc3404a,1.0,checksum_invalid,1,1,1.0,0.9990576038715002
family_b_000422_format_invalid,5b1f7e853cc3404a,1.0,format_invalid,1,1,0.9996709567751335,0.9997737272831885
family_b_000423_field_missing,5b1f7e853cc3404a,1.0,field_missing,1,1,0.981775210750763,0.9990985977717979
family_b_000424_fine_grained_edit,5b1f7e853cc3404a,1.0,fine_grained_edit,1,1,0.9944797910876835,0.9989463116729916
family_b_000425_coordinated_full_forgery,5b1f7e853cc3404a,1.0,coordinated_full_forgery,1,1,0.802134325556432,0.8180332321976707
family_b_000426_visual_splice,5b1f7e853cc3404a,1.0,visual_splice,1,1,0.830742039916327,0.8478651350473857
family_b_000427_visual_splice,5b1f7e853cc3404a,1.0,visual_splice,1,1,0.8402779519116877,0.8361723741588916
family_b_000428_visual_splice,5b1f7e853cc3404a,1.0,visual_splice,1,1,0.7890359863298115,0.8463998432730637
family_b_000429_genuine,53c561e159e65ddc,1.0,genuine,0,0,0.7941265578173096,0.761083315301464
family_b_000430_text_qr_mismatch,53c561e159e65ddc,1.0,text_qr_mismatch,1,1,0.9963845151872526,0.9992753314197861
family_b_000431_qr_only_mismatch,53c561e159e65ddc,1.0,qr_only_mismatch,1,1,0.9985380953771574,0.9995423734402699
family_b_000432_checksum_invalid,53c561e159e65ddc,1.0,checksum_invalid,1,1,1.0,0.9997608906641035
family_b_000433_format_invalid,53c561e159e65ddc,1.0,format_invalid,1,1,0.9930042901084668,0.9996700139745117
family_b_000434_field_missing,53c561e159e65ddc,1.0,field_missing,1,1,0.9966666666666667,0.9995238436754567
family_b_000435_fine_grained_edit,53c561e159e65ddc,1.0,fine_grained_edit,1,1,0.9976078143703973,0.9996993951348775
family_b_000436_coordinated_full_forgery,53c561e159e65ddc,1.0,coordinated_full_forgery,1,1,0.828657726151177,0.9022327369561812
family_b_000437_visual_splice,53c561e159e65ddc,1.0,visual_splice,1,1,0.7919118410198186,0.792471488514101
family_b_000438_visual_splice,53c561e159e65ddc,1.0,visual_splice,1,1,0.7784371826758442,0.8345023381908604
family_b_000439_visual_splice,53c561e159e65ddc,1.0,visual_splice,1,1,0.8102664741662541,0.8404026809094182
family_b_000473_genuine,269f1261700b250b,1.0,genuine,0,0,0.674656168377615,0.6034534458942702
family_b_000474_text_qr_mismatch,269f1261700b250b,1.0,text_qr_mismatch,1,1,0.9941056765996743,0.9978495456340803
family_b_000475_qr_only_mismatch,269f1261700b250b,1.0,qr_only_mismatch,1,1,0.9975097563548148,0.999054385802111
family_b_000476_checksum_invalid,269f1261700b250b,1.0,checksum_invalid,1,1,0.999090909090909,0.9996332265701502
family_b_000477_format_invalid,269f1261700b250b,1.0,format_invalid,1,1,0.996,0.999577921367528
family_b_000478_field_missing,269f1261700b250b,1.0,field_missing,1,1,1.0,0.9985579223635439
family_b_000479_fine_grained_edit,269f1261700b250b,1.0,fine_grained_edit,1,1,0.9937706403781292,0.9992885301322165
family_b_000480_coordinated_full_forgery,269f1261700b250b,1.0,coordinated_full_forgery,1,1,0.8318868936350089,0.8351685031238605
family_b_000481_visual_splice,269f1261700b250b,1.0,visual_splice,1,1,0.747875909833616,0.7940079131235283
family_b_000482_visual_splice,269f1261700b250b,1.0,visual_splice,1,1,0.99,0.998540399002776
family_b_000483_visual_splice,269f1261700b250b,1.0,visual_splice,1,1,0.9954337717496952,0.9992878214020522
family_b_000484_genuine,5582e9f60732c091,1.0,genuine,0,0,0.7103640842068358,0.53800397171867
family_b_000485_text_qr_mismatch,5582e9f60732c091,1.0,text_qr_mismatch,1,1,0.9936735529994886,0.9995826571806831
family_b_000486_qr_only_mismatch,5582e9f60732c091,1.0,qr_only_mismatch,1,1,0.9902126413781899,0.997958925164006
family_b_000487_checksum_invalid,5582e9f60732c091,1.0,checksum_invalid,1,1,0.9996709567751335,0.9997925439216705
family_b_000488_format_invalid,5582e9f60732c091,1.0,format_invalid,1,1,1.0,0.9996091898039323
family_b_000489_field_missing,5582e9f60732c091,1.0,field_missing,1,1,0.9916666666666667,0.9996167545227577
family_b_000490_fine_grained_edit,5582e9f60732c091,1.0,fine_grained_edit,1,1,0.9945592431424779,0.9994573586710713
family_b_000491_coordinated_full_forgery,5582e9f60732c091,1.0,coordinated_full_forgery,1,1,0.8512294519185387,0.89516403522498
family_b_000492_visual_splice,5582e9f60732c091,1.0,visual_splice,1,1,0.7948831415364082,0.8844657432744382
family_b_000493_visual_splice,5582e9f60732c091,1.0,visual_splice,1,1,0.8088154384669599,0.7247060020678651
family_b_000494_visual_splice,5582e9f60732c091,1.0,visual_splice,1,1,0.7763827860659053,0.7917817448388842
family_b_000495_genuine,e1f7c92d86944741,1.0,genuine,0,0,0.6650862072798783,0.731524377066466
family_b_000496_text_qr_mismatch,e1f7c92d86944741,1.0,text_qr_mismatch,1,1,0.9966469691470055,0.9992315183396686
family_b_000497_qr_only_mismatch,e1f7c92d86944741,1.0,qr_only_mismatch,1,1,0.9937706403781292,0.9991009510741202
family_b_000498_checksum_invalid,e1f7c92d86944741,1.0,checksum_invalid,1,1,1.0,0.9991012253227493
family_b_000499_format_invalid,e1f7c92d86944741,1.0,format_invalid,1,1,1.0,0.999719453440054
family_b_000500_field_missing,e1f7c92d86944741,1.0,field_missing,1,1,1.0,0.9993894275147928
family_b_000501_fine_grained_edit,e1f7c92d86944741,1.0,fine_grained_edit,1,1,0.997044640075745,0.9992141331352588
family_b_000502_coordinated_full_forgery,e1f7c92d86944741,1.0,coordinated_full_forgery,1,1,0.7641212488657415,0.8469931337396678
family_b_000503_visual_splice,e1f7c92d86944741,1.0,visual_splice,1,1,0.7784508416827179,0.866993847799937
family_b_000504_visual_splice,e1f7c92d86944741,1.0,visual_splice,1,1,0.8632794919238924,0.8745306260215545
family_b_000505_visual_splice,e1f7c92d86944741,1.0,visual_splice,1,1,0.8014285499269869,0.8750521391026472
family_b_000506_genuine,92e020d72c5fb13f,1.0,genuine,0,0,0.720650410707347,0.5945937155796928
family_b_000507_text_qr_mismatch,92e020d72c5fb13f,1.0,text_qr_mismatch,1,1,0.9948910494786315,0.999675073822037
family_b_000508_qr_only_mismatch,92e020d72c5fb13f,1.0,qr_only_mismatch,1,1,0.9928725260429171,0.9992774356177998
family_b_000509_checksum_invalid,92e020d72c5fb13f,1.0,checksum_invalid,1,1,0.9999029126213592,0.9997463265809913
family_b_000510_format_invalid,92e020d72c5fb13f,1.0,format_invalid,1,1,0.9998809523809524,0.9997566664327823
family_b_000511_field_missing,92e020d72c5fb13f,1.0,field_missing,1,1,0.9934035632411845,0.9992299328574301
family_b_000512_fine_grained_edit,92e020d72c5fb13f,1.0,fine_grained_edit,1,1,0.9970292904041811,0.9993773154210458
family_b_000513_coordinated_full_forgery,92e020d72c5fb13f,1.0,coordinated_full_forgery,1,1,0.9499326351757152,0.9554941808079171
family_b_000514_visual_splice,92e020d72c5fb13f,1.0,visual_splice,1,1,0.7761250947554191,0.7094469383387675
family_b_000515_visual_splice,92e020d72c5fb13f,1.0,visual_splice,1,1,0.8570411115583589,0.8951660910592333
family_b_000516_visual_splice,92e020d72c5fb13f,1.0,visual_splice,1,1,0.8014219171641654,0.8902474444513213
family_b_000517_genuine,191c0b117d8b5ffa,1.0,genuine,0,0,0.712776359730953,0.6551539702689604
family_b_000518_text_qr_mismatch,191c0b117d8b5ffa,1.0,text_qr_mismatch,1,1,0.9930070692294345,0.9994417709673192
family_b_000519_qr_only_mismatch,191c0b117d8b5ffa,1.0,qr_only_mismatch,1,1,0.9929823848752893,0.9994572496936968
family_b_000520_checksum_invalid,191c0b117d8b5ffa,1.0,checksum_invalid,1,1,0.9957142857142857,0.9997040253867577
family_b_000521_format_invalid,191c0b117d8b5ffa,1.0,format_invalid,1,1,0.9999295774647888,0.9997317492887037
family_b_000522_field_missing,191c0b117d8b5ffa,1.0,field_missing,1,1,1.0,0.9996643424105994
family_b_000523_fine_grained_edit,191c0b117d8b5ffa,1.0,fine_grained_edit,1,1,0.997044640075745,0.998928459041314
family_b_000524_coordinated_full_forgery,191c0b117d8b5ffa,1.0,coordinated_full_forgery,1,1,0.9522618368792477,0.8960571314671273
family_b_000525_visual_splice,191c0b117d8b5ffa,1.0,visual_splice,1,1,0.8099552026284706,0.9158896936222892
family_b_000526_visual_splice,191c0b117d8b5ffa,1.0,visual_splice,1,1,0.7578250884371299,0.7425476645403234
family_b_000527_visual_splice,191c0b117d8b5ffa,1.0,visual_splice,1,1,0.8284506164527982,0.9063340771414509
family_b_000528_genuine,a6c009632dc8c9f8,1.0,genuine,0,0,0.7341205182309528,0.6923671809495774
family_b_000529_text_qr_mismatch,a6c009632dc8c9f8,1.0,text_qr_mismatch,1,1,0.9937706403781292,0.999134220765465
family_b_000530_qr_only_mismatch,a6c009632dc8c9f8,1.0,qr_only_mismatch,1,1,0.993872526042917,0.9994535448834169
family_b_000531_checksum_invalid,a6c009632dc8c9f8,1.0,checksum_invalid,1,1,0.9999295774647888,0.9989203116993661
family_b_000532_format_invalid,a6c009632dc8c9f8,1.0,format_invalid,1,1,0.9998809523809524,0.999494052509818
family_b_000533_field_missing,a6c009632dc8c9f8,1.0,field_missing,1,1,0.9239104937129037,0.9899506068107297
family_b_000534_fine_grained_edit,a6c009632dc8c9f8,1.0,fine_grained_edit,1,1,0.9844722008118802,0.9992403681477356
family_b_000535_coordinated_full_forgery,a6c009632dc8c9f8,1.0,coordinated_full_forgery,1,1,0.8258524057107978,0.8386602042231541
family_b_000536_visual_splice,a6c009632dc8c9f8,1.0,visual_splice,1,1,0.8055000381801206,0.906093285159838
family_b_000537_visual_splice,a6c009632dc8c9f8,1.0,visual_splice,1,1,0.8532291749334321,0.9409234352604389
family_b_000538_visual_splice,a6c009632dc8c9f8,1.0,visual_splice,1,1,0.8160666452796803,0.8588108843187269
family_b_000539_genuine,06a40b112aa1b224,1.0,genuine,0,0,0.7283369373222925,0.4112199003426888
family_b_000540_text_qr_mismatch,06a40b112aa1b224,1.0,text_qr_mismatch,1,1,0.9750948412988295,0.9985992924856028
family_b_000541_qr_only_mismatch,06a40b112aa1b224,1.0,qr_only_mismatch,1,1,0.9967138553837235,0.9987484981939834
family_b_000542_checksum_invalid,06a40b112aa1b224,1.0,checksum_invalid,1,1,0.9933333333333334,0.9997802069985707
family_b_000543_format_invalid,06a40b112aa1b224,1.0,format_invalid,1,1,0.9999295774647888,0.9996616811932517
family_b_000544_field_missing,06a40b112aa1b224,1.0,field_missing,1,1,1.0,0.9991994931449658
family_b_000545_fine_grained_edit,06a40b112aa1b224,1.0,fine_grained_edit,1,1,0.9886948412988293,0.9979364507677356
family_b_000546_coordinated_full_forgery,06a40b112aa1b224,1.0,coordinated_full_forgery,1,1,0.8268637853944613,0.8488332806940905
family_b_000547_visual_splice,06a40b112aa1b224,1.0,visual_splice,1,1,0.7710131236388302,0.7507158063465884
family_b_000548_visual_splice,06a40b112aa1b224,1.0,visual_splice,1,1,0.8365610485098229,0.832748270926222
family_b_000549_visual_splice,06a40b112aa1b224,1.0,visual_splice,1,1,0.8352227854585246,0.8789306953993128
family_b_000550_genuine,502ffc4ab2870430,1.0,genuine,0,0,0.6382810655042042,0.47073630397864247
family_b_000551_text_qr_mismatch,502ffc4ab2870430,1.0,text_qr_mismatch,1,1,0.9976055844308904,0.9992680210693264
family_b_000552_qr_only_mismatch,502ffc4ab2870430,1.0,qr_only_mismatch,1,1,0.9960741033521905,0.9993985558659441
family_b_000553_checksum_invalid,502ffc4ab2870430,1.0,checksum_invalid,1,1,0.9965,0.9993391347756988
family_b_000554_format_invalid,502ffc4ab2870430,1.0,format_invalid,1,1,1.0,0.9997506780306533
family_b_000555_field_missing,502ffc4ab2870430,1.0,field_missing,1,1,0.9966666666666667,0.9987346956306284
family_b_000556_fine_grained_edit,502ffc4ab2870430,1.0,fine_grained_edit,1,1,0.9784367656281878,0.9992659164683424
family_b_000557_coordinated_full_forgery,502ffc4ab2870430,1.0,coordinated_full_forgery,1,1,0.8145501905371367,0.7913599382069048
family_b_000558_visual_splice,502ffc4ab2870430,1.0,visual_splice,1,1,0.985,0.9998205799268087
family_b_000559_visual_splice,502ffc4ab2870430,1.0,visual_splice,1,1,0.9590400843881857,0.9997577811782433
family_b_000560_visual_splice,502ffc4ab2870430,1.0,visual_splice,1,1,1.0,0.9997030245109876
family_b_000572_genuine,9a5e660b3485448d,1.0,genuine,0,0,0.6802678372121739,0.674896059881152
family_b_000573_text_qr_mismatch,9a5e660b3485448d,1.0,text_qr_mismatch,1,1,0.9977535773300988,0.9995317229012559
family_b_000574_qr_only_mismatch,9a5e660b3485448d,1.0,qr_only_mismatch,1,1,0.9427899159418348,0.9035815358000778
family_b_000575_checksum_invalid,9a5e660b3485448d,1.0,checksum_invalid,1,1,1.0,0.9997585419139838
family_b_000576_format_invalid,9a5e660b3485448d,1.0,format_invalid,1,1,1.0,0.9996772326412753
family_b_000577_field_missing,9a5e660b3485448d,1.0,field_missing,1,1,1.0,0.9988751735711462
family_b_000578_fine_grained_edit,9a5e660b3485448d,1.0,fine_grained_edit,1,1,0.9929658356258599,0.9927278295846977
family_b_000579_coordinated_full_forgery,9a5e660b3485448d,1.0,coordinated_full_forgery,1,1,0.8623049594753072,0.9479584063770321
family_b_000580_visual_splice,9a5e660b3485448d,1.0,visual_splice,1,1,0.9979768628165422,0.9991831532642832
family_b_000581_visual_splice,9a5e660b3485448d,1.0,visual_splice,1,1,1.0,0.9993355874426528
family_b_000582_visual_splice,9a5e660b3485448d,1.0,visual_splice,1,1,0.8200596273629124,0.9120318560443962
family_b_000583_genuine,a664c9ffd24e8ad2,1.0,genuine,0,0,0.7731004230099895,0.8017946645121773
family_b_000584_text_qr_mismatch,a664c9ffd24e8ad2,1.0,text_qr_mismatch,1,1,0.9937706403781292,0.9995075648775127
family_b_000585_qr_only_mismatch,a664c9ffd24e8ad2,1.0,qr_only_mismatch,1,1,0.995136465857272,0.9994800301672879
family_b_000586_checksum_invalid,a664c9ffd24e8ad2,1.0,checksum_invalid,1,1,1.0,0.9998266166607045
family_b_000587_format_invalid,a664c9ffd24e8ad2,1.0,format_invalid,1,1,1.0,0.9996957351653699
family_b_000588_field_missing,a664c9ffd24e8ad2,1.0,field_missing,1,1,0.9795833333333333,0.9980929032062634
family_b_000589_fine_grained_edit,a664c9ffd24e8ad2,1.0,fine_grained_edit,1,1,0.99722663244912,0.999643789898196
family_b_000590_coordinated_full_forgery,a664c9ffd24e8ad2,1.0,coordinated_full_forgery,1,1,0.825674513265427,0.8366543760462175
family_b_000591_visual_splice,a664c9ffd24e8ad2,1.0,visual_splice,1,1,0.8281762806712382,0.8465787804908216
family_b_000592_visual_splice,a664c9ffd24e8ad2,1.0,visual_splice,1,1,0.8447458179188984,0.8507990830129316
family_b_000593_visual_splice,a664c9ffd24e8ad2,1.0,visual_splice,1,1,0.8503736756772838,0.8508632881550177
family_b_000594_genuine,8b8003ce6e600c84,1.0,genuine,0,0,0.6825629165632847,0.4864813390220416
family_b_000595_text_qr_mismatch,8b8003ce6e600c84,1.0,text_qr_mismatch,1,1,0.9919404635790859,0.9978481888710259
family_b_000596_qr_only_mismatch,8b8003ce6e600c84,1.0,qr_only_mismatch,1,1,0.9959521504267072,0.999225763037995
family_b_000597_checksum_invalid,8b8003ce6e600c84,1.0,checksum_invalid,1,1,0.9933333333333333,0.9995909967333632
family_b_000598_format_invalid,8b8003ce6e600c84,1.0,format_invalid,1,1,1.0,0.9995168052256029
family_b_000599_field_missing,8b8003ce6e600c84,1.0,field_missing,1,1,0.9966666666666666,0.9991795096741658
family_b_000600_fine_grained_edit,8b8003ce6e600c84,1.0,fine_grained_edit,1,1,0.9700329242512619,0.9867953907318485
family_b_000601_coordinated_full_forgery,8b8003ce6e600c84,1.0,coordinated_full_forgery,1,1,0.7824364508969717,0.8079154090087863
family_b_000602_visual_splice,8b8003ce6e600c84,1.0,visual_splice,1,1,0.8008670079514245,0.8005375339233191
family_b_000603_visual_splice,8b8003ce6e600c84,1.0,visual_splice,1,1,0.7992320776069451,0.8143404854398729
family_b_000604_visual_splice,8b8003ce6e600c84,1.0,visual_splice,1,1,0.8227157968034879,0.8223392385270762
family_b_000649_genuine,a21ce2aca732dc39,1.0,genuine,0,0,0.717837121019529,0.33279646412769964
family_b_000650_text_qr_mismatch,a21ce2aca732dc39,1.0,text_qr_mismatch,1,1,1.0,0.9983644521520048
family_b_000651_qr_only_mismatch,a21ce2aca732dc39,1.0,qr_only_mismatch,1,1,0.9994827586206897,0.9981089170625079
family_b_000652_checksum_invalid,a21ce2aca732dc39,1.0,checksum_invalid,1,1,0.9965962441314555,0.9933044036214977
family_b_000653_format_invalid,a21ce2aca732dc39,1.0,format_invalid,1,1,1.0,0.9979047346072365
family_b_000654_field_missing,a21ce2aca732dc39,1.0,field_missing,1,1,0.9999118942731278,0.9993135324896901
family_b_000655_fine_grained_edit,a21ce2aca732dc39,1.0,fine_grained_edit,1,1,0.9999651567944251,0.9991307948592539
family_b_000656_coordinated_full_forgery,a21ce2aca732dc39,1.0,coordinated_full_forgery,1,1,0.8697469086246704,0.9599454071829516
family_b_000657_visual_splice,a21ce2aca732dc39,1.0,visual_splice,1,1,0.9607406447354208,0.9538580120544057
family_b_000658_visual_splice,a21ce2aca732dc39,1.0,visual_splice,1,1,0.9864636617142721,0.9790651414221175
family_b_000659_visual_splice,a21ce2aca732dc39,1.0,visual_splice,1,1,0.9715838946341361,0.9361973739302425
family_b_000682_genuine,23f3e202c8865aee,1.0,genuine,0,0,0.6735543654835529,0.3898046819248252
family_b_000683_text_qr_mismatch,23f3e202c8865aee,1.0,text_qr_mismatch,1,1,0.9987428967428967,0.9993669097728795
family_b_000684_qr_only_mismatch,23f3e202c8865aee,1.0,qr_only_mismatch,1,1,0.9877865466655206,0.9933373215385192
family_b_000685_checksum_invalid,23f3e202c8865aee,1.0,checksum_invalid,1,1,1.0,0.9997290771464498
family_b_000686_format_invalid,23f3e202c8865aee,1.0,format_invalid,1,1,1.0,0.9993063518744512
family_b_000687_field_missing,23f3e202c8865aee,1.0,field_missing,1,1,1.0,0.9994984766620263
family_b_000688_fine_grained_edit,23f3e202c8865aee,1.0,fine_grained_edit,1,1,0.995097013682842,0.9995569028836917
family_b_000689_coordinated_full_forgery,23f3e202c8865aee,1.0,coordinated_full_forgery,1,1,0.8360621600701589,0.9444219788415082
family_b_000690_visual_splice,23f3e202c8865aee,1.0,visual_splice,1,1,0.8274297399573908,0.8552954232280655
family_b_000691_visual_splice,23f3e202c8865aee,1.0,visual_splice,1,1,0.835293219017493,0.9048358107082413
family_b_000692_visual_splice,23f3e202c8865aee,1.0,visual_splice,1,1,0.8079331441550716,0.8205272522822828
family_b_000693_genuine,a07838a6849ef38e,1.0,genuine,0,0,0.6852289740377862,0.6068638443800404
family_b_000694_text_qr_mismatch,a07838a6849ef38e,1.0,text_qr_mismatch,1,1,0.8755617126065893,0.8801169927013781
family_b_000695_qr_only_mismatch,a07838a6849ef38e,1.0,qr_only_mismatch,1,1,0.9330468385461388,0.7806672366133397
family_b_000696_checksum_invalid,a07838a6849ef38e,1.0,checksum_invalid,1,1,0.9666917024499014,0.9778577133636441
family_b_000697_format_invalid,a07838a6849ef38e,1.0,format_invalid,1,1,0.9999295774647888,0.9996450703437452
family_b_000698_field_missing,a07838a6849ef38e,1.0,field_missing,1,1,0.9657126577428494,0.9668259429755647
family_b_000699_fine_grained_edit,a07838a6849ef38e,1.0,fine_grained_edit,1,1,0.9342126042323342,0.8550076518107051
family_b_000700_coordinated_full_forgery,a07838a6849ef38e,1.0,coordinated_full_forgery,1,1,0.8248133579643948,0.8199411788822146
family_b_000701_visual_splice,a07838a6849ef38e,1.0,visual_splice,1,1,0.9643676420564856,0.9744166868552773
family_b_000702_visual_splice,a07838a6849ef38e,1.0,visual_splice,1,1,0.8481026840741787,0.8865139693995941
family_b_000703_visual_splice,a07838a6849ef38e,1.0,visual_splice,1,1,0.9572011877902128,0.9657292870577175
family_b_000715_genuine,7e1acf1d7d81297f,1.0,genuine,0,0,0.5050661108760693,0.25837705538647693
family_b_000716_text_qr_mismatch,7e1acf1d7d81297f,1.0,text_qr_mismatch,1,1,0.9942622142002594,0.9992178713559516
family_b_000717_qr_only_mismatch,7e1acf1d7d81297f,1.0,qr_only_mismatch,1,1,0.9938602054460337,0.9992260253010689
family_b_000718_checksum_invalid,7e1acf1d7d81297f,1.0,checksum_invalid,1,1,0.9088417123163094,0.9875904099940864
family_b_000719_format_invalid,7e1acf1d7d81297f,1.0,format_invalid,1,1,0.9473768990937218,0.9792339719864567
family_b_000720_field_missing,7e1acf1d7d81297f,1.0,field_missing,1,1,0.9301806296377628,0.9789565739102953
family_b_000721_fine_grained_edit,7e1acf1d7d81297f,1.0,fine_grained_edit,1,1,0.8839421560878732,0.8625723436312076
family_b_000722_coordinated_full_forgery,7e1acf1d7d81297f,1.0,coordinated_full_forgery,1,1,0.8229166173427147,0.8260093465790771
family_b_000723_visual_splice,7e1acf1d7d81297f,1.0,visual_splice,1,1,0.9291952646290891,0.966204655727813
family_b_000724_visual_splice,7e1acf1d7d81297f,1.0,visual_splice,1,1,0.7896085338005068,0.7753617065355068
family_b_000725_visual_splice,7e1acf1d7d81297f,1.0,visual_splice,1,1,0.8534881087391553,0.77562656665727
family_b_000737_genuine,8d0917922bc9bdcc,1.0,genuine,0,0,0.6313996998783241,0.4153169014663678
family_b_000738_text_qr_mismatch,8d0917922bc9bdcc,1.0,text_qr_mismatch,1,1,0.9909211429123195,0.9968972809687553
family_b_000739_qr_only_mismatch,8d0917922bc9bdcc,1.0,qr_only_mismatch,1,1,0.99064324370338,0.9994813106611635
family_b_000740_checksum_invalid,8d0917922bc9bdcc,1.0,checksum_invalid,1,1,0.9898809523809524,0.9985180747715425
family_b_000741_format_invalid,8d0917922bc9bdcc,1.0,format_invalid,1,1,1.0,0.999658428637702
family_b_000742_field_missing,8d0917922bc9bdcc,1.0,field_missing,1,1,1.0,0.9993176633819673
family_b_000743_fine_grained_edit,8d0917922bc9bdcc,1.0,fine_grained_edit,1,1,0.9899140459736205,0.9990359793889706
family_b_000744_coordinated_full_forgery,8d0917922bc9bdcc,1.0,coordinated_full_forgery,1,1,0.7676262414105283,0.6904392495823525
family_b_000745_visual_splice,8d0917922bc9bdcc,1.0,visual_splice,1,1,0.7881286187608971,0.751461163651881
family_b_000746_visual_splice,8d0917922bc9bdcc,1.0,visual_splice,1,1,0.7779026298378403,0.8894315450406355
family_b_000747_visual_splice,8d0917922bc9bdcc,1.0,visual_splice,1,1,0.7777841198731579,0.7446383316680096
family_b_000748_genuine,32505f81cbc2c76c,1.0,genuine,0,0,0.7218730947986728,0.7363101735939926
family_b_000749_text_qr_mismatch,32505f81cbc2c76c,1.0,text_qr_mismatch,1,1,0.9961877311902013,0.9993667699847458
family_b_000750_qr_only_mismatch,32505f81cbc2c76c,1.0,qr_only_mismatch,1,1,0.9890244187636182,0.9992916280552744
family_b_000751_checksum_invalid,32505f81cbc2c76c,1.0,checksum_invalid,1,1,0.9999295774647888,0.9997495687636874
family_b_000752_format_invalid,32505f81cbc2c76c,1.0,format_invalid,1,1,0.9999295774647888,0.9997527306862294
family_b_000753_field_missing,32505f81cbc2c76c,1.0,field_missing,1,1,1.0,0.99934460970981
family_b_000754_fine_grained_edit,32505f81cbc2c76c,1.0,fine_grained_edit,1,1,0.9853323728401893,0.9936302271049346
family_b_000755_coordinated_full_forgery,32505f81cbc2c76c,1.0,coordinated_full_forgery,1,1,0.8191416537626541,0.8612623883762875
family_b_000756_visual_splice,32505f81cbc2c76c,1.0,visual_splice,1,1,0.9981936135811955,0.9994883135071206
family_b_000757_visual_splice,32505f81cbc2c76c,1.0,visual_splice,1,1,0.8117213168978852,0.8481810000723251
family_b_000758_visual_splice,32505f81cbc2c76c,1.0,visual_splice,1,1,0.8023325662579925,0.8036758645175521
family_b_000759_genuine,c9342833503fa8f2,1.0,genuine,0,0,0.5963571405914252,0.3809395282230224
family_b_000760_text_qr_mismatch,c9342833503fa8f2,1.0,text_qr_mismatch,1,1,0.9900638335468915,0.9970977093242949
family_b_000761_qr_only_mismatch,c9342833503fa8f2,1.0,qr_only_mismatch,1,1,0.985437307044796,0.9990710967893279
family_b_000762_checksum_invalid,c9342833503fa8f2,1.0,checksum_invalid,1,1,1.0,0.999561694280921
family_b_000763_format_invalid,c9342833503fa8f2,1.0,format_invalid,1,1,1.0,0.999674372010071
family_b_000764_field_missing,c9342833503fa8f2,1.0,field_missing,1,1,0.9897222222222223,0.9992962450526879
family_b_000765_fine_grained_edit,c9342833503fa8f2,1.0,fine_grained_edit,1,1,0.994959243142478,0.999356626889206
family_b_000766_coordinated_full_forgery,c9342833503fa8f2,1.0,coordinated_full_forgery,1,1,0.7880882586797712,0.8367875895506753
family_b_000767_visual_splice,c9342833503fa8f2,1.0,visual_splice,1,1,0.8653379443141138,0.9700521316501279
family_b_000768_visual_splice,c9342833503fa8f2,1.0,visual_splice,1,1,0.7685739830983016,0.7173556191692605
family_b_000769_visual_splice,c9342833503fa8f2,1.0,visual_splice,1,1,0.8992382702752506,0.939241566127459
family_b_000770_genuine,4d6b7010fda5639c,1.0,genuine,0,0,0.6451128307163149,0.4382493582062962
family_b_000771_text_qr_mismatch,4d6b7010fda5639c,1.0,text_qr_mismatch,1,1,0.9959450530181044,0.9979408959926843
family_b_000772_qr_only_mismatch,4d6b7010fda5639c,1.0,qr_only_mismatch,1,1,0.9958067251983246,0.9992122309831382
family_b_000773_checksum_invalid,4d6b7010fda5639c,1.0,checksum_invalid,1,1,0.999090909090909,0.9996834235512638
family_b_000774_format_invalid,4d6b7010fda5639c,1.0,format_invalid,1,1,1.0,0.9994741550048947
family_b_000775_field_missing,4d6b7010fda5639c,1.0,field_missing,1,1,1.0,0.9993691236189801
family_b_000776_fine_grained_edit,4d6b7010fda5639c,1.0,fine_grained_edit,1,1,0.9814967140008,0.991500814363384
family_b_000777_coordinated_full_forgery,4d6b7010fda5639c,1.0,coordinated_full_forgery,1,1,0.83323082652301,0.9053027381762511
family_b_000778_visual_splice,4d6b7010fda5639c,1.0,visual_splice,1,1,0.7955655867487776,0.8383804307985325
family_b_000779_visual_splice,4d6b7010fda5639c,1.0,visual_splice,1,1,0.7654391624914298,0.6760721959028378
family_b_000780_visual_splice,4d6b7010fda5639c,1.0,visual_splice,1,1,0.8353507820397152,0.9569053690552937
family_b_000781_genuine,923aa331f2c11a99,1.0,genuine,0,0,0.6932759308420395,0.2338378652780465
family_b_000782_text_qr_mismatch,923aa331f2c11a99,1.0,text_qr_mismatch,1,1,0.9957263046013847,0.9987224145663757
family_b_000783_qr_only_mismatch,923aa331f2c11a99,1.0,qr_only_mismatch,1,1,0.9967488603489667,0.9992306112680764
family_b_000784_checksum_invalid,923aa331f2c11a99,1.0,checksum_invalid,1,1,1.0,0.9996643610046675
family_b_000785_format_invalid,923aa331f2c11a99,1.0,format_invalid,1,1,1.0,0.9997189190289064
family_b_000786_field_missing,923aa331f2c11a99,1.0,field_missing,1,1,1.0,0.9997134432297597
family_b_000787_fine_grained_edit,923aa331f2c11a99,1.0,fine_grained_edit,1,1,0.9843040389264042,0.9992404926968094
family_b_000788_coordinated_full_forgery,923aa331f2c11a99,1.0,coordinated_full_forgery,1,1,0.8708490167512707,0.9518429865970921
family_b_000789_visual_splice,923aa331f2c11a99,1.0,visual_splice,1,1,0.8521958987868716,0.9404988533152879
family_b_000790_visual_splice,923aa331f2c11a99,1.0,visual_splice,1,1,0.7783376800283335,0.8331941677361975
family_b_000791_visual_splice,923aa331f2c11a99,1.0,visual_splice,1,1,0.7795333261540048,0.800615184342856
family_b_000803_genuine,5ec1b21866f32d0f,1.0,genuine,0,0,0.6300882457299821,0.48030358618717406
family_b_000804_text_qr_mismatch,5ec1b21866f32d0f,1.0,text_qr_mismatch,1,1,0.9162091692977739,0.9323227388069766
family_b_000805_qr_only_mismatch,5ec1b21866f32d0f,1.0,qr_only_mismatch,1,1,0.9385942889225014,0.877461228060759
family_b_000806_checksum_invalid,5ec1b21866f32d0f,1.0,checksum_invalid,1,1,0.949127201951907,0.9494667356919174
family_b_000807_format_invalid,5ec1b21866f32d0f,1.0,format_invalid,1,1,1.0,0.9996221863672096
family_b_000808_field_missing,5ec1b21866f32d0f,1.0,field_missing,1,1,0.9857068108364725,0.9892072095412486
family_b_000809_fine_grained_edit,5ec1b21866f32d0f,1.0,fine_grained_edit,1,1,0.910779392582536,0.8286206550715961
family_b_000810_coordinated_full_forgery,5ec1b21866f32d0f,1.0,coordinated_full_forgery,1,1,0.8024702632450251,0.8298011698752147
family_b_000811_visual_splice,5ec1b21866f32d0f,1.0,visual_splice,1,1,0.9475965340388235,0.9467842096893266
family_b_000812_visual_splice,5ec1b21866f32d0f,1.0,visual_splice,1,1,0.9519120569867439,0.9130835024881432
family_b_000813_visual_splice,5ec1b21866f32d0f,1.0,visual_splice,1,1,0.8985662835097508,0.9367279554466503
family_b_000814_genuine,d6983ef5bc012262,1.0,genuine,0,0,0.7129636783388748,0.5093176643771231
family_b_000815_text_qr_mismatch,d6983ef5bc012262,1.0,text_qr_mismatch,1,1,0.9930070692294345,0.9994726650331482
family_b_000816_qr_only_mismatch,d6983ef5bc012262,1.0,qr_only_mismatch,1,1,0.9929598295673184,0.9993300963180338
family_b_000817_checksum_invalid,d6983ef5bc012262,1.0,checksum_invalid,1,1,1.0,0.9996613508879542
family_b_000818_format_invalid,d6983ef5bc012262,1.0,format_invalid,1,1,0.9998809523809524,0.999578761557797
family_b_000819_field_missing,d6983ef5bc012262,1.0,field_missing,1,1,0.9959118942731277,0.9993415475895617
family_b_000820_fine_grained_edit,d6983ef5bc012262,1.0,fine_grained_edit,1,1,0.9955113273718333,0.9994304808371574
family_b_000821_coordinated_full_forgery,d6983ef5bc012262,1.0,coordinated_full_forgery,1,1,0.8535369326158502,0.9850214494265609
family_b_000822_visual_splice,d6983ef5bc012262,1.0,visual_splice,1,1,0.8404804679690625,0.8450462180767896
family_b_000823_visual_splice,d6983ef5bc012262,1.0,visual_splice,1,1,0.8963864654204314,0.9341106325439138
family_b_000824_visual_splice,d6983ef5bc012262,1.0,visual_splice,1,1,0.901305843406587,0.9755615134618135
family_b_000825_genuine,ed345bdf846c9594,1.0,genuine,0,0,0.6507782848336369,0.4367700666064904
family_b_000826_text_qr_mismatch,ed345bdf846c9594,1.0,text_qr_mismatch,1,1,0.9940816865869941,0.997386177245286
family_b_000827_qr_only_mismatch,ed345bdf846c9594,1.0,qr_only_mismatch,1,1,0.9699275160979072,0.9984623880899568
family_b_000828_checksum_invalid,ed345bdf846c9594,1.0,checksum_invalid,1,1,0.9999029126213592,0.9996124515433117
family_b_000829_format_invalid,ed345bdf846c9594,1.0,format_invalid,1,1,1.0,0.999570671973857
family_b_000830_field_missing,ed345bdf846c9594,1.0,field_missing,1,1,0.9999029126213592,0.9992121668410001
family_b_000831_fine_grained_edit,ed345bdf846c9594,1.0,fine_grained_edit,1,1,0.9873366543938981,0.9993533598025294
family_b_000832_coordinated_full_forgery,ed345bdf846c9594,1.0,coordinated_full_forgery,1,1,0.8624722812306815,0.8668141436451812
family_b_000833_visual_splice,ed345bdf846c9594,1.0,visual_splice,1,1,0.797107105798557,0.8474989496321568
family_b_000834_visual_splice,ed345bdf846c9594,1.0,visual_splice,1,1,0.8029508713997725,0.8083153220351446
family_b_000835_visual_splice,ed345bdf846c9594,1.0,visual_splice,1,1,0.8274525786352183,0.8603982114999018
family_b_000836_genuine,c00d64964fdb2d01,1.0,genuine,0,0,0.6816645755657376,0.425840333901933
family_b_000837_text_qr_mismatch,c00d64964fdb2d01,1.0,text_qr_mismatch,1,1,0.989204963133152,0.9988140229053695
family_b_000838_qr_only_mismatch,c00d64964fdb2d01,1.0,qr_only_mismatch,1,1,0.9987384929309481,0.9996063340700141
family_b_000839_checksum_invalid,c00d64964fdb2d01,1.0,checksum_invalid,1,1,0.995,0.9996520249800737
family_b_000840_format_invalid,c00d64964fdb2d01,1.0,format_invalid,1,1,0.9933333333333334,0.9995435024070071
family_b_000841_field_missing,c00d64964fdb2d01,1.0,field_missing,1,1,0.9875,0.999383230184401
family_b_000842_fine_grained_edit,c00d64964fdb2d01,1.0,fine_grained_edit,1,1,0.998425992930948,0.9996526059866764
family_b_000843_coordinated_full_forgery,c00d64964fdb2d01,1.0,coordinated_full_forgery,1,1,0.6992211177878791,0.7254499482738123
family_b_000844_visual_splice,c00d64964fdb2d01,1.0,visual_splice,1,1,0.7644593313878782,0.787497220447452
family_b_000845_visual_splice,c00d64964fdb2d01,1.0,visual_splice,1,1,0.7391344963346682,0.7903202252358706
family_b_000846_visual_splice,c00d64964fdb2d01,1.0,visual_splice,1,1,0.8030025614331513,0.8367505082224517
family_b_000858_genuine,d8c65648d6be9f21,1.0,genuine,0,0,0.6602408361686226,0.49943607364351544
family_b_000859_text_qr_mismatch,d8c65648d6be9f21,1.0,text_qr_mismatch,1,1,0.9977535773300988,0.9989694592247383
family_b_000860_qr_only_mismatch,d8c65648d6be9f21,1.0,qr_only_mismatch,1,1,0.9963024938401752,0.999329046045201
family_b_000861_checksum_invalid,d8c65648d6be9f21,1.0,checksum_invalid,1,1,1.0,0.9986866930320353
family_b_000862_format_invalid,d8c65648d6be9f21,1.0,format_invalid,1,1,1.0,0.9996886902511022
family_b_000863_field_missing,d8c65648d6be9f21,1.0,field_missing,1,1,1.0,0.9987004045581774
family_b_000864_fine_grained_edit,d8c65648d6be9f21,1.0,fine_grained_edit,1,1,0.9806336088154269,0.9994734562892915
family_b_000865_coordinated_full_forgery,d8c65648d6be9f21,1.0,coordinated_full_forgery,1,1,0.8087835637682294,0.8283560720319441
family_b_000866_visual_splice,d8c65648d6be9f21,1.0,visual_splice,1,1,0.8067571224455761,0.8639768932261112
family_b_000867_visual_splice,d8c65648d6be9f21,1.0,visual_splice,1,1,0.7708870425134506,0.7739387271699275
family_b_000868_visual_splice,d8c65648d6be9f21,1.0,visual_splice,1,1,0.7854305580232548,0.741291680877384
family_b_000869_genuine,33d3b486a39aa977,1.0,genuine,0,0,0.8149155025067019,0.704083651656765
family_b_000870_text_qr_mismatch,33d3b486a39aa977,1.0,text_qr_mismatch,1,1,0.9988990453587279,0.9995536203489348
family_b_000871_qr_only_mismatch,33d3b486a39aa977,1.0,qr_only_mismatch,1,1,0.9970539406741841,0.9995279860252535
family_b_000872_checksum_invalid,33d3b486a39aa977,1.0,checksum_invalid,1,1,1.0,0.9996688180148895
family_b_000873_format_invalid,33d3b486a39aa977,1.0,format_invalid,1,1,1.0,0.9992386296785346
family_b_000874_field_missing,33d3b486a39aa977,1.0,field_missing,1,1,1.0,0.999395535545771
family_b_000875_fine_grained_edit,33d3b486a39aa977,1.0,fine_grained_edit,1,1,0.9881275364574152,0.9892038868659314
family_b_000876_coordinated_full_forgery,33d3b486a39aa977,1.0,coordinated_full_forgery,1,1,0.7968967266135878,0.8840825340951144
family_b_000877_visual_splice,33d3b486a39aa977,1.0,visual_splice,1,1,0.8151903443296727,0.8145007328587198
family_b_000878_visual_splice,33d3b486a39aa977,1.0,visual_splice,1,1,0.8402553175567468,0.8841862308498503
family_b_000879_visual_splice,33d3b486a39aa977,1.0,visual_splice,1,1,1.0,0.9991323614043306
family_b_000880_genuine,027dcbc04ae635dd,1.0,genuine,0,0,0.5957554789011988,0.3884546458346182
family_b_000881_text_qr_mismatch,027dcbc04ae635dd,1.0,text_qr_mismatch,1,1,0.9973807144721677,0.9995649584245231
family_b_000882_qr_only_mismatch,027dcbc04ae635dd,1.0,qr_only_mismatch,1,1,0.993682534651257,0.9993118531073256
family_b_000883_checksum_invalid,027dcbc04ae635dd,1.0,checksum_invalid,1,1,1.0,0.999680706414811
family_b_000884_format_invalid,027dcbc04ae635dd,1.0,format_invalid,1,1,0.9999295774647888,0.9998793844070222
family_b_000885_field_missing,027dcbc04ae635dd,1.0,field_missing,1,1,0.9904484796389815,0.9975870456851313
family_b_000886_fine_grained_edit,027dcbc04ae635dd,1.0,fine_grained_edit,1,1,0.9869888465772614,0.9993944439453125
family_b_000887_coordinated_full_forgery,027dcbc04ae635dd,1.0,coordinated_full_forgery,1,1,0.8355391960327452,0.7826262486734791
family_b_000888_visual_splice,027dcbc04ae635dd,1.0,visual_splice,1,1,0.7436908410057503,0.6927455087603139
family_b_000889_visual_splice,027dcbc04ae635dd,1.0,visual_splice,1,1,0.8304210158012184,0.9200300765006455
family_b_000890_visual_splice,027dcbc04ae635dd,1.0,visual_splice,1,1,0.8471173299511284,0.8662686872382713
family_b_000891_genuine,51d70ff392779a07,1.0,genuine,0,0,0.7139257178020199,0.6535673222894268
family_b_000892_text_qr_mismatch,51d70ff392779a07,1.0,text_qr_mismatch,1,1,0.991327719206529,0.9991393709491495
family_b_000893_qr_only_mismatch,51d70ff392779a07,1.0,qr_only_mismatch,1,1,0.994378888028765,0.9993953106782405
family_b_000894_checksum_invalid,51d70ff392779a07,1.0,checksum_invalid,1,1,1.0,0.9993894158182278
family_b_000895_format_invalid,51d70ff392779a07,1.0,format_invalid,1,1,1.0,0.9994025468664751
family_b_000896_field_missing,51d70ff392779a07,1.0,field_missing,1,1,1.0,0.9994453101578141
family_b_000897_fine_grained_edit,51d70ff392779a07,1.0,fine_grained_edit,1,1,0.9982313494302523,0.9995130976171507
family_b_000898_coordinated_full_forgery,51d70ff392779a07,1.0,coordinated_full_forgery,1,1,0.8218474667347101,0.8716895711415479
family_b_000899_visual_splice,51d70ff392779a07,1.0,visual_splice,1,1,0.7858347493640565,0.7424495046221646
family_b_000900_visual_splice,51d70ff392779a07,1.0,visual_splice,1,1,0.8017695286779162,0.8438049487355967
family_b_000901_visual_splice,51d70ff392779a07,1.0,visual_splice,1,1,0.7954659551184201,0.7811711944881083
family_b_000902_genuine,c2ed22f93a14dbe2,1.0,genuine,0,0,0.7641112423588422,0.7777904063065487
family_b_000903_text_qr_mismatch,c2ed22f93a14dbe2,1.0,text_qr_mismatch,1,1,0.9970539406741841,0.9994791400248711
family_b_000904_qr_only_mismatch,c2ed22f93a14dbe2,1.0,qr_only_mismatch,1,1,0.9965580455052064,0.9989630771969418
family_b_000905_checksum_invalid,c2ed22f93a14dbe2,1.0,checksum_invalid,1,1,1.0,0.9994361623746126
family_b_000906_format_invalid,c2ed22f93a14dbe2,1.0,format_invalid,1,1,1.0,0.9994592020545358
family_b_000907_field_missing,c2ed22f93a14dbe2,1.0,field_missing,1,1,1.0,0.998950215648068
family_b_000908_fine_grained_edit,c2ed22f93a14dbe2,1.0,fine_grained_edit,1,1,0.9956934705903939,0.9992906984395543
family_b_000909_coordinated_full_forgery,c2ed22f93a14dbe2,1.0,coordinated_full_forgery,1,1,0.9199736842105262,0.9919651064446947
family_b_000910_visual_splice,c2ed22f93a14dbe2,1.0,visual_splice,1,1,0.8217604636564705,0.8525816776451164
family_b_000911_visual_splice,c2ed22f93a14dbe2,1.0,visual_splice,1,1,0.8379025488522014,0.8969718122849579
family_b_000912_visual_splice,c2ed22f93a14dbe2,1.0,visual_splice,1,1,0.8255634246215685,0.8397314619565002
family_b_000913_genuine,f9fa73934e94c605,1.0,genuine,0,0,0.6287749050950149,0.2754963774821134
family_b_000914_text_qr_mismatch,f9fa73934e94c605,1.0,text_qr_mismatch,1,1,0.9928627421886778,0.9994232977817291
family_b_000915_qr_only_mismatch,f9fa73934e94c605,1.0,qr_only_mismatch,1,1,0.9957504354546607,0.9994685963973011
family_b_000916_checksum_invalid,f9fa73934e94c605,1.0,checksum_invalid,1,1,0.9999029126213592,0.9998281599461876
family_b_000917_format_invalid,f9fa73934e94c605,1.0,format_invalid,1,1,1.0,0.9997099751972872
family_b_000918_field_missing,f9fa73934e94c605,1.0,field_missing,1,1,0.96005991900026,0.9809140532855258
family_b_000919_fine_grained_edit,f9fa73934e94c605,1.0,fine_grained_edit,1,1,0.9705952380952383,0.998762369513189
family_b_000920_coordinated_full_forgery,f9fa73934e94c605,1.0,coordinated_full_forgery,1,1,0.8047447069697716,0.8784420683334394
family_b_000921_visual_splice,f9fa73934e94c605,1.0,visual_splice,1,1,0.7185821298061903,0.8427524736848133
family_b_000922_visual_splice,f9fa73934e94c605,1.0,visual_splice,1,1,0.7823520080327657,0.8378544118099397
family_b_000923_visual_splice,f9fa73934e94c605,1.0,visual_splice,1,1,0.7835045175522655,0.7867091461088502
family_b_000946_genuine,aa64c3c91af3420e,1.0,genuine,0,0,0.506102663769606,0.2709258617706192
family_b_000947_text_qr_mismatch,aa64c3c91af3420e,1.0,text_qr_mismatch,1,1,0.9952317039525101,0.9989111081760863
family_b_000948_qr_only_mismatch,aa64c3c91af3420e,1.0,qr_only_mismatch,1,1,0.996213662137288,0.9995696074941139
family_b_000949_checksum_invalid,aa64c3c91af3420e,1.0,checksum_invalid,1,1,1.0,0.9995191591262507
family_b_000950_format_invalid,aa64c3c91af3420e,1.0,format_invalid,1,1,0.9999029126213592,0.9996587771019236
family_b_000951_field_missing,aa64c3c91af3420e,1.0,field_missing,1,1,1.0,0.999011469951031
family_b_000952_fine_grained_edit,aa64c3c91af3420e,1.0,fine_grained_edit,1,1,0.9979659888666373,0.9995597140817927
family_b_000953_coordinated_full_forgery,aa64c3c91af3420e,1.0,coordinated_full_forgery,1,1,0.8188292748274799,0.8950804763370643
family_b_000954_visual_splice,aa64c3c91af3420e,1.0,visual_splice,1,1,0.8193524116570843,0.8042615555552206
family_b_000955_visual_splice,aa64c3c91af3420e,1.0,visual_splice,1,1,0.8026642751642344,0.8103154707773633
family_b_000956_visual_splice,aa64c3c91af3420e,1.0,visual_splice,1,1,0.8645260780676335,0.9022855524916885
family_b_000979_genuine,c3b7fe795379f1b2,1.0,genuine,0,0,0.6976361140899675,0.4569575545433399
family_b_000980_text_qr_mismatch,c3b7fe795379f1b2,1.0,text_qr_mismatch,1,1,0.9965650372858434,0.9996205167208885
family_b_000981_qr_only_mismatch,c3b7fe795379f1b2,1.0,qr_only_mismatch,1,1,0.9936735529994886,0.9991559675974077
family_b_000982_checksum_invalid,c3b7fe795379f1b2,1.0,checksum_invalid,1,1,1.0,0.9996275957727473
family_b_000983_format_invalid,c3b7fe795379f1b2,1.0,format_invalid,1,1,0.9999029126213592,0.9996409191130756
family_b_000984_field_missing,c3b7fe795379f1b2,1.0,field_missing,1,1,0.9873333333333334,0.9995808993706375
family_b_000985_fine_grained_edit,c3b7fe795379f1b2,1.0,fine_grained_edit,1,1,0.9934940995575482,0.9990367295036268
family_b_000986_coordinated_full_forgery,c3b7fe795379f1b2,1.0,coordinated_full_forgery,1,1,0.8494534017768207,0.9289828358438332
family_b_000987_visual_splice,c3b7fe795379f1b2,1.0,visual_splice,1,1,0.7827676000686584,0.5894123642381509
family_b_000988_visual_splice,c3b7fe795379f1b2,1.0,visual_splice,1,1,0.8367727967571124,0.8867512921875388
family_b_000989_visual_splice,c3b7fe795379f1b2,1.0,visual_splice,1,1,0.7729079221247575,0.8405115737956874
family_b_000990_genuine,a068abaaefd4ee22,1.0,genuine,0,0,0.7653279085881864,0.7063010051152157
family_b_000991_text_qr_mismatch,a068abaaefd4ee22,1.0,text_qr_mismatch,1,1,0.9980134334010153,0.9995916452978307
family_b_000992_qr_only_mismatch,a068abaaefd4ee22,1.0,qr_only_mismatch,1,1,0.9887706403781293,0.9993910820644497
family_b_000993_checksum_invalid,a068abaaefd4ee22,1.0,checksum_invalid,1,1,1.0,0.9998196783037357
family_b_000994_format_invalid,a068abaaefd4ee22,1.0,format_invalid,1,1,0.9999295774647888,0.9995601742537766
family_b_000995_field_missing,a068abaaefd4ee22,1.0,field_missing,1,1,0.995,0.9992821176983664
family_b_000996_fine_grained_edit,a068abaaefd4ee22,1.0,fine_grained_edit,1,1,0.9944278531703199,0.9995436649803695
family_b_000997_coordinated_full_forgery,a068abaaefd4ee22,1.0,coordinated_full_forgery,1,1,0.8051259128455364,0.9086699236675512
family_b_000998_visual_splice,a068abaaefd4ee22,1.0,visual_splice,1,1,0.8318509186838816,0.9151600766343188
family_b_000999_visual_splice,a068abaaefd4ee22,1.0,visual_splice,1,1,0.8346730450069927,0.8132283926535386
family_b_001000_visual_splice,a068abaaefd4ee22,1.0,visual_splice,1,1,0.8116248638583182,0.8748512152102417
family_b_001001_genuine,f7a1d17f76d41072,1.0,genuine,0,0,0.7010947292729725,0.5545709963387325
family_b_001002_text_qr_mismatch,f7a1d17f76d41072,1.0,text_qr_mismatch,1,1,0.9969024819417791,0.998567839284479
family_b_001003_qr_only_mismatch,f7a1d17f76d41072,1.0,qr_only_mismatch,1,1,0.9979305890621734,0.9996362295672043
family_b_001004_checksum_invalid,f7a1d17f76d41072,1.0,checksum_invalid,1,1,1.0,0.9993014977936086
family_b_001005_format_invalid,f7a1d17f76d41072,1.0,format_invalid,1,1,1.0,0.9996989735953641
family_b_001006_field_missing,f7a1d17f76d41072,1.0,field_missing,1,1,1.0,0.9991582247357977
family_b_001007_fine_grained_edit,f7a1d17f76d41072,1.0,fine_grained_edit,1,1,0.9902301005599794,0.9978753148756849
family_b_001008_coordinated_full_forgery,f7a1d17f76d41072,1.0,coordinated_full_forgery,1,1,0.8805639409936201,0.936786891779377
family_b_001009_visual_splice,f7a1d17f76d41072,1.0,visual_splice,1,1,0.834090448498539,0.8159745248308068
family_b_001010_visual_splice,f7a1d17f76d41072,1.0,visual_splice,1,1,0.7998388315476995,0.8508080486334635
family_b_001011_visual_splice,f7a1d17f76d41072,1.0,visual_splice,1,1,0.8350923888112262,0.8180223099950409
family_b_001034_genuine,44322a4bfb95e295,1.0,genuine,0,0,0.7439670428298257,0.6905656727418674
family_b_001035_text_qr_mismatch,44322a4bfb95e295,1.0,text_qr_mismatch,1,1,0.9952990427271371,0.9998019209194087
family_b_001036_qr_only_mismatch,44322a4bfb95e295,1.0,qr_only_mismatch,1,1,0.9935634870322094,0.9997146297404368
family_b_001037_checksum_invalid,44322a4bfb95e295,1.0,checksum_invalid,1,1,1.0,0.9996838332001707
family_b_001038_format_invalid,44322a4bfb95e295,1.0,format_invalid,1,1,1.0,0.9998249216208999
family_b_001039_field_missing,44322a4bfb95e295,1.0,field_missing,1,1,1.0,0.9994692992248801
family_b_001040_fine_grained_edit,44322a4bfb95e295,1.0,fine_grained_edit,1,1,0.9937177121593126,0.9994941645010135
family_b_001041_coordinated_full_forgery,44322a4bfb95e295,1.0,coordinated_full_forgery,1,1,0.8458082089163018,0.897281009421213
family_b_001042_visual_splice,44322a4bfb95e295,1.0,visual_splice,1,1,0.8257198931643466,0.8629342025701838
family_b_001043_visual_splice,44322a4bfb95e295,1.0,visual_splice,1,1,0.855633823197701,0.9417469143963064
family_b_001044_visual_splice,44322a4bfb95e295,1.0,visual_splice,1,1,0.8010704819045897,0.7910710427606478
family_b_001045_genuine,8c303721666e0dd0,1.0,genuine,0,0,0.7114061787972026,0.5609431832597228
family_b_001046_text_qr_mismatch,8c303721666e0dd0,1.0,text_qr_mismatch,1,1,0.9061927145742869,0.8809005094213318
family_b_001047_qr_only_mismatch,8c303721666e0dd0,1.0,qr_only_mismatch,1,1,0.9949140459736205,0.9990857297593356
family_b_001048_checksum_invalid,8c303721666e0dd0,1.0,checksum_invalid,1,1,0.9493874735789319,0.976201070957835
family_b_001049_format_invalid,8c303721666e0dd0,1.0,format_invalid,1,1,1.0,0.9997997709357944
family_b_001050_field_missing,8c303721666e0dd0,1.0,field_missing,1,1,1.0,0.9990823157948648
family_b_001051_fine_grained_edit,8c303721666e0dd0,1.0,fine_grained_edit,1,1,0.9945592431424779,0.9989147572695619
family_b_001052_coordinated_full_forgery,8c303721666e0dd0,1.0,coordinated_full_forgery,1,1,0.8485240551221104,0.8807609853477405
family_b_001053_visual_splice,8c303721666e0dd0,1.0,visual_splice,1,1,0.8025980903189754,0.8103418528020692
family_b_001054_visual_splice,8c303721666e0dd0,1.0,visual_splice,1,1,0.9402840793558168,0.8802650609314209
family_b_001055_visual_splice,8c303721666e0dd0,1.0,visual_splice,1,1,0.838873822406363,0.9472007575694227
family_b_001056_genuine,c62de1fee7134007,1.0,genuine,0,0,0.762832531669565,0.659669882908848
family_b_001057_text_qr_mismatch,c62de1fee7134007,1.0,text_qr_mismatch,1,1,0.9921379287345117,0.9993568434369268
family_b_001058_qr_only_mismatch,c62de1fee7134007,1.0,qr_only_mismatch,1,1,0.9935863267670915,0.9988013444903928
family_b_001059_checksum_invalid,c62de1fee7134007,1.0,checksum_invalid,1,1,0.999090909090909,0.9988947557580136
family_b_001060_format_invalid,c62de1fee7134007,1.0,format_invalid,1,1,0.9998809523809524,0.9997722775359663
family_b_001061_field_missing,c62de1fee7134007,1.0,field_missing,1,1,0.9999118942731278,0.9991602586271228
family_b_001062_fine_grained_edit,c62de1fee7134007,1.0,fine_grained_edit,1,1,0.9963918689620631,0.9993921238103153
family_b_001063_coordinated_full_forgery,c62de1fee7134007,1.0,coordinated_full_forgery,1,1,0.8379244246615372,0.8902016696442803
family_b_001064_visual_splice,c62de1fee7134007,1.0,visual_splice,1,1,0.8045629361180607,0.7632945470098293
family_b_001065_visual_splice,c62de1fee7134007,1.0,visual_splice,1,1,0.8328970447071476,0.900465302629978
family_b_001066_visual_splice,c62de1fee7134007,1.0,visual_splice,1,1,0.7545045473006334,0.7311267528868293
family_b_001067_genuine,6f2dbca16ca2ce96,1.0,genuine,0,0,0.7699988823751712,0.7429024697250538
family_b_001068_text_qr_mismatch,6f2dbca16ca2ce96,1.0,text_qr_mismatch,1,1,0.9959897563548148,0.9994755500356044
family_b_001069_qr_only_mismatch,6f2dbca16ca2ce96,1.0,qr_only_mismatch,1,1,0.9961562320593602,0.9996534969077797
family_b_001070_checksum_invalid,6f2dbca16ca2ce96,1.0,checksum_invalid,1,1,1.0,0.9997889909039276
family_b_001071_format_invalid,6f2dbca16ca2ce96,1.0,format_invalid,1,1,1.0,0.999665539682086
family_b_001072_field_missing,6f2dbca16ca2ce96,1.0,field_missing,1,1,1.0,0.9994500688700328
family_b_001073_fine_grained_edit,6f2dbca16ca2ce96,1.0,fine_grained_edit,1,1,0.9929247031121089,0.998475703744237
family_b_001074_coordinated_full_forgery,6f2dbca16ca2ce96,1.0,coordinated_full_forgery,1,1,0.8940360512107306,0.938428303161497
family_b_001075_visual_splice,6f2dbca16ca2ce96,1.0,visual_splice,1,1,0.8457352482511967,0.8883345919386684
family_b_001076_visual_splice,6f2dbca16ca2ce96,1.0,visual_splice,1,1,0.813717176634551,0.8785963647678579
family_b_001077_visual_splice,6f2dbca16ca2ce96,1.0,visual_splice,1,1,0.8083945422515053,0.8099443896952514
family_b_001078_genuine,1013103ec8210e53,1.0,genuine,0,0,0.7858842891626856,0.7017939793431686
family_b_001079_text_qr_mismatch,1013103ec8210e53,1.0,text_qr_mismatch,1,1,0.9974243828119649,0.9993759793659095
family_b_001080_qr_only_mismatch,1013103ec8210e53,1.0,qr_only_mismatch,1,1,0.9938582535645242,0.996747835372478
family_b_001081_checksum_invalid,1013103ec8210e53,1.0,checksum_invalid,1,1,0.9998648648648648,0.9995961164556674
family_b_001082_format_invalid,1013103ec8210e53,1.0,format_invalid,1,1,0.9999029126213592,0.9996317980490134
family_b_001083_field_missing,1013103ec8210e53,1.0,field_missing,1,1,0.9990295413319512,0.999595430484939
family_b_001084_fine_grained_edit,1013103ec8210e53,1.0,fine_grained_edit,1,1,0.9951768967664603,0.9995823281966764
family_b_001085_coordinated_full_forgery,1013103ec8210e53,1.0,coordinated_full_forgery,1,1,0.8803240461315854,0.658068378117861
family_b_001086_visual_splice,1013103ec8210e53,1.0,visual_splice,1,1,1.0,0.9993599411294273
family_b_001087_visual_splice,1013103ec8210e53,1.0,visual_splice,1,1,0.995,0.9993212062024011
family_b_001088_visual_splice,1013103ec8210e53,1.0,visual_splice,1,1,0.8564943351951435,0.9134315280032945
family_b_001089_genuine,0072e1fd0c929bd4,1.0,genuine,0,0,0.745899869371245,0.6558640163499562
family_b_001090_text_qr_mismatch,0072e1fd0c929bd4,1.0,text_qr_mismatch,1,1,0.9851155746134996,0.9983834727015304
family_b_001091_qr_only_mismatch,0072e1fd0c929bd4,1.0,qr_only_mismatch,1,1,0.9743798931195725,0.9996469484364716
family_b_001092_checksum_invalid,0072e1fd0c929bd4,1.0,checksum_invalid,1,1,0.9925,0.9992980600585635
family_b_001093_format_invalid,0072e1fd0c929bd4,1.0,format_invalid,1,1,1.0,0.9997202605401179
family_b_001094_field_missing,0072e1fd0c929bd4,1.0,field_missing,1,1,1.0,0.999476096313083
family_b_001095_fine_grained_edit,0072e1fd0c929bd4,1.0,fine_grained_edit,1,1,0.9800511818539194,0.9991048945683909
family_b_001096_coordinated_full_forgery,0072e1fd0c929bd4,1.0,coordinated_full_forgery,1,1,0.7927770276640738,0.8440435127294451
family_b_001097_visual_splice,0072e1fd0c929bd4,1.0,visual_splice,1,1,0.8567718520270127,0.9729358557221833
family_b_001098_visual_splice,0072e1fd0c929bd4,1.0,visual_splice,1,1,0.8046129828563916,0.8373451615875457
family_b_001099_visual_splice,0072e1fd0c929bd4,1.0,visual_splice,1,1,0.9999029126213592,0.999449043976717
family_b_001100_genuine,c3f20b2f0058332e,1.0,genuine,0,0,0.7268209685760278,0.6547683794308611
family_b_001101_text_qr_mismatch,c3f20b2f0058332e,1.0,text_qr_mismatch,1,1,0.9936735529994886,0.9995567120455009
family_b_001102_qr_only_mismatch,c3f20b2f0058332e,1.0,qr_only_mismatch,1,1,0.995119033497974,0.998887596398263
family_b_001103_checksum_invalid,c3f20b2f0058332e,1.0,checksum_invalid,1,1,0.9999029126213592,0.9992527403203801
family_b_001104_format_invalid,c3f20b2f0058332e,1.0,format_invalid,1,1,0.9933333333333333,0.9997059022160326
family_b_001105_field_missing,c3f20b2f0058332e,1.0,field_missing,1,1,0.995,0.9979403041306041
family_b_001106_fine_grained_edit,c3f20b2f0058332e,1.0,fine_grained_edit,1,1,0.9928627421886778,0.9992695917593324
family_b_001107_coordinated_full_forgery,c3f20b2f0058332e,1.0,coordinated_full_forgery,1,1,0.8006016892799761,0.8013317136651612
family_b_001108_visual_splice,c3f20b2f0058332e,1.0,visual_splice,1,1,0.9803333333333333,0.9991843939652371
family_b_001109_visual_splice,c3f20b2f0058332e,1.0,visual_splice,1,1,0.8332256262135554,0.8746417549870442
family_b_001110_visual_splice,c3f20b2f0058332e,1.0,visual_splice,1,1,0.9885863267670915,0.9996099317176075
family_b_001111_genuine,372866dd5c4bb518,1.0,genuine,0,0,0.6260975571853342,0.6460715631329507
family_b_001112_text_qr_mismatch,372866dd5c4bb518,1.0,text_qr_mismatch,1,1,0.9919932500424354,0.9994035359864295
family_b_001113_qr_only_mismatch,372866dd5c4bb518,1.0,qr_only_mismatch,1,1,0.9859044928956695,0.9985803924486285
family_b_001114_checksum_invalid,372866dd5c4bb518,1.0,checksum_invalid,1,1,1.0,0.9989445853082201
family_b_001115_format_invalid,372866dd5c4bb518,1.0,format_invalid,1,1,1.0,0.999818605004962
family_b_001116_field_missing,372866dd5c4bb518,1.0,field_missing,1,1,1.0,0.9993599781517475
family_b_001117_fine_grained_edit,372866dd5c4bb518,1.0,fine_grained_edit,1,1,0.994420742462343,0.9996321833365934
family_b_001118_coordinated_full_forgery,372866dd5c4bb518,1.0,coordinated_full_forgery,1,1,0.8815345020798641,0.9845151004014511
family_b_001119_visual_splice,372866dd5c4bb518,1.0,visual_splice,1,1,1.0,0.9995705317050805
family_b_001120_visual_splice,372866dd5c4bb518,1.0,visual_splice,1,1,0.7248473495961433,0.6706150133746496
family_b_001121_visual_splice,372866dd5c4bb518,1.0,visual_splice,1,1,0.8295947406395241,0.9659019038573887
family_b_001133_genuine,a351446b42846b50,1.0,genuine,0,0,0.7139740938571518,0.5501949620453754
family_b_001134_text_qr_mismatch,a351446b42846b50,1.0,text_qr_mismatch,1,1,0.9936735529994886,0.9995744020893227
family_b_001135_qr_only_mismatch,a351446b42846b50,1.0,qr_only_mismatch,1,1,0.9960002307601741,0.9991595202031107
family_b_001136_checksum_invalid,a351446b42846b50,1.0,checksum_invalid,1,1,1.0,0.9988294984120142
family_b_001137_format_invalid,a351446b42846b50,1.0,format_invalid,1,1,1.0,0.9996602829774831
family_b_001138_field_missing,a351446b42846b50,1.0,field_missing,1,1,1.0,0.9994846587602775
family_b_001139_fine_grained_edit,a351446b42846b50,1.0,fine_grained_edit,1,1,0.959434938426977,0.9811345799943697
family_b_001140_coordinated_full_forgery,a351446b42846b50,1.0,coordinated_full_forgery,1,1,0.8280501637849967,0.8570901329286493
family_b_001141_visual_splice,a351446b42846b50,1.0,visual_splice,1,1,0.9997222222222223,0.9990843389930929
family_b_001142_visual_splice,a351446b42846b50,1.0,visual_splice,1,1,0.8000095299825787,0.8304229985737307
family_b_001143_visual_splice,a351446b42846b50,1.0,visual_splice,1,1,0.7458415685706952,0.741362723500084
family_b_001144_genuine,d960732d4f2d70df,1.0,genuine,0,0,0.6823602482908698,0.5159031758477459
family_b_001145_text_qr_mismatch,d960732d4f2d70df,1.0,text_qr_mismatch,1,1,0.9944278531703199,0.9996627298618578
family_b_001146_qr_only_mismatch,d960732d4f2d70df,1.0,qr_only_mismatch,1,1,0.9980456199475154,0.9994682421894511
family_b_001147_checksum_invalid,d960732d4f2d70df,1.0,checksum_invalid,1,1,0.9994444444444445,0.9996686146809206
family_b_001148_format_invalid,d960732d4f2d70df,1.0,format_invalid,1,1,0.9996709567751335,0.9996969853201367
family_b_001149_field_missing,d960732d4f2d70df,1.0,field_missing,1,1,1.0,0.9993894097908022
family_b_001150_fine_grained_edit,d960732d4f2d70df,1.0,fine_grained_edit,1,1,0.9961078283118165,0.9996366298905355
family_b_001151_coordinated_full_forgery,d960732d4f2d70df,1.0,coordinated_full_forgery,1,1,0.8159095472769797,0.7871213152398336
family_b_001152_visual_splice,d960732d4f2d70df,1.0,visual_splice,1,1,0.8286829817901956,0.8738092943124286
family_b_001153_visual_splice,d960732d4f2d70df,1.0,visual_splice,1,1,0.7738770850162732,0.8295526710049275
family_b_001154_visual_splice,d960732d4f2d70df,1.0,visual_splice,1,1,0.8187143197002195,0.8191143909126222
family_b_001155_genuine,677039bcdf34f234,1.0,genuine,0,0,0.6923121760231037,0.5517117797674687
family_b_001156_text_qr_mismatch,677039bcdf34f234,1.0,text_qr_mismatch,1,1,0.9902575531770762,0.9995985067122046
family_b_001157_qr_only_mismatch,677039bcdf34f234,1.0,qr_only_mismatch,1,1,0.9965612462654715,0.9994787044654628
family_b_001158_checksum_invalid,677039bcdf34f234,1.0,checksum_invalid,1,1,1.0,0.9992124683891238
family_b_001159_format_invalid,677039bcdf34f234,1.0,format_invalid,1,1,0.995,0.9996984968991115
family_b_001160_field_missing,677039bcdf34f234,1.0,field_missing,1,1,1.0,0.9991419003705091
family_b_001161_fine_grained_edit,677039bcdf34f234,1.0,fine_grained_edit,1,1,0.9965650372858434,0.9996631795114027
family_b_001162_coordinated_full_forgery,677039bcdf34f234,1.0,coordinated_full_forgery,1,1,0.8602700574552894,0.946877766831076
family_b_001163_visual_splice,677039bcdf34f234,1.0,visual_splice,1,1,0.7795471727263191,0.6584051371238322
family_b_001164_visual_splice,677039bcdf34f234,1.0,visual_splice,1,1,0.9807142857142856,0.9982640835166428
family_b_001165_visual_splice,677039bcdf34f234,1.0,visual_splice,1,1,0.9937706403781292,0.9974996229238147
family_b_001166_genuine,7127aaf42992a522,1.0,genuine,0,0,0.7343404843660258,0.7140739928743932
family_b_001167_text_qr_mismatch,7127aaf42992a522,1.0,text_qr_mismatch,1,1,0.997651169250072,0.9995284382096522
family_b_001168_qr_only_mismatch,7127aaf42992a522,1.0,qr_only_mismatch,1,1,0.9839581737898625,0.9992769012720916
family_b_001169_checksum_invalid,7127aaf42992a522,1.0,checksum_invalid,1,1,1.0,0.9991245108811787
family_b_001170_format_invalid,7127aaf42992a522,1.0,format_invalid,1,1,1.0,0.9994352660720641
family_b_001171_field_missing,7127aaf42992a522,1.0,field_missing,1,1,1.0,0.9996078123852404
family_b_001172_fine_grained_edit,7127aaf42992a522,1.0,fine_grained_edit,1,1,0.9957959577967571,0.9992518393974239
family_b_001173_coordinated_full_forgery,7127aaf42992a522,1.0,coordinated_full_forgery,1,1,0.7726010370065122,0.7565852691580621
family_b_001174_visual_splice,7127aaf42992a522,1.0,visual_splice,1,1,0.8201823470004892,0.85217768404961
family_b_001175_visual_splice,7127aaf42992a522,1.0,visual_splice,1,1,0.7873418347178273,0.8489097690975027
family_b_001176_visual_splice,7127aaf42992a522,1.0,visual_splice,1,1,0.846525981379675,0.8565895588280381
family_b_001177_genuine,7cfdeb3c864b9b62,1.0,genuine,0,0,0.7570768118437282,0.7145630754406385
family_b_001178_text_qr_mismatch,7cfdeb3c864b9b62,1.0,text_qr_mismatch,1,1,0.9937706403781292,0.9993847142298238
family_b_001179_qr_only_mismatch,7cfdeb3c864b9b62,1.0,qr_only_mismatch,1,1,0.9975633383010432,0.9984652120170645
family_b_001180_checksum_invalid,7cfdeb3c864b9b62,1.0,checksum_invalid,1,1,0.9996709567751335,0.99950254645982
family_b_001181_format_invalid,7cfdeb3c864b9b62,1.0,format_invalid,1,1,1.0,0.9994516294795456
family_b_001182_field_missing,7cfdeb3c864b9b62,1.0,field_missing,1,1,0.9030833408709568,0.9774742150542602
family_b_001183_fine_grained_edit,7cfdeb3c864b9b62,1.0,fine_grained_edit,1,1,0.9952351039841552,0.9995519572925119
family_b_001184_coordinated_full_forgery,7cfdeb3c864b9b62,1.0,coordinated_full_forgery,1,1,0.7967098859806575,0.844574062686824
family_b_001185_visual_splice,7cfdeb3c864b9b62,1.0,visual_splice,1,1,0.8395258186564954,0.9359278798864598
family_b_001186_visual_splice,7cfdeb3c864b9b62,1.0,visual_splice,1,1,0.807694545587845,0.8181298191463753
family_b_001187_visual_splice,7cfdeb3c864b9b62,1.0,visual_splice,1,1,0.8897550071141761,0.9740581706205932
family_b_001199_genuine,f487c2505b920799,1.0,genuine,0,0,0.6678937848175214,0.6514393362433615
family_b_001200_text_qr_mismatch,f487c2505b920799,1.0,text_qr_mismatch,1,1,0.9881922282369657,0.9992719105079956
family_b_001201_qr_only_mismatch,f487c2505b920799,1.0,qr_only_mismatch,1,1,0.9745088772680462,0.9974052262859726
family_b_001202_checksum_invalid,f487c2505b920799,1.0,checksum_invalid,1,1,0.9938034188034187,0.9989073493403618
family_b_001203_format_invalid,f487c2505b920799,1.0,format_invalid,1,1,0.9998809523809524,0.9997422260333962
family_b_001204_field_missing,f487c2505b920799,1.0,field_missing,1,1,0.9930820399113081,0.999628518970883
family_b_001205_fine_grained_edit,f487c2505b920799,1.0,fine_grained_edit,1,1,0.985097013682842,0.9993398687741765
family_b_001206_coordinated_full_forgery,f487c2505b920799,1.0,coordinated_full_forgery,1,1,0.8296663159773194,0.8325012630967767
family_b_001207_visual_splice,f487c2505b920799,1.0,visual_splice,1,1,0.9791677355504214,0.9942374097770187
family_b_001208_visual_splice,f487c2505b920799,1.0,visual_splice,1,1,0.9855228758169935,0.9988190361102328
family_b_001209_visual_splice,f487c2505b920799,1.0,visual_splice,1,1,0.7355644954774935,0.6708904050262497
family_b_001232_genuine,8f3e29b2b93834cf,1.0,genuine,0,0,0.7581239732246747,0.609864646323743
family_b_001233_text_qr_mismatch,8f3e29b2b93834cf,1.0,text_qr_mismatch,1,1,0.9980239789870303,0.9992002970194644
family_b_001234_qr_only_mismatch,8f3e29b2b93834cf,1.0,qr_only_mismatch,1,1,0.9866793500229055,0.9991736029010433
family_b_001235_checksum_invalid,8f3e29b2b93834cf,1.0,checksum_invalid,1,1,1.0,0.9996761605326918
family_b_001236_format_invalid,8f3e29b2b93834cf,1.0,format_invalid,1,1,1.0,0.9996217753036798
family_b_001237_field_missing,8f3e29b2b93834cf,1.0,field_missing,1,1,0.9937706403781292,0.9992276391675342
family_b_001238_fine_grained_edit,8f3e29b2b93834cf,1.0,fine_grained_edit,1,1,0.9937177121593126,0.9991841829141531
family_b_001239_coordinated_full_forgery,8f3e29b2b93834cf,1.0,coordinated_full_forgery,1,1,0.8254979903215623,0.8499795103431224
family_b_001240_visual_splice,8f3e29b2b93834cf,1.0,visual_splice,1,1,0.9997222222222223,0.9982386543372306
family_b_001241_visual_splice,8f3e29b2b93834cf,1.0,visual_splice,1,1,0.7296879257865089,0.6788566406757776
family_b_001242_visual_splice,8f3e29b2b93834cf,1.0,visual_splice,1,1,0.9930070692294345,0.9990415059760076
family_b_001243_genuine,1371ca1c105435e1,1.0,genuine,0,0,0.7200451270338994,0.3454444841339495
family_b_001244_text_qr_mismatch,1371ca1c105435e1,1.0,text_qr_mismatch,1,1,0.995118971278194,0.9988375057514843
family_b_001245_qr_only_mismatch,1371ca1c105435e1,1.0,qr_only_mismatch,1,1,0.9948852839551521,0.9994764105505751
family_b_001246_checksum_invalid,1371ca1c105435e1,1.0,checksum_invalid,1,1,1.0,0.9994601490806956
family_b_001247_format_invalid,1371ca1c105435e1,1.0,format_invalid,1,1,0.9966666666666667,0.9996047252124536
family_b_001248_field_missing,1371ca1c105435e1,1.0,field_missing,1,1,0.9875,0.9988214658662634
family_b_001249_fine_grained_edit,1371ca1c105435e1,1.0,fine_grained_edit,1,1,0.9695268953682166,0.991952884453313
family_b_001250_coordinated_full_forgery,1371ca1c105435e1,1.0,coordinated_full_forgery,1,1,0.8229426122176912,0.8974457375551004
family_b_001251_visual_splice,1371ca1c105435e1,1.0,visual_splice,1,1,0.8493548171028444,0.9509761889641802
family_b_001252_visual_splice,1371ca1c105435e1,1.0,visual_splice,1,1,0.7587725400345061,0.707483785481073
family_b_001253_visual_splice,1371ca1c105435e1,1.0,visual_splice,1,1,0.8608770049253419,0.915522219737288
family_b_001254_genuine,ca78a480c2623eb2,1.0,genuine,0,0,0.5126564090754888,0.26253568667806937
family_b_001255_text_qr_mismatch,ca78a480c2623eb2,1.0,text_qr_mismatch,1,1,0.993682534651257,0.9994214455393259
family_b_001256_qr_only_mismatch,ca78a480c2623eb2,1.0,qr_only_mismatch,1,1,0.9933822451344385,0.9991620258669652
family_b_001257_checksum_invalid,ca78a480c2623eb2,1.0,checksum_invalid,1,1,0.9899295774647888,0.9997060810738956
family_b_001258_format_invalid,ca78a480c2623eb2,1.0,format_invalid,1,1,1.0,0.9996639333029775
family_b_001259_field_missing,ca78a480c2623eb2,1.0,field_missing,1,1,0.9999118942731278,0.9993068064286875
family_b_001260_fine_grained_edit,ca78a480c2623eb2,1.0,fine_grained_edit,1,1,0.9960438641385144,0.9996201023596865
family_b_001261_coordinated_full_forgery,ca78a480c2623eb2,1.0,coordinated_full_forgery,1,1,0.8214161883739307,0.8389639841035884
family_b_001262_visual_splice,ca78a480c2623eb2,1.0,visual_splice,1,1,0.8581458061097635,0.9107440705152382
family_b_001263_visual_splice,ca78a480c2623eb2,1.0,visual_splice,1,1,0.9942276124817505,0.9995145359248657
family_b_001264_visual_splice,ca78a480c2623eb2,1.0,visual_splice,1,1,0.9975254654741472,0.999365714784398
family_b_001265_genuine,704a824b9c2c4bed,1.0,genuine,0,0,0.6510184729064039,0.1723740435802752
family_b_001266_text_qr_mismatch,704a824b9c2c4bed,1.0,text_qr_mismatch,1,1,0.9608903508771928,0.9980880295748482
family_b_001267_qr_only_mismatch,704a824b9c2c4bed,1.0,qr_only_mismatch,1,1,0.9963023403989625,0.9990614693548112
family_b_001268_checksum_invalid,704a824b9c2c4bed,1.0,checksum_invalid,1,1,0.9997499999999999,0.9983973833121241
family_b_001269_format_invalid,704a824b9c2c4bed,1.0,format_invalid,1,1,0.94678028838825,0.9809575666782504
family_b_001270_field_missing,704a824b9c2c4bed,1.0,field_missing,1,1,0.9736666666666666,0.9980482180591531
family_b_001271_fine_grained_edit,704a824b9c2c4bed,1.0,fine_grained_edit,1,1,0.9408333333333334,0.9799933753666821
family_b_001272_coordinated_full_forgery,704a824b9c2c4bed,1.0,coordinated_full_forgery,1,1,0.7798968594969813,0.8540991101966601
family_b_001273_visual_splice,704a824b9c2c4bed,1.0,visual_splice,1,1,1.0,0.9992010902557716
family_b_001274_visual_splice,704a824b9c2c4bed,1.0,visual_splice,1,1,0.976952380952381,0.9975289500990949
family_b_001275_visual_splice,704a824b9c2c4bed,1.0,visual_splice,1,1,0.9207142857142858,0.9796187931594886
family_b_001276_genuine,707d1d3c0b6f45aa,1.0,genuine,0,0,0.7259087414350297,0.7547134098121635
family_b_001277_text_qr_mismatch,707d1d3c0b6f45aa,1.0,text_qr_mismatch,1,1,0.9957542264750326,0.998723828292275
family_b_001278_qr_only_mismatch,707d1d3c0b6f45aa,1.0,qr_only_mismatch,1,1,0.9993698450039946,0.9994512236187448
family_b_001279_checksum_invalid,707d1d3c0b6f45aa,1.0,checksum_invalid,1,1,0.9965695792880258,0.9996998021060887
family_b_001280_format_invalid,707d1d3c0b6f45aa,1.0,format_invalid,1,1,0.99,0.9995277285152372
family_b_001281_field_missing,707d1d3c0b6f45aa,1.0,field_missing,1,1,1.0,0.9992979728657678
family_b_001282_fine_grained_edit,707d1d3c0b6f45aa,1.0,fine_grained_edit,1,1,0.9944845682338408,0.9994216719425026
family_b_001283_coordinated_full_forgery,707d1d3c0b6f45aa,1.0,coordinated_full_forgery,1,1,0.8306548573137772,0.7091186009834114
family_b_001284_visual_splice,707d1d3c0b6f45aa,1.0,visual_splice,1,1,0.8517276487661114,0.9252755927918056
family_b_001285_visual_splice,707d1d3c0b6f45aa,1.0,visual_splice,1,1,0.7820899852894745,0.7774620217606183
family_b_001286_visual_splice,707d1d3c0b6f45aa,1.0,visual_splice,1,1,0.995,0.9992155704048745
family_b_001309_genuine,4131699894ea9a7b,1.0,genuine,0,0,0.7438450443523676,0.6241309179785687
family_b_001310_text_qr_mismatch,4131699894ea9a7b,1.0,text_qr_mismatch,1,1,0.983745069119789,0.9994637254765159
family_b_001311_qr_only_mismatch,4131699894ea9a7b,1.0,qr_only_mismatch,1,1,0.9949472260265121,0.9988816837062549
family_b_001312_checksum_invalid,4131699894ea9a7b,1.0,checksum_invalid,1,1,0.9933333333333334,0.9996772802667789
family_b_001313_format_invalid,4131699894ea9a7b,1.0,format_invalid,1,1,1.0,0.9995268200148699
family_b_001314_field_missing,4131699894ea9a7b,1.0,field_missing,1,1,1.0,0.999425394856596
family_b_001315_fine_grained_edit,4131699894ea9a7b,1.0,fine_grained_edit,1,1,0.9957345682338408,0.998933732064078
family_b_001316_coordinated_full_forgery,4131699894ea9a7b,1.0,coordinated_full_forgery,1,1,0.6974111924118744,0.7419905628282478
family_b_001317_visual_splice,4131699894ea9a7b,1.0,visual_splice,1,1,0.7823706575470727,0.7660341629627629
family_b_001318_visual_splice,4131699894ea9a7b,1.0,visual_splice,1,1,0.7608836325766154,0.7620585718854337
family_b_001319_visual_splice,4131699894ea9a7b,1.0,visual_splice,1,1,0.8659828963271589,0.8777326518879848
family_b_001331_genuine,a005e0f5afc48b41,1.0,genuine,0,0,0.6313584517651126,0.35768522414351517
family_b_001332_text_qr_mismatch,a005e0f5afc48b41,1.0,text_qr_mismatch,1,1,0.9936735529994886,0.9995772502404624
family_b_001333_qr_only_mismatch,a005e0f5afc48b41,1.0,qr_only_mismatch,1,1,0.983908308560752,0.9982731305612879
family_b_001334_checksum_invalid,a005e0f5afc48b41,1.0,checksum_invalid,1,1,0.9685259626808771,0.9739544127639479
family_b_001335_format_invalid,a005e0f5afc48b41,1.0,format_invalid,1,1,0.9390847189393137,0.9674022703719936
family_b_001336_field_missing,a005e0f5afc48b41,1.0,field_missing,1,1,0.9994690265486725,0.9990293751982527
family_b_001337_fine_grained_edit,a005e0f5afc48b41,1.0,fine_grained_edit,1,1,0.9517077653169153,0.8916448399139509
family_b_001338_coordinated_full_forgery,a005e0f5afc48b41,1.0,coordinated_full_forgery,1,1,0.8647229991834297,0.9268843361957927
family_b_001339_visual_splice,a005e0f5afc48b41,1.0,visual_splice,1,1,0.9400056905796371,0.928272184779307
family_b_001340_visual_splice,a005e0f5afc48b41,1.0,visual_splice,1,1,0.8209131814674154,0.8711227330118144
family_b_001341_visual_splice,a005e0f5afc48b41,1.0,visual_splice,1,1,0.9489542295405551,0.9750192749546555
family_b_001342_genuine,339ff247f996a341,1.0,genuine,0,0,0.6518948756918577,0.5180636756215783
family_b_001343_text_qr_mismatch,339ff247f996a341,1.0,text_qr_mismatch,1,1,0.9912857322666869,0.9983559426584048
family_b_001344_qr_only_mismatch,339ff247f996a341,1.0,qr_only_mismatch,1,1,0.9976859716161631,0.999773467415253
family_b_001345_checksum_invalid,339ff247f996a341,1.0,checksum_invalid,1,1,1.0,0.9997369377038139
family_b_001346_format_invalid,339ff247f996a341,1.0,format_invalid,1,1,1.0,0.9996209496878037
family_b_001347_field_missing,339ff247f996a341,1.0,field_missing,1,1,1.0,0.9994617505805603
family_b_001348_fine_grained_edit,339ff247f996a341,1.0,fine_grained_edit,1,1,0.9979822451344385,0.9994234943336081
family_b_001349_coordinated_full_forgery,339ff247f996a341,1.0,coordinated_full_forgery,1,1,0.8235502565169759,0.7995326271842488
family_b_001350_visual_splice,339ff247f996a341,1.0,visual_splice,1,1,0.8224847367652178,0.852710282174538
family_b_001351_visual_splice,339ff247f996a341,1.0,visual_splice,1,1,0.8810678726709638,0.9565689521834291
family_b_001352_visual_splice,339ff247f996a341,1.0,visual_splice,1,1,0.861404570292721,0.888608605236929
family_b_001353_genuine,85bbaf3e2b8d7dfb,1.0,genuine,0,0,0.7039851225538948,0.5660766188661245
family_b_001354_text_qr_mismatch,85bbaf3e2b8d7dfb,1.0,text_qr_mismatch,1,1,0.9922131644972539,0.9981856719862746
family_b_001355_qr_only_mismatch,85bbaf3e2b8d7dfb,1.0,qr_only_mismatch,1,1,0.9970539406741841,0.999411030984509
family_b_001356_checksum_invalid,85bbaf3e2b8d7dfb,1.0,checksum_invalid,1,1,1.0,0.9997035421134934
family_b_001357_format_invalid,85bbaf3e2b8d7dfb,1.0,format_invalid,1,1,1.0,0.9995944380447337
family_b_001358_field_missing,85bbaf3e2b8d7dfb,1.0,field_missing,1,1,0.9775385160728919,0.996035543032805
family_b_001359_fine_grained_edit,85bbaf3e2b8d7dfb,1.0,fine_grained_edit,1,1,0.9929598295673184,0.9991697778653053
family_b_001360_coordinated_full_forgery,85bbaf3e2b8d7dfb,1.0,coordinated_full_forgery,1,1,0.8858018149678688,0.9339468656413238
family_b_001361_visual_splice,85bbaf3e2b8d7dfb,1.0,visual_splice,1,1,0.7792253898833954,0.7369339532346659
family_b_001362_visual_splice,85bbaf3e2b8d7dfb,1.0,visual_splice,1,1,1.0,0.9986457288776475
family_b_001363_visual_splice,85bbaf3e2b8d7dfb,1.0,visual_splice,1,1,0.8187059080905099,0.7756457108529174
family_b_001364_genuine,e9ec888c8dd08202,1.0,genuine,0,0,0.6351666666666667,0.13661384245252065
family_b_001365_text_qr_mismatch,e9ec888c8dd08202,1.0,text_qr_mismatch,1,1,0.8487209737827716,0.9965835493344504
family_b_001366_qr_only_mismatch,e9ec888c8dd08202,1.0,qr_only_mismatch,1,1,0.9956196468216283,0.9995407389060528
family_b_001367_checksum_invalid,e9ec888c8dd08202,1.0,checksum_invalid,1,1,0.9525545535854054,0.991952227205737
family_b_001368_format_invalid,e9ec888c8dd08202,1.0,format_invalid,1,1,0.9222061983471075,0.9642989010105073
family_b_001369_field_missing,e9ec888c8dd08202,1.0,field_missing,1,1,0.9966666666666667,0.9985152195376367
family_b_001370_fine_grained_edit,e9ec888c8dd08202,1.0,fine_grained_edit,1,1,0.9725252837692131,0.9892145539046628
family_b_001371_coordinated_full_forgery,e9ec888c8dd08202,1.0,coordinated_full_forgery,1,1,0.803082956624701,0.7549175249741673
family_b_001372_visual_splice,e9ec888c8dd08202,1.0,visual_splice,1,1,0.8747209737827716,0.9894664932853208
family_b_001373_visual_splice,e9ec888c8dd08202,1.0,visual_splice,1,1,0.936,0.9894130333426553
family_b_001374_visual_splice,e9ec888c8dd08202,1.0,visual_splice,1,1,0.987304347826087,0.9978183512962978
family_b_001375_genuine,4a5eb724f646177d,1.0,genuine,0,0,0.56034126984127,0.1771726767522721
family_b_001376_text_qr_mismatch,4a5eb724f646177d,1.0,text_qr_mismatch,1,1,0.9900099354274658,0.9989502871156194
family_b_001377_qr_only_mismatch,4a5eb724f646177d,1.0,qr_only_mismatch,1,1,0.990437307044796,0.9992846559971139
family_b_001378_checksum_invalid,4a5eb724f646177d,1.0,checksum_invalid,1,1,1.0,0.9991148896426837
family_b_001379_format_invalid,4a5eb724f646177d,1.0,format_invalid,1,1,1.0,0.9995191957495573
family_b_001380_field_missing,4a5eb724f646177d,1.0,field_missing,1,1,0.926660936367296,0.9349553252701066
family_b_001381_fine_grained_edit,4a5eb724f646177d,1.0,fine_grained_edit,1,1,0.9937706403781292,0.999446566159324
family_b_001382_coordinated_full_forgery,4a5eb724f646177d,1.0,coordinated_full_forgery,1,1,0.8354449558945308,0.9023052573217742
family_b_001383_visual_splice,4a5eb724f646177d,1.0,visual_splice,1,1,0.9698978535071674,0.9957091563264263
family_b_001384_visual_splice,4a5eb724f646177d,1.0,visual_splice,1,1,0.9853043478260869,0.9954330074371125
family_b_001385_visual_splice,4a5eb724f646177d,1.0,visual_splice,1,1,0.7963788788664593,0.8567906987043636
family_b_001386_genuine,72476bf1bfd311d1,1.0,genuine,0,0,0.599907987018666,0.3094547604502636
family_b_001387_text_qr_mismatch,72476bf1bfd311d1,1.0,text_qr_mismatch,1,1,0.9985863267670915,0.9995514297883523
family_b_001388_qr_only_mismatch,72476bf1bfd311d1,1.0,qr_only_mismatch,1,1,0.9929112340808764,0.9987991102928307
family_b_001389_checksum_invalid,72476bf1bfd311d1,1.0,checksum_invalid,1,1,1.0,0.9995458713002318
family_b_001390_format_invalid,72476bf1bfd311d1,1.0,format_invalid,1,1,1.0,0.999618442311264
family_b_001391_field_missing,72476bf1bfd311d1,1.0,field_missing,1,1,1.0,0.9992826015842353
family_b_001392_fine_grained_edit,72476bf1bfd311d1,1.0,fine_grained_edit,1,1,0.9919196601004248,0.9993036786906823
family_b_001393_coordinated_full_forgery,72476bf1bfd311d1,1.0,coordinated_full_forgery,1,1,0.7936347146086643,0.8933533389034898
family_b_001394_visual_splice,72476bf1bfd311d1,1.0,visual_splice,1,1,0.7552337087091439,0.7672965133906201
family_b_001395_visual_splice,72476bf1bfd311d1,1.0,visual_splice,1,1,0.8345590441800808,0.8131325512536874
family_b_001396_visual_splice,72476bf1bfd311d1,1.0,visual_splice,1,1,0.8173660290014304,0.8760052913857733
family_b_001408_genuine,d90c3207cf0c33fb,1.0,genuine,0,0,0.7226698290378821,0.4766356444547392
family_b_001409_text_qr_mismatch,d90c3207cf0c33fb,1.0,text_qr_mismatch,1,1,0.9923497143408909,0.9991776241407452
family_b_001410_qr_only_mismatch,d90c3207cf0c33fb,1.0,qr_only_mismatch,1,1,0.9996875,0.9956009749954754
family_b_001411_checksum_invalid,d90c3207cf0c33fb,1.0,checksum_invalid,1,1,1.0,0.9996966081921275
family_b_001412_format_invalid,d90c3207cf0c33fb,1.0,format_invalid,1,1,0.9999029126213592,0.9997035648770738
family_b_001413_field_missing,d90c3207cf0c33fb,1.0,field_missing,1,1,0.995,0.9996455051122916
family_b_001414_fine_grained_edit,d90c3207cf0c33fb,1.0,fine_grained_edit,1,1,0.9973535773300988,0.9994120589849841
family_b_001415_coordinated_full_forgery,d90c3207cf0c33fb,1.0,coordinated_full_forgery,1,1,0.8176448182080105,0.8452135667466788
family_b_001416_visual_splice,d90c3207cf0c33fb,1.0,visual_splice,1,1,0.7755432100712131,0.8511682634042211
family_b_001417_visual_splice,d90c3207cf0c33fb,1.0,visual_splice,1,1,0.8344144991456665,0.9025131208629592
family_b_001418_visual_splice,d90c3207cf0c33fb,1.0,visual_splice,1,1,0.7840216290457463,0.8595966407121415
family_b_001441_genuine,70ba236dd7c55dcf,1.0,genuine,0,0,0.5230070028011204,0.21961748419494517
family_b_001442_text_qr_mismatch,70ba236dd7c55dcf,1.0,text_qr_mismatch,1,1,0.9877494734679202,0.9962335475061479
family_b_001443_qr_only_mismatch,70ba236dd7c55dcf,1.0,qr_only_mismatch,1,1,0.987847633222353,0.9991779919886469
family_b_001444_checksum_invalid,70ba236dd7c55dcf,1.0,checksum_invalid,1,1,1.0,0.9995901462316754
family_b_001445_format_invalid,70ba236dd7c55dcf,1.0,format_invalid,1,1,1.0,0.9997094819146068
family_b_001446_field_missing,70ba236dd7c55dcf,1.0,field_missing,1,1,0.9891666666666665,0.9984021113323026
family_b_001447_fine_grained_edit,70ba236dd7c55dcf,1.0,fine_grained_edit,1,1,0.9925679398215976,0.9903750947845381
family_b_001448_coordinated_full_forgery,70ba236dd7c55dcf,1.0,coordinated_full_forgery,1,1,0.9546030686275349,0.9308508640912005
family_b_001449_visual_splice,70ba236dd7c55dcf,1.0,visual_splice,1,1,0.9591209454933824,0.9666260704402276
family_b_001450_visual_splice,70ba236dd7c55dcf,1.0,visual_splice,1,1,0.9863050290234757,0.9857242216651606
family_b_001451_visual_splice,70ba236dd7c55dcf,1.0,visual_splice,1,1,0.9586710239651416,0.9828553613366687
family_b_001452_genuine,ed6f89ae131150ad,1.0,genuine,0,0,0.6260750578664969,0.4214366899521533
family_b_001453_text_qr_mismatch,ed6f89ae131150ad,1.0,text_qr_mismatch,1,1,0.9988427326352867,0.9995446924692512
family_b_001454_qr_only_mismatch,ed6f89ae131150ad,1.0,qr_only_mismatch,1,1,0.9906478081502783,0.9989233510237974
family_b_001455_checksum_invalid,ed6f89ae131150ad,1.0,checksum_invalid,1,1,1.0,0.999701275824834
family_b_001456_format_invalid,ed6f89ae131150ad,1.0,format_invalid,1,1,0.9999295774647888,0.9998635707584784
family_b_001457_field_missing,ed6f89ae131150ad,1.0,field_missing,1,1,0.9748414717379164,0.9997602363275493
family_b_001458_fine_grained_edit,ed6f89ae131150ad,1.0,fine_grained_edit,1,1,0.9954315379308105,0.9995976981436224
family_b_001459_coordinated_full_forgery,ed6f89ae131150ad,1.0,coordinated_full_forgery,1,1,0.8231208038670067,0.8140174694843969
family_b_001460_visual_splice,ed6f89ae131150ad,1.0,visual_splice,1,1,0.842425105210359,0.8765323075185288
family_b_001461_visual_splice,ed6f89ae131150ad,1.0,visual_splice,1,1,0.8276407327651808,0.7536644478298548
family_b_001462_visual_splice,ed6f89ae131150ad,1.0,visual_splice,1,1,0.7992369080051397,0.8600072218228435
family_b_001463_genuine,b9278446ff2169fa,1.0,genuine,0,0,0.7397986619131135,0.7414128277779028
family_b_001464_text_qr_mismatch,b9278446ff2169fa,1.0,text_qr_mismatch,1,1,0.9930070692294345,0.9992454035295736
family_b_001465_qr_only_mismatch,b9278446ff2169fa,1.0,qr_only_mismatch,1,1,0.910633286330749,0.8422785320047386
family_b_001466_checksum_invalid,b9278446ff2169fa,1.0,checksum_invalid,1,1,1.0,0.9995697961674938
family_b_001467_format_invalid,b9278446ff2169fa,1.0,format_invalid,1,1,1.0,0.9996519771320008
family_b_001468_field_missing,b9278446ff2169fa,1.0,field_missing,1,1,0.9866666666666666,0.9993062470847257
family_b_001469_fine_grained_edit,b9278446ff2169fa,1.0,fine_grained_edit,1,1,0.9981708848879144,0.9981031019472005
family_b_001470_coordinated_full_forgery,b9278446ff2169fa,1.0,coordinated_full_forgery,1,1,0.8118743829574048,0.8936947067384495
family_b_001471_visual_splice,b9278446ff2169fa,1.0,visual_splice,1,1,0.8101935343370116,0.8651810388920433
family_b_001472_visual_splice,b9278446ff2169fa,1.0,visual_splice,1,1,0.8455125874535796,0.8552489002114328
family_b_001473_visual_splice,b9278446ff2169fa,1.0,visual_splice,1,1,0.8546399342226257,0.8537682083351046
family_b_001485_genuine,525e400bb2f9e06e,1.0,genuine,0,0,0.7090232589340763,0.6608615542685964
family_b_001486_text_qr_mismatch,525e400bb2f9e06e,1.0,text_qr_mismatch,1,1,0.995893464320592,0.9993620443640129
family_b_001487_qr_only_mismatch,525e400bb2f9e06e,1.0,qr_only_mismatch,1,1,0.9797345682338409,0.9987171314931977
family_b_001488_checksum_invalid,525e400bb2f9e06e,1.0,checksum_invalid,1,1,0.9997944423296536,0.9997497822319417
family_b_001489_format_invalid,525e400bb2f9e06e,1.0,format_invalid,1,1,0.9985962441314554,0.9996054011602156
family_b_001490_field_missing,525e400bb2f9e06e,1.0,field_missing,1,1,0.9999118942731278,0.9990675340820425
family_b_001491_fine_grained_edit,525e400bb2f9e06e,1.0,fine_grained_edit,1,1,0.9947892876420394,0.9995426522734607
family_b_001492_coordinated_full_forgery,525e400bb2f9e06e,1.0,coordinated_full_forgery,1,1,0.791771489015673,0.8024515122336559
family_b_001493_visual_splice,525e400bb2f9e06e,1.0,visual_splice,1,1,0.7782340630252463,0.8009025482868045
family_b_001494_visual_splice,525e400bb2f9e06e,1.0,visual_splice,1,1,0.8663860022315386,0.8939939053438197
family_b_001495_visual_splice,525e400bb2f9e06e,1.0,visual_splice,1,1,0.836734590578532,0.8718332049187526
family_b_001496_genuine,b7b144075aaed857,1.0,genuine,0,0,0.7219577935716798,0.5987233678910241
family_b_001497_text_qr_mismatch,b7b144075aaed857,1.0,text_qr_mismatch,1,1,0.9930070692294345,0.9990784387776485
family_b_001498_qr_only_mismatch,b7b144075aaed857,1.0,qr_only_mismatch,1,1,0.9137917881696014,0.8948038890967461
family_b_001499_checksum_invalid,b7b144075aaed857,1.0,checksum_invalid,1,1,0.9999295774647888,0.9997636195067529
family_b_001500_format_invalid,b7b144075aaed857,1.0,format_invalid,1,1,0.9999029126213592,0.999711574191353
family_b_001501_field_missing,b7b144075aaed857,1.0,field_missing,1,1,1.0,0.9991824308062922
family_b_001502_fine_grained_edit,b7b144075aaed857,1.0,fine_grained_edit,1,1,0.9949167565586606,0.9994776272530961
family_b_001503_coordinated_full_forgery,b7b144075aaed857,1.0,coordinated_full_forgery,1,1,0.8462704571926061,0.8771671306466783
family_b_001504_visual_splice,b7b144075aaed857,1.0,visual_splice,1,1,0.7899419133397753,0.7971634002435957
family_b_001505_visual_splice,b7b144075aaed857,1.0,visual_splice,1,1,0.8284522072748338,0.8815795490535598
family_b_001506_visual_splice,b7b144075aaed857,1.0,visual_splice,1,1,0.7891443658230604,0.8404198845274348
family_b_001507_genuine,0df18a1eef8e0437,1.0,genuine,0,0,0.7788444366980426,0.6979274619518803
family_b_001508_text_qr_mismatch,0df18a1eef8e0437,1.0,text_qr_mismatch,1,1,0.9974949566404436,0.9995535348919267
family_b_001509_qr_only_mismatch,0df18a1eef8e0437,1.0,qr_only_mismatch,1,1,0.9840429284053959,0.9990536828943347
family_b_001510_checksum_invalid,0df18a1eef8e0437,1.0,checksum_invalid,1,1,1.0,0.9994190355142089
family_b_001511_format_invalid,0df18a1eef8e0437,1.0,format_invalid,1,1,0.9999029126213592,0.9997392765579034
family_b_001512_field_missing,0df18a1eef8e0437,1.0,field_missing,1,1,0.9725,0.9930684626352305
family_b_001513_fine_grained_edit,0df18a1eef8e0437,1.0,fine_grained_edit,1,1,0.9932552426667948,0.9992462066133735
family_b_001514_coordinated_full_forgery,0df18a1eef8e0437,1.0,coordinated_full_forgery,1,1,0.8138518921163574,0.781472861065836
family_b_001515_visual_splice,0df18a1eef8e0437,1.0,visual_splice,1,1,0.8142482945230759,0.9288345527918518
family_b_001516_visual_splice,0df18a1eef8e0437,1.0,visual_splice,1,1,0.8005477220139136,0.7397440963279551
family_b_001517_visual_splice,0df18a1eef8e0437,1.0,visual_splice,1,1,0.7665075866076669,0.8068332726477632
family_b_001518_genuine,c3f2860741bc5817,1.0,genuine,0,0,0.6015246806039489,0.1570211379660203
family_b_001519_text_qr_mismatch,c3f2860741bc5817,1.0,text_qr_mismatch,1,1,0.9929598295673184,0.9994849090832404
family_b_001520_qr_only_mismatch,c3f2860741bc5817,1.0,qr_only_mismatch,1,1,0.9982487380942053,0.9996781764121709
family_b_001521_checksum_invalid,c3f2860741bc5817,1.0,checksum_invalid,1,1,0.9949295774647888,0.99928772854729
family_b_001522_format_invalid,c3f2860741bc5817,1.0,format_invalid,1,1,0.9581666666666666,0.9924135563153744
family_b_001523_field_missing,c3f2860741bc5817,1.0,field_missing,1,1,0.8531437282229966,0.9923861732963789
family_b_001524_fine_grained_edit,c3f2860741bc5817,1.0,fine_grained_edit,1,1,0.9980116173760969,0.9934778288565773
family_b_001525_coordinated_full_forgery,c3f2860741bc5817,1.0,coordinated_full_forgery,1,1,0.8025226155221445,0.8981411223703184
family_b_001526_visual_splice,c3f2860741bc5817,1.0,visual_splice,1,1,0.8125586661505259,0.9109104607657014
family_b_001527_visual_splice,c3f2860741bc5817,1.0,visual_splice,1,1,0.7930226947549004,0.8689522979169819
family_b_001528_visual_splice,c3f2860741bc5817,1.0,visual_splice,1,1,0.9985365853658535,0.9957457874272153
family_b_001529_genuine,f911843ffae4b358,1.0,genuine,0,0,0.7219716878945757,0.7321781180562966
family_b_001530_text_qr_mismatch,f911843ffae4b358,1.0,text_qr_mismatch,1,1,0.999528373266078,0.999586779134135
family_b_001531_qr_only_mismatch,f911843ffae4b358,1.0,qr_only_mismatch,1,1,0.996372054575002,0.9993261196077874
family_b_001532_checksum_invalid,f911843ffae4b358,1.0,checksum_invalid,1,1,1.0,0.9997033849442587
family_b_001533_format_invalid,f911843ffae4b358,1.0,format_invalid,1,1,0.9998105298457411,0.9997090646907678
family_b_001534_field_missing,f911843ffae4b358,1.0,field_missing,1,1,0.9996341164953501,0.9992210142786411
family_b_001535_fine_grained_edit,f911843ffae4b358,1.0,fine_grained_edit,1,1,0.9841152276533137,0.9966194274582915
family_b_001536_coordinated_full_forgery,f911843ffae4b358,1.0,coordinated_full_forgery,1,1,0.9321623859784962,0.9903754013499283
family_b_001537_visual_splice,f911843ffae4b358,1.0,visual_splice,1,1,0.8393453579828956,0.8597575645859461
family_b_001538_visual_splice,f911843ffae4b358,1.0,visual_splice,1,1,0.8333551583661064,0.8395721205687517
family_b_001539_visual_splice,f911843ffae4b358,1.0,visual_splice,1,1,0.8346510104031292,0.88393104720034
family_b_001551_genuine,b29333785baaec21,1.0,genuine,0,0,0.6856699274362463,0.6415694934689543
family_b_001552_text_qr_mismatch,b29333785baaec21,1.0,text_qr_mismatch,1,1,0.9965588634201332,0.9993444654829962
family_b_001553_qr_only_mismatch,b29333785baaec21,1.0,qr_only_mismatch,1,1,0.9950891349887969,0.997507229574998
family_b_001554_checksum_invalid,b29333785baaec21,1.0,checksum_invalid,1,1,1.0,0.999740553612947
family_b_001555_format_invalid,b29333785baaec21,1.0,format_invalid,1,1,0.99,0.999590563612171
family_b_001556_field_missing,b29333785baaec21,1.0,field_missing,1,1,0.9841666666666667,0.9994530262597296
family_b_001557_fine_grained_edit,b29333785baaec21,1.0,fine_grained_edit,1,1,0.988481396141939,0.9918947452485534
family_b_001558_coordinated_full_forgery,b29333785baaec21,1.0,coordinated_full_forgery,1,1,0.7767458773753039,0.8103796060383371
family_b_001559_visual_splice,b29333785baaec21,1.0,visual_splice,1,1,0.826077719575252,0.8971749573583526
family_b_001560_visual_splice,b29333785baaec21,1.0,visual_splice,1,1,0.7942766529718489,0.9152894969234081
family_b_001561_visual_splice,b29333785baaec21,1.0,visual_splice,1,1,0.817805759426827,0.9163622830465673
family_b_001562_genuine,7874ba9820366fa6,1.0,genuine,0,0,0.6425142667780959,0.31649506363096686
family_b_001563_text_qr_mismatch,7874ba9820366fa6,1.0,text_qr_mismatch,1,1,0.9937706403781292,0.9988986659237437
family_b_001564_qr_only_mismatch,7874ba9820366fa6,1.0,qr_only_mismatch,1,1,0.9936735529994886,0.9996076484276534
family_b_001565_checksum_invalid,7874ba9820366fa6,1.0,checksum_invalid,1,1,0.9965695792880258,0.9995767856341335
family_b_001566_format_invalid,7874ba9820366fa6,1.0,format_invalid,1,1,0.993,0.9994420703293349
family_b_001567_field_missing,7874ba9820366fa6,1.0,field_missing,1,1,0.9947928466540802,0.9988803537142712
family_b_001568_fine_grained_edit,7874ba9820366fa6,1.0,fine_grained_edit,1,1,0.9740070692294345,0.9994239937376131
family_b_001569_coordinated_full_forgery,7874ba9820366fa6,1.0,coordinated_full_forgery,1,1,0.8487053869529764,0.8855008366961198
family_b_001570_visual_splice,7874ba9820366fa6,1.0,visual_splice,1,1,0.780217337409946,0.8274615694766863
family_b_001571_visual_splice,7874ba9820366fa6,1.0,visual_splice,1,1,0.8013754837495951,0.7811990111455032
family_b_001572_visual_splice,7874ba9820366fa6,1.0,visual_splice,1,1,0.8246730703439666,0.7899701615758374
family_b_001573_genuine,21c4ddaf1b938ff0,1.0,genuine,0,0,0.7137147634526559,0.588582597724979
family_b_001574_text_qr_mismatch,21c4ddaf1b938ff0,1.0,text_qr_mismatch,1,1,0.9966272701241934,0.9993239261565264
family_b_001575_qr_only_mismatch,21c4ddaf1b938ff0,1.0,qr_only_mismatch,1,1,0.9981354063635007,0.9995689422160197
family_b_001576_checksum_invalid,21c4ddaf1b938ff0,1.0,checksum_invalid,1,1,0.9791904761904762,0.9973251285915874
family_b_001577_format_invalid,21c4ddaf1b938ff0,1.0,format_invalid,1,1,1.0,0.9994285076119197
family_b_001578_field_missing,21c4ddaf1b938ff0,1.0,field_missing,1,1,0.9519455350177661,0.9930414521071819
family_b_001579_fine_grained_edit,21c4ddaf1b938ff0,1.0,fine_grained_edit,1,1,0.942643419384596,0.9715901795661732
family_b_001580_coordinated_full_forgery,21c4ddaf1b938ff0,1.0,coordinated_full_forgery,1,1,0.8111842821973048,0.7671402615093216
family_b_001581_visual_splice,21c4ddaf1b938ff0,1.0,visual_splice,1,1,0.9461053684346368,0.9987799143899575
family_b_001582_visual_splice,21c4ddaf1b938ff0,1.0,visual_splice,1,1,0.8214776162636249,0.8992376916580228
family_b_001583_visual_splice,21c4ddaf1b938ff0,1.0,visual_splice,1,1,0.9882720351013035,0.9962698125960537
family_b_001595_genuine,fc3cd5cbb993bc1f,1.0,genuine,0,0,0.7547612007697126,0.5125718934955573
family_b_001596_text_qr_mismatch,fc3cd5cbb993bc1f,1.0,text_qr_mismatch,1,1,0.9944851507795258,0.9990438121704699
family_b_001597_qr_only_mismatch,fc3cd5cbb993bc1f,1.0,qr_only_mismatch,1,1,0.9937706403781292,0.9993795163793188
family_b_001598_checksum_invalid,fc3cd5cbb993bc1f,1.0,checksum_invalid,1,1,1.0,0.9994485212369484
family_b_001599_format_invalid,fc3cd5cbb993bc1f,1.0,format_invalid,1,1,1.0,0.9995441687275548
family_b_001600_field_missing,fc3cd5cbb993bc1f,1.0,field_missing,1,1,1.0,0.9988708509883302
family_b_001601_fine_grained_edit,fc3cd5cbb993bc1f,1.0,fine_grained_edit,1,1,0.9850070692294345,0.9993960387758779
family_b_001602_coordinated_full_forgery,fc3cd5cbb993bc1f,1.0,coordinated_full_forgery,1,1,0.9202984989454547,0.9150946616658121
family_b_001603_visual_splice,fc3cd5cbb993bc1f,1.0,visual_splice,1,1,0.8289137859994917,0.9514940517131726
family_b_001604_visual_splice,fc3cd5cbb993bc1f,1.0,visual_splice,1,1,0.7881887194180236,0.7683046436111309
family_b_001605_visual_splice,fc3cd5cbb993bc1f,1.0,visual_splice,1,1,0.821085939606283,0.8950576074515408
family_b_001617_genuine,0b80bfc21dc2b475,1.0,genuine,0,0,0.7412739433095018,0.554935940062387
family_b_001618_text_qr_mismatch,0b80bfc21dc2b475,1.0,text_qr_mismatch,1,1,0.9932053743861391,0.9989435548908524
family_b_001619_qr_only_mismatch,0b80bfc21dc2b475,1.0,qr_only_mismatch,1,1,0.9955113273718333,0.9990703762924379
family_b_001620_checksum_invalid,0b80bfc21dc2b475,1.0,checksum_invalid,1,1,1.0,0.9989077763230944
family_b_001621_format_invalid,0b80bfc21dc2b475,1.0,format_invalid,1,1,1.0,0.9996001409528618
family_b_001622_field_missing,0b80bfc21dc2b475,1.0,field_missing,1,1,0.9990295413319512,0.9995638047932766
family_b_001623_fine_grained_edit,0b80bfc21dc2b475,1.0,fine_grained_edit,1,1,0.9959078244936528,0.9991292636795011
family_b_001624_coordinated_full_forgery,0b80bfc21dc2b475,1.0,coordinated_full_forgery,1,1,0.8838857232312667,0.9443741762190353
family_b_001625_visual_splice,0b80bfc21dc2b475,1.0,visual_splice,1,1,0.791603275186832,0.8114318907561079
family_b_001626_visual_splice,0b80bfc21dc2b475,1.0,visual_splice,1,1,0.8636621970989293,0.9195978841120624
family_b_001627_visual_splice,0b80bfc21dc2b475,1.0,visual_splice,1,1,0.8316916555947061,0.8604569113196897
family_b_001628_genuine,f82bed7b1908c000,1.0,genuine,0,0,0.7248280458332448,0.7256828575648516
family_b_001629_text_qr_mismatch,f82bed7b1908c000,1.0,text_qr_mismatch,1,1,0.9889393939393938,0.9996596162945122
family_b_001630_qr_only_mismatch,f82bed7b1908c000,1.0,qr_only_mismatch,1,1,0.9956886177788032,0.9998081662537781
family_b_001631_checksum_invalid,f82bed7b1908c000,1.0,checksum_invalid,1,1,1.0,0.9996997669114007
family_b_001632_format_invalid,f82bed7b1908c000,1.0,format_invalid,1,1,1.0,0.999697093951475
family_b_001633_field_missing,f82bed7b1908c000,1.0,field_missing,1,1,0.9794117647058823,0.999306623156989
family_b_001634_fine_grained_edit,f82bed7b1908c000,1.0,fine_grained_edit,1,1,0.9824766851538353,0.9898499475008632
family_b_001635_coordinated_full_forgery,f82bed7b1908c000,1.0,coordinated_full_forgery,1,1,0.7826391852505481,0.7241882997221927
family_b_001636_visual_splice,f82bed7b1908c000,1.0,visual_splice,1,1,0.9980540945935096,0.9997133369352534
family_b_001637_visual_splice,f82bed7b1908c000,1.0,visual_splice,1,1,0.8416351784112548,0.9105774456860725
family_b_001638_visual_splice,f82bed7b1908c000,1.0,visual_splice,1,1,0.7623788728426399,0.7575746334623236
family_b_001650_genuine,2ca027314272d7ff,1.0,genuine,0,0,0.7597267886400487,0.5667460459874936
family_b_001651_text_qr_mismatch,2ca027314272d7ff,1.0,text_qr_mismatch,1,1,0.9977984086905992,0.9993995275747829
family_b_001652_qr_only_mismatch,2ca027314272d7ff,1.0,qr_only_mismatch,1,1,0.9934497853287168,0.9993720671229711
family_b_001653_checksum_invalid,2ca027314272d7ff,1.0,checksum_invalid,1,1,0.9999295774647888,0.9996991075374128
family_b_001654_format_invalid,2ca027314272d7ff,1.0,format_invalid,1,1,1.0,0.9994311197585627
family_b_001655_field_missing,2ca027314272d7ff,1.0,field_missing,1,1,0.9871748050712498,0.998466737183285
family_b_001656_fine_grained_edit,2ca027314272d7ff,1.0,fine_grained_edit,1,1,0.9728732465154205,0.9989416690375784
family_b_001657_coordinated_full_forgery,2ca027314272d7ff,1.0,coordinated_full_forgery,1,1,0.9846376811594203,0.9977214960080306
family_b_001658_visual_splice,2ca027314272d7ff,1.0,visual_splice,1,1,0.8142558089092611,0.8324190571732543
family_b_001659_visual_splice,2ca027314272d7ff,1.0,visual_splice,1,1,0.8234073861685713,0.9343886971317216
family_b_001660_visual_splice,2ca027314272d7ff,1.0,visual_splice,1,1,0.8069983624728753,0.7989621878021468
family_b_001672_genuine,a87590b6707c7add,1.0,genuine,0,0,0.6848750251980974,0.49191397405100673
family_b_001673_text_qr_mismatch,a87590b6707c7add,1.0,text_qr_mismatch,1,1,0.9863729163753865,0.9991166099826932
family_b_001674_qr_only_mismatch,a87590b6707c7add,1.0,qr_only_mismatch,1,1,0.9993698450039946,0.9996336097002805
family_b_001675_checksum_invalid,a87590b6707c7add,1.0,checksum_invalid,1,1,1.0,0.9996568898625803
family_b_001676_format_invalid,a87590b6707c7add,1.0,format_invalid,1,1,1.0,0.9993815447793972
family_b_001677_field_missing,a87590b6707c7add,1.0,field_missing,1,1,0.9142738095238094,0.9964889044459465
family_b_001678_fine_grained_edit,a87590b6707c7add,1.0,fine_grained_edit,1,1,0.9917706403781292,0.999540333466224
family_b_001679_coordinated_full_forgery,a87590b6707c7add,1.0,coordinated_full_forgery,1,1,0.8763165828772707,0.8751597885139556
family_b_001680_visual_splice,a87590b6707c7add,1.0,visual_splice,1,1,0.7996813703649566,0.8227784445909063
family_b_001681_visual_splice,a87590b6707c7add,1.0,visual_splice,1,1,0.8100516517612817,0.8713368875945035
family_b_001682_visual_splice,a87590b6707c7add,1.0,visual_splice,1,1,0.8528249729267944,0.8958747503229849
family_b_001683_genuine,17b3e9f08e1d2a36,1.0,genuine,0,0,0.6946705316753848,0.6063396472812014
family_b_001684_text_qr_mismatch,17b3e9f08e1d2a36,1.0,text_qr_mismatch,1,1,0.995581372580566,0.9992496007908451
family_b_001685_qr_only_mismatch,17b3e9f08e1d2a36,1.0,qr_only_mismatch,1,1,0.997044640075745,0.999459062479973
family_b_001686_checksum_invalid,17b3e9f08e1d2a36,1.0,checksum_invalid,1,1,0.9999295774647888,0.9996742102185237
family_b_001687_format_invalid,17b3e9f08e1d2a36,1.0,format_invalid,1,1,1.0,0.9993626068391614
family_b_001688_field_missing,17b3e9f08e1d2a36,1.0,field_missing,1,1,1.0,0.9993900450320982
family_b_001689_fine_grained_edit,17b3e9f08e1d2a36,1.0,fine_grained_edit,1,1,0.995581372580566,0.9992496007908451
family_b_001690_coordinated_full_forgery,17b3e9f08e1d2a36,1.0,coordinated_full_forgery,1,1,0.8480274595789637,0.909740916856088
family_b_001691_visual_splice,17b3e9f08e1d2a36,1.0,visual_splice,1,1,0.8167301115042058,0.8956094085023272
family_b_001692_visual_splice,17b3e9f08e1d2a36,1.0,visual_splice,1,1,0.7984857733302951,0.8420916459354039
family_b_001693_visual_splice,17b3e9f08e1d2a36,1.0,visual_splice,1,1,0.8152570536589313,0.880955238441502
family_b_001694_genuine,1f8953603eda9db2,1.0,genuine,0,0,0.6304858694878687,0.6352022401561903
family_b_001695_text_qr_mismatch,1f8953603eda9db2,1.0,text_qr_mismatch,1,1,0.8710048031397105,0.9110043021920573
family_b_001696_qr_only_mismatch,1f8953603eda9db2,1.0,qr_only_mismatch,1,1,0.9840948412988295,0.9993591095766864
family_b_001697_checksum_invalid,1f8953603eda9db2,1.0,checksum_invalid,1,1,0.888032809404577,0.9305672458105186
family_b_001698_format_invalid,1f8953603eda9db2,1.0,format_invalid,1,1,1.0,0.9995574712423269
family_b_001699_field_missing,1f8953603eda9db2,1.0,field_missing,1,1,0.9875082577024817,0.9855773921674466
family_b_001700_fine_grained_edit,1f8953603eda9db2,1.0,fine_grained_edit,1,1,0.799608402392964,0.7990293128264294
family_b_001701_coordinated_full_forgery,1f8953603eda9db2,1.0,coordinated_full_forgery,1,1,0.8134705921506001,0.8151110612114473
family_b_001702_visual_splice,1f8953603eda9db2,1.0,visual_splice,1,1,0.9412703779815843,0.9457658403393657
family_b_001703_visual_splice,1f8953603eda9db2,1.0,visual_splice,1,1,0.9511419942033497,0.9454862573333086
family_b_001704_visual_splice,1f8953603eda9db2,1.0,visual_splice,1,1,0.9538233541795503,0.9494739609605595
family_b_001705_genuine,11ac759d2c3fad17,1.0,genuine,0,0,0.6953650889770521,0.5530103100238841
family_b_001706_text_qr_mismatch,11ac759d2c3fad17,1.0,text_qr_mismatch,1,1,0.9908206588689843,0.9991822666860036
family_b_001707_qr_only_mismatch,11ac759d2c3fad17,1.0,qr_only_mismatch,1,1,0.9900408044149025,0.9995639289514145
family_b_001708_checksum_invalid,11ac759d2c3fad17,1.0,checksum_invalid,1,1,1.0,0.9997648660982597
family_b_001709_format_invalid,11ac759d2c3fad17,1.0,format_invalid,1,1,1.0,0.9997284507699065
family_b_001710_field_missing,11ac759d2c3fad17,1.0,field_missing,1,1,1.0,0.9993215582177865
family_b_001711_fine_grained_edit,11ac759d2c3fad17,1.0,fine_grained_edit,1,1,0.9951485154783942,0.9963620931660966
family_b_001712_coordinated_full_forgery,11ac759d2c3fad17,1.0,coordinated_full_forgery,1,1,0.8022539107897283,0.781726336270163
family_b_001713_visual_splice,11ac759d2c3fad17,1.0,visual_splice,1,1,0.815281661081746,0.8288416588131796
family_b_001714_visual_splice,11ac759d2c3fad17,1.0,visual_splice,1,1,0.7911869458514056,0.7205149234878057
family_b_001715_visual_splice,11ac759d2c3fad17,1.0,visual_splice,1,1,0.8445030770332665,0.8940605272060347
family_b_001716_genuine,c1dba83e28a713d3,1.0,genuine,0,0,0.5911663718725528,0.3332922717708829
family_b_001717_text_qr_mismatch,c1dba83e28a713d3,1.0,text_qr_mismatch,1,1,0.9944278531703199,0.9995144034324371
family_b_001718_qr_only_mismatch,c1dba83e28a713d3,1.0,qr_only_mismatch,1,1,0.9878154526616554,0.9996728120140679
family_b_001719_checksum_invalid,c1dba83e28a713d3,1.0,checksum_invalid,1,1,1.0,0.9997049567514085
family_b_001720_format_invalid,c1dba83e28a713d3,1.0,format_invalid,1,1,1.0,0.9997434009158744
family_b_001721_field_missing,c1dba83e28a713d3,1.0,field_missing,1,1,1.0,0.9992614512143799
family_b_001722_fine_grained_edit,c1dba83e28a713d3,1.0,fine_grained_edit,1,1,0.9982094705843614,0.999332031620501
family_b_001723_coordinated_full_forgery,c1dba83e28a713d3,1.0,coordinated_full_forgery,1,1,0.7868988270429288,0.7549340427712454
family_b_001724_visual_splice,c1dba83e28a713d3,1.0,visual_splice,1,1,0.8370078046079906,0.8132321325104349
family_b_001725_visual_splice,c1dba83e28a713d3,1.0,visual_splice,1,1,0.8347159541219648,0.953258269944492
family_b_001726_visual_splice,c1dba83e28a713d3,1.0,visual_splice,1,1,0.8740190228289394,0.92647255047301
family_b_001738_genuine,0e04ee2e2244991a,1.0,genuine,0,0,0.5630185936307616,0.3812632342549608
family_b_001739_text_qr_mismatch,0e04ee2e2244991a,1.0,text_qr_mismatch,1,1,0.9496613243093057,0.9320355845365152
family_b_001740_qr_only_mismatch,0e04ee2e2244991a,1.0,qr_only_mismatch,1,1,0.989420742462343,0.9991783731447025
family_b_001741_checksum_invalid,0e04ee2e2244991a,1.0,checksum_invalid,1,1,0.9674228261479924,0.9831581190374739
family_b_001742_format_invalid,0e04ee2e2244991a,1.0,format_invalid,1,1,0.9401306276711346,0.9776582330182115
family_b_001743_field_missing,0e04ee2e2244991a,1.0,field_missing,1,1,0.9827296260978425,0.9905734492886936
family_b_001744_fine_grained_edit,0e04ee2e2244991a,1.0,fine_grained_edit,1,1,0.9302090258944969,0.943833790367369
family_b_001745_coordinated_full_forgery,0e04ee2e2244991a,1.0,coordinated_full_forgery,1,1,0.8347226551790139,0.8944793386622873
family_b_001746_visual_splice,0e04ee2e2244991a,1.0,visual_splice,1,1,0.9165342232145431,0.9370960640348376
family_b_001747_visual_splice,0e04ee2e2244991a,1.0,visual_splice,1,1,0.9281496252273134,0.9154274219518131
family_b_001748_visual_splice,0e04ee2e2244991a,1.0,visual_splice,1,1,0.9524782640338699,0.919297444021262
family_b_001749_genuine,20513e1c9f90d64a,1.0,genuine,0,0,0.7148596069561998,0.5531993188093629
family_b_001750_text_qr_mismatch,20513e1c9f90d64a,1.0,text_qr_mismatch,1,1,0.9944278531703199,0.9987358066091496
family_b_001751_qr_only_mismatch,20513e1c9f90d64a,1.0,qr_only_mismatch,1,1,0.9981936135811955,0.9992078189329677
family_b_001752_checksum_invalid,20513e1c9f90d64a,1.0,checksum_invalid,1,1,0.9999295774647888,0.9997060539433764
family_b_001753_format_invalid,20513e1c9f90d64a,1.0,format_invalid,1,1,1.0,0.9993731702809653
family_b_001754_field_missing,20513e1c9f90d64a,1.0,field_missing,1,1,1.0,0.9987787890598179
family_b_001755_fine_grained_edit,20513e1c9f90d64a,1.0,fine_grained_edit,1,1,0.9959177462476251,0.9979581600779833
family_b_001756_coordinated_full_forgery,20513e1c9f90d64a,1.0,coordinated_full_forgery,1,1,0.8610356528588718,0.8613260839109246
family_b_001757_visual_splice,20513e1c9f90d64a,1.0,visual_splice,1,1,0.8130783347840898,0.8051953891975985
family_b_001758_visual_splice,20513e1c9f90d64a,1.0,visual_splice,1,1,0.9900000000000001,0.9973744254722682
family_b_001759_visual_splice,20513e1c9f90d64a,1.0,visual_splice,1,1,0.8974500990645444,0.9497413308802715
family_b_001760_genuine,2d96046bde7527ba,1.0,genuine,0,0,0.5248872771577635,0.2167714444365895
family_b_001761_text_qr_mismatch,2d96046bde7527ba,1.0,text_qr_mismatch,1,1,0.9755467923517507,0.9991490512725627
family_b_001762_qr_only_mismatch,2d96046bde7527ba,1.0,qr_only_mismatch,1,1,0.9981354063635007,0.9997282363442311
family_b_001763_checksum_invalid,2d96046bde7527ba,1.0,checksum_invalid,1,1,0.9999029126213592,0.9997769780041683
family_b_001764_format_invalid,2d96046bde7527ba,1.0,format_invalid,1,1,0.9998809523809524,0.9996541306360887
family_b_001765_field_missing,2d96046bde7527ba,1.0,field_missing,1,1,0.9999118942731278,0.9992874646936597
family_b_001766_fine_grained_edit,2d96046bde7527ba,1.0,fine_grained_edit,1,1,0.9934654099660204,0.9925538483976122
family_b_001767_coordinated_full_forgery,2d96046bde7527ba,1.0,coordinated_full_forgery,1,1,0.7848378058608297,0.8430409099136271
family_b_001768_visual_splice,2d96046bde7527ba,1.0,visual_splice,1,1,0.8205071467568146,0.8598554323322638
family_b_001769_visual_splice,2d96046bde7527ba,1.0,visual_splice,1,1,0.99463411649535,0.9993559421762562
family_b_001770_visual_splice,2d96046bde7527ba,1.0,visual_splice,1,1,0.8885528287356397,0.917145941967817
family_b_001771_genuine,ba39eefa2ac6e26b,1.0,genuine,0,0,0.7415338782158749,0.7108547527077297
family_b_001772_text_qr_mismatch,ba39eefa2ac6e26b,1.0,text_qr_mismatch,1,1,0.9092738095238095,0.9948746048670224
family_b_001773_qr_only_mismatch,ba39eefa2ac6e26b,1.0,qr_only_mismatch,1,1,0.9963571646328185,0.9995160579618199
family_b_001774_checksum_invalid,ba39eefa2ac6e26b,1.0,checksum_invalid,1,1,1.0,0.9994066995435095
family_b_001775_format_invalid,ba39eefa2ac6e26b,1.0,format_invalid,1,1,1.0,0.9997919968884853
family_b_001776_field_missing,ba39eefa2ac6e26b,1.0,field_missing,1,1,0.9643414295547756,0.9850254555382731
family_b_001777_fine_grained_edit,ba39eefa2ac6e26b,1.0,fine_grained_edit,1,1,0.9956778540393232,0.9992788463842017
family_b_001778_coordinated_full_forgery,ba39eefa2ac6e26b,1.0,coordinated_full_forgery,1,1,0.7968775820766076,0.6139700632430147
family_b_001779_visual_splice,ba39eefa2ac6e26b,1.0,visual_splice,1,1,0.7858130260962537,0.774022409740134
family_b_001780_visual_splice,ba39eefa2ac6e26b,1.0,visual_splice,1,1,0.9994690265486725,0.99955673998729
family_b_001781_visual_splice,ba39eefa2ac6e26b,1.0,visual_splice,1,1,0.8000458554400669,0.7633035027614309
family_b_001782_genuine,15496b0c3280a4da,1.0,genuine,0,0,0.7425843296616474,0.800604018953483
family_b_001783_text_qr_mismatch,15496b0c3280a4da,1.0,text_qr_mismatch,1,1,0.9964944733197793,0.9994251473896646
family_b_001784_qr_only_mismatch,15496b0c3280a4da,1.0,qr_only_mismatch,1,1,0.9255895316804409,0.9819411890286637
family_b_001785_checksum_invalid,15496b0c3280a4da,1.0,checksum_invalid,1,1,1.0,0.9996835788171182
family_b_001786_format_invalid,15496b0c3280a4da,1.0,format_invalid,1,1,0.9998809523809524,0.999881671041586
family_b_001787_field_missing,15496b0c3280a4da,1.0,field_missing,1,1,0.9985365853658535,0.9992495485883797
family_b_001788_fine_grained_edit,15496b0c3280a4da,1.0,fine_grained_edit,1,1,0.9739064502552985,0.9961449644391437
family_b_001789_coordinated_full_forgery,15496b0c3280a4da,1.0,coordinated_full_forgery,1,1,0.7436164597473812,0.7064084061093714
family_b_001790_visual_splice,15496b0c3280a4da,1.0,visual_splice,1,1,0.8050073548624671,0.8804529686025951
family_b_001791_visual_splice,15496b0c3280a4da,1.0,visual_splice,1,1,0.9840758509163297,0.9989693264923302
family_b_001792_visual_splice,15496b0c3280a4da,1.0,visual_splice,1,1,0.7947526207311145,0.7640453987881449
family_b_001793_genuine,c1ca4cef80147f6e,1.0,genuine,0,0,0.4066914269926079,0.24663185244604008
family_b_001794_text_qr_mismatch,c1ca4cef80147f6e,1.0,text_qr_mismatch,1,1,0.9677134920634919,0.998828766383741
family_b_001795_qr_only_mismatch,c1ca4cef80147f6e,1.0,qr_only_mismatch,1,1,0.9927548209366391,0.9995776572816915
family_b_001796_checksum_invalid,c1ca4cef80147f6e,1.0,checksum_invalid,1,1,0.9248546365914787,0.9983547920551469
family_b_001797_format_invalid,c1ca4cef80147f6e,1.0,format_invalid,1,1,0.9479564235182214,0.994176604334672
family_b_001798_field_missing,c1ca4cef80147f6e,1.0,field_missing,1,1,0.9778333333333333,0.9962453269044327
family_b_001799_fine_grained_edit,c1ca4cef80147f6e,1.0,fine_grained_edit,1,1,0.9914736842105263,0.9991408330123411
family_b_001800_coordinated_full_forgery,c1ca4cef80147f6e,1.0,coordinated_full_forgery,1,1,0.8102139142646528,0.763110177552131
family_b_001801_visual_splice,c1ca4cef80147f6e,1.0,visual_splice,1,1,0.9778070175438596,0.9992666641183787
family_b_001802_visual_splice,c1ca4cef80147f6e,1.0,visual_splice,1,1,0.942318783068783,0.979631712649926
family_b_001803_visual_splice,c1ca4cef80147f6e,1.0,visual_splice,1,1,0.8406666666666665,0.9786378134545984
family_b_001804_genuine,172195fcdbcb6f45,1.0,genuine,0,0,0.6461497411055999,0.4517905747655826
family_b_001805_text_qr_mismatch,172195fcdbcb6f45,1.0,text_qr_mismatch,1,1,0.9937706403781292,0.9992783112159488
family_b_001806_qr_only_mismatch,172195fcdbcb6f45,1.0,qr_only_mismatch,1,1,0.9920924579646889,0.9992958910826668
family_b_001807_checksum_invalid,172195fcdbcb6f45,1.0,checksum_invalid,1,1,1.0,0.999534168638932
family_b_001808_format_invalid,172195fcdbcb6f45,1.0,format_invalid,1,1,0.9997413793103448,0.9995684729768227
family_b_001809_field_missing,172195fcdbcb6f45,1.0,field_missing,1,1,0.9925,0.9987862514043885
family_b_001810_fine_grained_edit,172195fcdbcb6f45,1.0,fine_grained_edit,1,1,0.9937706403781292,0.9993449641174336
family_b_001811_coordinated_full_forgery,172195fcdbcb6f45,1.0,coordinated_full_forgery,1,1,0.8033184908104276,0.89982140356728
family_b_001812_visual_splice,172195fcdbcb6f45,1.0,visual_splice,1,1,0.7917767328176448,0.6830771811865337
family_b_001813_visual_splice,172195fcdbcb6f45,1.0,visual_splice,1,1,0.8325965208890179,0.8176444379070725
family_b_001814_visual_splice,172195fcdbcb6f45,1.0,visual_splice,1,1,0.8429704769127042,0.9351499682192937
family_b_001815_genuine,25edcdeb93e79d6f,1.0,genuine,0,0,0.6456682084997482,0.2854695052373253
family_b_001816_text_qr_mismatch,25edcdeb93e79d6f,1.0,text_qr_mismatch,1,1,0.9977744949784833,0.9988047998875766
family_b_001817_qr_only_mismatch,25edcdeb93e79d6f,1.0,qr_only_mismatch,1,1,0.9680507201919198,0.9990686015642942
family_b_001818_checksum_invalid,25edcdeb93e79d6f,1.0,checksum_invalid,1,1,1.0,0.9997814410685636
family_b_001819_format_invalid,25edcdeb93e79d6f,1.0,format_invalid,1,1,0.9999295774647888,0.9997573045215665
family_b_001820_field_missing,25edcdeb93e79d6f,1.0,field_missing,1,1,0.9994444444444445,0.9994531996919355
family_b_001821_fine_grained_edit,25edcdeb93e79d6f,1.0,fine_grained_edit,1,1,0.9971124428506016,0.9996266582848052
family_b_001822_coordinated_full_forgery,25edcdeb93e79d6f,1.0,coordinated_full_forgery,1,1,0.8388074403548152,0.8325816095242871
family_b_001823_visual_splice,25edcdeb93e79d6f,1.0,visual_splice,1,1,0.8760103609591077,0.9449044227933304
family_b_001824_visual_splice,25edcdeb93e79d6f,1.0,visual_splice,1,1,0.7901114990254017,0.8133998043418176
family_b_001825_visual_splice,25edcdeb93e79d6f,1.0,visual_splice,1,1,0.8379140823989859,0.8494298241313991
family_b_001837_genuine,175bab7e087ecfa0,1.0,genuine,0,0,0.5135009308262876,0.22165353133186094
family_b_001838_text_qr_mismatch,175bab7e087ecfa0,1.0,text_qr_mismatch,1,1,0.9984089154661592,0.9995689483634597
family_b_001839_qr_only_mismatch,175bab7e087ecfa0,1.0,qr_only_mismatch,1,1,0.9805252837692131,0.9661178999020862
family_b_001840_checksum_invalid,175bab7e087ecfa0,1.0,checksum_invalid,1,1,1.0,0.9995483160499432
family_b_001841_format_invalid,175bab7e087ecfa0,1.0,format_invalid,1,1,0.9999029126213592,0.9996982714324308
family_b_001842_field_missing,175bab7e087ecfa0,1.0,field_missing,1,1,0.9959595133207467,0.9992656739825156
family_b_001843_fine_grained_edit,175bab7e087ecfa0,1.0,fine_grained_edit,1,1,0.9980997129393924,0.9994345963696144
family_b_001844_coordinated_full_forgery,175bab7e087ecfa0,1.0,coordinated_full_forgery,1,1,0.7996622451078782,0.8601735014537119
family_b_001845_visual_splice,175bab7e087ecfa0,1.0,visual_splice,1,1,0.8190954464241956,0.9084676647689333
family_b_001846_visual_splice,175bab7e087ecfa0,1.0,visual_splice,1,1,0.7818501700173439,0.755123240632446
family_b_001847_visual_splice,175bab7e087ecfa0,1.0,visual_splice,1,1,0.988059702423406,0.9990759973478368
family_b_001848_genuine,4ac3634477480b93,1.0,genuine,0,0,0.5768521154847192,0.6263966881637109
family_b_001849_text_qr_mismatch,4ac3634477480b93,1.0,text_qr_mismatch,1,1,0.9132732648413727,0.8949819216914473
family_b_001850_qr_only_mismatch,4ac3634477480b93,1.0,qr_only_mismatch,1,1,0.997044640075745,0.9990498375449031
family_b_001851_checksum_invalid,4ac3634477480b93,1.0,checksum_invalid,1,1,0.9437035723818679,0.9674536749438487
family_b_001852_format_invalid,4ac3634477480b93,1.0,format_invalid,1,1,0.889612616950158,0.9772158313629105
family_b_001853_field_missing,4ac3634477480b93,1.0,field_missing,1,1,0.9887039098763947,0.9851387795734368
family_b_001854_fine_grained_edit,4ac3634477480b93,1.0,fine_grained_edit,1,1,0.9340410443333448,0.9417447155925555
family_b_001855_coordinated_full_forgery,4ac3634477480b93,1.0,coordinated_full_forgery,1,1,0.8933333333333333,0.9624107150265937
family_b_001856_visual_splice,4ac3634477480b93,1.0,visual_splice,1,1,0.939349981159493,0.8957942574373774
family_b_001857_visual_splice,4ac3634477480b93,1.0,visual_splice,1,1,0.9243748911581339,0.8746685019088619
family_b_001858_visual_splice,4ac3634477480b93,1.0,visual_splice,1,1,0.8974978102999464,0.900310274258567
family_b_001859_genuine,abd413f6892474d0,1.0,genuine,0,0,0.7136807301150654,0.5178606859422906
family_b_001860_text_qr_mismatch,abd413f6892474d0,1.0,text_qr_mismatch,1,1,0.9850976875967541,0.9979080401835121
family_b_001861_qr_only_mismatch,abd413f6892474d0,1.0,qr_only_mismatch,1,1,0.9960473871661012,0.9996209294121834
family_b_001862_checksum_invalid,abd413f6892474d0,1.0,checksum_invalid,1,1,0.9999295774647888,0.9996713741822005
family_b_001863_format_invalid,abd413f6892474d0,1.0,format_invalid,1,1,0.9999295774647888,0.9997219412883365
family_b_001864_field_missing,abd413f6892474d0,1.0,field_missing,1,1,0.9949118942731278,0.9994872642054632
family_b_001865_fine_grained_edit,abd413f6892474d0,1.0,fine_grained_edit,1,1,0.9937706403781292,0.9987122415709103
family_b_001866_coordinated_full_forgery,abd413f6892474d0,1.0,coordinated_full_forgery,1,1,0.7610942378409875,0.7083158499167611
family_b_001867_visual_splice,abd413f6892474d0,1.0,visual_splice,1,1,0.8165506653411204,0.8897698273478191
family_b_001868_visual_splice,abd413f6892474d0,1.0,visual_splice,1,1,0.8805896464880637,0.9406544633033975
family_b_001869_visual_splice,abd413f6892474d0,1.0,visual_splice,1,1,0.868094359881576,0.9609045599476387
family_b_001870_genuine,38c803a46dffa4b0,1.0,genuine,0,0,0.7592273959581051,0.6026688273916295
family_b_001871_text_qr_mismatch,38c803a46dffa4b0,1.0,text_qr_mismatch,1,1,0.9981936135811955,0.9994814790718487
family_b_001872_qr_only_mismatch,38c803a46dffa4b0,1.0,qr_only_mismatch,1,1,0.983448907946833,0.9991117790445254
family_b_001873_checksum_invalid,38c803a46dffa4b0,1.0,checksum_invalid,1,1,1.0,0.999341156993579
family_b_001874_format_invalid,38c803a46dffa4b0,1.0,format_invalid,1,1,1.0,0.9996524673839112
family_b_001875_field_missing,38c803a46dffa4b0,1.0,field_missing,1,1,0.9919827586206896,0.9959621848846111
family_b_001876_fine_grained_edit,38c803a46dffa4b0,1.0,fine_grained_edit,1,1,0.9936601133797701,0.9895784671428198
family_b_001877_coordinated_full_forgery,38c803a46dffa4b0,1.0,coordinated_full_forgery,1,1,0.808691406424023,0.7704464581439778
family_b_001878_visual_splice,38c803a46dffa4b0,1.0,visual_splice,1,1,0.9826374279268428,0.9987924316423082
family_b_001879_visual_splice,38c803a46dffa4b0,1.0,visual_splice,1,1,0.7992364471243583,0.7725461397409994
family_b_001880_visual_splice,38c803a46dffa4b0,1.0,visual_splice,1,1,0.8021563937551367,0.8512513142687634
family_b_001881_genuine,c2f8f32c395a6232,1.0,genuine,0,0,0.7084114778944318,0.34819702432848504
family_b_001882_text_qr_mismatch,c2f8f32c395a6232,1.0,text_qr_mismatch,1,1,0.9976292904041811,0.9989734299340909
family_b_001883_qr_only_mismatch,c2f8f32c395a6232,1.0,qr_only_mismatch,1,1,0.9955172550540883,0.999608072212205
family_b_001884_checksum_invalid,c2f8f32c395a6232,1.0,checksum_invalid,1,1,1.0,0.9996845808788575
family_b_001885_format_invalid,c2f8f32c395a6232,1.0,format_invalid,1,1,0.9996709567751335,0.9996993351238808
family_b_001886_field_missing,c2f8f32c395a6232,1.0,field_missing,1,1,0.9994690265486725,0.9994180856069566
family_b_001887_fine_grained_edit,c2f8f32c395a6232,1.0,fine_grained_edit,1,1,0.9859254019241284,0.9964282976714339
family_b_001888_coordinated_full_forgery,c2f8f32c395a6232,1.0,coordinated_full_forgery,1,1,0.7464223582279302,0.726715000975995
family_b_001889_visual_splice,c2f8f32c395a6232,1.0,visual_splice,1,1,0.8557837051218208,0.9179091717794601
family_b_001890_visual_splice,c2f8f32c395a6232,1.0,visual_splice,1,1,0.8433384317163921,0.786685904921282
family_b_001891_visual_splice,c2f8f32c395a6232,1.0,visual_splice,1,1,0.8352736294221509,0.8790273227959141
family_b_001903_genuine,e9b0f2a9f49ce920,1.0,genuine,0,0,0.5983727083885291,0.6197040558990223
family_b_001904_text_qr_mismatch,e9b0f2a9f49ce920,1.0,text_qr_mismatch,1,1,0.9267746012384259,0.8890864907232918
family_b_001905_qr_only_mismatch,e9b0f2a9f49ce920,1.0,qr_only_mismatch,1,1,0.9291383626723367,0.9077837858932368
family_b_001906_checksum_invalid,e9b0f2a9f49ce920,1.0,checksum_invalid,1,1,0.9495352710523158,0.9885680404287744
family_b_001907_format_invalid,e9b0f2a9f49ce920,1.0,format_invalid,1,1,0.9601290982251705,0.9810217127438744
family_b_001908_field_missing,e9b0f2a9f49ce920,1.0,field_missing,1,1,0.973852073961518,0.9976607133163916
family_b_001909_fine_grained_edit,e9b0f2a9f49ce920,1.0,fine_grained_edit,1,1,0.9196826462446562,0.8997405503545836
family_b_001910_coordinated_full_forgery,e9b0f2a9f49ce920,1.0,coordinated_full_forgery,1,1,0.8533885580560859,0.9605894812700646
family_b_001911_visual_splice,e9b0f2a9f49ce920,1.0,visual_splice,1,1,0.9017998104895333,0.9872966473969954
family_b_001912_visual_splice,e9b0f2a9f49ce920,1.0,visual_splice,1,1,0.9394224576312802,0.9479191915161861
family_b_001913_visual_splice,e9b0f2a9f49ce920,1.0,visual_splice,1,1,0.9395268607962015,0.9071363632065663
family_b_001925_genuine,251cad12fb9c8196,1.0,genuine,0,0,0.7443620284325587,0.7169106676731606
family_b_001926_text_qr_mismatch,251cad12fb9c8196,1.0,text_qr_mismatch,1,1,0.995119033497974,0.9988023582666917
family_b_001927_qr_only_mismatch,251cad12fb9c8196,1.0,qr_only_mismatch,1,1,0.9947581841186901,0.999414289077973
family_b_001928_checksum_invalid,251cad12fb9c8196,1.0,checksum_invalid,1,1,0.9999295774647888,0.9995651501105427
family_b_001929_format_invalid,251cad12fb9c8196,1.0,format_invalid,1,1,1.0,0.9998711240483372
family_b_001930_field_missing,251cad12fb9c8196,1.0,field_missing,1,1,1.0,0.9995826689840214
family_b_001931_fine_grained_edit,251cad12fb9c8196,1.0,fine_grained_edit,1,1,0.9937706403781292,0.9993047276086232
family_b_001932_coordinated_full_forgery,251cad12fb9c8196,1.0,coordinated_full_forgery,1,1,0.7647507665692408,0.9202420845310808
family_b_001933_visual_splice,251cad12fb9c8196,1.0,visual_splice,1,1,0.8730923867110941,0.9535303775416242
family_b_001934_visual_splice,251cad12fb9c8196,1.0,visual_splice,1,1,0.7721266393669365,0.7181602384221656
family_b_001935_visual_splice,251cad12fb9c8196,1.0,visual_splice,1,1,0.8388922890466894,0.9317670441726659
family_b_001936_genuine,ce1090715282b7f6,1.0,genuine,0,0,0.7063298909902069,0.7458229778876537
family_b_001937_text_qr_mismatch,ce1090715282b7f6,1.0,text_qr_mismatch,1,1,0.9937706403781292,0.9991116484969935
family_b_001938_qr_only_mismatch,ce1090715282b7f6,1.0,qr_only_mismatch,1,1,0.9747245977511507,0.9994486199086716
family_b_001939_checksum_invalid,ce1090715282b7f6,1.0,checksum_invalid,1,1,0.9883333333333333,0.9991712732534065
family_b_001940_format_invalid,ce1090715282b7f6,1.0,format_invalid,1,1,1.0,0.9998755742198909
family_b_001941_field_missing,ce1090715282b7f6,1.0,field_missing,1,1,0.9866666666666666,0.9978014705209205
family_b_001942_fine_grained_edit,ce1090715282b7f6,1.0,fine_grained_edit,1,1,0.9921186604027824,0.9989830389233544
family_b_001943_coordinated_full_forgery,ce1090715282b7f6,1.0,coordinated_full_forgery,1,1,0.980640350877193,0.995643095479075
family_b_001944_visual_splice,ce1090715282b7f6,1.0,visual_splice,1,1,0.8681704340803755,0.834007370499315
family_b_001945_visual_splice,ce1090715282b7f6,1.0,visual_splice,1,1,0.8600792138949208,0.9460173734041862
family_b_001946_visual_splice,ce1090715282b7f6,1.0,visual_splice,1,1,0.8522179945401487,0.9159464300599575
family_b_001958_genuine,024fa29d0c4e488a,1.0,genuine,0,0,0.6270863815626757,0.5307549132367794
family_b_001959_text_qr_mismatch,024fa29d0c4e488a,1.0,text_qr_mismatch,1,1,0.9982313494302523,0.999630785536942
family_b_001960_qr_only_mismatch,024fa29d0c4e488a,1.0,qr_only_mismatch,1,1,0.9946110156705902,0.9997010257119011
family_b_001961_checksum_invalid,024fa29d0c4e488a,1.0,checksum_invalid,1,1,1.0,0.9996452117438347
family_b_001962_format_invalid,024fa29d0c4e488a,1.0,format_invalid,1,1,0.9999029126213592,0.9995086079536115
family_b_001963_field_missing,024fa29d0c4e488a,1.0,field_missing,1,1,0.9834595133207468,0.9990229137253351
family_b_001964_fine_grained_edit,024fa29d0c4e488a,1.0,fine_grained_edit,1,1,0.9966551520427339,0.9994502336970895
family_b_001965_coordinated_full_forgery,024fa29d0c4e488a,1.0,coordinated_full_forgery,1,1,0.7503172263510361,0.7429734946012869
family_b_001966_visual_splice,024fa29d0c4e488a,1.0,visual_splice,1,1,0.7513260519475451,0.7622067695541073
family_b_001967_visual_splice,024fa29d0c4e488a,1.0,visual_splice,1,1,0.7790651589266965,0.8162481569885991
family_b_001968_visual_splice,024fa29d0c4e488a,1.0,visual_splice,1,1,0.8162970813203898,0.8555731184045269
family_b_001969_genuine,0f1cfdb7db91de87,1.0,genuine,0,0,0.6606929850964984,0.5033737784635735
family_b_001970_text_qr_mismatch,0f1cfdb7db91de87,1.0,text_qr_mismatch,1,1,0.9954895241492382,0.9993972052394401
family_b_001971_qr_only_mismatch,0f1cfdb7db91de87,1.0,qr_only_mismatch,1,1,0.9968513216910011,0.9990910209998328
family_b_001972_checksum_invalid,0f1cfdb7db91de87,1.0,checksum_invalid,1,1,1.0,0.9996677654465272
family_b_001973_format_invalid,0f1cfdb7db91de87,1.0,format_invalid,1,1,0.9933333333333333,0.9991678641627968
family_b_001974_field_missing,0f1cfdb7db91de87,1.0,field_missing,1,1,0.9994444444444445,0.9993074170643188
family_b_001975_fine_grained_edit,0f1cfdb7db91de87,1.0,fine_grained_edit,1,1,0.9937706403781292,0.9991942963687211
family_b_001976_coordinated_full_forgery,0f1cfdb7db91de87,1.0,coordinated_full_forgery,1,1,0.8230561860465351,0.825536156534703
family_b_001977_visual_splice,0f1cfdb7db91de87,1.0,visual_splice,1,1,0.8532110720163436,0.8854428677089861
family_b_001978_visual_splice,0f1cfdb7db91de87,1.0,visual_splice,1,1,0.9994444444444445,0.9985620782454541
family_b_001979_visual_splice,0f1cfdb7db91de87,1.0,visual_splice,1,1,0.8038601059913512,0.7710871367876201
family_b_001980_genuine,6dc37b158cf5e469,1.0,genuine,0,0,0.7590448324713883,0.7577652061708412
family_b_001981_text_qr_mismatch,6dc37b158cf5e469,1.0,text_qr_mismatch,1,1,0.9692654514178948,0.9987357771107248
family_b_001982_qr_only_mismatch,6dc37b158cf5e469,1.0,qr_only_mismatch,1,1,0.9964240507845681,0.9995632521454827
family_b_001983_checksum_invalid,6dc37b158cf5e469,1.0,checksum_invalid,1,1,0.9997458172458172,0.9996070367497615
family_b_001984_format_invalid,6dc37b158cf5e469,1.0,format_invalid,1,1,1.0,0.9996573829081973
family_b_001985_field_missing,6dc37b158cf5e469,1.0,field_missing,1,1,0.9999118942731278,0.9981016912174017
family_b_001986_fine_grained_edit,6dc37b158cf5e469,1.0,fine_grained_edit,1,1,0.9970690084735166,0.9995854937160391
family_b_001987_coordinated_full_forgery,6dc37b158cf5e469,1.0,coordinated_full_forgery,1,1,0.8172796197747472,0.8238080137443278
family_b_001988_visual_splice,6dc37b158cf5e469,1.0,visual_splice,1,1,0.9119251812711228,0.962514255234006
family_b_001989_visual_splice,6dc37b158cf5e469,1.0,visual_splice,1,1,0.8314670739657682,0.7502679373042287
family_b_001990_visual_splice,6dc37b158cf5e469,1.0,visual_splice,1,1,0.8807310622050768,0.9497442906749917
family_b_001991_genuine,01937f712e74e1fc,1.0,genuine,0,0,0.7113101080371195,0.6167771143842303
family_b_001992_text_qr_mismatch,01937f712e74e1fc,1.0,text_qr_mismatch,1,1,0.9930070692294345,0.9994797726325553
family_b_001993_qr_only_mismatch,01937f712e74e1fc,1.0,qr_only_mismatch,1,1,0.9898800743160804,0.9983957717737881
family_b_001994_checksum_invalid,01937f712e74e1fc,1.0,checksum_invalid,1,1,0.9999295774647888,0.9998496855393753
family_b_001995_format_invalid,01937f712e74e1fc,1.0,format_invalid,1,1,1.0,0.9994672344578353
family_b_001996_field_missing,01937f712e74e1fc,1.0,field_missing,1,1,0.984408434772079,0.9921246370579414
family_b_001997_fine_grained_edit,01937f712e74e1fc,1.0,fine_grained_edit,1,1,0.9991424331023019,0.999567132152243
family_b_001998_coordinated_full_forgery,01937f712e74e1fc,1.0,coordinated_full_forgery,1,1,0.8117694017527337,0.893345306195341
family_b_001999_visual_splice,01937f712e74e1fc,1.0,visual_splice,1,1,0.8264087620291353,0.7606008740459461
family_b_002000_visual_splice,01937f712e74e1fc,1.0,visual_splice,1,1,0.800551881267831,0.7736629347653136
family_b_002001_visual_splice,01937f712e74e1fc,1.0,visual_splice,1,1,0.8083268737273039,0.7711375304111499
family_b_002002_genuine,aa4305967a0ecc36,1.0,genuine,0,0,0.5645365853658536,0.13640768940263864
family_b_002003_text_qr_mismatch,aa4305967a0ecc36,1.0,text_qr_mismatch,1,1,0.9855220351013032,0.9994418153045793
family_b_002004_qr_only_mismatch,aa4305967a0ecc36,1.0,qr_only_mismatch,1,1,0.9613207145386178,0.9982263871356881
family_b_002005_checksum_invalid,aa4305967a0ecc36,1.0,checksum_invalid,1,1,0.9620000000000001,0.9841640998500928
family_b_002006_format_invalid,aa4305967a0ecc36,1.0,format_invalid,1,1,0.9999295774647888,0.994912210846889
family_b_002007_field_missing,aa4305967a0ecc36,1.0,field_missing,1,1,0.9712593984962408,0.9990483200566791
family_b_002008_fine_grained_edit,aa4305967a0ecc36,1.0,fine_grained_edit,1,1,0.9770006830903125,0.9810893805082395
family_b_002009_coordinated_full_forgery,aa4305967a0ecc36,1.0,coordinated_full_forgery,1,1,0.8651453122631196,0.8106397486767265
family_b_002010_visual_splice,aa4305967a0ecc36,1.0,visual_splice,1,1,0.9810585363994454,0.9751019862101964
family_b_002011_visual_splice,aa4305967a0ecc36,1.0,visual_splice,1,1,0.9437816834050693,0.9562971493788244
family_b_002012_visual_splice,aa4305967a0ecc36,1.0,visual_splice,1,1,0.9899957193118297,0.9981303806753775
family_b_002013_genuine,777bdaab229d7247,1.0,genuine,0,0,0.7251668461009563,0.6508862362300603
family_b_002014_text_qr_mismatch,777bdaab229d7247,1.0,text_qr_mismatch,1,1,0.9943503199271316,0.9993630415942661
family_b_002015_qr_only_mismatch,777bdaab229d7247,1.0,qr_only_mismatch,1,1,0.9955631928692215,0.9994716798987924
family_b_002016_checksum_invalid,777bdaab229d7247,1.0,checksum_invalid,1,1,0.9572089301588186,0.9743791887147483
family_b_002017_format_invalid,777bdaab229d7247,1.0,format_invalid,1,1,1.0,0.999796755227937
family_b_002018_field_missing,777bdaab229d7247,1.0,field_missing,1,1,1.0,0.999234224868519
family_b_002019_fine_grained_edit,777bdaab229d7247,1.0,fine_grained_edit,1,1,0.9775396416922267,0.9882414297056347
family_b_002020_coordinated_full_forgery,777bdaab229d7247,1.0,coordinated_full_forgery,1,1,0.8354992098837275,0.8061283446486235
family_b_002021_visual_splice,777bdaab229d7247,1.0,visual_splice,1,1,0.9419078364180461,0.887625711527029
family_b_002022_visual_splice,777bdaab229d7247,1.0,visual_splice,1,1,0.9482456670512136,0.8992466161732473
family_b_002023_visual_splice,777bdaab229d7247,1.0,visual_splice,1,1,0.9666423009584403,0.9601539010527967
family_b_002024_genuine,dae47f5cd8279661,1.0,genuine,0,0,0.7032294705190645,0.7485421491355844
family_b_002025_text_qr_mismatch,dae47f5cd8279661,1.0,text_qr_mismatch,1,1,0.9981515441583959,0.9995813443108019
family_b_002026_qr_only_mismatch,dae47f5cd8279661,1.0,qr_only_mismatch,1,1,0.9964752683902525,0.9990948160223054
family_b_002027_checksum_invalid,dae47f5cd8279661,1.0,checksum_invalid,1,1,1.0,0.9997180428348326
family_b_002028_format_invalid,dae47f5cd8279661,1.0,format_invalid,1,1,1.0,0.9997919968884853
family_b_002029_field_missing,dae47f5cd8279661,1.0,field_missing,1,1,1.0,0.997721030687819
family_b_002030_fine_grained_edit,dae47f5cd8279661,1.0,fine_grained_edit,1,1,0.9991927637338054,0.9993572828732816
family_b_002031_coordinated_full_forgery,dae47f5cd8279661,1.0,coordinated_full_forgery,1,1,0.8358491326114182,0.8941176894842788
family_b_002032_visual_splice,dae47f5cd8279661,1.0,visual_splice,1,1,0.8302134604790676,0.9161353733308804
family_b_002033_visual_splice,dae47f5cd8279661,1.0,visual_splice,1,1,0.7853149230222105,0.7487942567651913
family_b_002034_visual_splice,dae47f5cd8279661,1.0,visual_splice,1,1,0.841100750618793,0.903291427633757
family_b_002035_genuine,922512167c9f4166,1.0,genuine,0,0,0.721297106028807,0.5724716963149798
family_b_002036_text_qr_mismatch,922512167c9f4166,1.0,text_qr_mismatch,1,1,0.9937706403781292,0.9987472295683696
family_b_002037_qr_only_mismatch,922512167c9f4166,1.0,qr_only_mismatch,1,1,0.997044640075745,0.9991747574614821
family_b_002038_checksum_invalid,922512167c9f4166,1.0,checksum_invalid,1,1,0.9999295774647888,0.9995825677287495
family_b_002039_format_invalid,922512167c9f4166,1.0,format_invalid,1,1,1.0,0.9993691238088945
family_b_002040_field_missing,922512167c9f4166,1.0,field_missing,1,1,0.9863333333333333,0.9992262260080974
family_b_002041_fine_grained_edit,922512167c9f4166,1.0,fine_grained_edit,1,1,0.9866054681207701,0.9989174635123343
family_b_002042_coordinated_full_forgery,922512167c9f4166,1.0,coordinated_full_forgery,1,1,0.7773118954591076,0.8753329630235034
family_b_002043_visual_splice,922512167c9f4166,1.0,visual_splice,1,1,0.8494291921027529,0.9661602096297421
family_b_002044_visual_splice,922512167c9f4166,1.0,visual_splice,1,1,0.8195157313966561,0.8415010676749799
family_b_002045_visual_splice,922512167c9f4166,1.0,visual_splice,1,1,0.779306899179529,0.7688631506890719
family_b_002068_genuine,531f4c44c053edf2,1.0,genuine,0,0,0.588018773349064,0.23044267642167415
family_b_002069_text_qr_mismatch,531f4c44c053edf2,1.0,text_qr_mismatch,1,1,0.995,0.9973992268118782
family_b_002070_qr_only_mismatch,531f4c44c053edf2,1.0,qr_only_mismatch,1,1,0.9679091798403425,0.9990153145903315
family_b_002071_checksum_invalid,531f4c44c053edf2,1.0,checksum_invalid,1,1,1.0,0.9954762340750136
family_b_002072_format_invalid,531f4c44c053edf2,1.0,format_invalid,1,1,0.99,0.9983848548748032
family_b_002073_field_missing,531f4c44c053edf2,1.0,field_missing,1,1,0.9999118942731278,0.9989920227586894
family_b_002074_fine_grained_edit,531f4c44c053edf2,1.0,fine_grained_edit,1,1,1.0,0.9973160155976951
family_b_002075_coordinated_full_forgery,531f4c44c053edf2,1.0,coordinated_full_forgery,1,1,0.96027026957638,0.9867266526022717
family_b_002076_visual_splice,531f4c44c053edf2,1.0,visual_splice,1,1,0.9136000335140276,0.9163944229276003
family_b_002077_visual_splice,531f4c44c053edf2,1.0,visual_splice,1,1,0.9943733640791623,0.9840154760545551
family_b_002078_visual_splice,531f4c44c053edf2,1.0,visual_splice,1,1,0.987247024934687,0.9915340094996894
family_b_002090_genuine,a509dd7cd009ceee,1.0,genuine,0,0,0.6727376087726793,0.4918518051902947
family_b_002091_text_qr_mismatch,a509dd7cd009ceee,1.0,text_qr_mismatch,1,1,0.9928336458819714,0.9995596337869698
family_b_002092_qr_only_mismatch,a509dd7cd009ceee,1.0,qr_only_mismatch,1,1,0.9979461740384226,0.9997915819828886
family_b_002093_checksum_invalid,a509dd7cd009ceee,1.0,checksum_invalid,1,1,1.0,0.9995676369941262
family_b_002094_format_invalid,a509dd7cd009ceee,1.0,format_invalid,1,1,1.0,0.9995037813038062
family_b_002095_field_missing,a509dd7cd009ceee,1.0,field_missing,1,1,0.9771666666666665,0.9981722457044162
family_b_002096_fine_grained_edit,a509dd7cd009ceee,1.0,fine_grained_edit,1,1,0.9959177462476251,0.9995643985369848
family_b_002097_coordinated_full_forgery,a509dd7cd009ceee,1.0,coordinated_full_forgery,1,1,0.8150084685699219,0.9096303639386379
family_b_002098_visual_splice,a509dd7cd009ceee,1.0,visual_splice,1,1,0.9792922120947094,0.9879352994511295
family_b_002099_visual_splice,a509dd7cd009ceee,1.0,visual_splice,1,1,0.7878395287901944,0.7744276503401677
family_b_002100_visual_splice,a509dd7cd009ceee,1.0,visual_splice,1,1,0.7911180129509053,0.7667407555094046
family_b_002101_genuine,0f9ee1cd43aab05f,1.0,genuine,0,0,0.7386772314181479,0.5070926799514
family_b_002102_text_qr_mismatch,0f9ee1cd43aab05f,1.0,text_qr_mismatch,1,1,0.9953296314663224,0.99899956102812
family_b_002103_qr_only_mismatch,0f9ee1cd43aab05f,1.0,qr_only_mismatch,1,1,0.996478602339896,0.99885990934218
family_b_002104_checksum_invalid,0f9ee1cd43aab05f,1.0,checksum_invalid,1,1,1.0,0.9998433567475337
family_b_002105_format_invalid,0f9ee1cd43aab05f,1.0,format_invalid,1,1,1.0,0.9996465802781489
family_b_002106_field_missing,0f9ee1cd43aab05f,1.0,field_missing,1,1,0.9933333333333333,0.9995219576502208
family_b_002107_fine_grained_edit,0f9ee1cd43aab05f,1.0,fine_grained_edit,1,1,0.9836635100444646,0.9862991750298151
family_b_002108_coordinated_full_forgery,0f9ee1cd43aab05f,1.0,coordinated_full_forgery,1,1,0.8581278894828429,0.9228499003852306
family_b_002109_visual_splice,0f9ee1cd43aab05f,1.0,visual_splice,1,1,0.8346716565672847,0.9550906398238914
family_b_002110_visual_splice,0f9ee1cd43aab05f,1.0,visual_splice,1,1,0.8002217493246762,0.8215589049722739
family_b_002111_visual_splice,0f9ee1cd43aab05f,1.0,visual_splice,1,1,0.828314625941501,0.8513801746148989
family_b_002112_genuine,f2eed4fc71dd3b01,1.0,genuine,0,0,0.6143158415693339,0.4944351127388862
family_b_002113_text_qr_mismatch,f2eed4fc71dd3b01,1.0,text_qr_mismatch,1,1,0.9471518772722561,0.92688155488887
family_b_002114_qr_only_mismatch,f2eed4fc71dd3b01,1.0,qr_only_mismatch,1,1,0.9953754624871951,0.9988714236047597
family_b_002115_checksum_invalid,f2eed4fc71dd3b01,1.0,checksum_invalid,1,1,0.9690209304245431,0.9638173314466385
family_b_002116_format_invalid,f2eed4fc71dd3b01,1.0,format_invalid,1,1,0.8901689031766641,0.958278470191529
family_b_002117_field_missing,f2eed4fc71dd3b01,1.0,field_missing,1,1,0.9647230833971489,0.9889476533079223
family_b_002118_fine_grained_edit,f2eed4fc71dd3b01,1.0,fine_grained_edit,1,1,0.9397434680256826,0.9553282291341841
family_b_002119_coordinated_full_forgery,f2eed4fc71dd3b01,1.0,coordinated_full_forgery,1,1,0.8103039032933471,0.9249274797951927
family_b_002120_visual_splice,f2eed4fc71dd3b01,1.0,visual_splice,1,1,0.8299360279932075,0.9318933051476594
family_b_002121_visual_splice,f2eed4fc71dd3b01,1.0,visual_splice,1,1,0.8017448760256436,0.8918330825252373
family_b_002122_visual_splice,f2eed4fc71dd3b01,1.0,visual_splice,1,1,0.9471518772722561,0.9198406813837036
family_b_002145_genuine,6e79fc419d2cfbf4,1.0,genuine,0,0,0.6659949502887954,0.6815534692959507
family_b_002146_text_qr_mismatch,6e79fc419d2cfbf4,1.0,text_qr_mismatch,1,1,0.8813473630416749,0.8440205473101021
family_b_002147_qr_only_mismatch,6e79fc419d2cfbf4,1.0,qr_only_mismatch,1,1,0.9785300078419391,0.998683901114829
family_b_002148_checksum_invalid,6e79fc419d2cfbf4,1.0,checksum_invalid,1,1,0.8393981044500001,0.8892621722902142
family_b_002149_format_invalid,6e79fc419d2cfbf4,1.0,format_invalid,1,1,0.9056414539526323,0.9756915068743383
family_b_002150_field_missing,6e79fc419d2cfbf4,1.0,field_missing,1,1,0.9854917127454835,0.9850796801368067
family_b_002151_fine_grained_edit,6e79fc419d2cfbf4,1.0,fine_grained_edit,1,1,0.9239086551255967,0.9086651964462835
family_b_002152_coordinated_full_forgery,6e79fc419d2cfbf4,1.0,coordinated_full_forgery,1,1,0.8655869562329418,0.9345346384178266
family_b_002153_visual_splice,6e79fc419d2cfbf4,1.0,visual_splice,1,1,0.8948324428604861,0.8922472214872871
family_b_002154_visual_splice,6e79fc419d2cfbf4,1.0,visual_splice,1,1,0.9198883813305362,0.9769988021347672
family_b_002155_visual_splice,6e79fc419d2cfbf4,1.0,visual_splice,1,1,0.8001769857085389,0.927539218341936
family_b_002156_genuine,094ea8c6db6aeacb,1.0,genuine,0,0,0.7252146032372434,0.4709877643734863
family_b_002157_text_qr_mismatch,094ea8c6db6aeacb,1.0,text_qr_mismatch,1,1,0.9961264636567759,0.9995371097127191
family_b_002158_qr_only_mismatch,094ea8c6db6aeacb,1.0,qr_only_mismatch,1,1,0.9956778540393232,0.9994865135935697
family_b_002159_checksum_invalid,094ea8c6db6aeacb,1.0,checksum_invalid,1,1,1.0,0.9994608158659384
family_b_002160_format_invalid,094ea8c6db6aeacb,1.0,format_invalid,1,1,1.0,0.9997974722128391
family_b_002161_field_missing,094ea8c6db6aeacb,1.0,field_missing,1,1,1.0,0.9991736841688866
family_b_002162_fine_grained_edit,094ea8c6db6aeacb,1.0,fine_grained_edit,1,1,0.9937706403781292,0.9993753301095262
family_b_002163_coordinated_full_forgery,094ea8c6db6aeacb,1.0,coordinated_full_forgery,1,1,0.9044956141341435,0.906722916367482
family_b_002164_visual_splice,094ea8c6db6aeacb,1.0,visual_splice,1,1,0.8062376064516001,0.8892064096785638
family_b_002165_visual_splice,094ea8c6db6aeacb,1.0,visual_splice,1,1,0.8149421102753238,0.8181366079122435
family_b_002166_visual_splice,094ea8c6db6aeacb,1.0,visual_splice,1,1,0.995,0.9984857027080796
family_b_002167_genuine,a33e20ceef3227d4,1.0,genuine,0,0,0.7844527945687508,0.608302803267986
family_b_002168_text_qr_mismatch,a33e20ceef3227d4,1.0,text_qr_mismatch,1,1,0.985676160587125,0.9995778796009099
family_b_002169_qr_only_mismatch,a33e20ceef3227d4,1.0,qr_only_mismatch,1,1,0.9954895241492382,0.9989207356964331
family_b_002170_checksum_invalid,a33e20ceef3227d4,1.0,checksum_invalid,1,1,1.0,0.9997878415219148
family_b_002171_format_invalid,a33e20ceef3227d4,1.0,format_invalid,1,1,1.0,0.9997575343137655
family_b_002172_field_missing,a33e20ceef3227d4,1.0,field_missing,1,1,0.9999029126213592,0.9993467158731317
family_b_002173_fine_grained_edit,a33e20ceef3227d4,1.0,fine_grained_edit,1,1,0.9957832744405182,0.9994083905191423
family_b_002174_coordinated_full_forgery,a33e20ceef3227d4,1.0,coordinated_full_forgery,1,1,0.8026782244640325,0.793389006276062
family_b_002175_visual_splice,a33e20ceef3227d4,1.0,visual_splice,1,1,0.7858998518503448,0.7532177905303709
family_b_002176_visual_splice,a33e20ceef3227d4,1.0,visual_splice,1,1,0.8212626659362524,0.8063421171204896
family_b_002177_visual_splice,a33e20ceef3227d4,1.0,visual_splice,1,1,0.8724713490311892,0.9150402701388619
family_b_002178_genuine,fb1390e59f976456,1.0,genuine,0,0,0.7091416014378688,0.6126760226332364
family_b_002179_text_qr_mismatch,fb1390e59f976456,1.0,text_qr_mismatch,1,1,0.9948729163753864,0.9994175995203896
family_b_002180_qr_only_mismatch,fb1390e59f976456,1.0,qr_only_mismatch,1,1,0.9960002307601741,0.9994439029785163
family_b_002181_checksum_invalid,fb1390e59f976456,1.0,checksum_invalid,1,1,0.9883333333333333,0.9996795554554166
family_b_002182_format_invalid,fb1390e59f976456,1.0,format_invalid,1,1,1.0,0.9997109142940994
family_b_002183_field_missing,fb1390e59f976456,1.0,field_missing,1,1,0.9999118942731278,0.9994068529098035
family_b_002184_fine_grained_edit,fb1390e59f976456,1.0,fine_grained_edit,1,1,0.9956464625069685,0.9992954085846493
family_b_002185_coordinated_full_forgery,fb1390e59f976456,1.0,coordinated_full_forgery,1,1,0.7979329729200906,0.8346052466034896
family_b_002186_visual_splice,fb1390e59f976456,1.0,visual_splice,1,1,0.8803931937616127,0.950788900505281
family_b_002187_visual_splice,fb1390e59f976456,1.0,visual_splice,1,1,0.7450819067279524,0.7489883698400467
family_b_002188_visual_splice,fb1390e59f976456,1.0,visual_splice,1,1,0.7574179805341891,0.8165970615819571
family_b_002200_genuine,a07b0d93bf519f0c,1.0,genuine,0,0,0.7240023274538224,0.6925136140860721
family_b_002201_text_qr_mismatch,a07b0d93bf519f0c,1.0,text_qr_mismatch,1,1,0.994959243142478,0.9988917083584603
family_b_002202_qr_only_mismatch,a07b0d93bf519f0c,1.0,qr_only_mismatch,1,1,0.9952351039841552,0.9995297950439949
family_b_002203_checksum_invalid,a07b0d93bf519f0c,1.0,checksum_invalid,1,1,1.0,0.9998047414585913
family_b_002204_format_invalid,a07b0d93bf519f0c,1.0,format_invalid,1,1,0.9996709567751335,0.9998787371780509
family_b_002205_field_missing,a07b0d93bf519f0c,1.0,field_missing,1,1,0.995,0.9988945031074361
family_b_002206_fine_grained_edit,a07b0d93bf519f0c,1.0,fine_grained_edit,1,1,0.994420742462343,0.9993963328923687
family_b_002207_coordinated_full_forgery,a07b0d93bf519f0c,1.0,coordinated_full_forgery,1,1,0.9193763903880958,0.9137844431203718
family_b_002208_visual_splice,a07b0d93bf519f0c,1.0,visual_splice,1,1,0.82208199099417,0.8758815376163513
family_b_002209_visual_splice,a07b0d93bf519f0c,1.0,visual_splice,1,1,0.8139343446950581,0.8346500692375948
family_b_002210_visual_splice,a07b0d93bf519f0c,1.0,visual_splice,1,1,0.89609310997395,0.9531561686112711
family_b_002211_genuine,77bdddfac05b650a,1.0,genuine,0,0,0.6561791615008196,0.4735596777558696
family_b_002212_text_qr_mismatch,77bdddfac05b650a,1.0,text_qr_mismatch,1,1,0.9859939828997168,0.994312950753828
family_b_002213_qr_only_mismatch,77bdddfac05b650a,1.0,qr_only_mismatch,1,1,0.998106874712297,0.9988751591582099
family_b_002214_checksum_invalid,77bdddfac05b650a,1.0,checksum_invalid,1,1,0.9999295774647888,0.9992715711950779
family_b_002215_format_invalid,77bdddfac05b650a,1.0,format_invalid,1,1,1.0,0.9996566278226021
family_b_002216_field_missing,77bdddfac05b650a,1.0,field_missing,1,1,0.9916666666666667,0.9994894372801437
family_b_002217_fine_grained_edit,77bdddfac05b650a,1.0,fine_grained_edit,1,1,0.9480902270311724,0.9724469759861223
family_b_002218_coordinated_full_forgery,77bdddfac05b650a,1.0,coordinated_full_forgery,1,1,0.7733461152424403,0.8405442439023941
family_b_002219_visual_splice,77bdddfac05b650a,1.0,visual_splice,1,1,0.8402555362008265,0.9690302480481203
family_b_002220_visual_splice,77bdddfac05b650a,1.0,visual_splice,1,1,1.0,0.999395834753985
family_b_002221_visual_splice,77bdddfac05b650a,1.0,visual_splice,1,1,0.8419217235715442,0.8270884666783541
family_b_002222_genuine,605d347ff0fe9224,1.0,genuine,0,0,0.7090595283691495,0.4657154318885851
family_b_002223_text_qr_mismatch,605d347ff0fe9224,1.0,text_qr_mismatch,1,1,0.9943503199271316,0.9994091239410267
family_b_002224_qr_only_mismatch,605d347ff0fe9224,1.0,qr_only_mismatch,1,1,0.992972728740597,0.9995851861468807
family_b_002225_checksum_invalid,605d347ff0fe9224,1.0,checksum_invalid,1,1,0.9999295774647888,0.9997640759391236
family_b_002226_format_invalid,605d347ff0fe9224,1.0,format_invalid,1,1,0.9999295774647888,0.9997607852148345
family_b_002227_field_missing,605d347ff0fe9224,1.0,field_missing,1,1,0.9999295774647888,0.9994798681095066
family_b_002228_fine_grained_edit,605d347ff0fe9224,1.0,fine_grained_edit,1,1,0.9889503199271316,0.9993699761749675
family_b_002229_coordinated_full_forgery,605d347ff0fe9224,1.0,coordinated_full_forgery,1,1,0.8276286292160795,0.899278879683037
family_b_002230_visual_splice,605d347ff0fe9224,1.0,visual_splice,1,1,0.8079073096907411,0.8591285980470572
family_b_002231_visual_splice,605d347ff0fe9224,1.0,visual_splice,1,1,0.812079809312009,0.8456844846181175
family_b_002232_visual_splice,605d347ff0fe9224,1.0,visual_splice,1,1,0.8218379613741992,0.8743669846987169
family_b_002233_genuine,9f5f083f8183256c,1.0,genuine,0,0,0.6860274984252989,0.6056919221736533
family_b_002234_text_qr_mismatch,9f5f083f8183256c,1.0,text_qr_mismatch,1,1,0.9891928723632634,0.9990927349076407
family_b_002235_qr_only_mismatch,9f5f083f8183256c,1.0,qr_only_mismatch,1,1,0.9943503199271316,0.9993376138731458
family_b_002236_checksum_invalid,9f5f083f8183256c,1.0,checksum_invalid,1,1,0.9999029126213592,0.9997264001698124
family_b_002237_format_invalid,9f5f083f8183256c,1.0,format_invalid,1,1,0.9999029126213592,0.9998732112081407
family_b_002238_field_missing,9f5f083f8183256c,1.0,field_missing,1,1,0.9966666666666667,0.9993931458215509
family_b_002239_fine_grained_edit,9f5f083f8183256c,1.0,fine_grained_edit,1,1,0.9786289337631355,0.9872966475004569
family_b_002240_coordinated_full_forgery,9f5f083f8183256c,1.0,coordinated_full_forgery,1,1,0.8507310558717353,0.9265746954225209
family_b_002241_visual_splice,9f5f083f8183256c,1.0,visual_splice,1,1,0.7706402347039166,0.7774313951294457
family_b_002242_visual_splice,9f5f083f8183256c,1.0,visual_splice,1,1,0.8286650536739757,0.7919375049531175
family_b_002243_visual_splice,9f5f083f8183256c,1.0,visual_splice,1,1,0.8034877625815868,0.7852989759316594
family_b_002255_genuine,a939247c2d175192,1.0,genuine,0,0,0.7552099330690076,0.6412660152209663
family_b_002256_text_qr_mismatch,a939247c2d175192,1.0,text_qr_mismatch,1,1,0.995118971278194,0.9987448369693781
family_b_002257_qr_only_mismatch,a939247c2d175192,1.0,qr_only_mismatch,1,1,0.9779418762269897,0.9979253705090917
family_b_002258_checksum_invalid,a939247c2d175192,1.0,checksum_invalid,1,1,0.9998809523809524,0.9993061868018591
family_b_002259_format_invalid,a939247c2d175192,1.0,format_invalid,1,1,0.995,0.9997114049046889
family_b_002260_field_missing,a939247c2d175192,1.0,field_missing,1,1,1.0,0.9994786819360691
family_b_002261_fine_grained_edit,a939247c2d175192,1.0,fine_grained_edit,1,1,0.9961264636567759,0.9996579142960887
family_b_002262_coordinated_full_forgery,a939247c2d175192,1.0,coordinated_full_forgery,1,1,0.8077444998447331,0.8671893455687255
family_b_002263_visual_splice,a939247c2d175192,1.0,visual_splice,1,1,0.7520685333493301,0.8040954573637057
family_b_002264_visual_splice,a939247c2d175192,1.0,visual_splice,1,1,0.8262057144790265,0.7628706919510931
family_b_002265_visual_splice,a939247c2d175192,1.0,visual_splice,1,1,0.8006150512578789,0.8983499627819347
family_b_002266_genuine,03d890b10499b7da,1.0,genuine,0,0,0.5750799057969629,0.2195040294582878
family_b_002267_text_qr_mismatch,03d890b10499b7da,1.0,text_qr_mismatch,1,1,0.9993510650680946,0.9986823669856667
family_b_002268_qr_only_mismatch,03d890b10499b7da,1.0,qr_only_mismatch,1,1,0.9957615079654961,0.9991962742555478
family_b_002269_checksum_invalid,03d890b10499b7da,1.0,checksum_invalid,1,1,1.0,0.9998118220308807
family_b_002270_format_invalid,03d890b10499b7da,1.0,format_invalid,1,1,1.0,0.9996617725194797
family_b_002271_field_missing,03d890b10499b7da,1.0,field_missing,1,1,0.9913043478260869,0.9943772285885881
family_b_002272_fine_grained_edit,03d890b10499b7da,1.0,fine_grained_edit,1,1,0.9962994731596645,0.9995489646051597
family_b_002273_coordinated_full_forgery,03d890b10499b7da,1.0,coordinated_full_forgery,1,1,0.8293515227818185,0.9237764962773046
family_b_002274_visual_splice,03d890b10499b7da,1.0,visual_splice,1,1,0.8486370665126586,0.9198898650267504
family_b_002275_visual_splice,03d890b10499b7da,1.0,visual_splice,1,1,0.8397059081834363,0.823410422963583
family_b_002276_visual_splice,03d890b10499b7da,1.0,visual_splice,1,1,0.8255919638355818,0.871661006336792
family_b_002299_genuine,8cea59d5f1e53612,1.0,genuine,0,0,0.7301523563021755,0.6929517050568971
family_b_002300_text_qr_mismatch,8cea59d5f1e53612,1.0,text_qr_mismatch,1,1,0.9976292904041811,0.9995277123563802
family_b_002301_qr_only_mismatch,8cea59d5f1e53612,1.0,qr_only_mismatch,1,1,0.9887909840431119,0.9990368580180086
family_b_002302_checksum_invalid,8cea59d5f1e53612,1.0,checksum_invalid,1,1,1.0,0.9997140463240399
family_b_002303_format_invalid,8cea59d5f1e53612,1.0,format_invalid,1,1,1.0,0.999712952302971
family_b_002304_field_missing,8cea59d5f1e53612,1.0,field_missing,1,1,0.9688253968253968,0.9993584942388478
family_b_002305_fine_grained_edit,8cea59d5f1e53612,1.0,fine_grained_edit,1,1,0.9929299979980114,0.9862407642776359
family_b_002306_coordinated_full_forgery,8cea59d5f1e53612,1.0,coordinated_full_forgery,1,1,0.7302193753603607,0.6781729944096293
family_b_002307_visual_splice,8cea59d5f1e53612,1.0,visual_splice,1,1,0.8118998446749802,0.7907087333010198
family_b_002308_visual_splice,8cea59d5f1e53612,1.0,visual_splice,1,1,0.8226176673156587,0.8535873089210374
family_b_002309_visual_splice,8cea59d5f1e53612,1.0,visual_splice,1,1,0.8144553162760307,0.8737152122985452
family_b_002310_genuine,ae5c3120cf095a07,1.0,genuine,0,0,0.6997223791281638,0.42306881678240715
family_b_002311_text_qr_mismatch,ae5c3120cf095a07,1.0,text_qr_mismatch,1,1,0.9955703015749389,0.9995541646969451
family_b_002312_qr_only_mismatch,ae5c3120cf095a07,1.0,qr_only_mismatch,1,1,0.9911480574639809,0.9996633094151459
family_b_002313_checksum_invalid,ae5c3120cf095a07,1.0,checksum_invalid,1,1,1.0,0.9993433380334489
family_b_002314_format_invalid,ae5c3120cf095a07,1.0,format_invalid,1,1,0.9999295774647888,0.9995932477062256
family_b_002315_field_missing,ae5c3120cf095a07,1.0,field_missing,1,1,0.9944123360854783,0.999356748018965
family_b_002316_fine_grained_edit,ae5c3120cf095a07,1.0,fine_grained_edit,1,1,0.9937706403781292,0.9993743363899547
family_b_002317_coordinated_full_forgery,ae5c3120cf095a07,1.0,coordinated_full_forgery,1,1,0.8095353414848122,0.829977048648683
family_b_002318_visual_splice,ae5c3120cf095a07,1.0,visual_splice,1,1,0.8494296237274174,0.9315483710795536
family_b_002319_visual_splice,ae5c3120cf095a07,1.0,visual_splice,1,1,0.8593350757157768,0.922142355408207
family_b_002320_visual_splice,ae5c3120cf095a07,1.0,visual_splice,1,1,0.7902099688866876,0.8363140840534662
family_b_002343_genuine,2bae41e2a696ce60,1.0,genuine,0,0,0.5284758733894627,0.27952644102824215
family_b_002344_text_qr_mismatch,2bae41e2a696ce60,1.0,text_qr_mismatch,1,1,0.9971923076923076,0.9992410104758693
family_b_002345_qr_only_mismatch,2bae41e2a696ce60,1.0,qr_only_mismatch,1,1,0.9837135674560342,0.9989600675122019
family_b_002346_checksum_invalid,2bae41e2a696ce60,1.0,checksum_invalid,1,1,1.0,0.999773701530182
family_b_002347_format_invalid,2bae41e2a696ce60,1.0,format_invalid,1,1,1.0,0.9996200791110051
family_b_002348_field_missing,2bae41e2a696ce60,1.0,field_missing,1,1,0.9876896720509055,0.9996807014455364
family_b_002349_fine_grained_edit,2bae41e2a696ce60,1.0,fine_grained_edit,1,1,0.9972413092053817,0.9992144340492888
family_b_002350_coordinated_full_forgery,2bae41e2a696ce60,1.0,coordinated_full_forgery,1,1,0.8246196109508541,0.8307024690539107
family_b_002351_visual_splice,2bae41e2a696ce60,1.0,visual_splice,1,1,0.89325556188174,0.9406811205754769
family_b_002352_visual_splice,2bae41e2a696ce60,1.0,visual_splice,1,1,0.793091470656666,0.8142521244669363
family_b_002353_visual_splice,2bae41e2a696ce60,1.0,visual_splice,1,1,0.8032010358024512,0.9027919096016292
family_b_002354_genuine,a82189a1cbb90806,1.0,genuine,0,0,0.703367336629733,0.6695365412526246
family_b_002355_text_qr_mismatch,a82189a1cbb90806,1.0,text_qr_mismatch,1,1,1.0,0.9995487139642096
family_b_002356_qr_only_mismatch,a82189a1cbb90806,1.0,qr_only_mismatch,1,1,0.9997413793103448,0.9995404608283046
family_b_002357_checksum_invalid,a82189a1cbb90806,1.0,checksum_invalid,1,1,1.0,0.9990178216261653
family_b_002358_format_invalid,a82189a1cbb90806,1.0,format_invalid,1,1,1.0,0.9997320618041353
family_b_002359_field_missing,a82189a1cbb90806,1.0,field_missing,1,1,1.0,0.9994125010750589
family_b_002360_fine_grained_edit,a82189a1cbb90806,1.0,fine_grained_edit,1,1,0.9984076397668632,0.9991815129727768
family_b_002361_coordinated_full_forgery,a82189a1cbb90806,1.0,coordinated_full_forgery,1,1,0.7982128642368598,0.9052214223855461
family_b_002362_visual_splice,a82189a1cbb90806,1.0,visual_splice,1,1,0.805193672215594,0.7738247155214032
family_b_002363_visual_splice,a82189a1cbb90806,1.0,visual_splice,1,1,0.9960406885758998,0.9994925688708717
family_b_002364_visual_splice,a82189a1cbb90806,1.0,visual_splice,1,1,0.8699606007750431,0.9318164310702333
family_b_002365_genuine,ab9e653da8b48624,1.0,genuine,0,0,0.702230142559786,0.5845997126899329
family_b_002366_text_qr_mismatch,ab9e653da8b48624,1.0,text_qr_mismatch,1,1,0.9427813997905689,0.9980871152155142
family_b_002367_qr_only_mismatch,ab9e653da8b48624,1.0,qr_only_mismatch,1,1,0.9890679015671742,0.999781134506064
family_b_002368_checksum_invalid,ab9e653da8b48624,1.0,checksum_invalid,1,1,0.995,0.9997107299470662
family_b_002369_format_invalid,ab9e653da8b48624,1.0,format_invalid,1,1,0.995,0.9996599322685273
family_b_002370_field_missing,ab9e653da8b48624,1.0,field_missing,1,1,0.993512299952641,0.9970606157549152
family_b_002371_fine_grained_edit,ab9e653da8b48624,1.0,fine_grained_edit,1,1,0.9880792148314081,0.9992222876757824
family_b_002372_coordinated_full_forgery,ab9e653da8b48624,1.0,coordinated_full_forgery,1,1,0.8523232962936647,0.9616304744293552
family_b_002373_visual_splice,ab9e653da8b48624,1.0,visual_splice,1,1,0.8082996611071311,0.8473700486427502
family_b_002374_visual_splice,ab9e653da8b48624,1.0,visual_splice,1,1,0.7854511116590208,0.8112209368785905
family_b_002375_visual_splice,ab9e653da8b48624,1.0,visual_splice,1,1,0.7722425327740704,0.7724416516338944
family_b_002376_genuine,a47016d093ba460e,1.0,genuine,0,0,0.6119907718928481,0.4411710477603263
family_b_002377_text_qr_mismatch,a47016d093ba460e,1.0,text_qr_mismatch,1,1,0.9901385892499404,0.9994458052819318
family_b_002378_qr_only_mismatch,a47016d093ba460e,1.0,qr_only_mismatch,1,1,0.873888738377316,0.9009109724474845
family_b_002379_checksum_invalid,a47016d093ba460e,1.0,checksum_invalid,1,1,0.9994444444444445,0.9994866656762237
family_b_002380_format_invalid,a47016d093ba460e,1.0,format_invalid,1,1,0.9999295774647888,0.999733840859971
family_b_002381_field_missing,a47016d093ba460e,1.0,field_missing,1,1,0.9915081384045831,0.9993933648277935
family_b_002382_fine_grained_edit,a47016d093ba460e,1.0,fine_grained_edit,1,1,0.985532955330615,0.9994202248025582
family_b_002383_coordinated_full_forgery,a47016d093ba460e,1.0,coordinated_full_forgery,1,1,0.9040904801881573,0.955712633773955
family_b_002384_visual_splice,a47016d093ba460e,1.0,visual_splice,1,1,0.8032034395260252,0.7876857329877173
family_b_002385_visual_splice,a47016d093ba460e,1.0,visual_splice,1,1,0.7658641664648316,0.7631070308158654
family_b_002386_visual_splice,a47016d093ba460e,1.0,visual_splice,1,1,0.8141457966516583,0.7764184991423093
family_b_002387_genuine,5010b6f7403ff8fe,1.0,genuine,0,0,0.675830893756165,0.5426345752612823
family_b_002388_text_qr_mismatch,5010b6f7403ff8fe,1.0,text_qr_mismatch,1,1,0.9937706403781292,0.9995101947273891
family_b_002389_qr_only_mismatch,5010b6f7403ff8fe,1.0,qr_only_mismatch,1,1,0.9463967273248105,0.8821940017460889
family_b_002390_checksum_invalid,5010b6f7403ff8fe,1.0,checksum_invalid,1,1,0.9883333333333333,0.9995595473581141
family_b_002391_format_invalid,5010b6f7403ff8fe,1.0,format_invalid,1,1,1.0,0.9998499478354828
family_b_002392_field_missing,5010b6f7403ff8fe,1.0,field_missing,1,1,0.9999295774647888,0.9993169471059946
family_b_002393_fine_grained_edit,5010b6f7403ff8fe,1.0,fine_grained_edit,1,1,0.9953492654410728,0.9994965436908209
family_b_002394_coordinated_full_forgery,5010b6f7403ff8fe,1.0,coordinated_full_forgery,1,1,0.8266474241061971,0.9165776564465492
family_b_002395_visual_splice,5010b6f7403ff8fe,1.0,visual_splice,1,1,0.7498583763105328,0.7866124708565575
family_b_002396_visual_splice,5010b6f7403ff8fe,1.0,visual_splice,1,1,0.7737575586950497,0.813273453883003
family_b_002397_visual_splice,5010b6f7403ff8fe,1.0,visual_splice,1,1,0.9930555555555556,0.999359122786246
family_b_002409_genuine,c6d8598d982133f1,1.0,genuine,0,0,0.7070347594844081,0.6894673204328254
family_b_002410_text_qr_mismatch,c6d8598d982133f1,1.0,text_qr_mismatch,1,1,0.9929943858731956,0.9995101399355559
family_b_002411_qr_only_mismatch,c6d8598d982133f1,1.0,qr_only_mismatch,1,1,0.995,0.9947572143604606
family_b_002412_checksum_invalid,c6d8598d982133f1,1.0,checksum_invalid,1,1,1.0,0.9997276187002219
family_b_002413_format_invalid,c6d8598d982133f1,1.0,format_invalid,1,1,1.0,0.9997032577354193
family_b_002414_field_missing,c6d8598d982133f1,1.0,field_missing,1,1,1.0,0.99940367171066
family_b_002415_fine_grained_edit,c6d8598d982133f1,1.0,fine_grained_edit,1,1,0.997044640075745,0.9993767434693795
family_b_002416_coordinated_full_forgery,c6d8598d982133f1,1.0,coordinated_full_forgery,1,1,0.8073376143596702,0.8791670125544906
family_b_002417_visual_splice,c6d8598d982133f1,1.0,visual_splice,1,1,0.847607675728883,0.9215736651873585
family_b_002418_visual_splice,c6d8598d982133f1,1.0,visual_splice,1,1,0.8632110162878793,0.9180148122878455
family_b_002419_visual_splice,c6d8598d982133f1,1.0,visual_splice,1,1,0.8000190118136403,0.8583046698722302
family_b_002420_genuine,827c80354ac86b04,1.0,genuine,0,0,0.6402065318704282,0.6209415139720166
family_b_002421_text_qr_mismatch,827c80354ac86b04,1.0,text_qr_mismatch,1,1,0.9021048316372581,0.8869713697257301
family_b_002422_qr_only_mismatch,827c80354ac86b04,1.0,qr_only_mismatch,1,1,0.9963845151872526,0.9991186301325085
family_b_002423_checksum_invalid,827c80354ac86b04,1.0,checksum_invalid,1,1,1.0,0.9995697993907399
family_b_002424_format_invalid,827c80354ac86b04,1.0,format_invalid,1,1,0.9246373025991218,0.9791429586266379
family_b_002425_field_missing,827c80354ac86b04,1.0,field_missing,1,1,0.8736162887072639,0.9471242726368502
family_b_002426_fine_grained_edit,827c80354ac86b04,1.0,fine_grained_edit,1,1,0.9124391993236035,0.8857011235828597
family_b_002427_coordinated_full_forgery,827c80354ac86b04,1.0,coordinated_full_forgery,1,1,0.8130005678130482,0.8264717276894787
family_b_002428_visual_splice,827c80354ac86b04,1.0,visual_splice,1,1,0.8359706013066982,0.7759776432399813
family_b_002429_visual_splice,827c80354ac86b04,1.0,visual_splice,1,1,0.9281411357232606,0.9504258130879296
family_b_002430_visual_splice,827c80354ac86b04,1.0,visual_splice,1,1,0.815362145574869,0.8911065115654214
family_b_002431_genuine,c9e519968665af42,1.0,genuine,0,0,0.7462507149978802,0.8260803089209736
family_b_002432_text_qr_mismatch,c9e519968665af42,1.0,text_qr_mismatch,1,1,0.9980727397736527,0.9990669365134045
family_b_002433_qr_only_mismatch,c9e519968665af42,1.0,qr_only_mismatch,1,1,0.9296666666666665,0.9967384150691819
family_b_002434_checksum_invalid,c9e519968665af42,1.0,checksum_invalid,1,1,0.996111111111111,0.9995371078605146
family_b_002435_format_invalid,c9e519968665af42,1.0,format_invalid,1,1,1.0,0.9994914156382474
family_b_002436_field_missing,c9e519968665af42,1.0,field_missing,1,1,0.9999118942731278,0.9994424022995119
family_b_002437_fine_grained_edit,c9e519968665af42,1.0,fine_grained_edit,1,1,0.9958507515715577,0.9989237460557598
family_b_002438_coordinated_full_forgery,c9e519968665af42,1.0,coordinated_full_forgery,1,1,0.8201048661006775,0.8210713568366033
family_b_002439_visual_splice,c9e519968665af42,1.0,visual_splice,1,1,0.8077378813751414,0.8213975980233902
family_b_002440_visual_splice,c9e519968665af42,1.0,visual_splice,1,1,0.8193464264506545,0.9258696752205413
family_b_002441_visual_splice,c9e519968665af42,1.0,visual_splice,1,1,0.893430415277313,0.9703801882247823
family_b_002442_genuine,65f741f2bae74efb,1.0,genuine,0,0,0.7395356655651446,0.782068624814911
family_b_002443_text_qr_mismatch,65f741f2bae74efb,1.0,text_qr_mismatch,1,1,0.9891328872419944,0.999235793439357
family_b_002444_qr_only_mismatch,65f741f2bae74efb,1.0,qr_only_mismatch,1,1,0.9949999263042012,0.9993467158731317
family_b_002445_checksum_invalid,65f741f2bae74efb,1.0,checksum_invalid,1,1,1.0,0.9996729852125014
family_b_002446_format_invalid,65f741f2bae74efb,1.0,format_invalid,1,1,1.0,0.9997036492044885
family_b_002447_field_missing,65f741f2bae74efb,1.0,field_missing,1,1,1.0,0.9990827921268326
family_b_002448_fine_grained_edit,65f741f2bae74efb,1.0,fine_grained_edit,1,1,0.995097013682842,0.9980264197635219
family_b_002449_coordinated_full_forgery,65f741f2bae74efb,1.0,coordinated_full_forgery,1,1,0.8234468499921642,0.9205378534953276
family_b_002450_visual_splice,65f741f2bae74efb,1.0,visual_splice,1,1,0.8490675862700457,0.8487409690445692
family_b_002451_visual_splice,65f741f2bae74efb,1.0,visual_splice,1,1,0.7943870132087834,0.803706378181047
family_b_002452_visual_splice,65f741f2bae74efb,1.0,visual_splice,1,1,0.9994444444444445,0.9991317154725309
family_b_002453_genuine,709def9fa2238da0,1.0,genuine,0,0,0.6676316477249958,0.5447384958625789
family_b_002454_text_qr_mismatch,709def9fa2238da0,1.0,text_qr_mismatch,1,1,0.991832306113053,0.999415360799578
family_b_002455_qr_only_mismatch,709def9fa2238da0,1.0,qr_only_mismatch,1,1,0.9776569919689231,0.9973688660705263
family_b_002456_checksum_invalid,709def9fa2238da0,1.0,checksum_invalid,1,1,1.0,0.9990058340416732
family_b_002457_format_invalid,709def9fa2238da0,1.0,format_invalid,1,1,0.9999029126213592,0.9997028547583096
family_b_002458_field_missing,709def9fa2238da0,1.0,field_missing,1,1,1.0,0.9994977946911945
family_b_002459_fine_grained_edit,709def9fa2238da0,1.0,fine_grained_edit,1,1,0.9948508158508159,0.9992738983322927
family_b_002460_coordinated_full_forgery,709def9fa2238da0,1.0,coordinated_full_forgery,1,1,0.859705478362148,0.9050719551645766
family_b_002461_visual_splice,709def9fa2238da0,1.0,visual_splice,1,1,0.772057682079516,0.7700075068347952
family_b_002462_visual_splice,709def9fa2238da0,1.0,visual_splice,1,1,0.7812477782288567,0.8969247817276884
family_b_002463_visual_splice,709def9fa2238da0,1.0,visual_splice,1,1,0.8482119217049252,0.9440353104422102
family_b_002475_genuine,ebcb20aae1d1e97a,1.0,genuine,0,0,0.7363283923789185,0.6558079930095516
family_b_002476_text_qr_mismatch,ebcb20aae1d1e97a,1.0,text_qr_mismatch,1,1,0.9909154286087142,0.9984788989917865
family_b_002477_qr_only_mismatch,ebcb20aae1d1e97a,1.0,qr_only_mismatch,1,1,0.999286055077387,0.9997343729554766
family_b_002478_checksum_invalid,ebcb20aae1d1e97a,1.0,checksum_invalid,1,1,0.9997944423296536,0.9996535261831898
family_b_002479_format_invalid,ebcb20aae1d1e97a,1.0,format_invalid,1,1,0.9999295774647888,0.9993781374758672
family_b_002480_field_missing,ebcb20aae1d1e97a,1.0,field_missing,1,1,1.0,0.9985476798709174
family_b_002481_fine_grained_edit,ebcb20aae1d1e97a,1.0,fine_grained_edit,1,1,0.9516817315845418,0.9899929820199792
family_b_002482_coordinated_full_forgery,ebcb20aae1d1e97a,1.0,coordinated_full_forgery,1,1,0.8314621925843788,0.8553707364071853
family_b_002483_visual_splice,ebcb20aae1d1e97a,1.0,visual_splice,1,1,0.8373640758055785,0.9391344140118534
family_b_002484_visual_splice,ebcb20aae1d1e97a,1.0,visual_splice,1,1,0.8526065205785539,0.8523594841213626
family_b_002485_visual_splice,ebcb20aae1d1e97a,1.0,visual_splice,1,1,0.7748726533248393,0.7802401302309447
family_b_002486_genuine,02f1657640b1a947,1.0,genuine,0,0,0.7079343207892491,0.4944380770993313
family_b_002487_text_qr_mismatch,02f1657640b1a947,1.0,text_qr_mismatch,1,1,0.9961184962103035,0.9994725079498129
family_b_002488_qr_only_mismatch,02f1657640b1a947,1.0,qr_only_mismatch,1,1,0.9010843521919726,0.9437453223666887
family_b_002489_checksum_invalid,02f1657640b1a947,1.0,checksum_invalid,1,1,1.0,0.9993347798450576
family_b_002490_format_invalid,02f1657640b1a947,1.0,format_invalid,1,1,0.9999029126213592,0.9997410983244386
family_b_002491_field_missing,02f1657640b1a947,1.0,field_missing,1,1,0.951078431372549,0.9986515691615608
family_b_002492_fine_grained_edit,02f1657640b1a947,1.0,fine_grained_edit,1,1,0.9561514932872985,0.9945851805425756
family_b_002493_coordinated_full_forgery,02f1657640b1a947,1.0,coordinated_full_forgery,1,1,0.8630713715537547,0.9117715788397689
family_b_002494_visual_splice,02f1657640b1a947,1.0,visual_splice,1,1,0.759087306808758,0.7740609359883058
family_b_002495_visual_splice,02f1657640b1a947,1.0,visual_splice,1,1,0.8039507075992793,0.7771480806614741
family_b_002496_visual_splice,02f1657640b1a947,1.0,visual_splice,1,1,0.8076329533522032,0.8877168570701454
family_b_002508_genuine,a8f44ddceed8312e,1.0,genuine,0,0,0.7547557831328318,0.753469228053874
family_b_002509_text_qr_mismatch,a8f44ddceed8312e,1.0,text_qr_mismatch,1,1,0.932378482527609,0.8821532771889697
family_b_002510_qr_only_mismatch,a8f44ddceed8312e,1.0,qr_only_mismatch,1,1,0.9984094656242511,0.9998030507823676
family_b_002511_checksum_invalid,a8f44ddceed8312e,1.0,checksum_invalid,1,1,0.9683815086356391,0.9542539397364623
family_b_002512_format_invalid,a8f44ddceed8312e,1.0,format_invalid,1,1,0.9329850107176726,0.9774052511868557
family_b_002513_field_missing,a8f44ddceed8312e,1.0,field_missing,1,1,0.949910250589519,0.9871398653433122
family_b_002514_fine_grained_edit,a8f44ddceed8312e,1.0,fine_grained_edit,1,1,0.8927395256567497,0.8013290454853246
family_b_002515_coordinated_full_forgery,a8f44ddceed8312e,1.0,coordinated_full_forgery,1,1,0.94219457408219,0.9298480493921365
family_b_002516_visual_splice,a8f44ddceed8312e,1.0,visual_splice,1,1,0.9231323507717587,0.8845495698113922
family_b_002517_visual_splice,a8f44ddceed8312e,1.0,visual_splice,1,1,0.9159622836307078,0.908971016489867
family_b_002518_visual_splice,a8f44ddceed8312e,1.0,visual_splice,1,1,0.9126761173323716,0.9014045397216105
family_b_002519_genuine,9dfd0d8c8f6b3d13,1.0,genuine,0,0,0.7167290540692848,0.3176138647011446
family_b_002520_text_qr_mismatch,9dfd0d8c8f6b3d13,1.0,text_qr_mismatch,1,1,0.9963571646328185,0.9994484732334233
family_b_002521_qr_only_mismatch,9dfd0d8c8f6b3d13,1.0,qr_only_mismatch,1,1,0.9985863267670915,0.999396252156633
family_b_002522_checksum_invalid,9dfd0d8c8f6b3d13,1.0,checksum_invalid,1,1,0.9098568482699584,0.927998992931104
family_b_002523_format_invalid,9dfd0d8c8f6b3d13,1.0,format_invalid,1,1,1.0,0.9996524673839112
family_b_002524_field_missing,9dfd0d8c8f6b3d13,1.0,field_missing,1,1,0.9515229251332877,0.9883349180963583
family_b_002525_fine_grained_edit,9dfd0d8c8f6b3d13,1.0,fine_grained_edit,1,1,0.9961266198728136,0.9987229947523893
family_b_002526_coordinated_full_forgery,9dfd0d8c8f6b3d13,1.0,coordinated_full_forgery,1,1,0.8127706269351179,0.7496901589751057
family_b_002527_visual_splice,9dfd0d8c8f6b3d13,1.0,visual_splice,1,1,0.8634066997997334,0.9441718134168365
family_b_002528_visual_splice,9dfd0d8c8f6b3d13,1.0,visual_splice,1,1,0.8262287397034442,0.9402438976262067
family_b_002529_visual_splice,9dfd0d8c8f6b3d13,1.0,visual_splice,1,1,0.864375592062118,0.8619324081237602
family_b_002530_genuine,a30f860eca93b64f,1.0,genuine,0,0,0.6920709254444104,0.543985037890641
family_b_002531_text_qr_mismatch,a30f860eca93b64f,1.0,text_qr_mismatch,1,1,0.9861970424080249,0.9967135467116247
family_b_002532_qr_only_mismatch,a30f860eca93b64f,1.0,qr_only_mismatch,1,1,0.997044640075745,0.998759766027505
family_b_002533_checksum_invalid,a30f860eca93b64f,1.0,checksum_invalid,1,1,1.0,0.9992234352937317
family_b_002534_format_invalid,a30f860eca93b64f,1.0,format_invalid,1,1,1.0,0.999686434472964
family_b_002535_field_missing,a30f860eca93b64f,1.0,field_missing,1,1,1.0,0.9993392601720698
family_b_002536_fine_grained_edit,a30f860eca93b64f,1.0,fine_grained_edit,1,1,0.9888544762456527,0.9987212887336487
family_b_002537_coordinated_full_forgery,a30f860eca93b64f,1.0,coordinated_full_forgery,1,1,0.8016775067195266,0.8721605812496319
family_b_002538_visual_splice,a30f860eca93b64f,1.0,visual_splice,1,1,0.8075580858256237,0.8172547699036002
family_b_002539_visual_splice,a30f860eca93b64f,1.0,visual_splice,1,1,0.8538053804544374,0.9264541006706245
family_b_002540_visual_splice,a30f860eca93b64f,1.0,visual_splice,1,1,0.8033280892062349,0.8618019756479218
family_b_002541_genuine,6f0cdef542e155ad,1.0,genuine,0,0,0.4889071791117066,0.5714265945343119
family_b_002542_text_qr_mismatch,6f0cdef542e155ad,1.0,text_qr_mismatch,1,1,0.9897413793103448,0.9996291556047379
family_b_002543_qr_only_mismatch,6f0cdef542e155ad,1.0,qr_only_mismatch,1,1,1.0,0.9996883394743438
family_b_002544_checksum_invalid,6f0cdef542e155ad,1.0,checksum_invalid,1,1,1.0,0.9997192586366249
family_b_002545_format_invalid,6f0cdef542e155ad,1.0,format_invalid,1,1,0.9999295774647888,0.999740189534972
family_b_002546_field_missing,6f0cdef542e155ad,1.0,field_missing,1,1,0.9986666666666667,0.9993309617776032
family_b_002547_fine_grained_edit,6f0cdef542e155ad,1.0,fine_grained_edit,1,1,0.99722663244912,0.9996001896472648
family_b_002548_coordinated_full_forgery,6f0cdef542e155ad,1.0,coordinated_full_forgery,1,1,0.9125864265311169,0.8736597192104315
family_b_002549_visual_splice,6f0cdef542e155ad,1.0,visual_splice,1,1,0.7974624532909509,0.9171020026874062
family_b_002550_visual_splice,6f0cdef542e155ad,1.0,visual_splice,1,1,1.0,0.9955355908378397
family_b_002551_visual_splice,6f0cdef542e155ad,1.0,visual_splice,1,1,0.8569597940527263,0.8969698916466883
family_b_002552_genuine,7b4800c6223902ba,1.0,genuine,0,0,0.7235536041496167,0.6159809218286585
family_b_002553_text_qr_mismatch,7b4800c6223902ba,1.0,text_qr_mismatch,1,1,0.9975032427325078,0.999547843392364
family_b_002554_qr_only_mismatch,7b4800c6223902ba,1.0,qr_only_mismatch,1,1,0.9827109271853814,0.995042244201247
family_b_002555_checksum_invalid,7b4800c6223902ba,1.0,checksum_invalid,1,1,1.0,0.9994290296427262
family_b_002556_format_invalid,7b4800c6223902ba,1.0,format_invalid,1,1,0.9999029126213592,0.9996920192777429
family_b_002557_field_missing,7b4800c6223902ba,1.0,field_missing,1,1,0.9994690265486725,0.9994394729637829
family_b_002558_fine_grained_edit,7b4800c6223902ba,1.0,fine_grained_edit,1,1,0.9970049181293698,0.9993816681977506
family_b_002559_coordinated_full_forgery,7b4800c6223902ba,1.0,coordinated_full_forgery,1,1,0.720961796820125,0.7253080776152946
family_b_002560_visual_splice,7b4800c6223902ba,1.0,visual_splice,1,1,0.9949910868301489,0.9993549395520687
family_b_002561_visual_splice,7b4800c6223902ba,1.0,visual_splice,1,1,0.7693865346799247,0.8428831153694886
family_b_002562_visual_splice,7b4800c6223902ba,1.0,visual_splice,1,1,0.7591194596095437,0.6604960052302896
family_b_002563_genuine,93f61b99a0e64b0b,1.0,genuine,0,0,0.6735017080017603,0.6386321020704365
family_b_002564_text_qr_mismatch,93f61b99a0e64b0b,1.0,text_qr_mismatch,1,1,0.9204555231459114,0.9256172538488978
family_b_002565_qr_only_mismatch,93f61b99a0e64b0b,1.0,qr_only_mismatch,1,1,0.9140983243907932,0.986938981700785
family_b_002566_checksum_invalid,93f61b99a0e64b0b,1.0,checksum_invalid,1,1,0.970537868890399,0.9750275111195551
family_b_002567_format_invalid,93f61b99a0e64b0b,1.0,format_invalid,1,1,1.0,0.9995420991680263
family_b_002568_field_missing,93f61b99a0e64b0b,1.0,field_missing,1,1,1.0,0.9995887746055468
family_b_002569_fine_grained_edit,93f61b99a0e64b0b,1.0,fine_grained_edit,1,1,0.9003228436967987,0.8417239895383569
family_b_002570_coordinated_full_forgery,93f61b99a0e64b0b,1.0,coordinated_full_forgery,1,1,0.8534723169589746,0.9438859350556723
family_b_002571_visual_splice,93f61b99a0e64b0b,1.0,visual_splice,1,1,0.843256229777703,0.7563739299658409
family_b_002572_visual_splice,93f61b99a0e64b0b,1.0,visual_splice,1,1,0.8400049873862759,0.9663219472335765
family_b_002573_visual_splice,93f61b99a0e64b0b,1.0,visual_splice,1,1,0.9418444891989621,0.9129299180746896
family_b_002574_genuine,a68e8c945f508744,1.0,genuine,0,0,0.7044269938027198,0.7017685975297187
family_b_002575_text_qr_mismatch,a68e8c945f508744,1.0,text_qr_mismatch,1,1,0.9971733971499187,0.9995597373159402
family_b_002576_qr_only_mismatch,a68e8c945f508744,1.0,qr_only_mismatch,1,1,0.9957002580717209,0.996424296926626
family_b_002577_checksum_invalid,a68e8c945f508744,1.0,checksum_invalid,1,1,0.9999295774647888,0.9996692753550067
family_b_002578_format_invalid,a68e8c945f508744,1.0,format_invalid,1,1,1.0,0.9995658639755765
family_b_002579_field_missing,a68e8c945f508744,1.0,field_missing,1,1,1.0,0.9992418480697755
family_b_002580_fine_grained_edit,a68e8c945f508744,1.0,fine_grained_edit,1,1,0.9738872340540271,0.9934533982750172
family_b_002581_coordinated_full_forgery,a68e8c945f508744,1.0,coordinated_full_forgery,1,1,0.8165127130433458,0.835035307105068
family_b_002582_visual_splice,a68e8c945f508744,1.0,visual_splice,1,1,0.8243422846783506,0.9035305460561937
family_b_002583_visual_splice,a68e8c945f508744,1.0,visual_splice,1,1,0.80752962395757,0.8339103454266994
family_b_002584_visual_splice,a68e8c945f508744,1.0,visual_splice,1,1,0.8342446172215305,0.9159208717853907
family_b_002585_genuine,c8675cde2fd3991d,1.0,genuine,0,0,0.6933425801298627,0.5208435556575111
family_b_002586_text_qr_mismatch,c8675cde2fd3991d,1.0,text_qr_mismatch,1,1,0.9929598295673184,0.9991252179836925
family_b_002587_qr_only_mismatch,c8675cde2fd3991d,1.0,qr_only_mismatch,1,1,0.994025774195408,0.9973616498127008
family_b_002588_checksum_invalid,c8675cde2fd3991d,1.0,checksum_invalid,1,1,1.0,0.9995230131496503
family_b_002589_format_invalid,c8675cde2fd3991d,1.0,format_invalid,1,1,0.9999029126213592,0.9997688069192949
family_b_002590_field_missing,c8675cde2fd3991d,1.0,field_missing,1,1,0.9994444444444445,0.9993235671959665
family_b_002591_fine_grained_edit,c8675cde2fd3991d,1.0,fine_grained_edit,1,1,0.9930355913402343,0.9986471056385233
family_b_002592_coordinated_full_forgery,c8675cde2fd3991d,1.0,coordinated_full_forgery,1,1,0.771932437211212,0.7746684526394589
family_b_002593_visual_splice,c8675cde2fd3991d,1.0,visual_splice,1,1,0.7639514375192619,0.8703482620989039
family_b_002594_visual_splice,c8675cde2fd3991d,1.0,visual_splice,1,1,0.8036325047542028,0.8327850471527632
family_b_002595_visual_splice,c8675cde2fd3991d,1.0,visual_splice,1,1,0.7899996381307797,0.8605844846358285
family_b_002607_genuine,58b23e02f70b4ed9,1.0,genuine,0,0,0.7107174323611382,0.7429321777906449
family_b_002608_text_qr_mismatch,58b23e02f70b4ed9,1.0,text_qr_mismatch,1,1,0.9706287853276879,0.999604451080494
family_b_002609_qr_only_mismatch,58b23e02f70b4ed9,1.0,qr_only_mismatch,1,1,0.9960834820061354,0.9995415675964484
family_b_002610_checksum_invalid,58b23e02f70b4ed9,1.0,checksum_invalid,1,1,1.0,0.9997648841179263
family_b_002611_format_invalid,58b23e02f70b4ed9,1.0,format_invalid,1,1,0.9853333333333333,0.9997558851843347
family_b_002612_field_missing,58b23e02f70b4ed9,1.0,field_missing,1,1,0.9946606008511025,0.9995494562079353
family_b_002613_fine_grained_edit,58b23e02f70b4ed9,1.0,fine_grained_edit,1,1,0.9961519024075705,0.9994997581284236
family_b_002614_coordinated_full_forgery,58b23e02f70b4ed9,1.0,coordinated_full_forgery,1,1,0.8077214320118751,0.814834951281017
family_b_002615_visual_splice,58b23e02f70b4ed9,1.0,visual_splice,1,1,0.9982591424968473,0.9986650495597458
family_b_002616_visual_splice,58b23e02f70b4ed9,1.0,visual_splice,1,1,0.8163206863431725,0.817929751959061
family_b_002617_visual_splice,58b23e02f70b4ed9,1.0,visual_splice,1,1,0.7885847787238618,0.8035421847177947
family_b_002629_genuine,2d1d7c6cf0809de8,1.0,genuine,0,0,0.6935206148997837,0.5678168492699494
family_b_002630_text_qr_mismatch,2d1d7c6cf0809de8,1.0,text_qr_mismatch,1,1,0.9683340870201278,0.9906132936149062
family_b_002631_qr_only_mismatch,2d1d7c6cf0809de8,1.0,qr_only_mismatch,1,1,0.9933624389611656,0.9983504692189338
family_b_002632_checksum_invalid,2d1d7c6cf0809de8,1.0,checksum_invalid,1,1,1.0,0.9997343522586226
family_b_002633_format_invalid,2d1d7c6cf0809de8,1.0,format_invalid,1,1,1.0,0.9996694789496774
family_b_002634_field_missing,2d1d7c6cf0809de8,1.0,field_missing,1,1,0.9966666666666667,0.999289245589202
family_b_002635_fine_grained_edit,2d1d7c6cf0809de8,1.0,fine_grained_edit,1,1,0.9814077947950252,0.9926187339427918
family_b_002636_coordinated_full_forgery,2d1d7c6cf0809de8,1.0,coordinated_full_forgery,1,1,0.8383168992758115,0.8915192061744943
family_b_002637_visual_splice,2d1d7c6cf0809de8,1.0,visual_splice,1,1,0.7913390146352773,0.7492239888148569
family_b_002638_visual_splice,2d1d7c6cf0809de8,1.0,visual_splice,1,1,0.8186431490977886,0.8735881692592522
family_b_002639_visual_splice,2d1d7c6cf0809de8,1.0,visual_splice,1,1,0.9880070692294345,0.9995438376668061
family_b_002640_genuine,f8bdf52016d906fb,1.0,genuine,0,0,0.6714069684178355,0.4512819805115224
family_b_002641_text_qr_mismatch,f8bdf52016d906fb,1.0,text_qr_mismatch,1,1,0.9943397474434477,0.9995568680119095
family_b_002642_qr_only_mismatch,f8bdf52016d906fb,1.0,qr_only_mismatch,1,1,0.9953449307571703,0.9998099698165598
family_b_002643_checksum_invalid,f8bdf52016d906fb,1.0,checksum_invalid,1,1,1.0,0.9997387195988998
family_b_002644_format_invalid,f8bdf52016d906fb,1.0,format_invalid,1,1,0.9998105298457411,0.9996978615214973
family_b_002645_field_missing,f8bdf52016d906fb,1.0,field_missing,1,1,0.9949118942731278,0.9996871901086898
family_b_002646_fine_grained_edit,f8bdf52016d906fb,1.0,fine_grained_edit,1,1,0.997800441064778,0.9992533884276188
family_b_002647_coordinated_full_forgery,f8bdf52016d906fb,1.0,coordinated_full_forgery,1,1,0.8118200782056733,0.8097786140856937
family_b_002648_visual_splice,f8bdf52016d906fb,1.0,visual_splice,1,1,0.7922304695570154,0.8505659642188217
family_b_002649_visual_splice,f8bdf52016d906fb,1.0,visual_splice,1,1,0.8713578037476745,0.9444067571529419
family_b_002650_visual_splice,f8bdf52016d906fb,1.0,visual_splice,1,1,0.8987715844815396,0.9652988012298711
family_b_002651_genuine,3ea751c673b29295,1.0,genuine,0,0,0.7121197964909814,0.5984498074864547
family_b_002652_text_qr_mismatch,3ea751c673b29295,1.0,text_qr_mismatch,1,1,0.9786695642122829,0.9974425383000327
family_b_002653_qr_only_mismatch,3ea751c673b29295,1.0,qr_only_mismatch,1,1,0.9630739927464699,0.9980796627397988
family_b_002654_checksum_invalid,3ea751c673b29295,1.0,checksum_invalid,1,1,0.9946753947106061,0.9996983788778525
family_b_002655_format_invalid,3ea751c673b29295,1.0,format_invalid,1,1,0.9975,0.9994613697933672
family_b_002656_field_missing,3ea751c673b29295,1.0,field_missing,1,1,0.9990295413319512,0.999455478038965
family_b_002657_fine_grained_edit,3ea751c673b29295,1.0,fine_grained_edit,1,1,0.979389223139107,0.999338196441622
family_b_002658_coordinated_full_forgery,3ea751c673b29295,1.0,coordinated_full_forgery,1,1,0.7833077471650088,0.7344677600999697
family_b_002659_visual_splice,3ea751c673b29295,1.0,visual_splice,1,1,0.7919952450733735,0.7768347289875267
family_b_002660_visual_splice,3ea751c673b29295,1.0,visual_splice,1,1,0.834107409757538,0.887822404514594
family_b_002661_visual_splice,3ea751c673b29295,1.0,visual_splice,1,1,0.8285224139727638,0.9436374576783281
family_b_002662_genuine,26552c8d9b5366e8,1.0,genuine,0,0,0.6852462270438613,0.5690510690118905
family_b_002663_text_qr_mismatch,26552c8d9b5366e8,1.0,text_qr_mismatch,1,1,0.9882798931195725,0.9993061556307531
family_b_002664_qr_only_mismatch,26552c8d9b5366e8,1.0,qr_only_mismatch,1,1,0.9420570175438595,0.9850081910159378
family_b_002665_checksum_invalid,26552c8d9b5366e8,1.0,checksum_invalid,1,1,0.9995129107981221,0.9996249652351705
family_b_002666_format_invalid,26552c8d9b5366e8,1.0,format_invalid,1,1,0.9996709567751335,0.9998411250393712
family_b_002667_field_missing,26552c8d9b5366e8,1.0,field_missing,1,1,1.0,0.9997736005791216
family_b_002668_fine_grained_edit,26552c8d9b5366e8,1.0,fine_grained_edit,1,1,0.9963729163753865,0.9994566710727931
family_b_002669_coordinated_full_forgery,26552c8d9b5366e8,1.0,coordinated_full_forgery,1,1,0.8354486897980756,0.8983731268733064
family_b_002670_visual_splice,26552c8d9b5366e8,1.0,visual_splice,1,1,0.9937706403781292,0.9997650597233647
family_b_002671_visual_splice,26552c8d9b5366e8,1.0,visual_splice,1,1,0.828380072064391,0.8519840698458452
family_b_002672_visual_splice,26552c8d9b5366e8,1.0,visual_splice,1,1,0.8133347791373525,0.8141885208728303
family_b_002673_genuine,b11a5d50b8209eab,1.0,genuine,0,0,0.637354411407763,0.38740869642374665
family_b_002674_text_qr_mismatch,b11a5d50b8209eab,1.0,text_qr_mismatch,1,1,0.9980511692500721,0.9993759618417055
family_b_002675_qr_only_mismatch,b11a5d50b8209eab,1.0,qr_only_mismatch,1,1,0.9969528952559747,0.9996763152112786
family_b_002676_checksum_invalid,b11a5d50b8209eab,1.0,checksum_invalid,1,1,1.0,0.9995639341624665
family_b_002677_format_invalid,b11a5d50b8209eab,1.0,format_invalid,1,1,0.9999029126213592,0.999575944273206
family_b_002678_field_missing,b11a5d50b8209eab,1.0,field_missing,1,1,1.0,0.9994800303869802
family_b_002679_fine_grained_edit,b11a5d50b8209eab,1.0,fine_grained_edit,1,1,0.9969260783582129,0.9995309855371453
family_b_002680_coordinated_full_forgery,b11a5d50b8209eab,1.0,coordinated_full_forgery,1,1,0.8615957932049051,0.9194255692756911
family_b_002681_visual_splice,b11a5d50b8209eab,1.0,visual_splice,1,1,0.9937706403781292,0.9993700528644689
family_b_002682_visual_splice,b11a5d50b8209eab,1.0,visual_splice,1,1,0.7831074503755125,0.8042225081939932
family_b_002683_visual_splice,b11a5d50b8209eab,1.0,visual_splice,1,1,0.85784621379354,0.9281585346799827
family_b_002695_genuine,07ac5f1944422198,1.0,genuine,0,0,0.7002979808303148,0.46155914471873016
family_b_002696_text_qr_mismatch,07ac5f1944422198,1.0,text_qr_mismatch,1,1,0.9930070692294345,0.9992708396922975
family_b_002697_qr_only_mismatch,07ac5f1944422198,1.0,qr_only_mismatch,1,1,0.9862931629006517,0.9993708448034184
family_b_002698_checksum_invalid,07ac5f1944422198,1.0,checksum_invalid,1,1,1.0,0.9996203723283185
family_b_002699_format_invalid,07ac5f1944422198,1.0,format_invalid,1,1,0.998,0.9997563513148019
family_b_002700_field_missing,07ac5f1944422198,1.0,field_missing,1,1,0.9850230053842388,0.9993899785377041
family_b_002701_fine_grained_edit,07ac5f1944422198,1.0,fine_grained_edit,1,1,0.9936170423595091,0.9992993499708098
family_b_002702_coordinated_full_forgery,07ac5f1944422198,1.0,coordinated_full_forgery,1,1,0.8341736390148096,0.7927265160497697
family_b_002703_visual_splice,07ac5f1944422198,1.0,visual_splice,1,1,0.9871039737114627,0.9990327513698478
family_b_002704_visual_splice,07ac5f1944422198,1.0,visual_splice,1,1,0.8769100747201972,0.9708331228136836
family_b_002705_visual_splice,07ac5f1944422198,1.0,visual_splice,1,1,0.9992859161823608,0.9993559589402027
family_b_002706_genuine,c7e4715fe9b8a090,1.0,genuine,0,0,0.719363334778654,0.5092727912778813
family_b_002707_text_qr_mismatch,c7e4715fe9b8a090,1.0,text_qr_mismatch,1,1,0.9963571646328185,0.9991895356092743
family_b_002708_qr_only_mismatch,c7e4715fe9b8a090,1.0,qr_only_mismatch,1,1,0.9980997129393924,0.9989517485046131
family_b_002709_checksum_invalid,c7e4715fe9b8a090,1.0,checksum_invalid,1,1,1.0,0.9998044447275659
family_b_002710_format_invalid,c7e4715fe9b8a090,1.0,format_invalid,1,1,0.9997413793103448,0.9996250152824687
family_b_002711_field_missing,c7e4715fe9b8a090,1.0,field_missing,1,1,0.9999295774647888,0.9994055526209201
family_b_002712_fine_grained_edit,c7e4715fe9b8a090,1.0,fine_grained_edit,1,1,0.9959078244936528,0.999191388941722
family_b_002713_coordinated_full_forgery,c7e4715fe9b8a090,1.0,coordinated_full_forgery,1,1,0.7993546191313426,0.88341922534499
family_b_002714_visual_splice,c7e4715fe9b8a090,1.0,visual_splice,1,1,0.7830301248271102,0.7110536625345112
family_b_002715_visual_splice,c7e4715fe9b8a090,1.0,visual_splice,1,1,0.8318035559153154,0.9065942788002269
family_b_002716_visual_splice,c7e4715fe9b8a090,1.0,visual_splice,1,1,0.8035585179633952,0.8041533284834308
family_b_002717_genuine,8b2ae79d113e4e4e,1.0,genuine,0,0,0.7116699024950205,0.729023502531399
family_b_002718_text_qr_mismatch,8b2ae79d113e4e4e,1.0,text_qr_mismatch,1,1,0.9885650372858434,0.9994452407803577
family_b_002719_qr_only_mismatch,8b2ae79d113e4e4e,1.0,qr_only_mismatch,1,1,0.9952728398332118,0.9994935207415161
family_b_002720_checksum_invalid,8b2ae79d113e4e4e,1.0,checksum_invalid,1,1,1.0,0.999770862081061
family_b_002721_format_invalid,8b2ae79d113e4e4e,1.0,format_invalid,1,1,0.992,0.9996819819902856
family_b_002722_field_missing,8b2ae79d113e4e4e,1.0,field_missing,1,1,1.0,0.9971584551579241
family_b_002723_fine_grained_edit,8b2ae79d113e4e4e,1.0,fine_grained_edit,1,1,0.9954895241492382,0.999330867426971
family_b_002724_coordinated_full_forgery,8b2ae79d113e4e4e,1.0,coordinated_full_forgery,1,1,0.8295663016278162,0.8797889664133127
family_b_002725_visual_splice,8b2ae79d113e4e4e,1.0,visual_splice,1,1,0.8475404447488973,0.8436053523769329
family_b_002726_visual_splice,8b2ae79d113e4e4e,1.0,visual_splice,1,1,0.8102442743368169,0.8414693048969009
family_b_002727_visual_splice,8b2ae79d113e4e4e,1.0,visual_splice,1,1,0.9944278531703199,0.9989932018866198
family_b_002728_genuine,d5b61e1ef2e94a13,1.0,genuine,0,0,0.69392302165228,0.544274308593497
family_b_002729_text_qr_mismatch,d5b61e1ef2e94a13,1.0,text_qr_mismatch,1,1,0.9900935425928152,0.999574467813065
family_b_002730_qr_only_mismatch,d5b61e1ef2e94a13,1.0,qr_only_mismatch,1,1,0.994845485175364,0.9995478419173891
family_b_002731_checksum_invalid,d5b61e1ef2e94a13,1.0,checksum_invalid,1,1,0.9933333333333334,0.9992452271603806
family_b_002732_format_invalid,d5b61e1ef2e94a13,1.0,format_invalid,1,1,1.0,0.9997623370828088
family_b_002733_field_missing,d5b61e1ef2e94a13,1.0,field_missing,1,1,0.9994690265486725,0.9982065304690299
family_b_002734_fine_grained_edit,d5b61e1ef2e94a13,1.0,fine_grained_edit,1,1,0.991138867478547,0.999575782273079
family_b_002735_coordinated_full_forgery,d5b61e1ef2e94a13,1.0,coordinated_full_forgery,1,1,0.8775324261843014,0.9341147139399294
family_b_002736_visual_splice,d5b61e1ef2e94a13,1.0,visual_splice,1,1,0.8253624823833722,0.9013382220965831
family_b_002737_visual_splice,d5b61e1ef2e94a13,1.0,visual_splice,1,1,0.8589964058164719,0.877363927130629
family_b_002738_visual_splice,d5b61e1ef2e94a13,1.0,visual_splice,1,1,0.840987887449023,0.9182376308520336
family_b_002739_genuine,57f73fe3bac5f799,1.0,genuine,0,0,0.714144193388123,0.5138624201680062
family_b_002740_text_qr_mismatch,57f73fe3bac5f799,1.0,text_qr_mismatch,1,1,0.9957345682338408,0.9987194495732242
family_b_002741_qr_only_mismatch,57f73fe3bac5f799,1.0,qr_only_mismatch,1,1,0.9973965008934242,0.9992324463961557
family_b_002742_checksum_invalid,57f73fe3bac5f799,1.0,checksum_invalid,1,1,0.9954166666666666,0.9993150862605535
family_b_002743_format_invalid,57f73fe3bac5f799,1.0,format_invalid,1,1,1.0,0.9996129419958958
family_b_002744_field_missing,57f73fe3bac5f799,1.0,field_missing,1,1,0.9991668685633133,0.9990916378165666
family_b_002745_fine_grained_edit,57f73fe3bac5f799,1.0,fine_grained_edit,1,1,0.9960002307601741,0.9994706119797483
family_b_002746_coordinated_full_forgery,57f73fe3bac5f799,1.0,coordinated_full_forgery,1,1,0.8088408844091439,0.7789174914491543
family_b_002747_visual_splice,57f73fe3bac5f799,1.0,visual_splice,1,1,0.8000669605041505,0.8226950286593275
family_b_002748_visual_splice,57f73fe3bac5f799,1.0,visual_splice,1,1,0.7997098365442881,0.8034255726768945
family_b_002749_visual_splice,57f73fe3bac5f799,1.0,visual_splice,1,1,0.9109615534832847,0.9453650605898639
family_b_002761_genuine,e1b6f4c0e463e108,1.0,genuine,0,0,0.705146989346471,0.6365198460764597
family_b_002762_text_qr_mismatch,e1b6f4c0e463e108,1.0,text_qr_mismatch,1,1,0.9930070692294345,0.9989950760157007
family_b_002763_qr_only_mismatch,e1b6f4c0e463e108,1.0,qr_only_mismatch,1,1,0.9917153948857859,0.9986547630553128
family_b_002764_checksum_invalid,e1b6f4c0e463e108,1.0,checksum_invalid,1,1,1.0,0.9992043250974705
family_b_002765_format_invalid,e1b6f4c0e463e108,1.0,format_invalid,1,1,0.9975,0.9996678136220535
family_b_002766_field_missing,e1b6f4c0e463e108,1.0,field_missing,1,1,0.9997224241188689,0.9993932758816857
family_b_002767_fine_grained_edit,e1b6f4c0e463e108,1.0,fine_grained_edit,1,1,0.9939877451894574,0.9993699996189744
family_b_002768_coordinated_full_forgery,e1b6f4c0e463e108,1.0,coordinated_full_forgery,1,1,0.8278480084020187,0.832910532549847
family_b_002769_visual_splice,e1b6f4c0e463e108,1.0,visual_splice,1,1,0.8426384387216302,0.8079919630399501
family_b_002770_visual_splice,e1b6f4c0e463e108,1.0,visual_splice,1,1,0.800104851085063,0.8545865901900914
family_b_002771_visual_splice,e1b6f4c0e463e108,1.0,visual_splice,1,1,0.8304003645216703,0.8677012275451049
family_b_002772_genuine,be625815cb2b3b0d,1.0,genuine,0,0,0.7814777183977022,0.647456908754961
family_b_002773_text_qr_mismatch,be625815cb2b3b0d,1.0,text_qr_mismatch,1,1,0.986327719206529,0.9996625731506126
family_b_002774_qr_only_mismatch,be625815cb2b3b0d,1.0,qr_only_mismatch,1,1,0.99622900228034,0.99725978056657
family_b_002775_checksum_invalid,be625815cb2b3b0d,1.0,checksum_invalid,1,1,0.9999295774647888,0.9995651501105427
family_b_002776_format_invalid,be625815cb2b3b0d,1.0,format_invalid,1,1,1.0,0.9994207440391909
family_b_002777_field_missing,be625815cb2b3b0d,1.0,field_missing,1,1,0.9953333333333334,0.9994310523168044
family_b_002778_fine_grained_edit,be625815cb2b3b0d,1.0,fine_grained_edit,1,1,0.991222215036593,0.9965173849293852
family_b_002779_coordinated_full_forgery,be625815cb2b3b0d,1.0,coordinated_full_forgery,1,1,0.8372683932827003,0.8489218837328366
family_b_002780_visual_splice,be625815cb2b3b0d,1.0,visual_splice,1,1,1.0,0.9990919247079092
family_b_002781_visual_splice,be625815cb2b3b0d,1.0,visual_splice,1,1,0.7830820686405926,0.7616235978188796
family_b_002782_visual_splice,be625815cb2b3b0d,1.0,visual_splice,1,1,0.7906066265196253,0.8805931302720917
family_b_002783_genuine,77c656e4a82f5f74,1.0,genuine,0,0,0.6824488654252534,0.5472010226079933
family_b_002784_text_qr_mismatch,77c656e4a82f5f74,1.0,text_qr_mismatch,1,1,0.9985863267670915,0.999596993917535
family_b_002785_qr_only_mismatch,77c656e4a82f5f74,1.0,qr_only_mismatch,1,1,0.9937706403781292,0.9988758625936599
family_b_002786_checksum_invalid,77c656e4a82f5f74,1.0,checksum_invalid,1,1,1.0,0.9998508857689515
family_b_002787_format_invalid,77c656e4a82f5f74,1.0,format_invalid,1,1,1.0,0.9996409602326616
family_b_002788_field_missing,77c656e4a82f5f74,1.0,field_missing,1,1,0.995,0.9995139246233086
family_b_002789_fine_grained_edit,77c656e4a82f5f74,1.0,fine_grained_edit,1,1,0.9992575531770762,0.9992536473449195
family_b_002790_coordinated_full_forgery,77c656e4a82f5f74,1.0,coordinated_full_forgery,1,1,0.8214060265239667,0.8599476226636688
family_b_002791_visual_splice,77c656e4a82f5f74,1.0,visual_splice,1,1,0.8525884894576241,0.9419250887818422
family_b_002792_visual_splice,77c656e4a82f5f74,1.0,visual_splice,1,1,0.8261035779472172,0.7982589378594832
family_b_002793_visual_splice,77c656e4a82f5f74,1.0,visual_splice,1,1,0.8395600542419359,0.9075094315466932
family_b_002794_genuine,5424243d6ed6c0f7,1.0,genuine,0,0,0.7429032670281169,0.6271305994695461
family_b_002795_text_qr_mismatch,5424243d6ed6c0f7,1.0,text_qr_mismatch,1,1,0.9956602802478622,0.9997074712532225
family_b_002796_qr_only_mismatch,5424243d6ed6c0f7,1.0,qr_only_mismatch,1,1,0.9941177121593127,0.9995336441233633
family_b_002797_checksum_invalid,5424243d6ed6c0f7,1.0,checksum_invalid,1,1,0.9935483870967743,0.9999072189320589
family_b_002798_format_invalid,5424243d6ed6c0f7,1.0,format_invalid,1,1,0.9999295774647888,0.9996047848867212
family_b_002799_field_missing,5424243d6ed6c0f7,1.0,field_missing,1,1,1.0,0.9993043096218182
family_b_002800_fine_grained_edit,5424243d6ed6c0f7,1.0,fine_grained_edit,1,1,0.980383562404774,0.9941983324001937
family_b_002801_coordinated_full_forgery,5424243d6ed6c0f7,1.0,coordinated_full_forgery,1,1,0.7973785391338042,0.7606279236299562
family_b_002802_visual_splice,5424243d6ed6c0f7,1.0,visual_splice,1,1,0.8292096335258727,0.8903893217374215
family_b_002803_visual_splice,5424243d6ed6c0f7,1.0,visual_splice,1,1,0.8618501072804375,0.8967671667356167
family_b_002804_visual_splice,5424243d6ed6c0f7,1.0,visual_splice,1,1,0.9957345682338408,0.9996203773529113
family_b_002805_genuine,8a17dd1e62704840,1.0,genuine,0,0,0.7241790287810802,0.534516037049849
family_b_002806_text_qr_mismatch,8a17dd1e62704840,1.0,text_qr_mismatch,1,1,0.9973406545752077,0.9990691446646486
family_b_002807_qr_only_mismatch,8a17dd1e62704840,1.0,qr_only_mismatch,1,1,0.9615299344918298,0.9268040735503741
family_b_002808_checksum_invalid,8a17dd1e62704840,1.0,checksum_invalid,1,1,0.9933333333333334,0.9997693049912666
family_b_002809_format_invalid,8a17dd1e62704840,1.0,format_invalid,1,1,0.9996709567751335,0.9998507060901565
family_b_002810_field_missing,8a17dd1e62704840,1.0,field_missing,1,1,0.992,0.9993449813485583
family_b_002811_fine_grained_edit,8a17dd1e62704840,1.0,fine_grained_edit,1,1,0.9930070692294345,0.9997146720133104
family_b_002812_coordinated_full_forgery,8a17dd1e62704840,1.0,coordinated_full_forgery,1,1,0.8421372774545786,0.8778499216520841
family_b_002813_visual_splice,8a17dd1e62704840,1.0,visual_splice,1,1,0.7968567170865721,0.8191395576959393
family_b_002814_visual_splice,8a17dd1e62704840,1.0,visual_splice,1,1,0.8017702947154581,0.7607939042281255
family_b_002815_visual_splice,8a17dd1e62704840,1.0,visual_splice,1,1,0.7961702933689037,0.8825961673765977
family_b_002849_genuine,1e16ee931adb44f4,1.0,genuine,0,0,0.6790198279434249,0.7670056643111492
family_b_002850_text_qr_mismatch,1e16ee931adb44f4,1.0,text_qr_mismatch,1,1,0.9913845151872526,0.9984596156712704
family_b_002851_qr_only_mismatch,1e16ee931adb44f4,1.0,qr_only_mismatch,1,1,0.9930070692294345,0.9994625850353298
family_b_002852_checksum_invalid,1e16ee931adb44f4,1.0,checksum_invalid,1,1,1.0,0.9992111081341709
family_b_002853_format_invalid,1e16ee931adb44f4,1.0,format_invalid,1,1,1.0,0.9998220218350243
family_b_002854_field_missing,1e16ee931adb44f4,1.0,field_missing,1,1,0.947078431372549,0.9993700565805652
family_b_002855_fine_grained_edit,1e16ee931adb44f4,1.0,fine_grained_edit,1,1,0.9959897563548148,0.9995125709896804
family_b_002856_coordinated_full_forgery,1e16ee931adb44f4,1.0,coordinated_full_forgery,1,1,0.83264812125177,0.8144768670443868
family_b_002857_visual_splice,1e16ee931adb44f4,1.0,visual_splice,1,1,0.9943503199271316,0.9995732029213501
family_b_002858_visual_splice,1e16ee931adb44f4,1.0,visual_splice,1,1,0.8650008475020734,0.9594874911737118
family_b_002859_visual_splice,1e16ee931adb44f4,1.0,visual_splice,1,1,0.9903779734090784,0.9993955342802135
family_b_002860_genuine,5e08c328579204b9,1.0,genuine,0,0,0.7157594459964194,0.7062002759581415
family_b_002861_text_qr_mismatch,5e08c328579204b9,1.0,text_qr_mismatch,1,1,0.9937706403781292,0.9992569944610032
family_b_002862_qr_only_mismatch,5e08c328579204b9,1.0,qr_only_mismatch,1,1,0.9932317039525099,0.9995175839012458
family_b_002863_checksum_invalid,5e08c328579204b9,1.0,checksum_invalid,1,1,1.0,0.9989999059677636
family_b_002864_format_invalid,5e08c328579204b9,1.0,format_invalid,1,1,1.0,0.9997847988115838
family_b_002865_field_missing,5e08c328579204b9,1.0,field_missing,1,1,0.9936666666666667,0.9992919385319321
family_b_002866_fine_grained_edit,5e08c328579204b9,1.0,fine_grained_edit,1,1,0.9782580185991414,0.9826932546320699
family_b_002867_coordinated_full_forgery,5e08c328579204b9,1.0,coordinated_full_forgery,1,1,0.8520343657786011,0.8205440978407907
family_b_002868_visual_splice,5e08c328579204b9,1.0,visual_splice,1,1,0.8215114902134778,0.8093491530535005
family_b_002869_visual_splice,5e08c328579204b9,1.0,visual_splice,1,1,0.8368810228209551,0.9239181117965108
family_b_002870_visual_splice,5e08c328579204b9,1.0,visual_splice,1,1,0.7882682098715995,0.7986949304090772
family_b_002882_genuine,de7abaabefc51250,1.0,genuine,0,0,0.5463232975017619,0.4558540226304047
family_b_002883_text_qr_mismatch,de7abaabefc51250,1.0,text_qr_mismatch,1,1,0.9899851063036593,0.9995909375401144
family_b_002884_qr_only_mismatch,de7abaabefc51250,1.0,qr_only_mismatch,1,1,0.9742174712080373,0.9984516388188026
family_b_002885_checksum_invalid,de7abaabefc51250,1.0,checksum_invalid,1,1,0.9925,0.9994548786114691
family_b_002886_format_invalid,de7abaabefc51250,1.0,format_invalid,1,1,0.996569579288026,0.9996846849777413
family_b_002887_field_missing,de7abaabefc51250,1.0,field_missing,1,1,1.0,0.9985533648999161
family_b_002888_fine_grained_edit,de7abaabefc51250,1.0,fine_grained_edit,1,1,0.997044640075745,0.9996299347019266
family_b_002889_coordinated_full_forgery,de7abaabefc51250,1.0,coordinated_full_forgery,1,1,0.8744429034948774,0.9555438116179763
family_b_002890_visual_splice,de7abaabefc51250,1.0,visual_splice,1,1,0.8429221662538875,0.8995222566778411
family_b_002891_visual_splice,de7abaabefc51250,1.0,visual_splice,1,1,0.7965304945596032,0.9137480126139376
family_b_002892_visual_splice,de7abaabefc51250,1.0,visual_splice,1,1,0.7345556776849722,0.7600256245181496
family_b_002893_genuine,1e2347b2729f1554,1.0,genuine,0,0,0.6870733356601181,0.6415221330134391
family_b_002894_text_qr_mismatch,1e2347b2729f1554,1.0,text_qr_mismatch,1,1,0.996327719206529,0.9994590672507626
family_b_002895_qr_only_mismatch,1e2347b2729f1554,1.0,qr_only_mismatch,1,1,0.9949167565586606,0.9992786665521631
family_b_002896_checksum_invalid,1e2347b2729f1554,1.0,checksum_invalid,1,1,1.0,0.9991507085567227
family_b_002897_format_invalid,1e2347b2729f1554,1.0,format_invalid,1,1,1.0,0.9995519245361728
family_b_002898_field_missing,1e2347b2729f1554,1.0,field_missing,1,1,0.9947413793103448,0.9990075960934777
family_b_002899_fine_grained_edit,1e2347b2729f1554,1.0,fine_grained_edit,1,1,0.994378888028765,0.9991547029883981
family_b_002900_coordinated_full_forgery,1e2347b2729f1554,1.0,coordinated_full_forgery,1,1,0.7769076520367457,0.8991666208803551
family_b_002901_visual_splice,1e2347b2729f1554,1.0,visual_splice,1,1,0.8244185970725425,0.9354681194511787
family_b_002902_visual_splice,1e2347b2729f1554,1.0,visual_splice,1,1,0.7836638323984846,0.7834908209427764
family_b_002903_visual_splice,1e2347b2729f1554,1.0,visual_splice,1,1,0.8687101766083261,0.9562392173610438
family_b_002904_genuine,ee2c677269a13dcf,1.0,genuine,0,0,0.6723192630881896,0.6723245211339566
family_b_002905_text_qr_mismatch,ee2c677269a13dcf,1.0,text_qr_mismatch,1,1,0.9949086232700924,0.9994163659031065
family_b_002906_qr_only_mismatch,ee2c677269a13dcf,1.0,qr_only_mismatch,1,1,0.9319103646257944,0.9065575436419985
family_b_002907_checksum_invalid,ee2c677269a13dcf,1.0,checksum_invalid,1,1,1.0,0.9996693912134764
family_b_002908_format_invalid,ee2c677269a13dcf,1.0,format_invalid,1,1,1.0,0.9997313805582811
family_b_002909_field_missing,ee2c677269a13dcf,1.0,field_missing,1,1,0.995,0.9988588155056412
family_b_002910_fine_grained_edit,ee2c677269a13dcf,1.0,fine_grained_edit,1,1,0.9960863267670915,0.9994043449450556
family_b_002911_coordinated_full_forgery,ee2c677269a13dcf,1.0,coordinated_full_forgery,1,1,0.8089869957377656,0.8305444871552772
family_b_002912_visual_splice,ee2c677269a13dcf,1.0,visual_splice,1,1,0.8393052940181954,0.932685455555468
family_b_002913_visual_splice,ee2c677269a13dcf,1.0,visual_splice,1,1,0.9904373070447958,0.9994103208621273
family_b_002914_visual_splice,ee2c677269a13dcf,1.0,visual_splice,1,1,0.8291994218244646,0.8655119508384972
family_b_002926_genuine,bea74caf1d6d0ecb,1.0,genuine,0,0,0.724869019687313,0.7023421135887683
family_b_002927_text_qr_mismatch,bea74caf1d6d0ecb,1.0,text_qr_mismatch,1,1,0.9956147159445947,0.999454024399133
family_b_002928_qr_only_mismatch,bea74caf1d6d0ecb,1.0,qr_only_mismatch,1,1,0.997044640075745,0.9996689509117656
family_b_002929_checksum_invalid,bea74caf1d6d0ecb,1.0,checksum_invalid,1,1,1.0,0.9997095196927325
family_b_002930_format_invalid,bea74caf1d6d0ecb,1.0,format_invalid,1,1,1.0,0.9996617802698037
family_b_002931_field_missing,bea74caf1d6d0ecb,1.0,field_missing,1,1,1.0,0.9987545281849631
family_b_002932_fine_grained_edit,bea74caf1d6d0ecb,1.0,fine_grained_edit,1,1,0.9981936135811955,0.999513929786249
family_b_002933_coordinated_full_forgery,bea74caf1d6d0ecb,1.0,coordinated_full_forgery,1,1,0.8043442009182991,0.9195551717650546
family_b_002934_visual_splice,bea74caf1d6d0ecb,1.0,visual_splice,1,1,0.8430406713078297,0.9335063277625963
family_b_002935_visual_splice,bea74caf1d6d0ecb,1.0,visual_splice,1,1,0.8230994570066913,0.8977828015993575
family_b_002936_visual_splice,bea74caf1d6d0ecb,1.0,visual_splice,1,1,0.8086945439526317,0.8153032179102327
family_b_002937_genuine,f2bf1b2b28118497,1.0,genuine,0,0,0.729171967502015,0.7417588769375406
family_b_002938_text_qr_mismatch,f2bf1b2b28118497,1.0,text_qr_mismatch,1,1,0.997044640075745,0.9994250057889239
family_b_002939_qr_only_mismatch,f2bf1b2b28118497,1.0,qr_only_mismatch,1,1,0.9903176798942013,0.9994509375319082
family_b_002940_checksum_invalid,f2bf1b2b28118497,1.0,checksum_invalid,1,1,0.995,0.9993047021482501
family_b_002941_format_invalid,f2bf1b2b28118497,1.0,format_invalid,1,1,0.9999295774647888,0.9997314344128009
family_b_002942_field_missing,f2bf1b2b28118497,1.0,field_missing,1,1,1.0,0.9988841057664977
family_b_002943_fine_grained_edit,f2bf1b2b28118497,1.0,fine_grained_edit,1,1,0.9956407241101501,0.9995772538026714
family_b_002944_coordinated_full_forgery,f2bf1b2b28118497,1.0,coordinated_full_forgery,1,1,0.8280631772145965,0.8439463929243906
family_b_002945_visual_splice,f2bf1b2b28118497,1.0,visual_splice,1,1,0.9893740219092331,0.9994943139774024
family_b_002946_visual_splice,f2bf1b2b28118497,1.0,visual_splice,1,1,0.8067445108569165,0.8293553341100076
family_b_002947_visual_splice,f2bf1b2b28118497,1.0,visual_splice,1,1,0.7761760780197008,0.9137748475218971
family_b_002959_genuine,2eb0da77cce6e82e,1.0,genuine,0,0,0.6728523367826942,0.4904187649805017
family_b_002960_text_qr_mismatch,2eb0da77cce6e82e,1.0,text_qr_mismatch,1,1,0.9958414103697625,0.9989811940371457
family_b_002961_qr_only_mismatch,2eb0da77cce6e82e,1.0,qr_only_mismatch,1,1,0.9848105000149607,0.9990078868582771
family_b_002962_checksum_invalid,2eb0da77cce6e82e,1.0,checksum_invalid,1,1,1.0,0.9997870042928115
family_b_002963_format_invalid,2eb0da77cce6e82e,1.0,format_invalid,1,1,0.9999295774647888,0.9997381332841948
family_b_002964_field_missing,2eb0da77cce6e82e,1.0,field_missing,1,1,0.985,0.9992035296265445
family_b_002965_fine_grained_edit,2eb0da77cce6e82e,1.0,fine_grained_edit,1,1,0.9929664946007212,0.9991787642169556
family_b_002966_coordinated_full_forgery,2eb0da77cce6e82e,1.0,coordinated_full_forgery,1,1,0.8423053412905597,0.8393470211530801
family_b_002967_visual_splice,2eb0da77cce6e82e,1.0,visual_splice,1,1,0.7780483825852533,0.7511682031494831
family_b_002968_visual_splice,2eb0da77cce6e82e,1.0,visual_splice,1,1,1.0,0.999094811858163
family_b_002969_visual_splice,2eb0da77cce6e82e,1.0,visual_splice,1,1,0.9941493724250263,0.9993608768799576
family_b_002992_genuine,0813f4429d761365,1.0,genuine,0,0,0.7712676039223055,0.5905309027340613
family_b_002993_text_qr_mismatch,0813f4429d761365,1.0,text_qr_mismatch,1,1,0.9959177462476251,0.9996013184712765
family_b_002994_qr_only_mismatch,0813f4429d761365,1.0,qr_only_mismatch,1,1,0.9961264636567759,0.9995478998034186
family_b_002995_checksum_invalid,0813f4429d761365,1.0,checksum_invalid,1,1,0.9995129107981221,0.999637803963735
family_b_002996_format_invalid,0813f4429d761365,1.0,format_invalid,1,1,0.9996709567751335,0.9995229402170724
family_b_002997_field_missing,0813f4429d761365,1.0,field_missing,1,1,0.9940000000000001,0.9997213173250952
family_b_002998_fine_grained_edit,0813f4429d761365,1.0,fine_grained_edit,1,1,0.9865250297494841,0.9906411513328428
family_b_002999_coordinated_full_forgery,0813f4429d761365,1.0,coordinated_full_forgery,1,1,0.8165572792329648,0.8414285182871237
family_b_003000_visual_splice,0813f4429d761365,1.0,visual_splice,1,1,0.887716514387259,0.9805287986082318
family_b_003001_visual_splice,0813f4429d761365,1.0,visual_splice,1,1,0.8296765568471516,0.9056930365405698
family_b_003002_visual_splice,0813f4429d761365,1.0,visual_splice,1,1,0.9966666666666666,0.9994393878697471
family_b_003003_genuine,7ceb91b72fb6b039,1.0,genuine,0,0,0.7775833009640952,0.8175768137684313
family_b_003004_text_qr_mismatch,7ceb91b72fb6b039,1.0,text_qr_mismatch,1,1,0.9981731422125572,0.9998411225955396
family_b_003005_qr_only_mismatch,7ceb91b72fb6b039,1.0,qr_only_mismatch,1,1,0.9896298042015801,0.9969166281254257
family_b_003006_checksum_invalid,7ceb91b72fb6b039,1.0,checksum_invalid,1,1,0.9974295774647888,0.9996722523730787
family_b_003007_format_invalid,7ceb91b72fb6b039,1.0,format_invalid,1,1,1.0,0.9996713533306241
family_b_003008_field_missing,7ceb91b72fb6b039,1.0,field_missing,1,1,0.9999118942731278,0.9979715967387399
family_b_003009_fine_grained_edit,7ceb91b72fb6b039,1.0,fine_grained_edit,1,1,0.9980315523927858,0.9994694413023233
family_b_003010_coordinated_full_forgery,7ceb91b72fb6b039,1.0,coordinated_full_forgery,1,1,0.7935111456089117,0.7684540473078069
family_b_003011_visual_splice,7ceb91b72fb6b039,1.0,visual_splice,1,1,0.9741232708681496,0.9876024728519227
family_b_003012_visual_splice,7ceb91b72fb6b039,1.0,visual_splice,1,1,0.9943397474434477,0.9993883180191544
family_b_003013_visual_splice,7ceb91b72fb6b039,1.0,visual_splice,1,1,0.8230562386474137,0.8095785808230661
family_b_003014_genuine,343154b51399a7f2,1.0,genuine,0,0,0.57386393771429,0.4232583436670053
family_b_003015_text_qr_mismatch,343154b51399a7f2,1.0,text_qr_mismatch,1,1,0.9944093685524722,0.9992038020171171
family_b_003016_qr_only_mismatch,343154b51399a7f2,1.0,qr_only_mismatch,1,1,0.9875862713053284,0.9992029167515967
family_b_003017_checksum_invalid,343154b51399a7f2,1.0,checksum_invalid,1,1,0.9999029126213592,0.9996757246467439
family_b_003018_format_invalid,343154b51399a7f2,1.0,format_invalid,1,1,0.9999295774647888,0.9995238437001973
family_b_003019_field_missing,343154b51399a7f2,1.0,field_missing,1,1,0.9998414717379166,0.9996129153109848
family_b_003020_fine_grained_edit,343154b51399a7f2,1.0,fine_grained_edit,1,1,0.9613410801848389,0.9962218684123536
family_b_003021_coordinated_full_forgery,343154b51399a7f2,1.0,coordinated_full_forgery,1,1,0.9784295774647888,0.9993811719770136
family_b_003022_visual_splice,343154b51399a7f2,1.0,visual_splice,1,1,0.7489908617360179,0.8537499227469009
family_b_003023_visual_splice,343154b51399a7f2,1.0,visual_splice,1,1,0.8364108404797257,0.833740613750247
family_b_003024_visual_splice,343154b51399a7f2,1.0,visual_splice,1,1,0.7882412434341856,0.7258103134427253
family_b_003025_genuine,f54829210ea6a0dc,1.0,genuine,0,0,0.6692189021525138,0.5616209078386125
family_b_003026_text_qr_mismatch,f54829210ea6a0dc,1.0,text_qr_mismatch,1,1,0.9864278531703199,0.9992261953180152
family_b_003027_qr_only_mismatch,f54829210ea6a0dc,1.0,qr_only_mismatch,1,1,0.9771730807767811,0.9996279142871198
family_b_003028_checksum_invalid,f54829210ea6a0dc,1.0,checksum_invalid,1,1,1.0,0.9997378688748689
family_b_003029_format_invalid,f54829210ea6a0dc,1.0,format_invalid,1,1,1.0,0.9997731490828631
family_b_003030_field_missing,f54829210ea6a0dc,1.0,field_missing,1,1,0.9949118942731278,0.9991554357310093
family_b_003031_fine_grained_edit,f54829210ea6a0dc,1.0,fine_grained_edit,1,1,0.9981731422125572,0.9998350407163838
family_b_003032_coordinated_full_forgery,f54829210ea6a0dc,1.0,coordinated_full_forgery,1,1,0.7372906985170915,0.7830030259586396
family_b_003033_visual_splice,f54829210ea6a0dc,1.0,visual_splice,1,1,0.7664933551431642,0.7925715963037427
family_b_003034_visual_splice,f54829210ea6a0dc,1.0,visual_splice,1,1,0.8324586675592349,0.6828190528440907
family_b_003035_visual_splice,f54829210ea6a0dc,1.0,visual_splice,1,1,0.8977523452903239,0.9701872771340544
family_b_003069_genuine,4f534b99522feebe,1.0,genuine,0,0,0.658747585183057,0.5690583015229618
family_b_003070_text_qr_mismatch,4f534b99522feebe,1.0,text_qr_mismatch,1,1,0.9949431100993543,0.9994587115295094
family_b_003071_qr_only_mismatch,4f534b99522feebe,1.0,qr_only_mismatch,1,1,0.9982798931195725,0.9990471457705725
family_b_003072_checksum_invalid,4f534b99522feebe,1.0,checksum_invalid,1,1,1.0,0.9992063959036918
family_b_003073_format_invalid,4f534b99522feebe,1.0,format_invalid,1,1,1.0,0.9996095347008176
family_b_003074_field_missing,4f534b99522feebe,1.0,field_missing,1,1,0.9994690265486725,0.9986272496464558
family_b_003075_fine_grained_edit,4f534b99522feebe,1.0,fine_grained_edit,1,1,0.992100438416362,0.9987926745448089
family_b_003076_coordinated_full_forgery,4f534b99522feebe,1.0,coordinated_full_forgery,1,1,0.828710781443603,0.8330704806970506
family_b_003077_visual_splice,4f534b99522feebe,1.0,visual_splice,1,1,0.7957383953757649,0.83834147020652
family_b_003078_visual_splice,4f534b99522feebe,1.0,visual_splice,1,1,0.8462508789844934,0.8834924321216854
family_b_003079_visual_splice,4f534b99522feebe,1.0,visual_splice,1,1,1.0,0.9993618766959564
family_b_003091_genuine,05277317520d3d60,1.0,genuine,0,0,0.69710924041447,0.4511640573286618
family_b_003092_text_qr_mismatch,05277317520d3d60,1.0,text_qr_mismatch,1,1,0.9959177462476251,0.9992305283435124
family_b_003093_qr_only_mismatch,05277317520d3d60,1.0,qr_only_mismatch,1,1,0.9898105000149607,0.9972923664229347
family_b_003094_checksum_invalid,05277317520d3d60,1.0,checksum_invalid,1,1,0.979054307116105,0.9948756986099966
family_b_003095_format_invalid,05277317520d3d60,1.0,format_invalid,1,1,0.9925,0.9995944863883526
family_b_003096_field_missing,05277317520d3d60,1.0,field_missing,1,1,0.9790061983471073,0.9929927473683801
family_b_003097_fine_grained_edit,05277317520d3d60,1.0,fine_grained_edit,1,1,0.9253333333333335,0.9646229872918508
family_b_003098_coordinated_full_forgery,05277317520d3d60,1.0,coordinated_full_forgery,1,1,0.801571518644361,0.6911158691837292
family_b_003099_visual_splice,05277317520d3d60,1.0,visual_splice,1,1,0.9762355889724311,0.9990967900184451
family_b_003100_visual_splice,05277317520d3d60,1.0,visual_splice,1,1,0.9796230901848879,0.9968368910480772
family_b_003101_visual_splice,05277317520d3d60,1.0,visual_splice,1,1,0.8516165413533835,0.9900019969601596
family_b_003113_genuine,deca29b56293d8b0,1.0,genuine,0,0,0.7015672992056199,0.6176650772304288
family_b_003114_text_qr_mismatch,deca29b56293d8b0,1.0,text_qr_mismatch,1,1,0.9976915154412273,0.9992484022245921
family_b_003115_qr_only_mismatch,deca29b56293d8b0,1.0,qr_only_mismatch,1,1,0.99722663244912,0.9996746471286234
family_b_003116_checksum_invalid,deca29b56293d8b0,1.0,checksum_invalid,1,1,1.0,0.9996931938500522
family_b_003117_format_invalid,deca29b56293d8b0,1.0,format_invalid,1,1,1.0,0.9996468508561077
family_b_003118_field_missing,deca29b56293d8b0,1.0,field_missing,1,1,1.0,0.999187688739327
family_b_003119_fine_grained_edit,deca29b56293d8b0,1.0,fine_grained_edit,1,1,0.9944278531703199,0.9989483837722499
family_b_003120_coordinated_full_forgery,deca29b56293d8b0,1.0,coordinated_full_forgery,1,1,0.8239078112472944,0.7674072297512181
family_b_003121_visual_splice,deca29b56293d8b0,1.0,visual_splice,1,1,0.797916461449608,0.817531861554482
family_b_003122_visual_splice,deca29b56293d8b0,1.0,visual_splice,1,1,1.0,0.9960665502654632
family_b_003123_visual_splice,deca29b56293d8b0,1.0,visual_splice,1,1,0.8227035532999681,0.6990315136984327
family_b_003146_genuine,5cfe67dd7e9a83dd,1.0,genuine,0,0,0.6480499525183064,0.6893568527964687
family_b_003147_text_qr_mismatch,5cfe67dd7e9a83dd,1.0,text_qr_mismatch,1,1,0.9891005353949103,0.9989956840180151
family_b_003148_qr_only_mismatch,5cfe67dd7e9a83dd,1.0,qr_only_mismatch,1,1,0.9801738440509747,0.9990797206166182
family_b_003149_checksum_invalid,5cfe67dd7e9a83dd,1.0,checksum_invalid,1,1,1.0,0.9997301379922173
family_b_003150_format_invalid,5cfe67dd7e9a83dd,1.0,format_invalid,1,1,1.0,0.9995796047435324
family_b_003151_field_missing,5cfe67dd7e9a83dd,1.0,field_missing,1,1,0.9520274823911266,0.978270681520804
family_b_003152_fine_grained_edit,5cfe67dd7e9a83dd,1.0,fine_grained_edit,1,1,0.9951813781103899,0.9936980367061552
family_b_003153_coordinated_full_forgery,5cfe67dd7e9a83dd,1.0,coordinated_full_forgery,1,1,0.8244237349030903,0.8192006434113641
family_b_003154_visual_splice,5cfe67dd7e9a83dd,1.0,visual_splice,1,1,0.7906051019768209,0.8895885997989044
family_b_003155_visual_splice,5cfe67dd7e9a83dd,1.0,visual_splice,1,1,0.8159743148921339,0.8515225588873846
family_b_003156_visual_splice,5cfe67dd7e9a83dd,1.0,visual_splice,1,1,0.9920997129393925,0.999712141233796
family_b_003157_genuine,fad6f2b00f8dc169,1.0,genuine,0,0,0.5263095238095238,0.036321989530712626
family_b_003158_text_qr_mismatch,fad6f2b00f8dc169,1.0,text_qr_mismatch,1,1,0.990720783523281,0.9974642989945143
family_b_003159_qr_only_mismatch,fad6f2b00f8dc169,1.0,qr_only_mismatch,1,1,0.985267261815993,0.9943942340522632
family_b_003160_checksum_invalid,fad6f2b00f8dc169,1.0,checksum_invalid,1,1,1.0,0.9997072580007548
family_b_003161_format_invalid,fad6f2b00f8dc169,1.0,format_invalid,1,1,1.0,0.9995269532766617
family_b_003162_field_missing,fad6f2b00f8dc169,1.0,field_missing,1,1,0.9733043478260871,0.9986034212978137
family_b_003163_fine_grained_edit,fad6f2b00f8dc169,1.0,fine_grained_edit,1,1,0.9956784599592068,0.9995753601532329
family_b_003164_coordinated_full_forgery,fad6f2b00f8dc169,1.0,coordinated_full_forgery,1,1,0.826916171059024,0.8575717391650978
family_b_003165_visual_splice,fad6f2b00f8dc169,1.0,visual_splice,1,1,0.9668903508771929,0.9940293459982251
family_b_003166_visual_splice,fad6f2b00f8dc169,1.0,visual_splice,1,1,0.7678898095579528,0.8423936421415175
family_b_003167_visual_splice,fad6f2b00f8dc169,1.0,visual_splice,1,1,0.8513279678121531,0.8842736203723697
family_b_003168_genuine,85c3f5ddea643b6b,1.0,genuine,0,0,0.5719470790787572,0.2362853713569437
family_b_003169_text_qr_mismatch,85c3f5ddea643b6b,1.0,text_qr_mismatch,1,1,0.9037800078709171,0.9955485894451226
family_b_003170_qr_only_mismatch,85c3f5ddea643b6b,1.0,qr_only_mismatch,1,1,0.9965650372858434,0.9993872449370139
family_b_003171_checksum_invalid,85c3f5ddea643b6b,1.0,checksum_invalid,1,1,0.9596666666666667,0.9903805246172418
family_b_003172_format_invalid,85c3f5ddea643b6b,1.0,format_invalid,1,1,0.9696403508771929,0.9918207710257453
family_b_003173_field_missing,85c3f5ddea643b6b,1.0,field_missing,1,1,0.9952032520325202,0.9989304099312796
family_b_003174_fine_grained_edit,85c3f5ddea643b6b,1.0,fine_grained_edit,1,1,0.9959181286549708,0.9968950545909975
family_b_003175_coordinated_full_forgery,85c3f5ddea643b6b,1.0,coordinated_full_forgery,1,1,0.8297107781526933,0.8792073602065453
family_b_003176_visual_splice,85c3f5ddea643b6b,1.0,visual_splice,1,1,0.9326853002070393,0.9886647492290357
family_b_003177_visual_splice,85c3f5ddea643b6b,1.0,visual_splice,1,1,0.9553333333333334,0.9990185500711478
family_b_003178_visual_splice,85c3f5ddea643b6b,1.0,visual_splice,1,1,0.9953333333333334,0.999440227227971
family_b_003179_genuine,0e866b80c3213c21,1.0,genuine,0,0,0.7505632885828305,0.6187416130262531
family_b_003180_text_qr_mismatch,0e866b80c3213c21,1.0,text_qr_mismatch,1,1,0.9944278531703199,0.9992751368623239
family_b_003181_qr_only_mismatch,0e866b80c3213c21,1.0,qr_only_mismatch,1,1,0.9937706403781292,0.9993777960175455
family_b_003182_checksum_invalid,0e866b80c3213c21,1.0,checksum_invalid,1,1,1.0,0.9997258539651392
family_b_003183_format_invalid,0e866b80c3213c21,1.0,format_invalid,1,1,1.0,0.9996740026591934
family_b_003184_field_missing,0e866b80c3213c21,1.0,field_missing,1,1,0.9944827586206897,0.9963588548328502
family_b_003185_fine_grained_edit,0e866b80c3213c21,1.0,fine_grained_edit,1,1,0.983003871504482,0.99138689741135
family_b_003186_coordinated_full_forgery,0e866b80c3213c21,1.0,coordinated_full_forgery,1,1,0.7696992574390051,0.8501175485609025
family_b_003187_visual_splice,0e866b80c3213c21,1.0,visual_splice,1,1,0.7958321988383468,0.7997494473457917
family_b_003188_visual_splice,0e866b80c3213c21,1.0,visual_splice,1,1,0.802819637544325,0.8455493776954685
family_b_003189_visual_splice,0e866b80c3213c21,1.0,visual_splice,1,1,0.8098425814413449,0.860546388647445
family_b_003190_genuine,e9d3710ddb0c4b9c,1.0,genuine,0,0,0.7342446782665655,0.6418322452583828
family_b_003191_text_qr_mismatch,e9d3710ddb0c4b9c,1.0,text_qr_mismatch,1,1,0.9932313494302523,0.9990617406179331
family_b_003192_qr_only_mismatch,e9d3710ddb0c4b9c,1.0,qr_only_mismatch,1,1,0.9957649046301905,0.99909497546314
family_b_003193_checksum_invalid,e9d3710ddb0c4b9c,1.0,checksum_invalid,1,1,0.9998809523809524,0.9996960650861512
family_b_003194_format_invalid,e9d3710ddb0c4b9c,1.0,format_invalid,1,1,0.9999295774647888,0.9997042850434412
family_b_003195_field_missing,e9d3710ddb0c4b9c,1.0,field_missing,1,1,0.9999118942731278,0.9992640548721514
family_b_003196_fine_grained_edit,e9d3710ddb0c4b9c,1.0,fine_grained_edit,1,1,0.9940147282443144,0.9987108600837965
family_b_003197_coordinated_full_forgery,e9d3710ddb0c4b9c,1.0,coordinated_full_forgery,1,1,0.8391897342459583,0.8915932657497577
family_b_003198_visual_splice,e9d3710ddb0c4b9c,1.0,visual_splice,1,1,0.8085264253675534,0.8925171694501997
family_b_003199_visual_splice,e9d3710ddb0c4b9c,1.0,visual_splice,1,1,0.8616693471321636,0.928693132806441
family_b_003200_visual_splice,e9d3710ddb0c4b9c,1.0,visual_splice,1,1,0.8718276552645838,0.9285855788703674
family_b_003223_genuine,e776427ac131e2bb,1.0,genuine,0,0,0.679177378915134,0.5039576282910841
family_b_003224_text_qr_mismatch,e776427ac131e2bb,1.0,text_qr_mismatch,1,1,0.9952494781817979,0.9995534883189614
family_b_003225_qr_only_mismatch,e776427ac131e2bb,1.0,qr_only_mismatch,1,1,0.9844154219599224,0.9972033185357955
family_b_003226_checksum_invalid,e776427ac131e2bb,1.0,checksum_invalid,1,1,1.0,0.999605203492646
family_b_003227_format_invalid,e776427ac131e2bb,1.0,format_invalid,1,1,0.9986666666666667,0.9997472038032106
family_b_003228_field_missing,e776427ac131e2bb,1.0,field_missing,1,1,0.995,0.9992868373503977
family_b_003229_fine_grained_edit,e776427ac131e2bb,1.0,fine_grained_edit,1,1,0.9933728206132993,0.9995009035403376
family_b_003230_coordinated_full_forgery,e776427ac131e2bb,1.0,coordinated_full_forgery,1,1,0.8148560934001299,0.8296297296308848
family_b_003231_visual_splice,e776427ac131e2bb,1.0,visual_splice,1,1,0.8201731878675118,0.8426895139368439
family_b_003232_visual_splice,e776427ac131e2bb,1.0,visual_splice,1,1,0.8840851625307902,0.9691158310134449
family_b_003233_visual_splice,e776427ac131e2bb,1.0,visual_splice,1,1,0.9994690265486725,0.9996318905375585
family_b_003245_genuine,3def6eed7960ee8d,1.0,genuine,0,0,0.7095500112775822,0.7709558519698484
family_b_003246_text_qr_mismatch,3def6eed7960ee8d,1.0,text_qr_mismatch,1,1,0.9945756999879394,0.999641847044884
family_b_003247_qr_only_mismatch,3def6eed7960ee8d,1.0,qr_only_mismatch,1,1,0.9971458808126763,0.9994934544240089
family_b_003248_checksum_invalid,3def6eed7960ee8d,1.0,checksum_invalid,1,1,0.9999295774647888,0.9992918156889503
family_b_003249_format_invalid,3def6eed7960ee8d,1.0,format_invalid,1,1,1.0,0.9996992479423555
family_b_003250_field_missing,3def6eed7960ee8d,1.0,field_missing,1,1,0.9999118942731278,0.9993212062024011
family_b_003251_fine_grained_edit,3def6eed7960ee8d,1.0,fine_grained_edit,1,1,0.9960214088316627,0.9995036495920099
family_b_003252_coordinated_full_forgery,3def6eed7960ee8d,1.0,coordinated_full_forgery,1,1,0.800615766629318,0.7505788707114095
family_b_003253_visual_splice,3def6eed7960ee8d,1.0,visual_splice,1,1,0.9999029126213592,0.9993900558897236
family_b_003254_visual_splice,3def6eed7960ee8d,1.0,visual_splice,1,1,0.7871825613883567,0.8232791884132225
family_b_003255_visual_splice,3def6eed7960ee8d,1.0,visual_splice,1,1,0.7765285607990832,0.8173668541749267
family_b_003256_genuine,bb61124c84e1ce21,1.0,genuine,0,0,0.7117139505014889,0.6362457411987337
family_b_003257_text_qr_mismatch,bb61124c84e1ce21,1.0,text_qr_mismatch,1,1,0.9959177462476251,0.9992740782676075
family_b_003258_qr_only_mismatch,bb61124c84e1ce21,1.0,qr_only_mismatch,1,1,0.9909404635790859,0.9985731665195826
family_b_003259_checksum_invalid,bb61124c84e1ce21,1.0,checksum_invalid,1,1,0.9999295774647888,0.9997153099778912
family_b_003260_format_invalid,bb61124c84e1ce21,1.0,format_invalid,1,1,1.0,0.9996462919733609
family_b_003261_field_missing,bb61124c84e1ce21,1.0,field_missing,1,1,1.0,0.9987608467878499
family_b_003262_fine_grained_edit,bb61124c84e1ce21,1.0,fine_grained_edit,1,1,0.997044640075745,0.9993519917638032
family_b_003263_coordinated_full_forgery,bb61124c84e1ce21,1.0,coordinated_full_forgery,1,1,0.8543600115646462,0.8443899776702108
family_b_003264_visual_splice,bb61124c84e1ce21,1.0,visual_splice,1,1,0.8445223725301731,0.9313203062003598
family_b_003265_visual_splice,bb61124c84e1ce21,1.0,visual_splice,1,1,0.823120031046635,0.8733155410934191
family_b_003266_visual_splice,bb61124c84e1ce21,1.0,visual_splice,1,1,0.7751899949455519,0.8176848182350914
family_b_003267_genuine,edb43a2e200dbfc8,1.0,genuine,0,0,0.6917246693452244,0.37644933660727303
family_b_003268_text_qr_mismatch,edb43a2e200dbfc8,1.0,text_qr_mismatch,1,1,0.9957345682338408,0.9992944041158532
family_b_003269_qr_only_mismatch,edb43a2e200dbfc8,1.0,qr_only_mismatch,1,1,0.9903186853631858,0.9991819963329308
family_b_003270_checksum_invalid,edb43a2e200dbfc8,1.0,checksum_invalid,1,1,0.9954166666666667,0.9998654341473509
family_b_003271_format_invalid,edb43a2e200dbfc8,1.0,format_invalid,1,1,0.9975,0.9994258393434523
family_b_003272_field_missing,edb43a2e200dbfc8,1.0,field_missing,1,1,0.9999118942731278,0.999722783849431
family_b_003273_fine_grained_edit,edb43a2e200dbfc8,1.0,fine_grained_edit,1,1,0.9917469108041546,0.9989401728762693
family_b_003274_coordinated_full_forgery,edb43a2e200dbfc8,1.0,coordinated_full_forgery,1,1,0.8980925525674249,0.9509566084828772
family_b_003275_visual_splice,edb43a2e200dbfc8,1.0,visual_splice,1,1,0.8010837363086162,0.8458514585124224
family_b_003276_visual_splice,edb43a2e200dbfc8,1.0,visual_splice,1,1,0.7815342384232064,0.837464686660392
family_b_003277_visual_splice,edb43a2e200dbfc8,1.0,visual_splice,1,1,0.7888583740744651,0.774119040338761
family_b_003278_genuine,6ad71f0d0495fe53,1.0,genuine,0,0,0.6978275691302044,0.6637575027488166
family_b_003279_text_qr_mismatch,6ad71f0d0495fe53,1.0,text_qr_mismatch,1,1,0.9975306155789412,0.9987757270846518
family_b_003280_qr_only_mismatch,6ad71f0d0495fe53,1.0,qr_only_mismatch,1,1,0.9724229531408252,0.9987584888073407
family_b_003281_checksum_invalid,6ad71f0d0495fe53,1.0,checksum_invalid,1,1,0.9966666666666666,0.9996038547275975
family_b_003282_format_invalid,6ad71f0d0495fe53,1.0,format_invalid,1,1,1.0,0.999694479905949
family_b_003283_field_missing,6ad71f0d0495fe53,1.0,field_missing,1,1,1.0,0.9992135426232949
family_b_003284_fine_grained_edit,6ad71f0d0495fe53,1.0,fine_grained_edit,1,1,0.9782188373588728,0.9955986818740774
family_b_003285_coordinated_full_forgery,6ad71f0d0495fe53,1.0,coordinated_full_forgery,1,1,0.7899623778243119,0.7732360342872681
family_b_003286_visual_splice,6ad71f0d0495fe53,1.0,visual_splice,1,1,0.8715470327535232,0.9587869079242622
family_b_003287_visual_splice,6ad71f0d0495fe53,1.0,visual_splice,1,1,0.8668629319557348,0.9520771652082177
family_b_003288_visual_splice,6ad71f0d0495fe53,1.0,visual_splice,1,1,0.8367258222294671,0.8442092353013108
family_b_003311_genuine,4e52d9e6945ba4e7,1.0,genuine,0,0,0.6984866763321554,0.7330543899847334
family_b_003312_text_qr_mismatch,4e52d9e6945ba4e7,1.0,text_qr_mismatch,1,1,0.9941504178190746,0.9989585531123598
family_b_003313_qr_only_mismatch,4e52d9e6945ba4e7,1.0,qr_only_mismatch,1,1,0.9968777203662088,0.9997521560799939
family_b_003314_checksum_invalid,4e52d9e6945ba4e7,1.0,checksum_invalid,1,1,1.0,0.9996186437563437
family_b_003315_format_invalid,4e52d9e6945ba4e7,1.0,format_invalid,1,1,1.0,0.9997932480699963
family_b_003316_field_missing,4e52d9e6945ba4e7,1.0,field_missing,1,1,1.0,0.9988420907004677
family_b_003317_fine_grained_edit,4e52d9e6945ba4e7,1.0,fine_grained_edit,1,1,0.9927517896818244,0.9990836393316261
family_b_003318_coordinated_full_forgery,4e52d9e6945ba4e7,1.0,coordinated_full_forgery,1,1,0.781745379779469,0.7386696594646954
family_b_003319_visual_splice,4e52d9e6945ba4e7,1.0,visual_splice,1,1,0.7727821060675266,0.8195955527920615
family_b_003320_visual_splice,4e52d9e6945ba4e7,1.0,visual_splice,1,1,0.8700201717867426,0.8819094968891881
family_b_003321_visual_splice,4e52d9e6945ba4e7,1.0,visual_splice,1,1,0.8106837410881369,0.8851478075538983
family_b_003344_genuine,793095c76886ed8b,1.0,genuine,0,0,0.6888125959960063,0.7153508773549461
family_b_003345_text_qr_mismatch,793095c76886ed8b,1.0,text_qr_mismatch,1,1,0.9857523117434883,0.9978126021032001
family_b_003346_qr_only_mismatch,793095c76886ed8b,1.0,qr_only_mismatch,1,1,0.9951155746134996,0.9994742600137794
family_b_003347_checksum_invalid,793095c76886ed8b,1.0,checksum_invalid,1,1,1.0,0.9993609836136494
family_b_003348_format_invalid,793095c76886ed8b,1.0,format_invalid,1,1,1.0,0.9995629019753576
family_b_003349_field_missing,793095c76886ed8b,1.0,field_missing,1,1,0.992,0.9989604855365425
family_b_003350_fine_grained_edit,793095c76886ed8b,1.0,fine_grained_edit,1,1,0.9937706403781292,0.9994770808461412
family_b_003351_coordinated_full_forgery,793095c76886ed8b,1.0,coordinated_full_forgery,1,1,0.8235654326532399,0.8545053958702139
family_b_003352_visual_splice,793095c76886ed8b,1.0,visual_splice,1,1,0.8219161125929014,0.9014563049759271
family_b_003353_visual_splice,793095c76886ed8b,1.0,visual_splice,1,1,0.8616718243123442,0.9720640782789528
family_b_003354_visual_splice,793095c76886ed8b,1.0,visual_splice,1,1,0.8844485911448793,0.9446864018860767
family_b_003377_genuine,79b27bb3f1ea2a22,1.0,genuine,0,0,0.738189425244657,0.7011356804641068
family_b_003378_text_qr_mismatch,79b27bb3f1ea2a22,1.0,text_qr_mismatch,1,1,0.9980511692500721,0.9993507831474426
family_b_003379_qr_only_mismatch,79b27bb3f1ea2a22,1.0,qr_only_mismatch,1,1,0.995252178062432,0.9987252402252175
family_b_003380_checksum_invalid,79b27bb3f1ea2a22,1.0,checksum_invalid,1,1,0.9948809523809524,0.9994996410048672
family_b_003381_format_invalid,79b27bb3f1ea2a22,1.0,format_invalid,1,1,1.0,0.9998196329613657
family_b_003382_field_missing,79b27bb3f1ea2a22,1.0,field_missing,1,1,1.0,0.9983348743103042
family_b_003383_fine_grained_edit,79b27bb3f1ea2a22,1.0,fine_grained_edit,1,1,0.9975859113201306,0.9991252872165954
family_b_003384_coordinated_full_forgery,79b27bb3f1ea2a22,1.0,coordinated_full_forgery,1,1,0.7798115284307205,0.8229484739546873
family_b_003385_visual_splice,79b27bb3f1ea2a22,1.0,visual_splice,1,1,0.7997117626406152,0.8124545890564561
family_b_003386_visual_splice,79b27bb3f1ea2a22,1.0,visual_splice,1,1,0.8373136901726731,0.8533911786221523
family_b_003387_visual_splice,79b27bb3f1ea2a22,1.0,visual_splice,1,1,0.8033980631911432,0.8147469956648531
family_b_003388_genuine,bc9114ad1f97e411,1.0,genuine,0,0,0.6735546509836713,0.2632112713702973
family_b_003389_text_qr_mismatch,bc9114ad1f97e411,1.0,text_qr_mismatch,1,1,0.9937706403781292,0.9994300012262912
family_b_003390_qr_only_mismatch,bc9114ad1f97e411,1.0,qr_only_mismatch,1,1,0.9972206012348696,0.999699283941047
family_b_003391_checksum_invalid,bc9114ad1f97e411,1.0,checksum_invalid,1,1,0.9996709567751335,0.9992588066142983
family_b_003392_format_invalid,bc9114ad1f97e411,1.0,format_invalid,1,1,0.9999295774647888,0.9996722293853249
family_b_003393_field_missing,bc9114ad1f97e411,1.0,field_missing,1,1,0.9007253067482165,0.9572013437551395
family_b_003394_fine_grained_edit,bc9114ad1f97e411,1.0,fine_grained_edit,1,1,0.9999295774647888,0.998986068895233
family_b_003395_coordinated_full_forgery,bc9114ad1f97e411,1.0,coordinated_full_forgery,1,1,0.7837664095448666,0.7720544967817695
family_b_003396_visual_splice,bc9114ad1f97e411,1.0,visual_splice,1,1,0.8547924177555388,0.9448157556364485
family_b_003397_visual_splice,bc9114ad1f97e411,1.0,visual_splice,1,1,0.9999651567944251,0.998524193847761
family_b_003398_visual_splice,bc9114ad1f97e411,1.0,visual_splice,1,1,0.9877456694188118,0.9964647792688672
family_b_003399_genuine,2d786f10f26519dd,1.0,genuine,0,0,0.7658073930778806,0.7315919599761571
family_b_003400_text_qr_mismatch,2d786f10f26519dd,1.0,text_qr_mismatch,1,1,0.9956020730301673,0.9995058743039279
family_b_003401_qr_only_mismatch,2d786f10f26519dd,1.0,qr_only_mismatch,1,1,0.9958595390299301,0.9991959759776743
family_b_003402_checksum_invalid,2d786f10f26519dd,1.0,checksum_invalid,1,1,0.9994444444444445,0.9993969988188656
family_b_003403_format_invalid,2d786f10f26519dd,1.0,format_invalid,1,1,0.9999295774647888,0.9997363028852295
family_b_003404_field_missing,2d786f10f26519dd,1.0,field_missing,1,1,0.9932629107981221,0.9992081481785189
family_b_003405_fine_grained_edit,2d786f10f26519dd,1.0,fine_grained_edit,1,1,0.9980397880009442,0.999672062175143
family_b_003406_coordinated_full_forgery,2d786f10f26519dd,1.0,coordinated_full_forgery,1,1,0.8273910955379019,0.8247419507464552
family_b_003407_visual_splice,2d786f10f26519dd,1.0,visual_splice,1,1,0.8109561460126748,0.866702557478868
family_b_003408_visual_splice,2d786f10f26519dd,1.0,visual_splice,1,1,0.7402215359664683,0.7219709481212521
family_b_003409_visual_splice,2d786f10f26519dd,1.0,visual_splice,1,1,0.9957345682338408,0.9993636982459504
family_b_003421_genuine,50491a94aee87d78,1.0,genuine,0,0,0.74070039478222,0.5560463708964958
family_b_003422_text_qr_mismatch,50491a94aee87d78,1.0,text_qr_mismatch,1,1,0.9947192985964293,0.9992289824947163
family_b_003423_qr_only_mismatch,50491a94aee87d78,1.0,qr_only_mismatch,1,1,0.9462580155911894,0.920112216247834
family_b_003424_checksum_invalid,50491a94aee87d78,1.0,checksum_invalid,1,1,0.9999295774647888,0.9997949626549735
family_b_003425_format_invalid,50491a94aee87d78,1.0,format_invalid,1,1,0.9998809523809524,0.999523329766491
family_b_003426_field_missing,50491a94aee87d78,1.0,field_missing,1,1,1.0,0.9996862517190536
family_b_003427_fine_grained_edit,50491a94aee87d78,1.0,fine_grained_edit,1,1,0.9973315440324569,0.9988359803746834
family_b_003428_coordinated_full_forgery,50491a94aee87d78,1.0,coordinated_full_forgery,1,1,0.7939255272592942,0.8169888776392935
family_b_003429_visual_splice,50491a94aee87d78,1.0,visual_splice,1,1,0.8491402018234284,0.9408876431604491
family_b_003430_visual_splice,50491a94aee87d78,1.0,visual_splice,1,1,0.8144883651596138,0.7568922374128328
family_b_003431_visual_splice,50491a94aee87d78,1.0,visual_splice,1,1,0.7980588961133124,0.865958968220785
family_b_003443_genuine,96d641b07b3559e9,1.0,genuine,0,0,0.6926418701361209,0.640369605650348
family_b_003444_text_qr_mismatch,96d641b07b3559e9,1.0,text_qr_mismatch,1,1,0.9752376536513961,0.9993402161984426
family_b_003445_qr_only_mismatch,96d641b07b3559e9,1.0,qr_only_mismatch,1,1,0.9944845682338408,0.9992497677414048
family_b_003446_checksum_invalid,96d641b07b3559e9,1.0,checksum_invalid,1,1,0.9997944423296536,0.9996194295090396
family_b_003447_format_invalid,96d641b07b3559e9,1.0,format_invalid,1,1,1.0,0.9997036132133555
family_b_003448_field_missing,96d641b07b3559e9,1.0,field_missing,1,1,1.0,0.999300654920442
family_b_003449_fine_grained_edit,96d641b07b3559e9,1.0,fine_grained_edit,1,1,0.9949856320011092,0.9987452558156954
family_b_003450_coordinated_full_forgery,96d641b07b3559e9,1.0,coordinated_full_forgery,1,1,0.8403767193639382,0.7923412054879012
family_b_003451_visual_splice,96d641b07b3559e9,1.0,visual_splice,1,1,0.8132105096434599,0.8649146642877298
family_b_003452_visual_splice,96d641b07b3559e9,1.0,visual_splice,1,1,0.824107949164718,0.9277904524517723
family_b_003453_visual_splice,96d641b07b3559e9,1.0,visual_splice,1,1,0.8753917341472764,0.9419921740295574
family_b_003454_genuine,dec1357ac29eee9d,1.0,genuine,0,0,0.7349473114327861,0.6719732371611604
family_b_003455_text_qr_mismatch,dec1357ac29eee9d,1.0,text_qr_mismatch,1,1,0.9930070692294345,0.9994744165044475
family_b_003456_qr_only_mismatch,dec1357ac29eee9d,1.0,qr_only_mismatch,1,1,0.9813115343466475,0.9963329304904124
family_b_003457_checksum_invalid,dec1357ac29eee9d,1.0,checksum_invalid,1,1,1.0,0.9997815615436193
family_b_003458_format_invalid,dec1357ac29eee9d,1.0,format_invalid,1,1,0.9930747126436782,0.9996876558796336
family_b_003459_field_missing,dec1357ac29eee9d,1.0,field_missing,1,1,1.0,0.9990307142568339
family_b_003460_fine_grained_edit,dec1357ac29eee9d,1.0,fine_grained_edit,1,1,0.9961319698653867,0.99956954276957
family_b_003461_coordinated_full_forgery,dec1357ac29eee9d,1.0,coordinated_full_forgery,1,1,0.8715473067450625,0.9359832671391599
family_b_003462_visual_splice,dec1357ac29eee9d,1.0,visual_splice,1,1,0.786520887353013,0.7148479784981819
family_b_003463_visual_splice,dec1357ac29eee9d,1.0,visual_splice,1,1,0.8582941134472629,0.8493344995118524
family_b_003464_visual_splice,dec1357ac29eee9d,1.0,visual_splice,1,1,0.9841677633686762,0.9990680680314034
family_b_003465_genuine,61a787b842d9080c,1.0,genuine,0,0,0.509337277527472,0.22433927659029454
family_b_003466_text_qr_mismatch,61a787b842d9080c,1.0,text_qr_mismatch,1,1,0.9956625763055859,0.9991921272932209
family_b_003467_qr_only_mismatch,61a787b842d9080c,1.0,qr_only_mismatch,1,1,0.9916738325135119,0.999237856930639
family_b_003468_checksum_invalid,61a787b842d9080c,1.0,checksum_invalid,1,1,0.9999295774647888,0.9996991485893132
family_b_003469_format_invalid,61a787b842d9080c,1.0,format_invalid,1,1,0.9949029126213592,0.9997459903360278
family_b_003470_field_missing,61a787b842d9080c,1.0,field_missing,1,1,1.0,0.9988620435990804
family_b_003471_fine_grained_edit,61a787b842d9080c,1.0,fine_grained_edit,1,1,0.9907522784837866,0.9964526563393991
family_b_003472_coordinated_full_forgery,61a787b842d9080c,1.0,coordinated_full_forgery,1,1,0.7950136396415985,0.8196185645266422
family_b_003473_visual_splice,61a787b842d9080c,1.0,visual_splice,1,1,0.8018574557402371,0.7940779408380076
family_b_003474_visual_splice,61a787b842d9080c,1.0,visual_splice,1,1,0.7882397046387173,0.764471045661292
family_b_003475_visual_splice,61a787b842d9080c,1.0,visual_splice,1,1,0.7486831042000671,0.7280739130906856
family_b_003476_genuine,97123f290116c32c,1.0,genuine,0,0,0.6427443492095525,0.2596692425599131
family_b_003477_text_qr_mismatch,97123f290116c32c,1.0,text_qr_mismatch,1,1,0.9941692324806647,0.9989281766568183
family_b_003478_qr_only_mismatch,97123f290116c32c,1.0,qr_only_mismatch,1,1,0.9963845151872526,0.9994351922323755
family_b_003479_checksum_invalid,97123f290116c32c,1.0,checksum_invalid,1,1,1.0,0.9997078086309324
family_b_003480_format_invalid,97123f290116c32c,1.0,format_invalid,1,1,0.9999295774647888,0.9997764490628277
family_b_003481_field_missing,97123f290116c32c,1.0,field_missing,1,1,0.9683819584171697,0.9990767964849258
family_b_003482_fine_grained_edit,97123f290116c32c,1.0,fine_grained_edit,1,1,0.9963521217397036,0.9995766098141625
family_b_003483_coordinated_full_forgery,97123f290116c32c,1.0,coordinated_full_forgery,1,1,0.8000959635942092,0.803682210502808
family_b_003484_visual_splice,97123f290116c32c,1.0,visual_splice,1,1,0.8082780858709875,0.8583995418125289
family_b_003485_visual_splice,97123f290116c32c,1.0,visual_splice,1,1,0.8056130636184986,0.8512815549715427
family_b_003486_visual_splice,97123f290116c32c,1.0,visual_splice,1,1,0.8005346191721137,0.8892588107916906
family_b_003487_genuine,04e7e01c9fb6c383,1.0,genuine,0,0,0.6799883651836433,0.29241734735144637
family_b_003488_text_qr_mismatch,04e7e01c9fb6c383,1.0,text_qr_mismatch,1,1,0.9959947465721308,0.999711277129808
family_b_003489_qr_only_mismatch,04e7e01c9fb6c383,1.0,qr_only_mismatch,1,1,0.9970539406741841,0.9993851098798975
family_b_003490_checksum_invalid,04e7e01c9fb6c383,1.0,checksum_invalid,1,1,0.9995833333333333,0.9993521574506483
family_b_003491_format_invalid,04e7e01c9fb6c383,1.0,format_invalid,1,1,1.0,0.9997656324526082
family_b_003492_field_missing,04e7e01c9fb6c383,1.0,field_missing,1,1,0.9865,0.9992843823214019
family_b_003493_fine_grained_edit,04e7e01c9fb6c383,1.0,fine_grained_edit,1,1,0.9770193356016919,0.9930667598408881
family_b_003494_coordinated_full_forgery,04e7e01c9fb6c383,1.0,coordinated_full_forgery,1,1,0.936707270449708,0.9267699390857087
family_b_003495_visual_splice,04e7e01c9fb6c383,1.0,visual_splice,1,1,0.8481285432215512,0.8703935119098912
family_b_003496_visual_splice,04e7e01c9fb6c383,1.0,visual_splice,1,1,0.8074634374021907,0.812938536602323
family_b_003497_visual_splice,04e7e01c9fb6c383,1.0,visual_splice,1,1,0.8072336433320098,0.8446225950127203
family_b_003498_genuine,77d32ebc0cb6ac2a,1.0,genuine,0,0,0.6978714414342592,0.5154138646524364
family_b_003499_text_qr_mismatch,77d32ebc0cb6ac2a,1.0,text_qr_mismatch,1,1,0.9983904475337223,0.9982763987887489
family_b_003500_qr_only_mismatch,77d32ebc0cb6ac2a,1.0,qr_only_mismatch,1,1,0.9970557165925499,0.9993801881280444
family_b_003501_checksum_invalid,77d32ebc0cb6ac2a,1.0,checksum_invalid,1,1,0.9999295774647888,0.9997257054999243
family_b_003502_format_invalid,77d32ebc0cb6ac2a,1.0,format_invalid,1,1,1.0,0.9997880345354856
family_b_003503_field_missing,77d32ebc0cb6ac2a,1.0,field_missing,1,1,0.9994117647058823,0.9952536904866092
family_b_003504_fine_grained_edit,77d32ebc0cb6ac2a,1.0,fine_grained_edit,1,1,0.9985673437902168,0.9995562928263345
family_b_003505_coordinated_full_forgery,77d32ebc0cb6ac2a,1.0,coordinated_full_forgery,1,1,0.8232525500959014,0.8456380596654098
family_b_003506_visual_splice,77d32ebc0cb6ac2a,1.0,visual_splice,1,1,0.7519970090205048,0.7314735632816337
family_b_003507_visual_splice,77d32ebc0cb6ac2a,1.0,visual_splice,1,1,0.836329248192869,0.8706563537601753
family_b_003508_visual_splice,77d32ebc0cb6ac2a,1.0,visual_splice,1,1,0.8132438996906912,0.8457681320501069
family_b_003509_genuine,6902e7d25e90b636,1.0,genuine,0,0,0.7463191715463457,0.7348648008006381
family_b_003510_text_qr_mismatch,6902e7d25e90b636,1.0,text_qr_mismatch,1,1,0.9986160099522098,0.9995909648852754
family_b_003511_qr_only_mismatch,6902e7d25e90b636,1.0,qr_only_mismatch,1,1,0.9963845151872526,0.9995892140945739
family_b_003512_checksum_invalid,6902e7d25e90b636,1.0,checksum_invalid,1,1,1.0,0.999827339210301
family_b_003513_format_invalid,6902e7d25e90b636,1.0,format_invalid,1,1,1.0,0.9991570133386926
family_b_003514_field_missing,6902e7d25e90b636,1.0,field_missing,1,1,1.0,0.9995518441829324
family_b_003515_fine_grained_edit,6902e7d25e90b636,1.0,fine_grained_edit,1,1,0.994378888028765,0.9991945070514847
family_b_003516_coordinated_full_forgery,6902e7d25e90b636,1.0,coordinated_full_forgery,1,1,0.8621783512039077,0.9692788548431
family_b_003517_visual_splice,6902e7d25e90b636,1.0,visual_splice,1,1,0.8085887702913824,0.8297445406715591
family_b_003518_visual_splice,6902e7d25e90b636,1.0,visual_splice,1,1,0.7932959657987776,0.8641475303619744
family_b_003519_visual_splice,6902e7d25e90b636,1.0,visual_splice,1,1,0.8311037307422775,0.9343157127844117
family_b_003531_genuine,56a94659b5df74ac,1.0,genuine,0,0,0.7549035307834309,0.4618257370127497
family_b_003532_text_qr_mismatch,56a94659b5df74ac,1.0,text_qr_mismatch,1,1,0.9971295450704792,0.9997374257936859
family_b_003533_qr_only_mismatch,56a94659b5df74ac,1.0,qr_only_mismatch,1,1,0.9788722572346424,0.99735054695142
family_b_003534_checksum_invalid,56a94659b5df74ac,1.0,checksum_invalid,1,1,1.0,0.9997024613672381
family_b_003535_format_invalid,56a94659b5df74ac,1.0,format_invalid,1,1,0.99,0.9995825402773165
family_b_003536_field_missing,56a94659b5df74ac,1.0,field_missing,1,1,1.0,0.9991503497246281
family_b_003537_fine_grained_edit,56a94659b5df74ac,1.0,fine_grained_edit,1,1,0.9954743783265537,0.9995783433908504
family_b_003538_coordinated_full_forgery,56a94659b5df74ac,1.0,coordinated_full_forgery,1,1,0.8451222215022167,0.8467117004237142
family_b_003539_visual_splice,56a94659b5df74ac,1.0,visual_splice,1,1,0.8130465376629296,0.8361273923765167
family_b_003540_visual_splice,56a94659b5df74ac,1.0,visual_splice,1,1,0.7522263810261514,0.7284542360961671
family_b_003541_visual_splice,56a94659b5df74ac,1.0,visual_splice,1,1,0.8123828751792752,0.780617704596835
family_b_003542_genuine,d73e89e4157183a9,1.0,genuine,0,0,0.7018004833606319,0.3543503520804811
family_b_003543_text_qr_mismatch,d73e89e4157183a9,1.0,text_qr_mismatch,1,1,0.9897289902709885,0.9984972335262438
family_b_003544_qr_only_mismatch,d73e89e4157183a9,1.0,qr_only_mismatch,1,1,0.9668580681384459,0.9972733644128698
family_b_003545_checksum_invalid,d73e89e4157183a9,1.0,checksum_invalid,1,1,1.0,0.9996439908285808
family_b_003546_format_invalid,d73e89e4157183a9,1.0,format_invalid,1,1,0.9998105298457411,0.9997353037278988
family_b_003547_field_missing,d73e89e4157183a9,1.0,field_missing,1,1,0.9835122999526411,0.9899748583367666
family_b_003548_fine_grained_edit,d73e89e4157183a9,1.0,fine_grained_edit,1,1,0.9970144158532612,0.9984972335262438
family_b_003549_coordinated_full_forgery,d73e89e4157183a9,1.0,coordinated_full_forgery,1,1,0.7911652715293378,0.9023431396117444
family_b_003550_visual_splice,d73e89e4157183a9,1.0,visual_splice,1,1,0.8364765547701221,0.857481634986204
family_b_003551_visual_splice,d73e89e4157183a9,1.0,visual_splice,1,1,0.8433161885336871,0.8474034752401836
family_b_003552_visual_splice,d73e89e4157183a9,1.0,visual_splice,1,1,0.803792505106189,0.8439699144173674
family_b_003575_genuine,fb402c95ee2abede,1.0,genuine,0,0,0.7416169479731519,0.6965921357126783
family_b_003576_text_qr_mismatch,fb402c95ee2abede,1.0,text_qr_mismatch,1,1,0.9981731422125572,0.9991670120768945
family_b_003577_qr_only_mismatch,fb402c95ee2abede,1.0,qr_only_mismatch,1,1,0.9294062929484135,0.9092699316079453
family_b_003578_checksum_invalid,fb402c95ee2abede,1.0,checksum_invalid,1,1,0.9979295774647886,0.9996745697213087
family_b_003579_format_invalid,fb402c95ee2abede,1.0,format_invalid,1,1,1.0,0.9990901195743515
family_b_003580_field_missing,fb402c95ee2abede,1.0,field_missing,1,1,0.9999029126213592,0.9993241960230612
family_b_003581_fine_grained_edit,fb402c95ee2abede,1.0,fine_grained_edit,1,1,0.996984346560868,0.9985916447781974
family_b_003582_coordinated_full_forgery,fb402c95ee2abede,1.0,coordinated_full_forgery,1,1,0.8094762333549745,0.880163918286436
family_b_003583_visual_splice,fb402c95ee2abede,1.0,visual_splice,1,1,0.8258118143403271,0.8784542807341411
family_b_003584_visual_splice,fb402c95ee2abede,1.0,visual_splice,1,1,0.8243838552230263,0.9761873889677244
family_b_003585_visual_splice,fb402c95ee2abede,1.0,visual_splice,1,1,0.8389214918623294,0.8212104397685664
family_b_003586_genuine,32405a761d5a3717,1.0,genuine,0,0,0.7247848507083806,0.477727182227153
family_b_003587_text_qr_mismatch,32405a761d5a3717,1.0,text_qr_mismatch,1,1,0.9985380953771574,0.9995492292225143
family_b_003588_qr_only_mismatch,32405a761d5a3717,1.0,qr_only_mismatch,1,1,0.9933938427765285,0.9993692467352879
family_b_003589_checksum_invalid,32405a761d5a3717,1.0,checksum_invalid,1,1,0.9998809523809524,0.999795391929422
family_b_003590_format_invalid,32405a761d5a3717,1.0,format_invalid,1,1,1.0,0.9996218110511556
family_b_003591_field_missing,32405a761d5a3717,1.0,field_missing,1,1,0.9999295774647888,0.9983013524690224
family_b_003592_fine_grained_edit,32405a761d5a3717,1.0,fine_grained_edit,1,1,0.9935409861110428,0.9375608207118866
family_b_003593_coordinated_full_forgery,32405a761d5a3717,1.0,coordinated_full_forgery,1,1,0.8480204446471327,0.8003442225811378
family_b_003594_visual_splice,32405a761d5a3717,1.0,visual_splice,1,1,0.8244444155970159,0.9207415901708234
family_b_003595_visual_splice,32405a761d5a3717,1.0,visual_splice,1,1,0.8387462554828826,0.9548593060276239
family_b_003596_visual_splice,32405a761d5a3717,1.0,visual_splice,1,1,0.995,0.9996513216376023
family_b_003597_genuine,3158b2ff1ae0b701,1.0,genuine,0,0,0.7116588344916974,0.5713838604032832
family_b_003598_text_qr_mismatch,3158b2ff1ae0b701,1.0,text_qr_mismatch,1,1,0.9957345682338408,0.9994688008592255
family_b_003599_qr_only_mismatch,3158b2ff1ae0b701,1.0,qr_only_mismatch,1,1,0.9898772317377378,0.9993514226030576
family_b_003600_checksum_invalid,3158b2ff1ae0b701,1.0,checksum_invalid,1,1,0.9945,0.9992830467167158
family_b_003601_format_invalid,3158b2ff1ae0b701,1.0,format_invalid,1,1,1.0,0.9994656841247737
family_b_003602_field_missing,3158b2ff1ae0b701,1.0,field_missing,1,1,0.9940295413319512,0.999421293223051
family_b_003603_fine_grained_edit,3158b2ff1ae0b701,1.0,fine_grained_edit,1,1,0.9820147355948009,0.996635570661741
family_b_003604_coordinated_full_forgery,3158b2ff1ae0b701,1.0,coordinated_full_forgery,1,1,0.8848062642238672,0.9501612997274718
family_b_003605_visual_splice,3158b2ff1ae0b701,1.0,visual_splice,1,1,0.847711785734156,0.9305846218596264
family_b_003606_visual_splice,3158b2ff1ae0b701,1.0,visual_splice,1,1,0.8547107756258577,0.8977751799687089
family_b_003607_visual_splice,3158b2ff1ae0b701,1.0,visual_splice,1,1,0.8458528214519689,0.9485283017897531
family_b_003608_genuine,e5ad2f1a4c9aceb2,1.0,genuine,0,0,0.7190506757839884,0.5167514736535268
family_b_003609_text_qr_mismatch,e5ad2f1a4c9aceb2,1.0,text_qr_mismatch,1,1,0.994420742462343,0.9992207452174838
family_b_003610_qr_only_mismatch,e5ad2f1a4c9aceb2,1.0,qr_only_mismatch,1,1,0.9944278531703199,0.999211200740647
family_b_003611_checksum_invalid,e5ad2f1a4c9aceb2,1.0,checksum_invalid,1,1,1.0,0.9996291704298205
family_b_003612_format_invalid,e5ad2f1a4c9aceb2,1.0,format_invalid,1,1,0.9999029126213592,0.9996980759827424
family_b_003613_field_missing,e5ad2f1a4c9aceb2,1.0,field_missing,1,1,1.0,0.9994125010750589
family_b_003614_fine_grained_edit,e5ad2f1a4c9aceb2,1.0,fine_grained_edit,1,1,0.9853716091127858,0.9887978548053009
family_b_003615_coordinated_full_forgery,e5ad2f1a4c9aceb2,1.0,coordinated_full_forgery,1,1,0.8300988225383271,0.8750586204749724
family_b_003616_visual_splice,e5ad2f1a4c9aceb2,1.0,visual_splice,1,1,0.969807319109729,0.9993459500491993
family_b_003617_visual_splice,e5ad2f1a4c9aceb2,1.0,visual_splice,1,1,0.7774398306962073,0.7890218415408371
family_b_003618_visual_splice,e5ad2f1a4c9aceb2,1.0,visual_splice,1,1,0.7560073933447691,0.7602581384436623
family_b_003619_genuine,0033e65b677f307b,1.0,genuine,0,0,0.7041177357768035,0.6617588141837581
family_b_003620_text_qr_mismatch,0033e65b677f307b,1.0,text_qr_mismatch,1,1,0.9889962099873825,0.998207673308341
family_b_003621_qr_only_mismatch,0033e65b677f307b,1.0,qr_only_mismatch,1,1,0.9741835547993134,0.9982996687036395
family_b_003622_checksum_invalid,0033e65b677f307b,1.0,checksum_invalid,1,1,0.9997944423296536,0.9996576151805057
family_b_003623_format_invalid,0033e65b677f307b,1.0,format_invalid,1,1,1.0,0.9991011425544534
family_b_003624_field_missing,0033e65b677f307b,1.0,field_missing,1,1,0.9998414717379166,0.9992437218941843
family_b_003625_fine_grained_edit,0033e65b677f307b,1.0,fine_grained_edit,1,1,0.9647538519062954,0.9996836085380579
family_b_003626_coordinated_full_forgery,0033e65b677f307b,1.0,coordinated_full_forgery,1,1,0.7678633218777092,0.8157494700624605
family_b_003627_visual_splice,0033e65b677f307b,1.0,visual_splice,1,1,0.8217849494129754,0.850166381013367
family_b_003628_visual_splice,0033e65b677f307b,1.0,visual_splice,1,1,0.795696024681929,0.7352714226533433
family_b_003629_visual_splice,0033e65b677f307b,1.0,visual_splice,1,1,0.8560061613139069,0.9312044231722801
family_b_003630_genuine,f16e04d48be723ea,1.0,genuine,0,0,0.7561720815106354,0.5081717480330707
family_b_003631_text_qr_mismatch,f16e04d48be723ea,1.0,text_qr_mismatch,1,1,0.9973463702324138,0.9996826555820973
family_b_003632_qr_only_mismatch,f16e04d48be723ea,1.0,qr_only_mismatch,1,1,0.9906874091290095,0.9984200419981204
family_b_003633_checksum_invalid,f16e04d48be723ea,1.0,checksum_invalid,1,1,0.995,0.9997682775195319
family_b_003634_format_invalid,f16e04d48be723ea,1.0,format_invalid,1,1,0.9996709567751335,0.9997510991682901
family_b_003635_field_missing,f16e04d48be723ea,1.0,field_missing,1,1,1.0,0.9995557786371593
family_b_003636_fine_grained_edit,f16e04d48be723ea,1.0,fine_grained_edit,1,1,0.9937706403781292,0.9994333202786518
family_b_003637_coordinated_full_forgery,f16e04d48be723ea,1.0,coordinated_full_forgery,1,1,0.8041631077282553,0.8221752613455846
family_b_003638_visual_splice,f16e04d48be723ea,1.0,visual_splice,1,1,0.8389412124605437,0.9001287442961384
family_b_003639_visual_splice,f16e04d48be723ea,1.0,visual_splice,1,1,0.8701395574698187,0.9138355303192245
family_b_003640_visual_splice,f16e04d48be723ea,1.0,visual_splice,1,1,0.7745007190856247,0.7783779877745525
family_b_003641_genuine,a5396e7145761f3b,1.0,genuine,0,0,0.6239382969469063,0.6002835204640241
family_b_003642_text_qr_mismatch,a5396e7145761f3b,1.0,text_qr_mismatch,1,1,0.9834348755986063,0.997999327421451
family_b_003643_qr_only_mismatch,a5396e7145761f3b,1.0,qr_only_mismatch,1,1,0.994420742462343,0.9990739590214908
family_b_003644_checksum_invalid,a5396e7145761f3b,1.0,checksum_invalid,1,1,1.0,0.9995879228393237
family_b_003645_format_invalid,a5396e7145761f3b,1.0,format_invalid,1,1,1.0,0.9996426479581056
family_b_003646_field_missing,a5396e7145761f3b,1.0,field_missing,1,1,0.9999295774647888,0.9995329754662465
family_b_003647_fine_grained_edit,a5396e7145761f3b,1.0,fine_grained_edit,1,1,0.9937706403781292,0.9993422742132052
family_b_003648_coordinated_full_forgery,a5396e7145761f3b,1.0,coordinated_full_forgery,1,1,0.8465069777636731,0.9098929326653669
family_b_003649_visual_splice,a5396e7145761f3b,1.0,visual_splice,1,1,0.7987172084594818,0.9326558646732878
family_b_003650_visual_splice,a5396e7145761f3b,1.0,visual_splice,1,1,0.8144950249797794,0.8226278379324183
family_b_003651_visual_splice,a5396e7145761f3b,1.0,visual_splice,1,1,0.8272530574351252,0.7930011036764643
family_b_003652_genuine,4036c5db7a12e8ac,1.0,genuine,0,0,0.8031646060901751,0.8449810370165793
family_b_003653_text_qr_mismatch,4036c5db7a12e8ac,1.0,text_qr_mismatch,1,1,0.9941400157840365,0.9985378744914053
family_b_003654_qr_only_mismatch,4036c5db7a12e8ac,1.0,qr_only_mismatch,1,1,0.9922927835151488,0.9995937856050484
family_b_003655_checksum_invalid,4036c5db7a12e8ac,1.0,checksum_invalid,1,1,1.0,0.9996740969492326
family_b_003656_format_invalid,4036c5db7a12e8ac,1.0,format_invalid,1,1,1.0,0.9995481038476567
family_b_003657_field_missing,4036c5db7a12e8ac,1.0,field_missing,1,1,0.9916666666666667,0.9995097842393506
family_b_003658_fine_grained_edit,4036c5db7a12e8ac,1.0,fine_grained_edit,1,1,0.9947950677330585,0.9995186520699025
family_b_003659_coordinated_full_forgery,4036c5db7a12e8ac,1.0,coordinated_full_forgery,1,1,0.7698140976409268,0.812791637666761
family_b_003660_visual_splice,4036c5db7a12e8ac,1.0,visual_splice,1,1,0.7705124572415492,0.8832876648682633
family_b_003661_visual_splice,4036c5db7a12e8ac,1.0,visual_splice,1,1,0.9963888888888889,0.9991776616118833
family_b_003662_visual_splice,4036c5db7a12e8ac,1.0,visual_splice,1,1,0.7947004795032278,0.7835148608319905
family_b_003674_genuine,ef3b2921772a42c6,1.0,genuine,0,0,0.7085615951508945,0.7574084883835827
family_b_003675_text_qr_mismatch,ef3b2921772a42c6,1.0,text_qr_mismatch,1,1,0.9823983706191768,0.9991111650355169
family_b_003676_qr_only_mismatch,ef3b2921772a42c6,1.0,qr_only_mismatch,1,1,0.9937706403781292,0.9993574346847556
family_b_003677_checksum_invalid,ef3b2921772a42c6,1.0,checksum_invalid,1,1,0.9966666666666666,0.9996549481043604
family_b_003678_format_invalid,ef3b2921772a42c6,1.0,format_invalid,1,1,1.0,0.9997794265676312
family_b_003679_field_missing,ef3b2921772a42c6,1.0,field_missing,1,1,0.9923414717379165,0.9991924578051038
family_b_003680_fine_grained_edit,ef3b2921772a42c6,1.0,fine_grained_edit,1,1,0.983799144140267,0.9989800419283452
family_b_003681_coordinated_full_forgery,ef3b2921772a42c6,1.0,coordinated_full_forgery,1,1,0.7645089999053749,0.8496956755215638
family_b_003682_visual_splice,ef3b2921772a42c6,1.0,visual_splice,1,1,1.0,0.9993560573255682
family_b_003683_visual_splice,ef3b2921772a42c6,1.0,visual_splice,1,1,0.995,0.9992372017031832
family_b_003684_visual_splice,ef3b2921772a42c6,1.0,visual_splice,1,1,0.8285854044348302,0.8719336501320104
family_b_003729_genuine,64d31cc151546eb1,1.0,genuine,0,0,0.7819128103429028,0.7932565844611783
family_b_003730_text_qr_mismatch,64d31cc151546eb1,1.0,text_qr_mismatch,1,1,0.9993025213787742,0.9990324913790724
family_b_003731_qr_only_mismatch,64d31cc151546eb1,1.0,qr_only_mismatch,1,1,0.9992090094877559,0.9995317509352705
family_b_003732_checksum_invalid,64d31cc151546eb1,1.0,checksum_invalid,1,1,0.9999295774647888,0.9996041973319428
family_b_003733_format_invalid,64d31cc151546eb1,1.0,format_invalid,1,1,0.9886666666666667,0.9993152381688563
family_b_003734_field_missing,64d31cc151546eb1,1.0,field_missing,1,1,1.0,0.9994996856646954
family_b_003735_fine_grained_edit,64d31cc151546eb1,1.0,fine_grained_edit,1,1,0.9944278531703199,0.9990983799805435
family_b_003736_coordinated_full_forgery,64d31cc151546eb1,1.0,coordinated_full_forgery,1,1,0.7659448922476207,0.757429290701984
family_b_003737_visual_splice,64d31cc151546eb1,1.0,visual_splice,1,1,0.8667125718532154,0.8767724546528756
family_b_003738_visual_splice,64d31cc151546eb1,1.0,visual_splice,1,1,0.9937706403781292,0.9996040138726875
family_b_003739_visual_splice,64d31cc151546eb1,1.0,visual_splice,1,1,0.8307380749239774,0.94029288683114
family_b_003740_genuine,c9a61c2f818c6146,1.0,genuine,0,0,0.7069394455786987,0.601825779142947
family_b_003741_text_qr_mismatch,c9a61c2f818c6146,1.0,text_qr_mismatch,1,1,0.9592493042993384,0.9630813925692462
family_b_003742_qr_only_mismatch,c9a61c2f818c6146,1.0,qr_only_mismatch,1,1,0.9025386916806304,0.9550369431371174
family_b_003743_checksum_invalid,c9a61c2f818c6146,1.0,checksum_invalid,1,1,0.8973565925416827,0.9875094148468092
family_b_003744_format_invalid,c9a61c2f818c6146,1.0,format_invalid,1,1,0.8976421407379201,0.911049622976625
family_b_003745_field_missing,c9a61c2f818c6146,1.0,field_missing,1,1,0.9616647198445862,0.9941109841913788
family_b_003746_fine_grained_edit,c9a61c2f818c6146,1.0,fine_grained_edit,1,1,0.918277912594638,0.9249812119190534
family_b_003747_coordinated_full_forgery,c9a61c2f818c6146,1.0,coordinated_full_forgery,1,1,0.8523181693287983,0.933957326645771
family_b_003748_visual_splice,c9a61c2f818c6146,1.0,visual_splice,1,1,0.895501433705781,0.905053873376946
family_b_003749_visual_splice,c9a61c2f818c6146,1.0,visual_splice,1,1,0.8255686103525564,0.8525587129311855
family_b_003750_visual_splice,c9a61c2f818c6146,1.0,visual_splice,1,1,0.9528728382168655,0.9350566783486348
family_b_003762_genuine,bd584787a9fba13a,1.0,genuine,0,0,0.6834307053214378,0.3600818216857757
family_b_003763_text_qr_mismatch,bd584787a9fba13a,1.0,text_qr_mismatch,1,1,0.9966793500229055,0.9977860451859181
family_b_003764_qr_only_mismatch,bd584787a9fba13a,1.0,qr_only_mismatch,1,1,0.9973047176113878,0.9996755919323127
family_b_003765_checksum_invalid,bd584787a9fba13a,1.0,checksum_invalid,1,1,0.9995833333333333,0.9995280203210856
family_b_003766_format_invalid,bd584787a9fba13a,1.0,format_invalid,1,1,1.0,0.9997265292575332
family_b_003767_field_missing,bd584787a9fba13a,1.0,field_missing,1,1,0.9986666666666667,0.9996213491340998
family_b_003768_fine_grained_edit,bd584787a9fba13a,1.0,fine_grained_edit,1,1,0.9993729439139856,0.9995117962449682
family_b_003769_coordinated_full_forgery,bd584787a9fba13a,1.0,coordinated_full_forgery,1,1,0.8220198588201971,0.9034651479016649
family_b_003770_visual_splice,bd584787a9fba13a,1.0,visual_splice,1,1,0.8003149032470077,0.663034349388333
family_b_003771_visual_splice,bd584787a9fba13a,1.0,visual_splice,1,1,0.8725230078360711,0.9516486663551601
family_b_003772_visual_splice,bd584787a9fba13a,1.0,visual_splice,1,1,1.0,0.9991582720439962
family_b_003784_genuine,ee0eeccdade5c007,1.0,genuine,0,0,0.7073197706519768,0.6679971224049291
family_b_003785_text_qr_mismatch,ee0eeccdade5c007,1.0,text_qr_mismatch,1,1,0.9951646814489439,0.9995389021732323
family_b_003786_qr_only_mismatch,ee0eeccdade5c007,1.0,qr_only_mismatch,1,1,0.9922927835151488,0.9995034738183886
family_b_003787_checksum_invalid,ee0eeccdade5c007,1.0,checksum_invalid,1,1,0.9999295774647888,0.9997230993178511
family_b_003788_format_invalid,ee0eeccdade5c007,1.0,format_invalid,1,1,0.9984000000000001,0.9997141164345038
family_b_003789_field_missing,ee0eeccdade5c007,1.0,field_missing,1,1,1.0,0.9993246364395675
family_b_003790_fine_grained_edit,ee0eeccdade5c007,1.0,fine_grained_edit,1,1,0.995140220091839,0.9993168495089263
family_b_003791_coordinated_full_forgery,ee0eeccdade5c007,1.0,coordinated_full_forgery,1,1,0.8263007562971372,0.8696575859744717
family_b_003792_visual_splice,ee0eeccdade5c007,1.0,visual_splice,1,1,0.8061060578439815,0.7789628154006586
family_b_003793_visual_splice,ee0eeccdade5c007,1.0,visual_splice,1,1,0.8012819539438119,0.7789118026478243
family_b_003794_visual_splice,ee0eeccdade5c007,1.0,visual_splice,1,1,0.8547050896266342,0.9415047537031249
family_b_003795_genuine,89757edfbbb98761,1.0,genuine,0,0,0.7025987353478365,0.5006155839216162
family_b_003796_text_qr_mismatch,89757edfbbb98761,1.0,text_qr_mismatch,1,1,0.9988252960705502,0.999351063367572
family_b_003797_qr_only_mismatch,89757edfbbb98761,1.0,qr_only_mismatch,1,1,0.9957959577967571,0.9992868663413006
family_b_003798_checksum_invalid,89757edfbbb98761,1.0,checksum_invalid,1,1,1.0,0.9995757500429415
family_b_003799_format_invalid,89757edfbbb98761,1.0,format_invalid,1,1,0.9999295774647888,0.9994527529494869
family_b_003800_field_missing,89757edfbbb98761,1.0,field_missing,1,1,0.9933333333333334,0.9965255134361451
family_b_003801_fine_grained_edit,89757edfbbb98761,1.0,fine_grained_edit,1,1,0.9812848569181977,0.9993896162226402
family_b_003802_coordinated_full_forgery,89757edfbbb98761,1.0,coordinated_full_forgery,1,1,0.8271777633811298,0.8637920403340333
family_b_003803_visual_splice,89757edfbbb98761,1.0,visual_splice,1,1,0.8501579496457633,0.8999797528558552
family_b_003804_visual_splice,89757edfbbb98761,1.0,visual_splice,1,1,0.8440767325995919,0.9230343399430775
family_b_003805_visual_splice,89757edfbbb98761,1.0,visual_splice,1,1,0.8648926963275239,0.9484820308488211
family_b_003806_genuine,e2467e41c32db2cd,1.0,genuine,0,0,0.6181021389086913,0.5499727096836674
family_b_003807_text_qr_mismatch,e2467e41c32db2cd,1.0,text_qr_mismatch,1,1,0.9965576582937825,0.9989933107367679
family_b_003808_qr_only_mismatch,e2467e41c32db2cd,1.0,qr_only_mismatch,1,1,0.9805863408975846,0.9980184251743853
family_b_003809_checksum_invalid,e2467e41c32db2cd,1.0,checksum_invalid,1,1,0.9442332888302954,0.9807500869193679
family_b_003810_format_invalid,e2467e41c32db2cd,1.0,format_invalid,1,1,0.9442310033874789,0.9709538480220936
family_b_003811_field_missing,e2467e41c32db2cd,1.0,field_missing,1,1,0.9630900621118011,0.9884527415973005
family_b_003812_fine_grained_edit,e2467e41c32db2cd,1.0,fine_grained_edit,1,1,0.9957518018589278,0.9995029367498642
family_b_003813_coordinated_full_forgery,e2467e41c32db2cd,1.0,coordinated_full_forgery,1,1,0.9395791054386115,0.8994130959776003
family_b_003814_visual_splice,e2467e41c32db2cd,1.0,visual_splice,1,1,0.9279897424330439,0.9268397439918045
family_b_003815_visual_splice,e2467e41c32db2cd,1.0,visual_splice,1,1,0.9128387690697329,0.955009907631684
family_b_003816_visual_splice,e2467e41c32db2cd,1.0,visual_splice,1,1,0.9747271675914979,0.9840856258053238
family_b_003828_genuine,309ae7cc008a7fc6,1.0,genuine,0,0,0.7738875581420757,0.7764262873267144
family_b_003829_text_qr_mismatch,309ae7cc008a7fc6,1.0,text_qr_mismatch,1,1,0.9947950677330585,0.9994819903783648
family_b_003830_qr_only_mismatch,309ae7cc008a7fc6,1.0,qr_only_mismatch,1,1,0.9966793500229055,0.9983438294896275
family_b_003831_checksum_invalid,309ae7cc008a7fc6,1.0,checksum_invalid,1,1,1.0,0.9995994583347391
family_b_003832_format_invalid,309ae7cc008a7fc6,1.0,format_invalid,1,1,0.9933333333333333,0.999358216573682
family_b_003833_field_missing,309ae7cc008a7fc6,1.0,field_missing,1,1,1.0,0.9996662662038756
family_b_003834_fine_grained_edit,309ae7cc008a7fc6,1.0,fine_grained_edit,1,1,0.9959729163753864,0.9993861897137112
family_b_003835_coordinated_full_forgery,309ae7cc008a7fc6,1.0,coordinated_full_forgery,1,1,0.7813913615911254,0.6901862688196463
family_b_003836_visual_splice,309ae7cc008a7fc6,1.0,visual_splice,1,1,0.7955183826993454,0.8022872918007891
family_b_003837_visual_splice,309ae7cc008a7fc6,1.0,visual_splice,1,1,0.8412655231950836,0.8422482635280217
family_b_003838_visual_splice,309ae7cc008a7fc6,1.0,visual_splice,1,1,0.8247396896090021,0.9018242282020372
family_b_003850_genuine,cf09861146302887,1.0,genuine,0,0,0.750853467233831,0.5350251975440364
family_b_003851_text_qr_mismatch,cf09861146302887,1.0,text_qr_mismatch,1,1,0.9947596899224805,0.9992439417367444
family_b_003852_qr_only_mismatch,cf09861146302887,1.0,qr_only_mismatch,1,1,0.9937706403781292,0.9994124259230032
family_b_003853_checksum_invalid,cf09861146302887,1.0,checksum_invalid,1,1,0.9999295774647888,0.9996721984721215
family_b_003854_format_invalid,cf09861146302887,1.0,format_invalid,1,1,0.9999029126213592,0.9996697077812353
family_b_003855_field_missing,cf09861146302887,1.0,field_missing,1,1,1.0,0.9982355558105455
family_b_003856_fine_grained_edit,cf09861146302887,1.0,fine_grained_edit,1,1,0.991767628565954,0.997427189635783
family_b_003857_coordinated_full_forgery,cf09861146302887,1.0,coordinated_full_forgery,1,1,0.8026328394050729,0.7759897167882821
family_b_003858_visual_splice,cf09861146302887,1.0,visual_splice,1,1,0.7817711610312585,0.7540767167780978
family_b_003859_visual_splice,cf09861146302887,1.0,visual_splice,1,1,0.8020840299933871,0.8937492624164778
family_b_003860_visual_splice,cf09861146302887,1.0,visual_splice,1,1,0.8240843584001815,0.9195780344102258
family_b_003861_genuine,eeafe1288740c769,1.0,genuine,0,0,0.7228439342543695,0.4725885419660243
family_b_003862_text_qr_mismatch,eeafe1288740c769,1.0,text_qr_mismatch,1,1,0.9945244605337824,0.9994322424068401
family_b_003863_qr_only_mismatch,eeafe1288740c769,1.0,qr_only_mismatch,1,1,0.9936735529994886,0.9994010278735813
family_b_003864_checksum_invalid,eeafe1288740c769,1.0,checksum_invalid,1,1,1.0,0.9996992511562712
family_b_003865_format_invalid,eeafe1288740c769,1.0,format_invalid,1,1,1.0,0.9997383150303399
family_b_003866_field_missing,eeafe1288740c769,1.0,field_missing,1,1,1.0,0.9986956263244309
family_b_003867_fine_grained_edit,eeafe1288740c769,1.0,fine_grained_edit,1,1,0.9959897563548148,0.9995217207217595
family_b_003868_coordinated_full_forgery,eeafe1288740c769,1.0,coordinated_full_forgery,1,1,0.9188070175438596,0.9988587906784572
family_b_003869_visual_splice,eeafe1288740c769,1.0,visual_splice,1,1,1.0,0.9991868691442896
family_b_003870_visual_splice,eeafe1288740c769,1.0,visual_splice,1,1,0.8449732740996551,0.8749972232403372
family_b_003871_visual_splice,eeafe1288740c769,1.0,visual_splice,1,1,0.8051027974955318,0.9028808400986585
family_b_003872_genuine,67abc48eba36f89c,1.0,genuine,0,0,0.673592970068814,0.6572125579417694
family_b_003873_text_qr_mismatch,67abc48eba36f89c,1.0,text_qr_mismatch,1,1,0.9919944586366327,0.9995043910345411
family_b_003874_qr_only_mismatch,67abc48eba36f89c,1.0,qr_only_mismatch,1,1,0.9929659888666373,0.9996554787558032
family_b_003875_checksum_invalid,67abc48eba36f89c,1.0,checksum_invalid,1,1,0.9933333333333333,0.9996798404231969
family_b_003876_format_invalid,67abc48eba36f89c,1.0,format_invalid,1,1,0.9998809523809524,0.9998592953479686
family_b_003877_field_missing,67abc48eba36f89c,1.0,field_missing,1,1,0.9927032520325203,0.9996810267217637
family_b_003878_fine_grained_edit,67abc48eba36f89c,1.0,fine_grained_edit,1,1,0.9748872740075175,0.9995246005850977
family_b_003879_coordinated_full_forgery,67abc48eba36f89c,1.0,coordinated_full_forgery,1,1,0.8075892221946974,0.8362882506955936
family_b_003880_visual_splice,67abc48eba36f89c,1.0,visual_splice,1,1,0.9985081384045832,0.9993965122534226
family_b_003881_visual_splice,67abc48eba36f89c,1.0,visual_splice,1,1,0.7400315920296741,0.6895654550390644
family_b_003882_visual_splice,67abc48eba36f89c,1.0,visual_splice,1,1,0.8816249242484518,0.9015627073746516
family_b_003883_genuine,15ead77645216360,1.0,genuine,0,0,0.72228224573446,0.6068118288497395
family_b_003884_text_qr_mismatch,15ead77645216360,1.0,text_qr_mismatch,1,1,0.9937706403781292,0.999767034305969
family_b_003885_qr_only_mismatch,15ead77645216360,1.0,qr_only_mismatch,1,1,0.9956464625069685,0.9995306294353118
family_b_003886_checksum_invalid,15ead77645216360,1.0,checksum_invalid,1,1,0.9538361802082576,0.9853083267817041
family_b_003887_format_invalid,15ead77645216360,1.0,format_invalid,1,1,0.9999295774647888,0.9997862565629736
family_b_003888_field_missing,15ead77645216360,1.0,field_missing,1,1,0.9963890907855355,0.9996409000484703
family_b_003889_fine_grained_edit,15ead77645216360,1.0,fine_grained_edit,1,1,0.9866661591510563,0.9970077827695839
family_b_003890_coordinated_full_forgery,15ead77645216360,1.0,coordinated_full_forgery,1,1,0.9754919504358797,0.9825464417601997
family_b_003891_visual_splice,15ead77645216360,1.0,visual_splice,1,1,0.7340417072149151,0.7694523152277087
family_b_003892_visual_splice,15ead77645216360,1.0,visual_splice,1,1,0.9083388111601438,0.9224954345717676
family_b_003893_visual_splice,15ead77645216360,1.0,visual_splice,1,1,0.8488486696487177,0.9139598231461878
family_b_003905_genuine,29089bd54fecddb7,1.0,genuine,0,0,0.7698584786505959,0.5942584147975783
family_b_003906_text_qr_mismatch,29089bd54fecddb7,1.0,text_qr_mismatch,1,1,0.9936735529994886,0.9988434867934671
family_b_003907_qr_only_mismatch,29089bd54fecddb7,1.0,qr_only_mismatch,1,1,0.994420742462343,0.999622249679782
family_b_003908_checksum_invalid,29089bd54fecddb7,1.0,checksum_invalid,1,1,1.0,0.9997809345892898
family_b_003909_format_invalid,29089bd54fecddb7,1.0,format_invalid,1,1,0.9933333333333333,0.9995311997065226
family_b_003910_field_missing,29089bd54fecddb7,1.0,field_missing,1,1,0.9698333333333333,0.999166721102635
family_b_003911_fine_grained_edit,29089bd54fecddb7,1.0,fine_grained_edit,1,1,0.9928627421886778,0.9992695917593324
family_b_003912_coordinated_full_forgery,29089bd54fecddb7,1.0,coordinated_full_forgery,1,1,0.8444889129879967,0.8444281295062306
family_b_003913_visual_splice,29089bd54fecddb7,1.0,visual_splice,1,1,0.829088128337117,0.9109709176791501
family_b_003914_visual_splice,29089bd54fecddb7,1.0,visual_splice,1,1,0.8312383831833386,0.840266182398931
family_b_003915_visual_splice,29089bd54fecddb7,1.0,visual_splice,1,1,0.8254962347588607,0.928255623667349
family_b_003916_genuine,18b7aba57dd0d2ee,1.0,genuine,0,0,0.6178885290725584,0.37097651251949004
family_b_003917_text_qr_mismatch,18b7aba57dd0d2ee,1.0,text_qr_mismatch,1,1,0.9969475526971042,0.9994919335482905
family_b_003918_qr_only_mismatch,18b7aba57dd0d2ee,1.0,qr_only_mismatch,1,1,0.9927744949784832,0.9993093127405428
family_b_003919_checksum_invalid,18b7aba57dd0d2ee,1.0,checksum_invalid,1,1,0.9999029126213592,0.9993475690079344
family_b_003920_format_invalid,18b7aba57dd0d2ee,1.0,format_invalid,1,1,1.0,0.999593687072079
family_b_003921_field_missing,18b7aba57dd0d2ee,1.0,field_missing,1,1,0.995,0.9997085121693025
family_b_003922_fine_grained_edit,18b7aba57dd0d2ee,1.0,fine_grained_edit,1,1,0.9969475526971042,0.9995101210811943
family_b_003923_coordinated_full_forgery,18b7aba57dd0d2ee,1.0,coordinated_full_forgery,1,1,0.8332657714900147,0.8984930790642324
family_b_003924_visual_splice,18b7aba57dd0d2ee,1.0,visual_splice,1,1,0.8079551113634247,0.897661854931615
family_b_003925_visual_splice,18b7aba57dd0d2ee,1.0,visual_splice,1,1,0.8024764588850444,0.7886732311713459
family_b_003926_visual_splice,18b7aba57dd0d2ee,1.0,visual_splice,1,1,0.8047740775922967,0.9373610294228847
family_b_003927_genuine,52c00af47290128d,1.0,genuine,0,0,0.5079310002174777,0.33866852393806435
family_b_003928_text_qr_mismatch,52c00af47290128d,1.0,text_qr_mismatch,1,1,0.9960295531081234,0.9993700589769179
family_b_003929_qr_only_mismatch,52c00af47290128d,1.0,qr_only_mismatch,1,1,0.9950638335468915,0.9993393439736002
family_b_003930_checksum_invalid,52c00af47290128d,1.0,checksum_invalid,1,1,0.9999295774647888,0.9994183498798785
family_b_003931_format_invalid,52c00af47290128d,1.0,format_invalid,1,1,0.9999295774647888,0.9997403769228673
family_b_003932_field_missing,52c00af47290128d,1.0,field_missing,1,1,0.99,0.9994156576965403
family_b_003933_fine_grained_edit,52c00af47290128d,1.0,fine_grained_edit,1,1,0.9967050932856596,0.9996586068686757
family_b_003934_coordinated_full_forgery,52c00af47290128d,1.0,coordinated_full_forgery,1,1,0.8454776563682641,0.9033311842474879
family_b_003935_visual_splice,52c00af47290128d,1.0,visual_splice,1,1,0.7971325914708136,0.7294349547716035
family_b_003936_visual_splice,52c00af47290128d,1.0,visual_splice,1,1,0.8223106778126964,0.8632542206467174
family_b_003937_visual_splice,52c00af47290128d,1.0,visual_splice,1,1,0.8605598406513542,0.8842725051572791
family_b_003938_genuine,39dae52e8e90a949,1.0,genuine,0,0,0.6336612630526821,0.5111629949407531
family_b_003939_text_qr_mismatch,39dae52e8e90a949,1.0,text_qr_mismatch,1,1,0.9970485589741951,0.9994077889785876
family_b_003940_qr_only_mismatch,39dae52e8e90a949,1.0,qr_only_mismatch,1,1,0.984109698628176,0.9993067855694089
family_b_003941_checksum_invalid,39dae52e8e90a949,1.0,checksum_invalid,1,1,0.9988184663536777,0.999358711022782
family_b_003942_format_invalid,39dae52e8e90a949,1.0,format_invalid,1,1,0.9988184663536777,0.9994012275184282
family_b_003943_field_missing,39dae52e8e90a949,1.0,field_missing,1,1,0.9998414717379166,0.9993003472795672
family_b_003944_fine_grained_edit,39dae52e8e90a949,1.0,fine_grained_edit,1,1,0.9947396404604466,0.9983924996456618
family_b_003945_coordinated_full_forgery,39dae52e8e90a949,1.0,coordinated_full_forgery,1,1,0.8435394236366139,0.8931710994605288
family_b_003946_visual_splice,39dae52e8e90a949,1.0,visual_splice,1,1,0.8551702988126144,0.9502130772765915
family_b_003947_visual_splice,39dae52e8e90a949,1.0,visual_splice,1,1,0.784995913860422,0.8021344781916873
family_b_003948_visual_splice,39dae52e8e90a949,1.0,visual_splice,1,1,1.0,0.9994487446754565
family_b_003949_genuine,e2a08bf80e3d4a19,1.0,genuine,0,0,0.7280984277122041,0.5708878968506734
family_b_003950_text_qr_mismatch,e2a08bf80e3d4a19,1.0,text_qr_mismatch,1,1,0.9945880191756012,0.999717593675428
family_b_003951_qr_only_mismatch,e2a08bf80e3d4a19,1.0,qr_only_mismatch,1,1,0.9974039114433265,0.999308888700876
family_b_003952_checksum_invalid,e2a08bf80e3d4a19,1.0,checksum_invalid,1,1,1.0,0.9990327351853753
family_b_003953_format_invalid,e2a08bf80e3d4a19,1.0,format_invalid,1,1,1.0,0.9998413884677259
family_b_003954_field_missing,e2a08bf80e3d4a19,1.0,field_missing,1,1,1.0,0.9994544804885845
family_b_003955_fine_grained_edit,e2a08bf80e3d4a19,1.0,fine_grained_edit,1,1,0.9903492654410728,0.9995771284700764
family_b_003956_coordinated_full_forgery,e2a08bf80e3d4a19,1.0,coordinated_full_forgery,1,1,0.8050953001088922,0.738122472690123
family_b_003957_visual_splice,e2a08bf80e3d4a19,1.0,visual_splice,1,1,0.846058545696833,0.8923716868994032
family_b_003958_visual_splice,e2a08bf80e3d4a19,1.0,visual_splice,1,1,0.8930144529503065,0.94769336749795
family_b_003959_visual_splice,e2a08bf80e3d4a19,1.0,visual_splice,1,1,0.7911072220265012,0.8009845732411504
family_b_003960_genuine,99b0c78d45584909,1.0,genuine,0,0,0.6629535887855964,0.38785596562758506
family_b_003961_text_qr_mismatch,99b0c78d45584909,1.0,text_qr_mismatch,1,1,0.9966551520427339,0.999541970947491
family_b_003962_qr_only_mismatch,99b0c78d45584909,1.0,qr_only_mismatch,1,1,0.9929591596011765,0.9980283484949625
family_b_003963_checksum_invalid,99b0c78d45584909,1.0,checksum_invalid,1,1,0.9966666666666666,0.9996585918064558
family_b_003964_format_invalid,99b0c78d45584909,1.0,format_invalid,1,1,0.9999029126213592,0.9996961844035699
family_b_003965_field_missing,99b0c78d45584909,1.0,field_missing,1,1,1.0,0.999287366403471
family_b_003966_fine_grained_edit,99b0c78d45584909,1.0,fine_grained_edit,1,1,0.9942798931195724,0.9988908368211264
family_b_003967_coordinated_full_forgery,99b0c78d45584909,1.0,coordinated_full_forgery,1,1,0.8209489796756091,0.7675604117045857
family_b_003968_visual_splice,99b0c78d45584909,1.0,visual_splice,1,1,0.8147374909476552,0.8668596017705235
family_b_003969_visual_splice,99b0c78d45584909,1.0,visual_splice,1,1,0.8342551177320668,0.8884775791845125
family_b_003970_visual_splice,99b0c78d45584909,1.0,visual_splice,1,1,0.7819081917164626,0.8112209368785905
family_b_003971_genuine,b141946948f7868c,1.0,genuine,0,0,0.7452231064698448,0.7029635432691833
family_b_003972_text_qr_mismatch,b141946948f7868c,1.0,text_qr_mismatch,1,1,0.9965999655666212,0.999530077081583
family_b_003973_qr_only_mismatch,b141946948f7868c,1.0,qr_only_mismatch,1,1,0.9856616244875697,0.9991677153578323
family_b_003974_checksum_invalid,b141946948f7868c,1.0,checksum_invalid,1,1,0.9997944423296536,0.999750798769608
family_b_003975_format_invalid,b141946948f7868c,1.0,format_invalid,1,1,0.995,0.9991003688806428
family_b_003976_field_missing,b141946948f7868c,1.0,field_missing,1,1,0.9948809523809524,0.9985960616163335
family_b_003977_fine_grained_edit,b141946948f7868c,1.0,fine_grained_edit,1,1,0.9956155206147932,0.9992829971486965
family_b_003978_coordinated_full_forgery,b141946948f7868c,1.0,coordinated_full_forgery,1,1,0.6598049945280983,0.7461602022564247
family_b_003979_visual_splice,b141946948f7868c,1.0,visual_splice,1,1,0.8434764306067096,0.8975877934554752
family_b_003980_visual_splice,b141946948f7868c,1.0,visual_splice,1,1,0.7997810171788899,0.8478045223494064
family_b_003981_visual_splice,b141946948f7868c,1.0,visual_splice,1,1,0.8034915626882398,0.846581066778808
family_b_003982_genuine,c8f1cad7ebd88867,1.0,genuine,0,0,0.6317569729440042,0.45437226553255616
family_b_003983_text_qr_mismatch,c8f1cad7ebd88867,1.0,text_qr_mismatch,1,1,0.9859078244936528,0.9993533598025294
family_b_003984_qr_only_mismatch,c8f1cad7ebd88867,1.0,qr_only_mismatch,1,1,0.9974621186610213,0.9993302691821341
family_b_003985_checksum_invalid,c8f1cad7ebd88867,1.0,checksum_invalid,1,1,0.9999295774647888,0.9996475215443316
family_b_003986_format_invalid,c8f1cad7ebd88867,1.0,format_invalid,1,1,0.9975,0.9995583637196988
family_b_003987_field_missing,c8f1cad7ebd88867,1.0,field_missing,1,1,0.9819117647058824,0.9993823187897168
family_b_003988_fine_grained_edit,c8f1cad7ebd88867,1.0,fine_grained_edit,1,1,0.9957504354546607,0.9993865061317263
family_b_003989_coordinated_full_forgery,c8f1cad7ebd88867,1.0,coordinated_full_forgery,1,1,0.8150690398828331,0.8124741257829378
family_b_003990_visual_splice,c8f1cad7ebd88867,1.0,visual_splice,1,1,0.7593587752272893,0.8586623141841768
family_b_003991_visual_splice,c8f1cad7ebd88867,1.0,visual_splice,1,1,0.7987096382436151,0.7777378223496911
family_b_003992_visual_splice,c8f1cad7ebd88867,1.0,visual_splice,1,1,0.8382822276469832,0.9589992678432976
family_b_004004_genuine,b990ec6fcbacd782,1.0,genuine,0,0,0.7700829645738091,0.6653563477117592
family_b_004005_text_qr_mismatch,b990ec6fcbacd782,1.0,text_qr_mismatch,1,1,0.9937706403781292,0.9991776077965318
family_b_004006_qr_only_mismatch,b990ec6fcbacd782,1.0,qr_only_mismatch,1,1,0.9640515586891836,0.9952992421343744
family_b_004007_checksum_invalid,b990ec6fcbacd782,1.0,checksum_invalid,1,1,1.0,0.9997206002704655
family_b_004008_format_invalid,b990ec6fcbacd782,1.0,format_invalid,1,1,1.0,0.9997530468889242
family_b_004009_field_missing,b990ec6fcbacd782,1.0,field_missing,1,1,0.9883333333333333,0.9948520995942323
family_b_004010_fine_grained_edit,b990ec6fcbacd782,1.0,fine_grained_edit,1,1,0.9936184962103034,0.9992588773642478
family_b_004011_coordinated_full_forgery,b990ec6fcbacd782,1.0,coordinated_full_forgery,1,1,0.9789903267547773,0.9979999980036739
family_b_004012_visual_splice,b990ec6fcbacd782,1.0,visual_splice,1,1,0.7831285551692813,0.8769079292118159
family_b_004013_visual_splice,b990ec6fcbacd782,1.0,visual_splice,1,1,0.8103280601738322,0.7503329252226602
family_b_004014_visual_splice,b990ec6fcbacd782,1.0,visual_splice,1,1,0.8193202360691402,0.891738630801111
family_b_004026_genuine,8e9989f35e4a14b1,1.0,genuine,0,0,0.7763948725420743,0.672087666513072
family_b_004027_text_qr_mismatch,8e9989f35e4a14b1,1.0,text_qr_mismatch,1,1,0.9913209558652187,0.99932581353624
family_b_004028_qr_only_mismatch,8e9989f35e4a14b1,1.0,qr_only_mismatch,1,1,0.9967050932856596,0.9996501701612159
family_b_004029_checksum_invalid,8e9989f35e4a14b1,1.0,checksum_invalid,1,1,1.0,0.9990376498000769
family_b_004030_format_invalid,8e9989f35e4a14b1,1.0,format_invalid,1,1,1.0,0.9997801487071686
family_b_004031_field_missing,8e9989f35e4a14b1,1.0,field_missing,1,1,1.0,0.999325655293187
family_b_004032_fine_grained_edit,8e9989f35e4a14b1,1.0,fine_grained_edit,1,1,0.994420742462343,0.9993443272035221
family_b_004033_coordinated_full_forgery,8e9989f35e4a14b1,1.0,coordinated_full_forgery,1,1,0.8069223686282454,0.8625031651805753
family_b_004034_visual_splice,8e9989f35e4a14b1,1.0,visual_splice,1,1,0.9970539406741841,0.9995547733735434
family_b_004035_visual_splice,8e9989f35e4a14b1,1.0,visual_splice,1,1,0.7931219080254636,0.7929392154441343
family_b_004036_visual_splice,8e9989f35e4a14b1,1.0,visual_splice,1,1,0.8048490434021524,0.7641946468987162
family_b_004048_genuine,138519a22b81a35b,1.0,genuine,0,0,0.5597142857142857,0.08879662746101698
family_b_004049_text_qr_mismatch,138519a22b81a35b,1.0,text_qr_mismatch,1,1,0.9864736842105263,0.9958676038173192
family_b_004050_qr_only_mismatch,138519a22b81a35b,1.0,qr_only_mismatch,1,1,0.9941649046301906,0.9992308456798012
family_b_004051_checksum_invalid,138519a22b81a35b,1.0,checksum_invalid,1,1,0.9889295774647887,0.9997424156078382
family_b_004052_format_invalid,138519a22b81a35b,1.0,format_invalid,1,1,0.9711666666666666,0.9954673048650288
family_b_004053_field_missing,138519a22b81a35b,1.0,field_missing,1,1,0.9544645316804408,0.9967566915210114
family_b_004054_fine_grained_edit,138519a22b81a35b,1.0,fine_grained_edit,1,1,0.99,0.9984590676115812
family_b_004055_coordinated_full_forgery,138519a22b81a35b,1.0,coordinated_full_forgery,1,1,0.8215321579926423,0.7501367257130717
family_b_004056_visual_splice,138519a22b81a35b,1.0,visual_splice,1,1,0.9913333333333333,0.997698016318878
family_b_004057_visual_splice,138519a22b81a35b,1.0,visual_splice,1,1,0.9163340164236459,0.9609551777645363
family_b_004058_visual_splice,138519a22b81a35b,1.0,visual_splice,1,1,0.9913333333333333,0.9973713544824886
family_b_004092_genuine,74b2c8921bb7ee73,1.0,genuine,0,0,0.6749706908984017,0.30766830732124417
family_b_004093_text_qr_mismatch,74b2c8921bb7ee73,1.0,text_qr_mismatch,1,1,0.9926070692294344,0.9992952728471654
family_b_004094_qr_only_mismatch,74b2c8921bb7ee73,1.0,qr_only_mismatch,1,1,0.9909114897865697,0.998485517694369
family_b_004095_checksum_invalid,74b2c8921bb7ee73,1.0,checksum_invalid,1,1,1.0,0.9980645623671883
family_b_004096_format_invalid,74b2c8921bb7ee73,1.0,format_invalid,1,1,1.0,0.999604105507695
family_b_004097_field_missing,74b2c8921bb7ee73,1.0,field_missing,1,1,0.9966666666666667,0.9982768294020218
family_b_004098_fine_grained_edit,74b2c8921bb7ee73,1.0,fine_grained_edit,1,1,0.9986932849364791,0.9992389346161532
family_b_004099_coordinated_full_forgery,74b2c8921bb7ee73,1.0,coordinated_full_forgery,1,1,0.8116599780553726,0.8420955242612806
family_b_004100_visual_splice,74b2c8921bb7ee73,1.0,visual_splice,1,1,0.8077848975805285,0.7997305804267053
family_b_004101_visual_splice,74b2c8921bb7ee73,1.0,visual_splice,1,1,0.9883333333333334,0.9992961714302853
family_b_004102_visual_splice,74b2c8921bb7ee73,1.0,visual_splice,1,1,0.8027466799510783,0.8233682258062893
family_b_004103_genuine,0421ccb90b68ac7b,1.0,genuine,0,0,0.743771791271576,0.7482775898328416
family_b_004104_text_qr_mismatch,0421ccb90b68ac7b,1.0,text_qr_mismatch,1,1,0.9990281163277785,0.9993754905404688
family_b_004105_qr_only_mismatch,0421ccb90b68ac7b,1.0,qr_only_mismatch,1,1,0.9930070692294345,0.9996045693404828
family_b_004106_checksum_invalid,0421ccb90b68ac7b,1.0,checksum_invalid,1,1,0.9999295774647888,0.9998428595280872
family_b_004107_format_invalid,0421ccb90b68ac7b,1.0,format_invalid,1,1,1.0,0.9994495837852024
family_b_004108_field_missing,0421ccb90b68ac7b,1.0,field_missing,1,1,0.9954117647058822,0.9994711259285642
family_b_004109_fine_grained_edit,0421ccb90b68ac7b,1.0,fine_grained_edit,1,1,0.9937706403781292,0.9991725560149192
family_b_004110_coordinated_full_forgery,0421ccb90b68ac7b,1.0,coordinated_full_forgery,1,1,0.8239909300465169,0.8399525249378332
family_b_004111_visual_splice,0421ccb90b68ac7b,1.0,visual_splice,1,1,0.878147193666763,0.9688093462154748
family_b_004112_visual_splice,0421ccb90b68ac7b,1.0,visual_splice,1,1,0.8215622662367177,0.8481828120920492
family_b_004113_visual_splice,0421ccb90b68ac7b,1.0,visual_splice,1,1,0.8441872181840935,0.9142918967945892
family_b_004114_genuine,e1125b91269cbda5,1.0,genuine,0,0,0.7198450204822313,0.5120686045574955
family_b_004115_text_qr_mismatch,e1125b91269cbda5,1.0,text_qr_mismatch,1,1,0.9980078143703973,0.9994843887893294
family_b_004116_qr_only_mismatch,e1125b91269cbda5,1.0,qr_only_mismatch,1,1,0.9913209558652187,0.9993204110128621
family_b_004117_checksum_invalid,e1125b91269cbda5,1.0,checksum_invalid,1,1,1.0,0.99970029236768
family_b_004118_format_invalid,e1125b91269cbda5,1.0,format_invalid,1,1,1.0,0.9996282998344159
family_b_004119_field_missing,e1125b91269cbda5,1.0,field_missing,1,1,1.0,0.9998114005453682
family_b_004120_fine_grained_edit,e1125b91269cbda5,1.0,fine_grained_edit,1,1,0.9937706403781292,0.9990327884678244
family_b_004121_coordinated_full_forgery,e1125b91269cbda5,1.0,coordinated_full_forgery,1,1,0.812564469191301,0.8639195507179447
family_b_004122_visual_splice,e1125b91269cbda5,1.0,visual_splice,1,1,0.9999295774647888,0.9991953984769331
family_b_004123_visual_splice,e1125b91269cbda5,1.0,visual_splice,1,1,0.8005857294544623,0.7799011329044023
family_b_004124_visual_splice,e1125b91269cbda5,1.0,visual_splice,1,1,0.8195732724266861,0.8657917934090825
family_b_004125_genuine,73e26a471241d2d2,1.0,genuine,0,0,0.738932131737542,0.6851997226736084
family_b_004126_text_qr_mismatch,73e26a471241d2d2,1.0,text_qr_mismatch,1,1,0.9181077381859575,0.9259570565878191
family_b_004127_qr_only_mismatch,73e26a471241d2d2,1.0,qr_only_mismatch,1,1,0.9809211429123195,0.9983486044677352
family_b_004128_checksum_invalid,73e26a471241d2d2,1.0,checksum_invalid,1,1,1.0,0.9996684667217266
family_b_004129_format_invalid,73e26a471241d2d2,1.0,format_invalid,1,1,1.0,0.9998361047108141
family_b_004130_field_missing,73e26a471241d2d2,1.0,field_missing,1,1,0.97895911879674,0.9974931700364625
family_b_004131_fine_grained_edit,73e26a471241d2d2,1.0,fine_grained_edit,1,1,0.9955631928692215,0.9996437142996051
family_b_004132_coordinated_full_forgery,73e26a471241d2d2,1.0,coordinated_full_forgery,1,1,0.8231006738022428,0.7568020338479893
family_b_004133_visual_splice,73e26a471241d2d2,1.0,visual_splice,1,1,0.748450028601754,0.7460626676776304
family_b_004134_visual_splice,73e26a471241d2d2,1.0,visual_splice,1,1,0.8056617724667785,0.9025027425100842
family_b_004135_visual_splice,73e26a471241d2d2,1.0,visual_splice,1,1,0.8148738283893288,0.833712649321305
family_b_004136_genuine,8c04f68e0470763d,1.0,genuine,0,0,0.717695668173281,0.5825842019080084
family_b_004137_text_qr_mismatch,8c04f68e0470763d,1.0,text_qr_mismatch,1,1,0.9979305890621734,0.9993543113539852
family_b_004138_qr_only_mismatch,8c04f68e0470763d,1.0,qr_only_mismatch,1,1,0.9951155746134996,0.998012137335292
family_b_004139_checksum_invalid,8c04f68e0470763d,1.0,checksum_invalid,1,1,1.0,0.999779908752671
family_b_004140_format_invalid,8c04f68e0470763d,1.0,format_invalid,1,1,1.0,0.9997288788850928
family_b_004141_field_missing,8c04f68e0470763d,1.0,field_missing,1,1,1.0,0.9997461741646567
family_b_004142_fine_grained_edit,8c04f68e0470763d,1.0,fine_grained_edit,1,1,0.9937706403781292,0.999401611450561
family_b_004143_coordinated_full_forgery,8c04f68e0470763d,1.0,coordinated_full_forgery,1,1,0.8507700779596228,0.8777795955984021
family_b_004144_visual_splice,8c04f68e0470763d,1.0,visual_splice,1,1,0.7930758906026437,0.7547533475517487
family_b_004145_visual_splice,8c04f68e0470763d,1.0,visual_splice,1,1,0.8207695219055128,0.8507853259656257
family_b_004146_visual_splice,8c04f68e0470763d,1.0,visual_splice,1,1,0.8109984090260021,0.7805854821105619
family_b_004158_genuine,02abb2e917445292,1.0,genuine,0,0,0.7115804808167554,0.44086005774319986
family_b_004159_text_qr_mismatch,02abb2e917445292,1.0,text_qr_mismatch,1,1,0.9972517698763087,0.9994170610744109
family_b_004160_qr_only_mismatch,02abb2e917445292,1.0,qr_only_mismatch,1,1,0.9930070692294345,0.9991408060738884
family_b_004161_checksum_invalid,02abb2e917445292,1.0,checksum_invalid,1,1,0.9995358216399984,0.9997048941031192
family_b_004162_format_invalid,02abb2e917445292,1.0,format_invalid,1,1,0.999832490086148,0.9997355718826798
family_b_004163_field_missing,02abb2e917445292,1.0,field_missing,1,1,1.0,0.9990686207629164
family_b_004164_fine_grained_edit,02abb2e917445292,1.0,fine_grained_edit,1,1,0.9218731571991536,0.9267112357757661
family_b_004165_coordinated_full_forgery,02abb2e917445292,1.0,coordinated_full_forgery,1,1,0.8802069460488776,0.9376662658089997
family_b_004166_visual_splice,02abb2e917445292,1.0,visual_splice,1,1,0.7547462922368361,0.7068019328016147
family_b_004167_visual_splice,02abb2e917445292,1.0,visual_splice,1,1,0.8241297173604473,0.9083319511507368
family_b_004168_visual_splice,02abb2e917445292,1.0,visual_splice,1,1,0.8851251223097067,0.9385241159404131
family_b_004169_genuine,5801088e5f9aa05a,1.0,genuine,0,0,0.6882723280835182,0.6561693852659299
family_b_004170_text_qr_mismatch,5801088e5f9aa05a,1.0,text_qr_mismatch,1,1,0.9944457457954949,0.9976092465971389
family_b_004171_qr_only_mismatch,5801088e5f9aa05a,1.0,qr_only_mismatch,1,1,0.9937706403781292,0.9994065185159847
family_b_004172_checksum_invalid,5801088e5f9aa05a,1.0,checksum_invalid,1,1,0.9996709567751335,0.9997326801933183
family_b_004173_format_invalid,5801088e5f9aa05a,1.0,format_invalid,1,1,0.995,0.9996184973586825
family_b_004174_field_missing,5801088e5f9aa05a,1.0,field_missing,1,1,0.9915081384045831,0.9994014033536185
family_b_004175_fine_grained_edit,5801088e5f9aa05a,1.0,fine_grained_edit,1,1,0.9822498408882049,0.9955951294585004
family_b_004176_coordinated_full_forgery,5801088e5f9aa05a,1.0,coordinated_full_forgery,1,1,0.7778021819565235,0.7470710922230219
family_b_004177_visual_splice,5801088e5f9aa05a,1.0,visual_splice,1,1,0.8406397398541183,0.8536222403937446
family_b_004178_visual_splice,5801088e5f9aa05a,1.0,visual_splice,1,1,0.8340182346831508,0.9147893950775989
family_b_004179_visual_splice,5801088e5f9aa05a,1.0,visual_splice,1,1,0.8418728404556555,0.9912992812184683
family_b_004180_genuine,9ae58cb061f01df7,1.0,genuine,0,0,0.6603712195584922,0.6744989220969915
family_b_004181_text_qr_mismatch,9ae58cb061f01df7,1.0,text_qr_mismatch,1,1,0.9961264636567759,0.9997712611229651
family_b_004182_qr_only_mismatch,9ae58cb061f01df7,1.0,qr_only_mismatch,1,1,0.99645566309768,0.9890768268718466
family_b_004183_checksum_invalid,9ae58cb061f01df7,1.0,checksum_invalid,1,1,0.9933333333333333,0.9997735232706605
family_b_004184_format_invalid,9ae58cb061f01df7,1.0,format_invalid,1,1,1.0,0.9997699322046756
family_b_004185_field_missing,9ae58cb061f01df7,1.0,field_missing,1,1,1.0,0.9994283583158015
family_b_004186_fine_grained_edit,9ae58cb061f01df7,1.0,fine_grained_edit,1,1,0.9981354063635007,0.9994865113652645
family_b_004187_coordinated_full_forgery,9ae58cb061f01df7,1.0,coordinated_full_forgery,1,1,0.8135664037251991,0.8398265458651031
family_b_004188_visual_splice,9ae58cb061f01df7,1.0,visual_splice,1,1,0.821513802783642,0.8700933805747932
family_b_004189_visual_splice,9ae58cb061f01df7,1.0,visual_splice,1,1,0.8228567123338333,0.8710433337991619
family_b_004190_visual_splice,9ae58cb061f01df7,1.0,visual_splice,1,1,0.7755720590173287,0.7754162162586021
family_b_004224_genuine,94b489f47f0e8cae,1.0,genuine,0,0,0.7024226795730487,0.5304882089491879
family_b_004225_text_qr_mismatch,94b489f47f0e8cae,1.0,text_qr_mismatch,1,1,0.996779830581911,0.999219540404468
family_b_004226_qr_only_mismatch,94b489f47f0e8cae,1.0,qr_only_mismatch,1,1,0.9870074729974231,0.9992589189174494
family_b_004227_checksum_invalid,94b489f47f0e8cae,1.0,checksum_invalid,1,1,1.0,0.9996752535294211
family_b_004228_format_invalid,94b489f47f0e8cae,1.0,format_invalid,1,1,0.9999295774647888,0.9995987944974624
family_b_004229_field_missing,94b489f47f0e8cae,1.0,field_missing,1,1,0.9814595133207469,0.9954434544350002
family_b_004230_fine_grained_edit,94b489f47f0e8cae,1.0,fine_grained_edit,1,1,0.9734525894532,0.9785433345941984
family_b_004231_coordinated_full_forgery,94b489f47f0e8cae,1.0,coordinated_full_forgery,1,1,0.7394934769227529,0.6572072935316849
family_b_004232_visual_splice,94b489f47f0e8cae,1.0,visual_splice,1,1,0.8550826929613409,0.9221148455058108
family_b_004233_visual_splice,94b489f47f0e8cae,1.0,visual_splice,1,1,0.8613844023365974,0.9399503474862957
family_b_004234_visual_splice,94b489f47f0e8cae,1.0,visual_splice,1,1,0.8014140364299988,0.9549273315005424
family_b_004246_genuine,57637aea496becb8,1.0,genuine,0,0,0.6645252308621753,0.4171571821214013
family_b_004247_text_qr_mismatch,57637aea496becb8,1.0,text_qr_mismatch,1,1,0.9944278531703199,0.9996255012967777
family_b_004248_qr_only_mismatch,57637aea496becb8,1.0,qr_only_mismatch,1,1,0.9943445207059899,0.9994177827790108
family_b_004249_checksum_invalid,57637aea496becb8,1.0,checksum_invalid,1,1,1.0,0.9998336986146581
family_b_004250_format_invalid,57637aea496becb8,1.0,format_invalid,1,1,1.0,0.9997240743837585
family_b_004251_field_missing,57637aea496becb8,1.0,field_missing,1,1,1.0,0.9995202035621041
family_b_004252_fine_grained_edit,57637aea496becb8,1.0,fine_grained_edit,1,1,0.997906440281331,0.9993151654508717
family_b_004253_coordinated_full_forgery,57637aea496becb8,1.0,coordinated_full_forgery,1,1,0.7984744872270455,0.8584239662384385
family_b_004254_visual_splice,57637aea496becb8,1.0,visual_splice,1,1,0.8119764821906442,0.8460019231005719
family_b_004255_visual_splice,57637aea496becb8,1.0,visual_splice,1,1,0.8050940541805605,0.869330618548197
family_b_004256_visual_splice,57637aea496becb8,1.0,visual_splice,1,1,0.810611008379523,0.8769991846458306
family_b_004257_genuine,661f2808dffffce1,1.0,genuine,0,0,0.7258327248452483,0.4022687607587959
family_b_004258_text_qr_mismatch,661f2808dffffce1,1.0,text_qr_mismatch,1,1,0.9982798931195725,0.9993196807854468
family_b_004259_qr_only_mismatch,661f2808dffffce1,1.0,qr_only_mismatch,1,1,0.997044640075745,0.9979141475500791
family_b_004260_checksum_invalid,661f2808dffffce1,1.0,checksum_invalid,1,1,1.0,0.99979489305633
family_b_004261_format_invalid,661f2808dffffce1,1.0,format_invalid,1,1,1.0,0.9995999516242561
family_b_004262_field_missing,661f2808dffffce1,1.0,field_missing,1,1,0.9648876404494383,0.9861917127317875
family_b_004263_fine_grained_edit,661f2808dffffce1,1.0,fine_grained_edit,1,1,0.9928471071531726,0.9993483349253702
family_b_004264_coordinated_full_forgery,661f2808dffffce1,1.0,coordinated_full_forgery,1,1,0.8252205504432553,0.9223626809305852
family_b_004265_visual_splice,661f2808dffffce1,1.0,visual_splice,1,1,0.8265920819669523,0.8836265325956548
family_b_004266_visual_splice,661f2808dffffce1,1.0,visual_splice,1,1,0.7676661620215992,0.7228479279919229
family_b_004267_visual_splice,661f2808dffffce1,1.0,visual_splice,1,1,0.8897875714432864,0.9534669843187769
family_b_004268_genuine,dfc67982e62b314d,1.0,genuine,0,0,0.6181597572530887,0.30247947639564765
family_b_004269_text_qr_mismatch,dfc67982e62b314d,1.0,text_qr_mismatch,1,1,0.997924882629108,0.999718795884721
family_b_004270_qr_only_mismatch,dfc67982e62b314d,1.0,qr_only_mismatch,1,1,0.9954337717496952,0.999249499677525
family_b_004271_checksum_invalid,dfc67982e62b314d,1.0,checksum_invalid,1,1,0.9989938217122684,0.9997637866675365
family_b_004272_format_invalid,dfc67982e62b314d,1.0,format_invalid,1,1,1.0,0.9998033881232481
family_b_004273_field_missing,dfc67982e62b314d,1.0,field_missing,1,1,0.9999029126213592,0.9995182668961666
family_b_004274_fine_grained_edit,dfc67982e62b314d,1.0,fine_grained_edit,1,1,0.9975633383010432,0.9996669570622517
family_b_004275_coordinated_full_forgery,dfc67982e62b314d,1.0,coordinated_full_forgery,1,1,0.8350055075127077,0.8937616864294169
family_b_004276_visual_splice,dfc67982e62b314d,1.0,visual_splice,1,1,0.752516425985092,0.7088870886969142
family_b_004277_visual_splice,dfc67982e62b314d,1.0,visual_splice,1,1,0.7699171156587805,0.8099221358455426
family_b_004278_visual_splice,dfc67982e62b314d,1.0,visual_splice,1,1,0.8560351781497362,0.9335953340079289
family_b_004290_genuine,9ac23f4ecbf4bb4e,1.0,genuine,0,0,0.6314876285765872,0.30799869273566644
family_b_004291_text_qr_mismatch,9ac23f4ecbf4bb4e,1.0,text_qr_mismatch,1,1,0.9981936135811955,0.9995465445774204
family_b_004292_qr_only_mismatch,9ac23f4ecbf4bb4e,1.0,qr_only_mismatch,1,1,0.9849884853760672,0.9996273751439033
family_b_004293_checksum_invalid,9ac23f4ecbf4bb4e,1.0,checksum_invalid,1,1,0.9861795774647887,0.9995011799647243
family_b_004294_format_invalid,9ac23f4ecbf4bb4e,1.0,format_invalid,1,1,1.0,0.9997631596650426
family_b_004295_field_missing,9ac23f4ecbf4bb4e,1.0,field_missing,1,1,1.0,0.999651771321954
family_b_004296_fine_grained_edit,9ac23f4ecbf4bb4e,1.0,fine_grained_edit,1,1,0.9965580455052064,0.9990070597121059
family_b_004297_coordinated_full_forgery,9ac23f4ecbf4bb4e,1.0,coordinated_full_forgery,1,1,0.7794605772443063,0.7391268671476174
family_b_004298_visual_splice,9ac23f4ecbf4bb4e,1.0,visual_splice,1,1,0.9964834707895363,0.9994471997376104
family_b_004299_visual_splice,9ac23f4ecbf4bb4e,1.0,visual_splice,1,1,0.7852555189889153,0.8075878417476389
family_b_004300_visual_splice,9ac23f4ecbf4bb4e,1.0,visual_splice,1,1,0.8468861056163847,0.7788241748135961
family_b_004312_genuine,4d944a41b3fbd7ce,1.0,genuine,0,0,0.7686973231896456,0.7434322970086499
family_b_004313_text_qr_mismatch,4d944a41b3fbd7ce,1.0,text_qr_mismatch,1,1,0.9955113273718333,0.9992561036734637
family_b_004314_qr_only_mismatch,4d944a41b3fbd7ce,1.0,qr_only_mismatch,1,1,0.9887196540047674,0.9980598181295687
family_b_004315_checksum_invalid,4d944a41b3fbd7ce,1.0,checksum_invalid,1,1,0.9870833333333334,0.999734444430558
family_b_004316_format_invalid,4d944a41b3fbd7ce,1.0,format_invalid,1,1,1.0,0.9995940591737273
family_b_004317_field_missing,4d944a41b3fbd7ce,1.0,field_missing,1,1,0.9948414717379166,0.999107882243805
family_b_004318_fine_grained_edit,4d944a41b3fbd7ce,1.0,fine_grained_edit,1,1,0.976580712640287,0.9983092813796877
family_b_004319_coordinated_full_forgery,4d944a41b3fbd7ce,1.0,coordinated_full_forgery,1,1,0.7773811966942356,0.7688100772376222
family_b_004320_visual_splice,4d944a41b3fbd7ce,1.0,visual_splice,1,1,0.851128716197049,0.8359221047789528
family_b_004321_visual_splice,4d944a41b3fbd7ce,1.0,visual_splice,1,1,0.8155844362370946,0.8950062386473585
family_b_004322_visual_splice,4d944a41b3fbd7ce,1.0,visual_splice,1,1,0.8099525994604388,0.7967349877834086
family_b_004323_genuine,01d2098e0f10ad6c,1.0,genuine,0,0,0.6839169402063537,0.5870916525750133
family_b_004324_text_qr_mismatch,01d2098e0f10ad6c,1.0,text_qr_mismatch,1,1,0.997044640075745,0.9990435175876892
family_b_004325_qr_only_mismatch,01d2098e0f10ad6c,1.0,qr_only_mismatch,1,1,0.9933624389611656,0.9978041854353211
family_b_004326_checksum_invalid,01d2098e0f10ad6c,1.0,checksum_invalid,1,1,0.9999295774647888,0.9997593682321881
family_b_004327_format_invalid,01d2098e0f10ad6c,1.0,format_invalid,1,1,1.0,0.9996370482205906
family_b_004328_field_missing,01d2098e0f10ad6c,1.0,field_missing,1,1,0.9839126984126983,0.9957928219100544
family_b_004329_fine_grained_edit,01d2098e0f10ad6c,1.0,fine_grained_edit,1,1,0.997044640075745,0.9994284623156988
family_b_004330_coordinated_full_forgery,01d2098e0f10ad6c,1.0,coordinated_full_forgery,1,1,0.7994631369710669,0.8389443288277378
family_b_004331_visual_splice,01d2098e0f10ad6c,1.0,visual_splice,1,1,0.9970557165925499,0.9995731005983771
family_b_004332_visual_splice,01d2098e0f10ad6c,1.0,visual_splice,1,1,0.7986817152101814,0.8658584252364535
family_b_004333_visual_splice,01d2098e0f10ad6c,1.0,visual_splice,1,1,0.7852278322703306,0.8313556662671865
family_b_004345_genuine,79f25f99079b22a0,1.0,genuine,0,0,0.6780460682098393,0.7553492518678622
family_b_004346_text_qr_mismatch,79f25f99079b22a0,1.0,text_qr_mismatch,1,1,0.9254658669957149,0.9279036286472353
family_b_004347_qr_only_mismatch,79f25f99079b22a0,1.0,qr_only_mismatch,1,1,0.9930070692294345,0.999466688203904
family_b_004348_checksum_invalid,79f25f99079b22a0,1.0,checksum_invalid,1,1,1.0,0.999277111048596
family_b_004349_format_invalid,79f25f99079b22a0,1.0,format_invalid,1,1,0.9711781242094578,0.9760678908992406
family_b_004350_field_missing,79f25f99079b22a0,1.0,field_missing,1,1,0.9953948317765557,0.9831744287609088
family_b_004351_fine_grained_edit,79f25f99079b22a0,1.0,fine_grained_edit,1,1,0.977109213135766,0.9983661774196215
family_b_004352_coordinated_full_forgery,79f25f99079b22a0,1.0,coordinated_full_forgery,1,1,0.8289164868217469,0.8794430846333071
family_b_004353_visual_splice,79f25f99079b22a0,1.0,visual_splice,1,1,0.9581762817018218,0.9362229318812764
family_b_004354_visual_splice,79f25f99079b22a0,1.0,visual_splice,1,1,0.8379700387389061,0.9305634435011726
family_b_004355_visual_splice,79f25f99079b22a0,1.0,visual_splice,1,1,0.9011459350689439,0.8848096809270184
family_b_004356_genuine,454978b809d58961,1.0,genuine,0,0,0.6080799801020581,0.2785599136879673
family_b_004357_text_qr_mismatch,454978b809d58961,1.0,text_qr_mismatch,1,1,0.9965650372858434,0.999437387266505
family_b_004358_qr_only_mismatch,454978b809d58961,1.0,qr_only_mismatch,1,1,0.9992090094877559,0.9993572828732816
family_b_004359_checksum_invalid,454978b809d58961,1.0,checksum_invalid,1,1,1.0,0.9995237600354981
family_b_004360_format_invalid,454978b809d58961,1.0,format_invalid,1,1,1.0,0.9997160586801824
family_b_004361_field_missing,454978b809d58961,1.0,field_missing,1,1,0.9765962441314555,0.9965679436353755
family_b_004362_fine_grained_edit,454978b809d58961,1.0,fine_grained_edit,1,1,0.994420742462343,0.9991126715124587
family_b_004363_coordinated_full_forgery,454978b809d58961,1.0,coordinated_full_forgery,1,1,0.8889864985150479,0.9574341765248311
family_b_004364_visual_splice,454978b809d58961,1.0,visual_splice,1,1,0.99,0.9996492527691858
family_b_004365_visual_splice,454978b809d58961,1.0,visual_splice,1,1,0.8354195656141704,0.8670272029511575
family_b_004366_visual_splice,454978b809d58961,1.0,visual_splice,1,1,0.8998793361697416,0.9657585484107102
family_b_004367_genuine,5b29764234395a60,1.0,genuine,0,0,0.7217779165989472,0.61816623990681
family_b_004368_text_qr_mismatch,5b29764234395a60,1.0,text_qr_mismatch,1,1,0.9985863267670915,0.999000613663721
family_b_004369_qr_only_mismatch,5b29764234395a60,1.0,qr_only_mismatch,1,1,0.9982798931195725,0.9994111585738686
family_b_004370_checksum_invalid,5b29764234395a60,1.0,checksum_invalid,1,1,1.0,0.9991235890197626
family_b_004371_format_invalid,5b29764234395a60,1.0,format_invalid,1,1,1.0,0.9996952860504958
family_b_004372_field_missing,5b29764234395a60,1.0,field_missing,1,1,1.0,0.9989788741646904
family_b_004373_fine_grained_edit,5b29764234395a60,1.0,fine_grained_edit,1,1,0.9937706403781292,0.9992634931344443
family_b_004374_coordinated_full_forgery,5b29764234395a60,1.0,coordinated_full_forgery,1,1,0.7669675127785242,0.891750581374635
family_b_004375_visual_splice,5b29764234395a60,1.0,visual_splice,1,1,0.7250610690044943,0.7001842090846242
family_b_004376_visual_splice,5b29764234395a60,1.0,visual_splice,1,1,0.8228841854020787,0.9104208893378442
family_b_004377_visual_splice,5b29764234395a60,1.0,visual_splice,1,1,0.8863985816620602,0.95215338483555
family_b_004378_genuine,7a13483bf5d61f14,1.0,genuine,0,0,0.7185544522028124,0.663425132778784
family_b_004379_text_qr_mismatch,7a13483bf5d61f14,1.0,text_qr_mismatch,1,1,0.9981731422125572,0.9998087096819642
family_b_004380_qr_only_mismatch,7a13483bf5d61f14,1.0,qr_only_mismatch,1,1,0.9883206588689843,0.9988138514834682
family_b_004381_checksum_invalid,7a13483bf5d61f14,1.0,checksum_invalid,1,1,1.0,0.9997351779044413
family_b_004382_format_invalid,7a13483bf5d61f14,1.0,format_invalid,1,1,1.0,0.9996680480365282
family_b_004383_field_missing,7a13483bf5d61f14,1.0,field_missing,1,1,0.9999118942731278,0.9987908839339248
family_b_004384_fine_grained_edit,7a13483bf5d61f14,1.0,fine_grained_edit,1,1,0.997714161526401,0.9995672188137105
family_b_004385_coordinated_full_forgery,7a13483bf5d61f14,1.0,coordinated_full_forgery,1,1,0.9531098213806517,0.9195576415002586
family_b_004386_visual_splice,7a13483bf5d61f14,1.0,visual_splice,1,1,0.9999295774647888,0.9994672639467315
family_b_004387_visual_splice,7a13483bf5d61f14,1.0,visual_splice,1,1,0.7645293964885872,0.6876552548751421
family_b_004388_visual_splice,7a13483bf5d61f14,1.0,visual_splice,1,1,0.8978702654147974,0.9429787021393268
family_b_004389_genuine,3fd3a70ef4959788,1.0,genuine,0,0,0.6526198066443719,0.42413377468133906
family_b_004390_text_qr_mismatch,3fd3a70ef4959788,1.0,text_qr_mismatch,1,1,0.995315892245927,0.999025826307102
family_b_004391_qr_only_mismatch,3fd3a70ef4959788,1.0,qr_only_mismatch,1,1,0.9938762976963323,0.999040969888837
family_b_004392_checksum_invalid,3fd3a70ef4959788,1.0,checksum_invalid,1,1,1.0,0.999614594053887
family_b_004393_format_invalid,3fd3a70ef4959788,1.0,format_invalid,1,1,1.0,0.9994535103471303
family_b_004394_field_missing,3fd3a70ef4959788,1.0,field_missing,1,1,0.9934739857763958,0.9991138662515111
family_b_004395_fine_grained_edit,3fd3a70ef4959788,1.0,fine_grained_edit,1,1,0.9905214876033058,0.9993845724945182
family_b_004396_coordinated_full_forgery,3fd3a70ef4959788,1.0,coordinated_full_forgery,1,1,0.8425601014107075,0.9473308180007065
family_b_004397_visual_splice,3fd3a70ef4959788,1.0,visual_splice,1,1,0.809180260341069,0.8821927824151474
family_b_004398_visual_splice,3fd3a70ef4959788,1.0,visual_splice,1,1,0.7916089059017645,0.7902066869392872
family_b_004399_visual_splice,3fd3a70ef4959788,1.0,visual_splice,1,1,0.9960078143703973,0.9993099023509013
family_b_004400_genuine,2e8ed0483892f517,1.0,genuine,0,0,0.684243075490157,0.3972059693327072
family_b_004401_text_qr_mismatch,2e8ed0483892f517,1.0,text_qr_mismatch,1,1,0.9920706588689844,0.9996396802636316
family_b_004402_qr_only_mismatch,2e8ed0483892f517,1.0,qr_only_mismatch,1,1,0.9883977296470315,0.9991888092345323
family_b_004403_checksum_invalid,2e8ed0483892f517,1.0,checksum_invalid,1,1,1.0,0.9992662023773774
family_b_004404_format_invalid,2e8ed0483892f517,1.0,format_invalid,1,1,1.0,0.9997120754782848
family_b_004405_field_missing,2e8ed0483892f517,1.0,field_missing,1,1,1.0,0.9980268379774495
family_b_004406_fine_grained_edit,2e8ed0483892f517,1.0,fine_grained_edit,1,1,0.9941615079654962,0.999321855155027
family_b_004407_coordinated_full_forgery,2e8ed0483892f517,1.0,coordinated_full_forgery,1,1,0.8044196300028561,0.7655638350419642
family_b_004408_visual_splice,2e8ed0483892f517,1.0,visual_splice,1,1,0.8431704489975563,0.9094136321061199
family_b_004409_visual_splice,2e8ed0483892f517,1.0,visual_splice,1,1,0.8693006316595745,0.9605942901412198
family_b_004410_visual_splice,2e8ed0483892f517,1.0,visual_splice,1,1,0.8046995253124076,0.7980429760518105
family_b_004411_genuine,fbcc59f5116a776b,1.0,genuine,0,0,0.7340315795964543,0.5037854794098652
family_b_004412_text_qr_mismatch,fbcc59f5116a776b,1.0,text_qr_mismatch,1,1,0.9937706403781292,0.9994219551966382
family_b_004413_qr_only_mismatch,fbcc59f5116a776b,1.0,qr_only_mismatch,1,1,0.994892746703701,0.9985962355868637
family_b_004414_checksum_invalid,fbcc59f5116a776b,1.0,checksum_invalid,1,1,0.9933333333333334,0.9997608906641035
family_b_004415_format_invalid,fbcc59f5116a776b,1.0,format_invalid,1,1,1.0,0.9995010877331525
family_b_004416_field_missing,fbcc59f5116a776b,1.0,field_missing,1,1,1.0,0.9996676420186293
family_b_004417_fine_grained_edit,fbcc59f5116a776b,1.0,fine_grained_edit,1,1,0.9947864938462078,0.9992906984395543
family_b_004418_coordinated_full_forgery,fbcc59f5116a776b,1.0,coordinated_full_forgery,1,1,0.8227884769613272,0.8955523352877374
family_b_004419_visual_splice,fbcc59f5116a776b,1.0,visual_splice,1,1,0.9937706403781292,0.9990939200867823
family_b_004420_visual_splice,fbcc59f5116a776b,1.0,visual_splice,1,1,0.8351109394565281,0.8343883734810789
family_b_004421_visual_splice,fbcc59f5116a776b,1.0,visual_splice,1,1,0.8717929667987282,0.9569495082095134
family_b_004422_genuine,13f43765638fb1e8,1.0,genuine,0,0,0.7507144667319856,0.761083315301464
family_b_004423_text_qr_mismatch,13f43765638fb1e8,1.0,text_qr_mismatch,1,1,0.9941143232243302,0.9993557852638363
family_b_004424_qr_only_mismatch,13f43765638fb1e8,1.0,qr_only_mismatch,1,1,0.9943534540576793,0.9996096718483484
family_b_004425_checksum_invalid,13f43765638fb1e8,1.0,checksum_invalid,1,1,0.995,0.9996894278638724
family_b_004426_format_invalid,13f43765638fb1e8,1.0,format_invalid,1,1,1.0,0.9996891344971377
family_b_004427_field_missing,13f43765638fb1e8,1.0,field_missing,1,1,0.9997222222222223,0.9994539872220454
family_b_004428_fine_grained_edit,13f43765638fb1e8,1.0,fine_grained_edit,1,1,0.9965127025761512,0.999369689712605
family_b_004429_coordinated_full_forgery,13f43765638fb1e8,1.0,coordinated_full_forgery,1,1,0.9322998453649565,0.9151119990559485
family_b_004430_visual_splice,13f43765638fb1e8,1.0,visual_splice,1,1,0.8665876825214603,0.9877548545738852
family_b_004431_visual_splice,13f43765638fb1e8,1.0,visual_splice,1,1,0.8027033358661027,0.8415158390821753
family_b_004432_visual_splice,13f43765638fb1e8,1.0,visual_splice,1,1,0.8633175584692115,0.9114137919868254
family_b_004433_genuine,699cf1098fad224f,1.0,genuine,0,0,0.7063059678573633,0.7194123192941246
family_b_004434_text_qr_mismatch,699cf1098fad224f,1.0,text_qr_mismatch,1,1,0.9929418762269896,0.9989784832835883
family_b_004435_qr_only_mismatch,699cf1098fad224f,1.0,qr_only_mismatch,1,1,0.9953154526616553,0.9997118196373341
family_b_004436_checksum_invalid,699cf1098fad224f,1.0,checksum_invalid,1,1,0.9999295774647888,0.9995913653591136
family_b_004437_format_invalid,699cf1098fad224f,1.0,format_invalid,1,1,0.9999029126213592,0.9996994357464446
family_b_004438_field_missing,699cf1098fad224f,1.0,field_missing,1,1,0.991,0.9990934905073791
family_b_004439_fine_grained_edit,699cf1098fad224f,1.0,fine_grained_edit,1,1,0.9960591446807194,0.9995723285146033
family_b_004440_coordinated_full_forgery,699cf1098fad224f,1.0,coordinated_full_forgery,1,1,0.8239795468361544,0.8782455611056841
family_b_004441_visual_splice,699cf1098fad224f,1.0,visual_splice,1,1,0.8479027345328584,0.8324819395197028
family_b_004442_visual_splice,699cf1098fad224f,1.0,visual_splice,1,1,0.9904628784038125,0.9997112187084529
family_b_004443_visual_splice,699cf1098fad224f,1.0,visual_splice,1,1,0.8515890442287507,0.9308097964648729
family_b_004455_genuine,cf736b80325bf74a,1.0,genuine,0,0,0.6969849556067342,0.638358707891043
family_b_004456_text_qr_mismatch,cf736b80325bf74a,1.0,text_qr_mismatch,1,1,0.9914307762324587,0.9995555451255262
family_b_004457_qr_only_mismatch,cf736b80325bf74a,1.0,qr_only_mismatch,1,1,0.9846300892947366,0.998905592446811
family_b_004458_checksum_invalid,cf736b80325bf74a,1.0,checksum_invalid,1,1,1.0,0.9997519483624788
family_b_004459_format_invalid,cf736b80325bf74a,1.0,format_invalid,1,1,1.0,0.9997851165707353
family_b_004460_field_missing,cf736b80325bf74a,1.0,field_missing,1,1,0.9832452276064612,0.991370066609081
family_b_004461_fine_grained_edit,cf736b80325bf74a,1.0,fine_grained_edit,1,1,0.9903458120356639,0.9995195832554519
family_b_004462_coordinated_full_forgery,cf736b80325bf74a,1.0,coordinated_full_forgery,1,1,0.7880502268543376,0.7691166418281485
family_b_004463_visual_splice,cf736b80325bf74a,1.0,visual_splice,1,1,0.7823665483160596,0.8051891644573702
family_b_004464_visual_splice,cf736b80325bf74a,1.0,visual_splice,1,1,0.9802142541551336,0.9990727518488478
family_b_004465_visual_splice,cf736b80325bf74a,1.0,visual_splice,1,1,0.8456269866751452,0.9345166496666593
family_b_004477_genuine,75981be2a32ff7b4,1.0,genuine,0,0,0.7225937424732036,0.44351691272939114
family_b_004478_text_qr_mismatch,75981be2a32ff7b4,1.0,text_qr_mismatch,1,1,0.994304910368359,0.9994678072791638
family_b_004479_qr_only_mismatch,75981be2a32ff7b4,1.0,qr_only_mismatch,1,1,0.9928578959545179,0.9989438657108607
family_b_004480_checksum_invalid,75981be2a32ff7b4,1.0,checksum_invalid,1,1,1.0,0.9997294576277004
family_b_004481_format_invalid,75981be2a32ff7b4,1.0,format_invalid,1,1,1.0,0.9997814357182417
family_b_004482_field_missing,75981be2a32ff7b4,1.0,field_missing,1,1,0.9919444444444444,0.999377954405264
family_b_004483_fine_grained_edit,75981be2a32ff7b4,1.0,fine_grained_edit,1,1,0.9944278531703199,0.9994607970652779
family_b_004484_coordinated_full_forgery,75981be2a32ff7b4,1.0,coordinated_full_forgery,1,1,0.7847620218735707,0.7733387880850107
family_b_004485_visual_splice,75981be2a32ff7b4,1.0,visual_splice,1,1,0.8208576216495704,0.8850772463270178
family_b_004486_visual_splice,75981be2a32ff7b4,1.0,visual_splice,1,1,0.8486805868692848,0.8808226011152595
family_b_004487_visual_splice,75981be2a32ff7b4,1.0,visual_splice,1,1,0.986420742462343,0.9993850036142654
family_b_004499_genuine,661bcfb37398da52,1.0,genuine,0,0,0.7402044906319226,0.7067062308970472
family_b_004500_text_qr_mismatch,661bcfb37398da52,1.0,text_qr_mismatch,1,1,0.9936735529994886,0.9992267412552621
family_b_004501_qr_only_mismatch,661bcfb37398da52,1.0,qr_only_mismatch,1,1,0.9930070692294345,0.9993217417528074
family_b_004502_checksum_invalid,661bcfb37398da52,1.0,checksum_invalid,1,1,0.9933333333333333,0.9995316194591365
family_b_004503_format_invalid,661bcfb37398da52,1.0,format_invalid,1,1,1.0,0.9997339259188204
family_b_004504_field_missing,661bcfb37398da52,1.0,field_missing,1,1,0.9949118942731278,0.9993055314338231
family_b_004505_fine_grained_edit,661bcfb37398da52,1.0,fine_grained_edit,1,1,0.9960214088316627,0.9996094234110702
family_b_004506_coordinated_full_forgery,661bcfb37398da52,1.0,coordinated_full_forgery,1,1,0.7845183068066318,0.8253151872184413
family_b_004507_visual_splice,661bcfb37398da52,1.0,visual_splice,1,1,0.9999029126213592,0.9994441687906788
family_b_004508_visual_splice,661bcfb37398da52,1.0,visual_splice,1,1,0.9948562392199429,0.998688636996167
family_b_004509_visual_splice,661bcfb37398da52,1.0,visual_splice,1,1,0.7774086054944485,0.8277741726154186
family_b_004510_genuine,bc05ec8d6c7b7a4e,1.0,genuine,0,0,0.7607139268748614,0.5221175757553578
family_b_004511_text_qr_mismatch,bc05ec8d6c7b7a4e,1.0,text_qr_mismatch,1,1,0.9936735529994886,0.9994529958443836
family_b_004512_qr_only_mismatch,bc05ec8d6c7b7a4e,1.0,qr_only_mismatch,1,1,0.9974475555739899,0.9995380693236825
family_b_004513_checksum_invalid,bc05ec8d6c7b7a4e,1.0,checksum_invalid,1,1,0.9999029126213592,0.9992745257355446
family_b_004514_format_invalid,bc05ec8d6c7b7a4e,1.0,format_invalid,1,1,0.9999295774647888,0.9994791394406698
family_b_004515_field_missing,bc05ec8d6c7b7a4e,1.0,field_missing,1,1,0.9434175377468059,0.9860927273938961
family_b_004516_fine_grained_edit,bc05ec8d6c7b7a4e,1.0,fine_grained_edit,1,1,0.9852768021697068,0.9986860037098766
family_b_004517_coordinated_full_forgery,bc05ec8d6c7b7a4e,1.0,coordinated_full_forgery,1,1,0.7878163489543794,0.6427459845875161
family_b_004518_visual_splice,bc05ec8d6c7b7a4e,1.0,visual_splice,1,1,0.8098916796109505,0.7553139712439846
family_b_004519_visual_splice,bc05ec8d6c7b7a4e,1.0,visual_splice,1,1,0.8171708540612802,0.89870082486137
family_b_004520_visual_splice,bc05ec8d6c7b7a4e,1.0,visual_splice,1,1,0.8535226169749818,0.9390741629444995
family_b_004521_genuine,89636f01a11dca22,1.0,genuine,0,0,0.5854943868557289,0.4215967403430255
family_b_004522_text_qr_mismatch,89636f01a11dca22,1.0,text_qr_mismatch,1,1,0.9926070692294344,0.9995315546155693
family_b_004523_qr_only_mismatch,89636f01a11dca22,1.0,qr_only_mismatch,1,1,0.9859404025627677,0.9993783092904516
family_b_004524_checksum_invalid,89636f01a11dca22,1.0,checksum_invalid,1,1,0.9999295774647888,0.9997445851062876
family_b_004525_format_invalid,89636f01a11dca22,1.0,format_invalid,1,1,0.9999295774647888,0.9997166308231407
family_b_004526_field_missing,89636f01a11dca22,1.0,field_missing,1,1,0.992,0.9993507689750759
family_b_004527_fine_grained_edit,89636f01a11dca22,1.0,fine_grained_edit,1,1,0.9926070692294344,0.9995526192238773
family_b_004528_coordinated_full_forgery,89636f01a11dca22,1.0,coordinated_full_forgery,1,1,0.8608900689565155,0.9394521694763242
family_b_004529_visual_splice,89636f01a11dca22,1.0,visual_splice,1,1,0.9882629107981221,0.9996091422204091
family_b_004530_visual_splice,89636f01a11dca22,1.0,visual_splice,1,1,0.7976528870556185,0.8472190546696107
family_b_004531_visual_splice,89636f01a11dca22,1.0,visual_splice,1,1,0.997044640075745,0.9992823517201752
family_b_004532_genuine,d6ce534f27781b79,1.0,genuine,0,0,0.7694195615406781,0.5742563381098723
family_b_004533_text_qr_mismatch,d6ce534f27781b79,1.0,text_qr_mismatch,1,1,0.9916395791790334,0.9964202536391676
family_b_004534_qr_only_mismatch,d6ce534f27781b79,1.0,qr_only_mismatch,1,1,0.9907066974124957,0.9988501089414892
family_b_004535_checksum_invalid,d6ce534f27781b79,1.0,checksum_invalid,1,1,0.9982423853465622,0.999452126328787
family_b_004536_format_invalid,d6ce534f27781b79,1.0,format_invalid,1,1,0.998,0.9996701472916455
family_b_004537_field_missing,d6ce534f27781b79,1.0,field_missing,1,1,0.9999118942731278,0.9993629702150281
family_b_004538_fine_grained_edit,d6ce534f27781b79,1.0,fine_grained_edit,1,1,0.9829982210402193,0.998390536592159
family_b_004539_coordinated_full_forgery,d6ce534f27781b79,1.0,coordinated_full_forgery,1,1,0.791318031895398,0.8898255425702188
family_b_004540_visual_splice,d6ce534f27781b79,1.0,visual_splice,1,1,0.8196653255718487,0.773334453656859
family_b_004541_visual_splice,d6ce534f27781b79,1.0,visual_splice,1,1,0.8397398617735938,0.796918159281178
family_b_004542_visual_splice,d6ce534f27781b79,1.0,visual_splice,1,1,0.8436726010503404,0.9229831394562464
family_b_004543_genuine,f5a84c000b90215d,1.0,genuine,0,0,0.6827513607649816,0.652997695142168
family_b_004544_text_qr_mismatch,f5a84c000b90215d,1.0,text_qr_mismatch,1,1,0.9950065163881989,0.9993288245222043
family_b_004545_qr_only_mismatch,f5a84c000b90215d,1.0,qr_only_mismatch,1,1,0.9978671204564483,0.9995971936913383
family_b_004546_checksum_invalid,f5a84c000b90215d,1.0,checksum_invalid,1,1,0.9935483870967743,0.9997526759404295
family_b_004547_format_invalid,f5a84c000b90215d,1.0,format_invalid,1,1,0.9998105298457411,0.9997635271464368
family_b_004548_field_missing,f5a84c000b90215d,1.0,field_missing,1,1,0.9994690265486725,0.999309530129359
family_b_004549_fine_grained_edit,f5a84c000b90215d,1.0,fine_grained_edit,1,1,0.9955695992268432,0.9991700476372894
family_b_004550_coordinated_full_forgery,f5a84c000b90215d,1.0,coordinated_full_forgery,1,1,0.9078463538933904,0.8538415050282722
family_b_004551_visual_splice,f5a84c000b90215d,1.0,visual_splice,1,1,0.8403633341104357,0.8370528472116011
family_b_004552_visual_splice,f5a84c000b90215d,1.0,visual_splice,1,1,0.808423271008878,0.8137367657724429
family_b_004553_visual_splice,f5a84c000b90215d,1.0,visual_splice,1,1,0.827134742562334,0.8213244017942413
family_b_004554_genuine,cdc578633442132a,1.0,genuine,0,0,0.6894434197819099,0.5796155253183851
family_b_004555_text_qr_mismatch,cdc578633442132a,1.0,text_qr_mismatch,1,1,0.9824315712968574,0.9972195352565718
family_b_004556_qr_only_mismatch,cdc578633442132a,1.0,qr_only_mismatch,1,1,0.996122313659995,0.9993793357714504
family_b_004557_checksum_invalid,cdc578633442132a,1.0,checksum_invalid,1,1,0.9999029126213592,0.9996621125810702
family_b_004558_format_invalid,cdc578633442132a,1.0,format_invalid,1,1,1.0,0.999643131334698
family_b_004559_field_missing,cdc578633442132a,1.0,field_missing,1,1,0.9950216048240148,0.9990548250269963
family_b_004560_fine_grained_edit,cdc578633442132a,1.0,fine_grained_edit,1,1,0.9911927361952064,0.9991260395519631
family_b_004561_coordinated_full_forgery,cdc578633442132a,1.0,coordinated_full_forgery,1,1,0.7606828199755704,0.7539956138622657
family_b_004562_visual_splice,cdc578633442132a,1.0,visual_splice,1,1,0.7634222301864122,0.8338208967135601
family_b_004563_visual_splice,cdc578633442132a,1.0,visual_splice,1,1,0.9836735529994886,0.998663514808763
family_b_004564_visual_splice,cdc578633442132a,1.0,visual_splice,1,1,0.7342155359786919,0.7071360118574469
family_b_004576_genuine,2e610fe858454a2f,1.0,genuine,0,0,0.5488229312216619,0.36485601252647015
family_b_004577_text_qr_mismatch,2e610fe858454a2f,1.0,text_qr_mismatch,1,1,0.994420742462343,0.9992510221215769
family_b_004578_qr_only_mismatch,2e610fe858454a2f,1.0,qr_only_mismatch,1,1,0.7976347308186476,0.8007520177206451
family_b_004579_checksum_invalid,2e610fe858454a2f,1.0,checksum_invalid,1,1,1.0,0.9995660237796562
family_b_004580_format_invalid,2e610fe858454a2f,1.0,format_invalid,1,1,1.0,0.9996922170676769
family_b_004581_field_missing,2e610fe858454a2f,1.0,field_missing,1,1,0.977304347826087,0.9980052901756732
family_b_004582_fine_grained_edit,2e610fe858454a2f,1.0,fine_grained_edit,1,1,0.993682534651257,0.9993142019562514
family_b_004583_coordinated_full_forgery,2e610fe858454a2f,1.0,coordinated_full_forgery,1,1,0.639085297102412,0.4677512350105198
family_b_004584_visual_splice,2e610fe858454a2f,1.0,visual_splice,1,1,0.8060536434766664,0.7938067655582489
family_b_004585_visual_splice,2e610fe858454a2f,1.0,visual_splice,1,1,0.7927611799579316,0.762847559305711
family_b_004586_visual_splice,2e610fe858454a2f,1.0,visual_splice,1,1,0.8195701287932305,0.8892914000983849
family_b_004587_genuine,45114eeb50b95a33,1.0,genuine,0,0,0.7035608943951023,0.7133941432663287
family_b_004588_text_qr_mismatch,45114eeb50b95a33,1.0,text_qr_mismatch,1,1,0.9930070692294345,0.9993332965641308
family_b_004589_qr_only_mismatch,45114eeb50b95a33,1.0,qr_only_mismatch,1,1,0.9013766704483653,0.9640966849087319
family_b_004590_checksum_invalid,45114eeb50b95a33,1.0,checksum_invalid,1,1,1.0,0.9996197382990103
family_b_004591_format_invalid,45114eeb50b95a33,1.0,format_invalid,1,1,1.0,0.9996162936371911
family_b_004592_field_missing,45114eeb50b95a33,1.0,field_missing,1,1,1.0,0.9994619805766964
family_b_004593_fine_grained_edit,45114eeb50b95a33,1.0,fine_grained_edit,1,1,0.9936520071603432,0.9938191505645914
family_b_004594_coordinated_full_forgery,45114eeb50b95a33,1.0,coordinated_full_forgery,1,1,0.7868754910972257,0.8096071957399348
family_b_004595_visual_splice,45114eeb50b95a33,1.0,visual_splice,1,1,0.8095680299763367,0.8331152613126817
family_b_004596_visual_splice,45114eeb50b95a33,1.0,visual_splice,1,1,0.8853870622551014,0.9356784671888215
family_b_004597_visual_splice,45114eeb50b95a33,1.0,visual_splice,1,1,0.8272823961725968,0.8354591477408791
family_b_004598_genuine,3a15ea5fcc87278a,1.0,genuine,0,0,0.5192303237747476,0.23958850275672364
family_b_004599_text_qr_mismatch,3a15ea5fcc87278a,1.0,text_qr_mismatch,1,1,0.9969661299060343,0.9975440850198963
family_b_004600_qr_only_mismatch,3a15ea5fcc87278a,1.0,qr_only_mismatch,1,1,0.9841561908159048,0.999309053354465
family_b_004601_checksum_invalid,3a15ea5fcc87278a,1.0,checksum_invalid,1,1,1.0,0.9993456623764092
family_b_004602_format_invalid,3a15ea5fcc87278a,1.0,format_invalid,1,1,1.0,0.9995805988656045
family_b_004603_field_missing,3a15ea5fcc87278a,1.0,field_missing,1,1,0.9973414717379165,0.998675573638279
family_b_004604_fine_grained_edit,3a15ea5fcc87278a,1.0,fine_grained_edit,1,1,0.9924229692598423,0.995147240902166
family_b_004605_coordinated_full_forgery,3a15ea5fcc87278a,1.0,coordinated_full_forgery,1,1,0.7485897401679152,0.6040335945642543
family_b_004606_visual_splice,3a15ea5fcc87278a,1.0,visual_splice,1,1,0.829420711101279,0.8347321082813176
family_b_004607_visual_splice,3a15ea5fcc87278a,1.0,visual_splice,1,1,0.8387515043501489,0.9100886998207324
family_b_004608_visual_splice,3a15ea5fcc87278a,1.0,visual_splice,1,1,0.8745730346373309,0.9882713089540685
family_b_004609_genuine,03d51c46c1d7b29c,1.0,genuine,0,0,0.6437683734305857,0.5717334262198368
family_b_004610_text_qr_mismatch,03d51c46c1d7b29c,1.0,text_qr_mismatch,1,1,0.9614523064957262,0.9979610463051726
family_b_004611_qr_only_mismatch,03d51c46c1d7b29c,1.0,qr_only_mismatch,1,1,0.9982313494302523,0.9990192396219101
family_b_004612_checksum_invalid,03d51c46c1d7b29c,1.0,checksum_invalid,1,1,1.0,0.99981899155568
family_b_004613_format_invalid,03d51c46c1d7b29c,1.0,format_invalid,1,1,1.0,0.9995549459506543
family_b_004614_field_missing,03d51c46c1d7b29c,1.0,field_missing,1,1,1.0,0.9990830071402199
family_b_004615_fine_grained_edit,03d51c46c1d7b29c,1.0,fine_grained_edit,1,1,0.9927040389264041,0.9994166022329846
family_b_004616_coordinated_full_forgery,03d51c46c1d7b29c,1.0,coordinated_full_forgery,1,1,0.7320486720525531,0.5476261478817641
family_b_004617_visual_splice,03d51c46c1d7b29c,1.0,visual_splice,1,1,0.8374156747964362,0.8939583940160635
family_b_004618_visual_splice,03d51c46c1d7b29c,1.0,visual_splice,1,1,0.9966793500229055,0.9995983512740111
family_b_004619_visual_splice,03d51c46c1d7b29c,1.0,visual_splice,1,1,0.807430618012682,0.8523486076823465
family_b_004620_genuine,a7953c0b8009e1a3,1.0,genuine,0,0,0.7105185238158263,0.5862422574959715
family_b_004621_text_qr_mismatch,a7953c0b8009e1a3,1.0,text_qr_mismatch,1,1,0.9957615079654961,0.9993100132795513
family_b_004622_qr_only_mismatch,a7953c0b8009e1a3,1.0,qr_only_mismatch,1,1,0.9851155746134996,0.9992964777575906
family_b_004623_checksum_invalid,a7953c0b8009e1a3,1.0,checksum_invalid,1,1,1.0,0.9996110837255135
family_b_004624_format_invalid,a7953c0b8009e1a3,1.0,format_invalid,1,1,0.9257448716837733,0.9789598499933141
family_b_004625_field_missing,a7953c0b8009e1a3,1.0,field_missing,1,1,1.0,0.9993626966119674
family_b_004626_fine_grained_edit,a7953c0b8009e1a3,1.0,fine_grained_edit,1,1,0.8101236068898235,0.8667246162112866
family_b_004627_coordinated_full_forgery,a7953c0b8009e1a3,1.0,coordinated_full_forgery,1,1,0.7564364505445103,0.8407522005929415
family_b_004628_visual_splice,a7953c0b8009e1a3,1.0,visual_splice,1,1,0.8126568887913899,0.9031091698747827
family_b_004629_visual_splice,a7953c0b8009e1a3,1.0,visual_splice,1,1,0.8007105894832166,0.8421259617958557
family_b_004630_visual_splice,a7953c0b8009e1a3,1.0,visual_splice,1,1,0.8973036435170725,0.9678492761557485
family_b_004642_genuine,48dc8916147bf508,1.0,genuine,0,0,0.7779674933924409,0.5493711340917128
family_b_004643_text_qr_mismatch,48dc8916147bf508,1.0,text_qr_mismatch,1,1,0.9960236123179874,0.9996124270126382
family_b_004644_qr_only_mismatch,48dc8916147bf508,1.0,qr_only_mismatch,1,1,0.9976915154412273,0.9986668181513682
family_b_004645_checksum_invalid,48dc8916147bf508,1.0,checksum_invalid,1,1,0.996111111111111,0.9996318225356915
family_b_004646_format_invalid,48dc8916147bf508,1.0,format_invalid,1,1,0.9999295774647888,0.9997592291328262
family_b_004647_field_missing,48dc8916147bf508,1.0,field_missing,1,1,0.9936597361949474,0.9982364482118937
family_b_004648_fine_grained_edit,48dc8916147bf508,1.0,fine_grained_edit,1,1,0.9934235805157066,0.9981899774460946
family_b_004649_coordinated_full_forgery,48dc8916147bf508,1.0,coordinated_full_forgery,1,1,0.793770704777514,0.8562364629529238
family_b_004650_visual_splice,48dc8916147bf508,1.0,visual_splice,1,1,0.7838475922223097,0.7890578889214372
family_b_004651_visual_splice,48dc8916147bf508,1.0,visual_splice,1,1,0.802558440591395,0.8214477152247576
family_b_004652_visual_splice,48dc8916147bf508,1.0,visual_splice,1,1,0.8521292343182105,0.8730155462149842
family_b_004653_genuine,4947c6043a5ef0a9,1.0,genuine,0,0,0.5812372304271043,0.25567080502367484
family_b_004654_text_qr_mismatch,4947c6043a5ef0a9,1.0,text_qr_mismatch,1,1,0.9978009903443159,0.9992431031380358
family_b_004655_qr_only_mismatch,4947c6043a5ef0a9,1.0,qr_only_mismatch,1,1,0.9855904340175617,0.9996120957408096
family_b_004656_checksum_invalid,4947c6043a5ef0a9,1.0,checksum_invalid,1,1,0.9932629107981221,0.9996853204336847
family_b_004657_format_invalid,4947c6043a5ef0a9,1.0,format_invalid,1,1,0.9999295774647888,0.9996682644304268
family_b_004658_field_missing,4947c6043a5ef0a9,1.0,field_missing,1,1,0.9999118942731278,0.9995210832004344
family_b_004659_fine_grained_edit,4947c6043a5ef0a9,1.0,fine_grained_edit,1,1,0.9934005679214057,0.9994264800559737
family_b_004660_coordinated_full_forgery,4947c6043a5ef0a9,1.0,coordinated_full_forgery,1,1,0.8156132124662754,0.7821837681232852
family_b_004661_visual_splice,4947c6043a5ef0a9,1.0,visual_splice,1,1,0.7526113266174288,0.8583234008276653
family_b_004662_visual_splice,4947c6043a5ef0a9,1.0,visual_splice,1,1,0.8280186696620973,0.8559350628712207
family_b_004663_visual_splice,4947c6043a5ef0a9,1.0,visual_splice,1,1,0.8285240175272244,0.8831977250964039
family_b_004664_genuine,7e6f761a284f249d,1.0,genuine,0,0,0.47543564898343305,0.28481274640404824
family_b_004665_text_qr_mismatch,7e6f761a284f249d,1.0,text_qr_mismatch,1,1,0.9008333333333333,0.979784439005404
family_b_004666_qr_only_mismatch,7e6f761a284f249d,1.0,qr_only_mismatch,1,1,0.9885691486084458,0.9992140416002847
family_b_004667_checksum_invalid,7e6f761a284f249d,1.0,checksum_invalid,1,1,0.9314276001160701,0.9724508000633562
family_b_004668_format_invalid,7e6f761a284f249d,1.0,format_invalid,1,1,0.9329037905922607,0.9910339124624385
family_b_004669_field_missing,7e6f761a284f249d,1.0,field_missing,1,1,0.910280027127558,0.9403591570574155
family_b_004670_fine_grained_edit,7e6f761a284f249d,1.0,fine_grained_edit,1,1,0.9923040389264041,0.9994635481108609
family_b_004671_coordinated_full_forgery,7e6f761a284f249d,1.0,coordinated_full_forgery,1,1,0.8257629650015662,0.827549734984637
family_b_004672_visual_splice,7e6f761a284f249d,1.0,visual_splice,1,1,0.9999029126213592,0.9991801712875067
family_b_004673_visual_splice,7e6f761a284f249d,1.0,visual_splice,1,1,0.8322450980392158,0.9899792009690562
family_b_004674_visual_splice,7e6f761a284f249d,1.0,visual_splice,1,1,0.983866464196343,0.9994888503308847
family_b_004675_genuine,250a0e03e963a80b,1.0,genuine,0,0,0.7157696058045133,0.6032708229924986
family_b_004676_text_qr_mismatch,250a0e03e963a80b,1.0,text_qr_mismatch,1,1,0.9933503590688051,0.9989353460475707
family_b_004677_qr_only_mismatch,250a0e03e963a80b,1.0,qr_only_mismatch,1,1,0.9981354063635007,0.9995110557121735
family_b_004678_checksum_invalid,250a0e03e963a80b,1.0,checksum_invalid,1,1,0.9531254378422109,0.9795575053027908
family_b_004679_format_invalid,250a0e03e963a80b,1.0,format_invalid,1,1,0.9371210102172318,0.9844013953221308
family_b_004680_field_missing,250a0e03e963a80b,1.0,field_missing,1,1,0.9873333333333334,0.9995728947440082
family_b_004681_fine_grained_edit,250a0e03e963a80b,1.0,fine_grained_edit,1,1,0.9945096121366306,0.9991148958467936
family_b_004682_coordinated_full_forgery,250a0e03e963a80b,1.0,coordinated_full_forgery,1,1,0.8451788790929704,0.897444348264425
family_b_004683_visual_splice,250a0e03e963a80b,1.0,visual_splice,1,1,0.9210189419423119,0.903015865970435
family_b_004684_visual_splice,250a0e03e963a80b,1.0,visual_splice,1,1,0.8373404388269411,0.9271266279336081
family_b_004685_visual_splice,250a0e03e963a80b,1.0,visual_splice,1,1,0.8479742847592118,0.8596864552220053
family_b_004686_genuine,5cfe777fdad8b374,1.0,genuine,0,0,0.7730262660457465,0.6695327700415228
family_b_004687_text_qr_mismatch,5cfe777fdad8b374,1.0,text_qr_mismatch,1,1,0.9960002307601741,0.9994439029785163
family_b_004688_qr_only_mismatch,5cfe777fdad8b374,1.0,qr_only_mismatch,1,1,0.9958990727979876,0.999246257402115
family_b_004689_checksum_invalid,5cfe777fdad8b374,1.0,checksum_invalid,1,1,1.0,0.9997782385245796
family_b_004690_format_invalid,5cfe777fdad8b374,1.0,format_invalid,1,1,0.995,0.999746745202299
family_b_004691_field_missing,5cfe777fdad8b374,1.0,field_missing,1,1,0.9999118942731278,0.9995234353236593
family_b_004692_fine_grained_edit,5cfe777fdad8b374,1.0,fine_grained_edit,1,1,0.9914497413340303,0.995520814460734
family_b_004693_coordinated_full_forgery,5cfe777fdad8b374,1.0,coordinated_full_forgery,1,1,0.8119822683277362,0.8370497048421998
family_b_004694_visual_splice,5cfe777fdad8b374,1.0,visual_splice,1,1,0.804341424340938,0.8036814519594351
family_b_004695_visual_splice,5cfe777fdad8b374,1.0,visual_splice,1,1,0.7694477077642943,0.890397772759357
family_b_004696_visual_splice,5cfe777fdad8b374,1.0,visual_splice,1,1,0.8327279245170877,0.8592204412822416
family_b_004697_genuine,549db7c8f5364803,1.0,genuine,0,0,0.7251417716700204,0.5132202441905533
family_b_004698_text_qr_mismatch,549db7c8f5364803,1.0,text_qr_mismatch,1,1,0.9937706403781292,0.9988977258662074
family_b_004699_qr_only_mismatch,549db7c8f5364803,1.0,qr_only_mismatch,1,1,0.9943177462476249,0.9988721818763076
family_b_004700_checksum_invalid,549db7c8f5364803,1.0,checksum_invalid,1,1,0.9974029126213593,0.9998609780975423
family_b_004701_format_invalid,549db7c8f5364803,1.0,format_invalid,1,1,0.9999029126213592,0.9997176095176805
family_b_004702_field_missing,549db7c8f5364803,1.0,field_missing,1,1,0.9756257854634066,0.9993618533480044
family_b_004703_fine_grained_edit,549db7c8f5364803,1.0,fine_grained_edit,1,1,0.9936735529994886,0.9991172236529382
family_b_004704_coordinated_full_forgery,549db7c8f5364803,1.0,coordinated_full_forgery,1,1,0.8343220906492363,0.8230690453853867
family_b_004705_visual_splice,549db7c8f5364803,1.0,visual_splice,1,1,0.7776413174675789,0.7783586134624018
family_b_004706_visual_splice,549db7c8f5364803,1.0,visual_splice,1,1,0.8462977756027483,0.8398985391526688
family_b_004707_visual_splice,549db7c8f5364803,1.0,visual_splice,1,1,0.819003337761987,0.7800094306227006
family_b_004708_genuine,0b945060b5794197,1.0,genuine,0,0,0.5882445064121683,0.7839844889492477
family_b_004709_text_qr_mismatch,0b945060b5794197,1.0,text_qr_mismatch,1,1,0.9369875206430663,0.9300949221533369
family_b_004710_qr_only_mismatch,0b945060b5794197,1.0,qr_only_mismatch,1,1,0.9973221924115201,0.9996461166292719
family_b_004711_checksum_invalid,0b945060b5794197,1.0,checksum_invalid,1,1,1.0,0.9996227119694474
family_b_004712_format_invalid,0b945060b5794197,1.0,format_invalid,1,1,0.9609985367590604,0.9879999795306722
family_b_004713_field_missing,0b945060b5794197,1.0,field_missing,1,1,1.0,0.9996033645304154
family_b_004714_fine_grained_edit,0b945060b5794197,1.0,fine_grained_edit,1,1,0.9846737358961012,0.9995241176403651
family_b_004715_coordinated_full_forgery,0b945060b5794197,1.0,coordinated_full_forgery,1,1,0.823230932681801,0.8878304235221081
family_b_004716_visual_splice,0b945060b5794197,1.0,visual_splice,1,1,0.9258743541536978,0.9740495462124762
family_b_004717_visual_splice,0b945060b5794197,1.0,visual_splice,1,1,0.7771623132864393,0.7434662397640509
family_b_004718_visual_splice,0b945060b5794197,1.0,visual_splice,1,1,0.7564845566486896,0.6737732955556129
family_b_004741_genuine,0a51fd09a7d0eed0,1.0,genuine,0,0,0.7803161269956449,0.5267962001969725
family_b_004742_text_qr_mismatch,0a51fd09a7d0eed0,1.0,text_qr_mismatch,1,1,0.9963845151872526,0.99907113952191
family_b_004743_qr_only_mismatch,0a51fd09a7d0eed0,1.0,qr_only_mismatch,1,1,0.9929366466942231,0.9995173662612388
family_b_004744_checksum_invalid,0a51fd09a7d0eed0,1.0,checksum_invalid,1,1,0.9999295774647888,0.999728117052179
family_b_004745_format_invalid,0a51fd09a7d0eed0,1.0,format_invalid,1,1,1.0,0.999624768145373
family_b_004746_field_missing,0a51fd09a7d0eed0,1.0,field_missing,1,1,0.9827456694188118,0.9952000306758509
family_b_004747_fine_grained_edit,0a51fd09a7d0eed0,1.0,fine_grained_edit,1,1,0.990239181791679,0.9849934874470742
family_b_004748_coordinated_full_forgery,0a51fd09a7d0eed0,1.0,coordinated_full_forgery,1,1,0.7809614133339808,0.8273370387394972
family_b_004749_visual_splice,0a51fd09a7d0eed0,1.0,visual_splice,1,1,0.8100287537660518,0.8659874849579803
family_b_004750_visual_splice,0a51fd09a7d0eed0,1.0,visual_splice,1,1,0.9937706403781292,0.9992820832356649
family_b_004751_visual_splice,0a51fd09a7d0eed0,1.0,visual_splice,1,1,0.986327719206529,0.9934376436025929
family_b_004752_genuine,8a70f1eefd2662c2,1.0,genuine,0,0,0.5917247556569636,0.6199257557910107
family_b_004753_text_qr_mismatch,8a70f1eefd2662c2,1.0,text_qr_mismatch,1,1,0.9870934524416064,0.9994781600188845
family_b_004754_qr_only_mismatch,8a70f1eefd2662c2,1.0,qr_only_mismatch,1,1,0.9851385409693942,0.9951869227424125
family_b_004755_checksum_invalid,8a70f1eefd2662c2,1.0,checksum_invalid,1,1,1.0,0.9997055641381578
family_b_004756_format_invalid,8a70f1eefd2662c2,1.0,format_invalid,1,1,0.99,0.9994249835967058
family_b_004757_field_missing,8a70f1eefd2662c2,1.0,field_missing,1,1,0.9888699186991868,0.9919345709040984
family_b_004758_fine_grained_edit,8a70f1eefd2662c2,1.0,fine_grained_edit,1,1,0.9937706403781292,0.999344589014144
family_b_004759_coordinated_full_forgery,8a70f1eefd2662c2,1.0,coordinated_full_forgery,1,1,0.8354464643522762,0.8388730723414372
family_b_004760_visual_splice,8a70f1eefd2662c2,1.0,visual_splice,1,1,0.9937706403781292,0.9991091400387463
family_b_004761_visual_splice,8a70f1eefd2662c2,1.0,visual_splice,1,1,0.8742588385517496,0.922548410926366
family_b_004762_visual_splice,8a70f1eefd2662c2,1.0,visual_splice,1,1,0.7855741472938143,0.821801842090347
family_b_004763_genuine,0418ce80f189cf00,1.0,genuine,0,0,0.7331190994990687,0.5247581354183423
family_b_004764_text_qr_mismatch,0418ce80f189cf00,1.0,text_qr_mismatch,1,1,0.9960851230151578,0.9995738821877964
family_b_004765_qr_only_mismatch,0418ce80f189cf00,1.0,qr_only_mismatch,1,1,0.9920126833562388,0.9994373940128227
family_b_004766_checksum_invalid,0418ce80f189cf00,1.0,checksum_invalid,1,1,1.0,0.9998628765068277
family_b_004767_format_invalid,0418ce80f189cf00,1.0,format_invalid,1,1,1.0,0.9997544042944505
family_b_004768_field_missing,0418ce80f189cf00,1.0,field_missing,1,1,0.9884739857763958,0.9991764009599753
family_b_004769_fine_grained_edit,0418ce80f189cf00,1.0,fine_grained_edit,1,1,0.9972633908861899,0.9996405351436385
family_b_004770_coordinated_full_forgery,0418ce80f189cf00,1.0,coordinated_full_forgery,1,1,0.8186610610704694,0.9162456196310474
family_b_004771_visual_splice,0418ce80f189cf00,1.0,visual_splice,1,1,0.7234347429490245,0.6778361892625696
family_b_004772_visual_splice,0418ce80f189cf00,1.0,visual_splice,1,1,0.7448643652931719,0.7394304874061526
family_b_004773_visual_splice,0418ce80f189cf00,1.0,visual_splice,1,1,0.7946707654303377,0.7509158353562438
family_b_004796_genuine,f7d942add611a660,1.0,genuine,0,0,0.5902838409303738,0.4623868687809532
family_b_004797_text_qr_mismatch,f7d942add611a660,1.0,text_qr_mismatch,1,1,0.9951833586839691,0.9991722766834351
family_b_004798_qr_only_mismatch,f7d942add611a660,1.0,qr_only_mismatch,1,1,0.9907615079654961,0.9989768738663304
family_b_004799_checksum_invalid,f7d942add611a660,1.0,checksum_invalid,1,1,0.9999295774647888,0.9994742022722646
family_b_004800_format_invalid,f7d942add611a660,1.0,format_invalid,1,1,1.0,0.9997125063802809
family_b_004801_field_missing,f7d942add611a660,1.0,field_missing,1,1,1.0,0.9992853475082073
family_b_004802_fine_grained_edit,f7d942add611a660,1.0,fine_grained_edit,1,1,0.9501408777528526,0.9945531298856718
family_b_004803_coordinated_full_forgery,f7d942add611a660,1.0,coordinated_full_forgery,1,1,0.8268776342395691,0.867369338157212
family_b_004804_visual_splice,f7d942add611a660,1.0,visual_splice,1,1,0.8310021432635288,0.8460775681760613
family_b_004805_visual_splice,f7d942add611a660,1.0,visual_splice,1,1,0.831110261357111,0.9020490691366916
family_b_004806_visual_splice,f7d942add611a660,1.0,visual_splice,1,1,0.9970539406741841,0.9998163099752102
family_b_004807_genuine,64c4b6750c353df9,1.0,genuine,0,0,0.726302085995728,0.6148378630314254
family_b_004808_text_qr_mismatch,64c4b6750c353df9,1.0,text_qr_mismatch,1,1,0.9957615079654961,0.9995759121807771
family_b_004809_qr_only_mismatch,64c4b6750c353df9,1.0,qr_only_mismatch,1,1,0.9930070692294345,0.9989770015340057
family_b_004810_checksum_invalid,64c4b6750c353df9,1.0,checksum_invalid,1,1,1.0,0.9997362750002985
family_b_004811_format_invalid,64c4b6750c353df9,1.0,format_invalid,1,1,1.0,0.9996845056213313
family_b_004812_field_missing,64c4b6750c353df9,1.0,field_missing,1,1,1.0,0.9987275621151637
family_b_004813_fine_grained_edit,64c4b6750c353df9,1.0,fine_grained_edit,1,1,0.994959243142478,0.9994474654028059
family_b_004814_coordinated_full_forgery,64c4b6750c353df9,1.0,coordinated_full_forgery,1,1,0.796420142776579,0.8327308934931152
family_b_004815_visual_splice,64c4b6750c353df9,1.0,visual_splice,1,1,0.7853339989092674,0.7564096029605069
family_b_004816_visual_splice,64c4b6750c353df9,1.0,visual_splice,1,1,0.8193431346313984,0.77397149413963
family_b_004817_visual_splice,64c4b6750c353df9,1.0,visual_splice,1,1,0.994959243142478,0.9993980550130822
family_b_004840_genuine,1b4e136b943ef843,1.0,genuine,0,0,0.7163006159629802,0.7357658282235665
family_b_004841_text_qr_mismatch,1b4e136b943ef843,1.0,text_qr_mismatch,1,1,0.995072251097557,0.9982179938716446
family_b_004842_qr_only_mismatch,1b4e136b943ef843,1.0,qr_only_mismatch,1,1,0.9729322612996376,0.9950618762456446
family_b_004843_checksum_invalid,1b4e136b943ef843,1.0,checksum_invalid,1,1,0.9965,0.9992799076436497
family_b_004844_format_invalid,1b4e136b943ef843,1.0,format_invalid,1,1,1.0,0.9997749921109126
family_b_004845_field_missing,1b4e136b943ef843,1.0,field_missing,1,1,0.9960475874884671,0.9968797751910539
family_b_004846_fine_grained_edit,1b4e136b943ef843,1.0,fine_grained_edit,1,1,0.9825404744464455,0.9995747008716064
family_b_004847_coordinated_full_forgery,1b4e136b943ef843,1.0,coordinated_full_forgery,1,1,0.8147348119719549,0.8160329637633104
family_b_004848_visual_splice,1b4e136b943ef843,1.0,visual_splice,1,1,0.790211474478435,0.7357658282235665
family_b_004849_visual_splice,1b4e136b943ef843,1.0,visual_splice,1,1,0.7957880420610237,0.8752357088745186
family_b_004850_visual_splice,1b4e136b943ef843,1.0,visual_splice,1,1,0.7938395195248883,0.8407956370546659
family_b_004851_genuine,a5e01af274faa2a9,1.0,genuine,0,0,0.6962772327033087,0.44022413224831414
family_b_004852_text_qr_mismatch,a5e01af274faa2a9,1.0,text_qr_mismatch,1,1,0.9545465650803986,0.9993227276113759
family_b_004853_qr_only_mismatch,a5e01af274faa2a9,1.0,qr_only_mismatch,1,1,0.9942622142002594,0.9994295278788765
family_b_004854_checksum_invalid,a5e01af274faa2a9,1.0,checksum_invalid,1,1,0.9999295774647888,0.99949208143511
family_b_004855_format_invalid,a5e01af274faa2a9,1.0,format_invalid,1,1,1.0,0.9997108599899276
family_b_004856_field_missing,a5e01af274faa2a9,1.0,field_missing,1,1,0.9948414717379166,0.9995013273080328
family_b_004857_fine_grained_edit,a5e01af274faa2a9,1.0,fine_grained_edit,1,1,0.94221676650194,0.9979374177845245
family_b_004858_coordinated_full_forgery,a5e01af274faa2a9,1.0,coordinated_full_forgery,1,1,0.8279253847648897,0.8343371523227182
family_b_004859_visual_splice,a5e01af274faa2a9,1.0,visual_splice,1,1,0.8003750716326823,0.8625231840641432
family_b_004860_visual_splice,a5e01af274faa2a9,1.0,visual_splice,1,1,0.8141558885125272,0.8668931798964773
family_b_004861_visual_splice,a5e01af274faa2a9,1.0,visual_splice,1,1,0.8057709553268864,0.8554254657029641
family_b_004862_genuine,7553757be990171b,1.0,genuine,0,0,0.7457620129920552,0.7131954672238777
family_b_004863_text_qr_mismatch,7553757be990171b,1.0,text_qr_mismatch,1,1,0.9957345682338408,0.9993887968205504
family_b_004864_qr_only_mismatch,7553757be990171b,1.0,qr_only_mismatch,1,1,0.9977991824046046,0.9994597523656148
family_b_004865_checksum_invalid,7553757be990171b,1.0,checksum_invalid,1,1,1.0,0.9996160821757377
family_b_004866_format_invalid,7553757be990171b,1.0,format_invalid,1,1,1.0,0.9995175894630848
family_b_004867_field_missing,7553757be990171b,1.0,field_missing,1,1,0.9615,0.9991331696456026
family_b_004868_fine_grained_edit,7553757be990171b,1.0,fine_grained_edit,1,1,0.9871967580974065,0.9994871134370348
family_b_004869_coordinated_full_forgery,7553757be990171b,1.0,coordinated_full_forgery,1,1,0.8396584803256837,0.9052587137945636
family_b_004870_visual_splice,7553757be990171b,1.0,visual_splice,1,1,0.9880070692294345,0.9993842439220304
family_b_004871_visual_splice,7553757be990171b,1.0,visual_splice,1,1,0.8034362760521675,0.8512466617928359
family_b_004872_visual_splice,7553757be990171b,1.0,visual_splice,1,1,0.8278523615913016,0.8156007480161083
family_b_004873_genuine,8ea1783b18254c61,1.0,genuine,0,0,0.6665457494993516,0.3105119535896082
family_b_004874_text_qr_mismatch,8ea1783b18254c61,1.0,text_qr_mismatch,1,1,0.99222663244912,0.9994621568594144
family_b_004875_qr_only_mismatch,8ea1783b18254c61,1.0,qr_only_mismatch,1,1,0.9972206012348696,0.9996214913003598
family_b_004876_checksum_invalid,8ea1783b18254c61,1.0,checksum_invalid,1,1,1.0,0.996448505662402
family_b_004877_format_invalid,8ea1783b18254c61,1.0,format_invalid,1,1,1.0,0.9996643103508978
family_b_004878_field_missing,8ea1783b18254c61,1.0,field_missing,1,1,1.0,0.9994758307248404
family_b_004879_fine_grained_edit,8ea1783b18254c61,1.0,fine_grained_edit,1,1,0.9972529934337583,0.9993416385110139
family_b_004880_coordinated_full_forgery,8ea1783b18254c61,1.0,coordinated_full_forgery,1,1,0.8387208226305922,0.9137986390935942
family_b_004881_visual_splice,8ea1783b18254c61,1.0,visual_splice,1,1,0.8450894076048527,0.8532390638740552
family_b_004882_visual_splice,8ea1783b18254c61,1.0,visual_splice,1,1,0.8258387925763006,0.8393326613270308
family_b_004883_visual_splice,8ea1783b18254c61,1.0,visual_splice,1,1,0.8854823508490377,0.9485911765519951
family_b_004895_genuine,e5851d30ea88bea1,1.0,genuine,0,0,0.7155041388359394,0.4808983811768927
family_b_004896_text_qr_mismatch,e5851d30ea88bea1,1.0,text_qr_mismatch,1,1,0.9955113273718333,0.9991934574011032
family_b_004897_qr_only_mismatch,e5851d30ea88bea1,1.0,qr_only_mismatch,1,1,0.9739519250189568,0.9950565923618556
family_b_004898_checksum_invalid,e5851d30ea88bea1,1.0,checksum_invalid,1,1,0.9999295774647888,0.9995900480588645
family_b_004899_format_invalid,e5851d30ea88bea1,1.0,format_invalid,1,1,1.0,0.9996359983564653
family_b_004900_field_missing,e5851d30ea88bea1,1.0,field_missing,1,1,0.9884484796389813,0.998132876727545
family_b_004901_fine_grained_edit,e5851d30ea88bea1,1.0,fine_grained_edit,1,1,0.9962414502447787,0.9995820835887249
family_b_004902_coordinated_full_forgery,e5851d30ea88bea1,1.0,coordinated_full_forgery,1,1,0.9343596965626001,0.8820280011200581
family_b_004903_visual_splice,e5851d30ea88bea1,1.0,visual_splice,1,1,0.778147075520118,0.7560875998653273
family_b_004904_visual_splice,e5851d30ea88bea1,1.0,visual_splice,1,1,0.8183148474745277,0.9004199727992783
family_b_004905_visual_splice,e5851d30ea88bea1,1.0,visual_splice,1,1,0.8612595681102814,0.9719921168239233
family_b_004928_genuine,2fcebd57c4076056,1.0,genuine,0,0,0.7481972385867048,0.5653853014489366
family_b_004929_text_qr_mismatch,2fcebd57c4076056,1.0,text_qr_mismatch,1,1,0.9903103591756451,0.9975024441975574
family_b_004930_qr_only_mismatch,2fcebd57c4076056,1.0,qr_only_mismatch,1,1,0.9979307332606122,0.9993781790661374
family_b_004931_checksum_invalid,2fcebd57c4076056,1.0,checksum_invalid,1,1,1.0,0.9997056692027464
family_b_004932_format_invalid,2fcebd57c4076056,1.0,format_invalid,1,1,0.9999295774647888,0.9997187152618666
family_b_004933_field_missing,2fcebd57c4076056,1.0,field_missing,1,1,1.0,0.9995341406877029
family_b_004934_fine_grained_edit,2fcebd57c4076056,1.0,fine_grained_edit,1,1,0.9894278531703199,0.9986649443229494
family_b_004935_coordinated_full_forgery,2fcebd57c4076056,1.0,coordinated_full_forgery,1,1,0.8057840775570416,0.808949621428303
family_b_004936_visual_splice,2fcebd57c4076056,1.0,visual_splice,1,1,0.7901975016748355,0.9225159191813007
family_b_004937_visual_splice,2fcebd57c4076056,1.0,visual_splice,1,1,0.8682278641060424,0.8627547153405368
family_b_004938_visual_splice,2fcebd57c4076056,1.0,visual_splice,1,1,0.9970539406741841,0.999604337603834
family_b_004939_genuine,3d07f75792045e64,1.0,genuine,0,0,0.690410300752373,0.4041626560953776
family_b_004940_text_qr_mismatch,3d07f75792045e64,1.0,text_qr_mismatch,1,1,0.987140700729138,0.9980370940095238
family_b_004941_qr_only_mismatch,3d07f75792045e64,1.0,qr_only_mismatch,1,1,0.9871039737114627,0.9995502970489882
family_b_004942_checksum_invalid,3d07f75792045e64,1.0,checksum_invalid,1,1,0.9885483870967743,0.998608548706667
family_b_004943_format_invalid,3d07f75792045e64,1.0,format_invalid,1,1,0.9883333333333333,0.9993472616007175
family_b_004944_field_missing,3d07f75792045e64,1.0,field_missing,1,1,0.9959908970252728,0.9984948825975246
family_b_004945_fine_grained_edit,3d07f75792045e64,1.0,fine_grained_edit,1,1,0.9956602802478622,0.9997618962893162
family_b_004946_coordinated_full_forgery,3d07f75792045e64,1.0,coordinated_full_forgery,1,1,0.940396253891549,0.8731564654998829
family_b_004947_visual_splice,3d07f75792045e64,1.0,visual_splice,1,1,0.8124699245476633,0.8819920266320317
family_b_004948_visual_splice,3d07f75792045e64,1.0,visual_splice,1,1,0.7577120290638405,0.7524341971965405
family_b_004949_visual_splice,3d07f75792045e64,1.0,visual_splice,1,1,0.8303874084234285,0.8670218303340703
family_b_004972_genuine,696d5faa60add1c5,1.0,genuine,0,0,0.7805687152294608,0.7309460166583794
family_b_004973_text_qr_mismatch,696d5faa60add1c5,1.0,text_qr_mismatch,1,1,0.9746289744306569,0.9989047873969249
family_b_004974_qr_only_mismatch,696d5faa60add1c5,1.0,qr_only_mismatch,1,1,0.9927040389264041,0.9994691108314046
family_b_004975_checksum_invalid,696d5faa60add1c5,1.0,checksum_invalid,1,1,0.99,0.9993859000642791
family_b_004976_format_invalid,696d5faa60add1c5,1.0,format_invalid,1,1,0.9984743411927879,0.9996588758676214
family_b_004977_field_missing,696d5faa60add1c5,1.0,field_missing,1,1,1.0,0.9945268350556297
family_b_004978_fine_grained_edit,696d5faa60add1c5,1.0,fine_grained_edit,1,1,0.9949999263042012,0.9995405932778932
family_b_004979_coordinated_full_forgery,696d5faa60add1c5,1.0,coordinated_full_forgery,1,1,0.8438391466152149,0.7726000253292605
family_b_004980_visual_splice,696d5faa60add1c5,1.0,visual_splice,1,1,0.7913799774550837,0.7898903026844895
family_b_004981_visual_splice,696d5faa60add1c5,1.0,visual_splice,1,1,0.9936666666666667,0.9994527489918489
family_b_004982_visual_splice,696d5faa60add1c5,1.0,visual_splice,1,1,0.9999029126213592,0.9993950297617752
family_b_004983_genuine,467fb9effccd8780,1.0,genuine,0,0,0.5967953562832505,0.36598808450487696
family_b_004984_text_qr_mismatch,467fb9effccd8780,1.0,text_qr_mismatch,1,1,0.9966551520427339,0.999596337220971
family_b_004985_qr_only_mismatch,467fb9effccd8780,1.0,qr_only_mismatch,1,1,0.9650210645235346,0.9991872116562005
family_b_004986_checksum_invalid,467fb9effccd8780,1.0,checksum_invalid,1,1,1.0,0.9997893550663405
family_b_004987_format_invalid,467fb9effccd8780,1.0,format_invalid,1,1,1.0,0.9997731571050436
family_b_004988_field_missing,467fb9effccd8780,1.0,field_missing,1,1,1.0,0.9994357219748474
family_b_004989_fine_grained_edit,467fb9effccd8780,1.0,fine_grained_edit,1,1,0.9979768628165422,0.9991494400174703
family_b_004990_coordinated_full_forgery,467fb9effccd8780,1.0,coordinated_full_forgery,1,1,0.8824130542299655,0.941225743845537
family_b_004991_visual_splice,467fb9effccd8780,1.0,visual_splice,1,1,0.7805939092981068,0.8192425762986618
family_b_004992_visual_splice,467fb9effccd8780,1.0,visual_splice,1,1,0.8752981003345975,0.9263993422426636
family_b_004993_visual_splice,467fb9effccd8780,1.0,visual_splice,1,1,0.8580851314284205,0.9261131038852387
family_b_004994_genuine,36b78132cbec8e69,1.0,genuine,0,0,0.6758516922427183,0.52505752328914
family_b_004995_text_qr_mismatch,36b78132cbec8e69,1.0,text_qr_mismatch,1,1,0.9973221664627999,0.9994226087259588
family_b_004996_qr_only_mismatch,36b78132cbec8e69,1.0,qr_only_mismatch,1,1,0.9755447724857177,0.99471179625003
family_b_004997_checksum_invalid,36b78132cbec8e69,1.0,checksum_invalid,1,1,0.99875,0.9997160415674342
family_b_004998_format_invalid,36b78132cbec8e69,1.0,format_invalid,1,1,1.0,0.9996921605570271
family_b_004999_field_missing,36b78132cbec8e69,1.0,field_missing,1,1,0.9819118942731276,0.9993437523201166
family_b_005000_fine_grained_edit,36b78132cbec8e69,1.0,fine_grained_edit,1,1,0.9933431549356101,0.9971486898816261
family_b_005001_coordinated_full_forgery,36b78132cbec8e69,1.0,coordinated_full_forgery,1,1,0.8222199474427596,0.8119136943013714
family_b_005002_visual_splice,36b78132cbec8e69,1.0,visual_splice,1,1,0.7923155676124776,0.8803997377086888
family_b_005003_visual_splice,36b78132cbec8e69,1.0,visual_splice,1,1,0.85089783317225,0.8754216183374935
family_b_005004_visual_splice,36b78132cbec8e69,1.0,visual_splice,1,1,0.8010811800282176,0.7784699658721531
family_b_005005_genuine,81255b288d006e18,1.0,genuine,0,0,0.715385937777163,0.5397041959226279
family_b_005006_text_qr_mismatch,81255b288d006e18,1.0,text_qr_mismatch,1,1,0.9979461740384226,0.9994846554384382
family_b_005007_qr_only_mismatch,81255b288d006e18,1.0,qr_only_mismatch,1,1,1.0,0.9993872449370139
family_b_005008_checksum_invalid,81255b288d006e18,1.0,checksum_invalid,1,1,0.9999295774647888,0.9996753753558124
family_b_005009_format_invalid,81255b288d006e18,1.0,format_invalid,1,1,1.0,0.9997599211235442
family_b_005010_field_missing,81255b288d006e18,1.0,field_missing,1,1,0.9997222222222223,0.999425597832065
family_b_005011_fine_grained_edit,81255b288d006e18,1.0,fine_grained_edit,1,1,0.9974621186610213,0.999288455392787
family_b_005012_coordinated_full_forgery,81255b288d006e18,1.0,coordinated_full_forgery,1,1,0.7972684047761887,0.9266934767055779
family_b_005013_visual_splice,81255b288d006e18,1.0,visual_splice,1,1,0.7936413764028744,0.8761198155820095
family_b_005014_visual_splice,81255b288d006e18,1.0,visual_splice,1,1,0.8775439427352127,0.9227764508097509
family_b_005015_visual_splice,81255b288d006e18,1.0,visual_splice,1,1,0.9937706403781292,0.9994910933949457
family_b_005016_genuine,ee2384036abf0eab,1.0,genuine,0,0,0.5949246692164483,0.28176887637135056
family_b_005017_text_qr_mismatch,ee2384036abf0eab,1.0,text_qr_mismatch,1,1,0.9950748583081428,0.9987664144480248
family_b_005018_qr_only_mismatch,ee2384036abf0eab,1.0,qr_only_mismatch,1,1,0.9971828653858128,0.9988948699550751
family_b_005019_checksum_invalid,ee2384036abf0eab,1.0,checksum_invalid,1,1,1.0,0.9997562482286437
family_b_005020_format_invalid,ee2384036abf0eab,1.0,format_invalid,1,1,1.0,0.9998125975043923
family_b_005021_field_missing,ee2384036abf0eab,1.0,field_missing,1,1,0.9925,0.9991618832868755
family_b_005022_fine_grained_edit,ee2384036abf0eab,1.0,fine_grained_edit,1,1,0.9937706403781292,0.9997218087763506
family_b_005023_coordinated_full_forgery,ee2384036abf0eab,1.0,coordinated_full_forgery,1,1,0.8001036698112661,0.8625755805393536
family_b_005024_visual_splice,ee2384036abf0eab,1.0,visual_splice,1,1,0.8126799527155313,0.7845262051978716
family_b_005025_visual_splice,ee2384036abf0eab,1.0,visual_splice,1,1,0.8059111957372852,0.8417878704084331
family_b_005026_visual_splice,ee2384036abf0eab,1.0,visual_splice,1,1,0.8504720370481762,0.8578675085115663
family_b_005027_genuine,8cbe87c63320a706,1.0,genuine,0,0,0.8126463570020698,0.8059813262228626
family_b_005028_text_qr_mismatch,8cbe87c63320a706,1.0,text_qr_mismatch,1,1,0.9973965008934242,0.9993953106782405
family_b_005029_qr_only_mismatch,8cbe87c63320a706,1.0,qr_only_mismatch,1,1,0.9868170405360976,0.9989164887462193
family_b_005030_checksum_invalid,8cbe87c63320a706,1.0,checksum_invalid,1,1,1.0,0.999734207418247
family_b_005031_format_invalid,8cbe87c63320a706,1.0,format_invalid,1,1,1.0,0.9995832406630203
family_b_005032_field_missing,8cbe87c63320a706,1.0,field_missing,1,1,0.9984484796389813,0.9848025241443963
family_b_005033_fine_grained_edit,8cbe87c63320a706,1.0,fine_grained_edit,1,1,0.9901645990034444,0.9991661914937028
family_b_005034_coordinated_full_forgery,8cbe87c63320a706,1.0,coordinated_full_forgery,1,1,0.7111409973668134,0.664564484242711
family_b_005035_visual_splice,8cbe87c63320a706,1.0,visual_splice,1,1,0.8181915056229573,0.8469570498041258
family_b_005036_visual_splice,8cbe87c63320a706,1.0,visual_splice,1,1,0.8583469265559639,0.9667623697076954
family_b_005037_visual_splice,8cbe87c63320a706,1.0,visual_splice,1,1,0.8014942553425068,0.8881752134247797
family_b_005049_genuine,1ee750678d04dc57,1.0,genuine,0,0,0.7077180090704439,0.4945159366042023
family_b_005050_text_qr_mismatch,1ee750678d04dc57,1.0,text_qr_mismatch,1,1,0.9961184962103035,0.9995928002538041
family_b_005051_qr_only_mismatch,1ee750678d04dc57,1.0,qr_only_mismatch,1,1,0.9892575531770763,0.9990297854080831
family_b_005052_checksum_invalid,1ee750678d04dc57,1.0,checksum_invalid,1,1,1.0,0.9997057479573858
family_b_005053_format_invalid,1ee750678d04dc57,1.0,format_invalid,1,1,1.0,0.9997562948992784
family_b_005054_field_missing,1ee750678d04dc57,1.0,field_missing,1,1,1.0,0.996875435749368
family_b_005055_fine_grained_edit,1ee750678d04dc57,1.0,fine_grained_edit,1,1,0.9982798931195725,0.9994806268449371
family_b_005056_coordinated_full_forgery,1ee750678d04dc57,1.0,coordinated_full_forgery,1,1,0.9742015460048792,0.9734759838925077
family_b_005057_visual_splice,1ee750678d04dc57,1.0,visual_splice,1,1,0.7830305248843621,0.9535867094736886
family_b_005058_visual_splice,1ee750678d04dc57,1.0,visual_splice,1,1,0.8200433578152762,0.863618534793069
family_b_005059_visual_splice,1ee750678d04dc57,1.0,visual_splice,1,1,0.845532240414078,0.9246567599631996
family_b_005060_genuine,3e6107c1e90b6a03,1.0,genuine,0,0,0.6768040758707353,0.5089022130838693
family_b_005061_text_qr_mismatch,3e6107c1e90b6a03,1.0,text_qr_mismatch,1,1,0.9959078244936528,0.9989764788046955
family_b_005062_qr_only_mismatch,3e6107c1e90b6a03,1.0,qr_only_mismatch,1,1,0.9959078244936528,0.9993312610844751
family_b_005063_checksum_invalid,3e6107c1e90b6a03,1.0,checksum_invalid,1,1,1.0,0.9996828781099768
family_b_005064_format_invalid,3e6107c1e90b6a03,1.0,format_invalid,1,1,1.0,0.9996595991300447
family_b_005065_field_missing,3e6107c1e90b6a03,1.0,field_missing,1,1,1.0,0.99960067662179
family_b_005066_fine_grained_edit,3e6107c1e90b6a03,1.0,fine_grained_edit,1,1,0.994959243142478,0.9992306234796715
family_b_005067_coordinated_full_forgery,3e6107c1e90b6a03,1.0,coordinated_full_forgery,1,1,0.8036133348759659,0.8428246991617893
family_b_005068_visual_splice,3e6107c1e90b6a03,1.0,visual_splice,1,1,0.7813704678883355,0.7559670760966953
family_b_005069_visual_splice,3e6107c1e90b6a03,1.0,visual_splice,1,1,0.8222837486276178,0.8316009050137428
family_b_005070_visual_splice,3e6107c1e90b6a03,1.0,visual_splice,1,1,0.8165242174604613,0.5588237386761243
family_b_005071_genuine,16645f67fbf90151,1.0,genuine,0,0,0.6062086749907692,0.756143996486057
family_b_005072_text_qr_mismatch,16645f67fbf90151,1.0,text_qr_mismatch,1,1,0.9944372805187889,0.9980021525996435
family_b_005073_qr_only_mismatch,16645f67fbf90151,1.0,qr_only_mismatch,1,1,0.9979188494302522,0.9994872746758778
family_b_005074_checksum_invalid,16645f67fbf90151,1.0,checksum_invalid,1,1,1.0,0.9996698435061262
family_b_005075_format_invalid,16645f67fbf90151,1.0,format_invalid,1,1,0.9999029126213592,0.9996817198995991
family_b_005076_field_missing,16645f67fbf90151,1.0,field_missing,1,1,0.9925,0.9987252487626027
family_b_005077_fine_grained_edit,16645f67fbf90151,1.0,fine_grained_edit,1,1,0.9970230480551827,0.9991824181794458
family_b_005078_coordinated_full_forgery,16645f67fbf90151,1.0,coordinated_full_forgery,1,1,0.9916666666666666,0.9924849193042381
family_b_005079_visual_splice,16645f67fbf90151,1.0,visual_splice,1,1,0.7643877921317727,0.7288058768751364
family_b_005080_visual_splice,16645f67fbf90151,1.0,visual_splice,1,1,0.8266451311619165,0.9336499811343333
family_b_005081_visual_splice,16645f67fbf90151,1.0,visual_splice,1,1,0.8211276723434553,0.7827161864296467
family_b_005082_genuine,c1b2b44a5ba746ca,1.0,genuine,0,0,0.6926402698703304,0.5567699039231363
family_b_005083_text_qr_mismatch,c1b2b44a5ba746ca,1.0,text_qr_mismatch,1,1,0.9924278531703199,0.999561856182716
family_b_005084_qr_only_mismatch,c1b2b44a5ba746ca,1.0,qr_only_mismatch,1,1,0.989420742462343,0.9991219752426033
family_b_005085_checksum_invalid,c1b2b44a5ba746ca,1.0,checksum_invalid,1,1,0.999090909090909,0.9996941763082757
family_b_005086_format_invalid,c1b2b44a5ba746ca,1.0,format_invalid,1,1,1.0,0.9996080535765552
family_b_005087_field_missing,c1b2b44a5ba746ca,1.0,field_missing,1,1,0.9997928466540802,0.9976116680456276
family_b_005088_fine_grained_edit,c1b2b44a5ba746ca,1.0,fine_grained_edit,1,1,0.9937706403781292,0.9993273911712902
family_b_005089_coordinated_full_forgery,c1b2b44a5ba746ca,1.0,coordinated_full_forgery,1,1,0.8273915810195502,0.8859965401050351
family_b_005090_visual_splice,c1b2b44a5ba746ca,1.0,visual_splice,1,1,0.791914158677975,0.7384771335296094
family_b_005091_visual_splice,c1b2b44a5ba746ca,1.0,visual_splice,1,1,0.8300830140543514,0.850055709965087
family_b_005092_visual_splice,c1b2b44a5ba746ca,1.0,visual_splice,1,1,0.821109562063365,0.9576547524605138
family_b_005093_genuine,4d23949b32129040,1.0,genuine,0,0,0.7187461985159544,0.6767050258088152
family_b_005094_text_qr_mismatch,4d23949b32129040,1.0,text_qr_mismatch,1,1,0.9753480689281343,0.9960354914253634
family_b_005095_qr_only_mismatch,4d23949b32129040,1.0,qr_only_mismatch,1,1,0.994764109565792,0.9993136131312599
family_b_005096_checksum_invalid,4d23949b32129040,1.0,checksum_invalid,1,1,0.9965,0.9997254381125329
family_b_005097_format_invalid,4d23949b32129040,1.0,format_invalid,1,1,1.0,0.9997221119864802
family_b_005098_field_missing,4d23949b32129040,1.0,field_missing,1,1,0.9940295413319512,0.9996231429219246
family_b_005099_fine_grained_edit,4d23949b32129040,1.0,fine_grained_edit,1,1,0.9887848106485143,0.9995889298233214
family_b_005100_coordinated_full_forgery,4d23949b32129040,1.0,coordinated_full_forgery,1,1,0.8689567137650704,0.9677806165991126
family_b_005101_visual_splice,4d23949b32129040,1.0,visual_splice,1,1,0.7865168388424868,0.8027009643471504
family_b_005102_visual_splice,4d23949b32129040,1.0,visual_splice,1,1,0.804330940420573,0.8027009643471504
family_b_005103_visual_splice,4d23949b32129040,1.0,visual_splice,1,1,0.7959491341892696,0.7945955269548957
family_b_005104_genuine,8b98f7afa6cdf0cb,1.0,genuine,0,0,0.7436190203919594,0.5912431670336322
family_b_005105_text_qr_mismatch,8b98f7afa6cdf0cb,1.0,text_qr_mismatch,1,1,0.9978763389397877,0.9993531099383365
family_b_005106_qr_only_mismatch,8b98f7afa6cdf0cb,1.0,qr_only_mismatch,1,1,0.9959588787613761,0.9931059357067672
family_b_005107_checksum_invalid,8b98f7afa6cdf0cb,1.0,checksum_invalid,1,1,1.0,0.999612628643713
family_b_005108_format_invalid,8b98f7afa6cdf0cb,1.0,format_invalid,1,1,0.995,0.9998181958536508
family_b_005109_field_missing,8b98f7afa6cdf0cb,1.0,field_missing,1,1,1.0,0.9991629124370967
family_b_005110_fine_grained_edit,8b98f7afa6cdf0cb,1.0,fine_grained_edit,1,1,0.9966551520427339,0.9995476043610588
family_b_005111_coordinated_full_forgery,8b98f7afa6cdf0cb,1.0,coordinated_full_forgery,1,1,0.8051836737828544,0.8411136376089378
family_b_005112_visual_splice,8b98f7afa6cdf0cb,1.0,visual_splice,1,1,0.8086983477221799,0.808786708256357
family_b_005113_visual_splice,8b98f7afa6cdf0cb,1.0,visual_splice,1,1,0.9933460166895722,0.9991874236367648
family_b_005114_visual_splice,8b98f7afa6cdf0cb,1.0,visual_splice,1,1,0.7869428054622347,0.7912856866665365
family_b_005115_genuine,d0fb4f36803daae0,1.0,genuine,0,0,0.7118783008081688,0.574763993275411
family_b_005116_text_qr_mismatch,d0fb4f36803daae0,1.0,text_qr_mismatch,1,1,0.998680285713253,0.999527550711452
family_b_005117_qr_only_mismatch,d0fb4f36803daae0,1.0,qr_only_mismatch,1,1,0.9889981413593748,0.9986018627516664
family_b_005118_checksum_invalid,d0fb4f36803daae0,1.0,checksum_invalid,1,1,0.9933333333333333,0.9996602245355853
family_b_005119_format_invalid,d0fb4f36803daae0,1.0,format_invalid,1,1,0.9985962441314554,0.9995010956726345
family_b_005120_field_missing,d0fb4f36803daae0,1.0,field_missing,1,1,0.9900002018966465,0.9995478089492867
family_b_005121_fine_grained_edit,d0fb4f36803daae0,1.0,fine_grained_edit,1,1,0.9946697975566277,0.9993199100064559
family_b_005122_coordinated_full_forgery,d0fb4f36803daae0,1.0,coordinated_full_forgery,1,1,0.8063839467343594,0.8525782180055417
family_b_005123_visual_splice,d0fb4f36803daae0,1.0,visual_splice,1,1,0.8826577638133579,0.9712957242752333
family_b_005124_visual_splice,d0fb4f36803daae0,1.0,visual_splice,1,1,0.8218967953287897,0.8859475555984697
family_b_005125_visual_splice,d0fb4f36803daae0,1.0,visual_splice,1,1,0.8667444477096882,0.8920233935275903
family_b_005137_genuine,f82b3519ffdef7aa,1.0,genuine,0,0,0.703810510381343,0.7034781734079136
family_b_005138_text_qr_mismatch,f82b3519ffdef7aa,1.0,text_qr_mismatch,1,1,0.9943503199271316,0.9993854152021262
family_b_005139_qr_only_mismatch,f82b3519ffdef7aa,1.0,qr_only_mismatch,1,1,0.9952442665861859,0.9983556002936443
family_b_005140_checksum_invalid,f82b3519ffdef7aa,1.0,checksum_invalid,1,1,1.0,0.9992936257490241
family_b_005141_format_invalid,f82b3519ffdef7aa,1.0,format_invalid,1,1,1.0,0.9992693585385442
family_b_005142_field_missing,f82b3519ffdef7aa,1.0,field_missing,1,1,1.0,0.9994498745867286
family_b_005143_fine_grained_edit,f82b3519ffdef7aa,1.0,fine_grained_edit,1,1,0.9981318268440671,0.9996678301510349
family_b_005144_coordinated_full_forgery,f82b3519ffdef7aa,1.0,coordinated_full_forgery,1,1,0.8019792635992427,0.8112474197273865
family_b_005145_visual_splice,f82b3519ffdef7aa,1.0,visual_splice,1,1,0.7667167466073005,0.8593840367996951
family_b_005146_visual_splice,f82b3519ffdef7aa,1.0,visual_splice,1,1,0.8328486485540634,0.8597834501130324
family_b_005147_visual_splice,f82b3519ffdef7aa,1.0,visual_splice,1,1,0.7583126792823492,0.7486473042649727
family_b_005148_genuine,c50541c43f470bc4,1.0,genuine,0,0,0.6801229357650449,0.44321328267214566
family_b_005149_text_qr_mismatch,c50541c43f470bc4,1.0,text_qr_mismatch,1,1,0.99722663244912,0.9993924975993849
family_b_005150_qr_only_mismatch,c50541c43f470bc4,1.0,qr_only_mismatch,1,1,0.993812850292916,0.9994165531602032
family_b_005151_checksum_invalid,c50541c43f470bc4,1.0,checksum_invalid,1,1,0.9999295774647888,0.9993446583576578
family_b_005152_format_invalid,c50541c43f470bc4,1.0,format_invalid,1,1,1.0,0.9998303169293312
family_b_005153_field_missing,c50541c43f470bc4,1.0,field_missing,1,1,1.0,0.999396252156633
family_b_005154_fine_grained_edit,c50541c43f470bc4,1.0,fine_grained_edit,1,1,0.9886905832781653,0.9996883072499142
family_b_005155_coordinated_full_forgery,c50541c43f470bc4,1.0,coordinated_full_forgery,1,1,0.8074129434372733,0.8812651473739723
family_b_005156_visual_splice,c50541c43f470bc4,1.0,visual_splice,1,1,0.7850945274829784,0.7916648960016994
family_b_005157_visual_splice,c50541c43f470bc4,1.0,visual_splice,1,1,0.8104013752798805,0.838066363487368
family_b_005158_visual_splice,c50541c43f470bc4,1.0,visual_splice,1,1,0.8102741962533858,0.7947616757122972
family_b_005159_genuine,8f8f1de11c43c80e,1.0,genuine,0,0,0.707465661837266,0.7435479290480362
family_b_005160_text_qr_mismatch,8f8f1de11c43c80e,1.0,text_qr_mismatch,1,1,0.994420742462343,0.9996257211385763
family_b_005161_qr_only_mismatch,8f8f1de11c43c80e,1.0,qr_only_mismatch,1,1,0.9979836720582983,0.9993090851808766
family_b_005162_checksum_invalid,8f8f1de11c43c80e,1.0,checksum_invalid,1,1,1.0,0.9996450046030448
family_b_005163_format_invalid,8f8f1de11c43c80e,1.0,format_invalid,1,1,0.9997413793103448,0.9997837088394202
family_b_005164_field_missing,8f8f1de11c43c80e,1.0,field_missing,1,1,0.995,0.9986712333645384
family_b_005165_fine_grained_edit,8f8f1de11c43c80e,1.0,fine_grained_edit,1,1,0.9988957186057615,0.9997707703267158
family_b_005166_coordinated_full_forgery,8f8f1de11c43c80e,1.0,coordinated_full_forgery,1,1,0.7779561792406325,0.7493492853457157
family_b_005167_visual_splice,8f8f1de11c43c80e,1.0,visual_splice,1,1,0.9109104812877514,0.8989665760114017
family_b_005168_visual_splice,8f8f1de11c43c80e,1.0,visual_splice,1,1,0.776390948731833,0.7374071843806637
family_b_005169_visual_splice,8f8f1de11c43c80e,1.0,visual_splice,1,1,0.9058951497980949,0.9525801639722684
family_b_005170_genuine,ae21fcd3efe70656,1.0,genuine,0,0,0.7078568726126562,0.4380284592592492
family_b_005171_text_qr_mismatch,ae21fcd3efe70656,1.0,text_qr_mismatch,1,1,0.9951155746134996,0.9982903831351199
family_b_005172_qr_only_mismatch,ae21fcd3efe70656,1.0,qr_only_mismatch,1,1,0.9943494363621656,0.9992382599223989
family_b_005173_checksum_invalid,ae21fcd3efe70656,1.0,checksum_invalid,1,1,0.995,0.9995859228622108
family_b_005174_format_invalid,ae21fcd3efe70656,1.0,format_invalid,1,1,0.9986666666666667,0.9995294963776775
family_b_005175_field_missing,ae21fcd3efe70656,1.0,field_missing,1,1,1.0,0.9994104543851922
family_b_005176_fine_grained_edit,ae21fcd3efe70656,1.0,fine_grained_edit,1,1,0.99722663244912,0.9997401719996418
family_b_005177_coordinated_full_forgery,ae21fcd3efe70656,1.0,coordinated_full_forgery,1,1,0.7757671076605205,0.8011354086444646
family_b_005178_visual_splice,ae21fcd3efe70656,1.0,visual_splice,1,1,1.0,0.9991727772859933
family_b_005179_visual_splice,ae21fcd3efe70656,1.0,visual_splice,1,1,0.8207483081595116,0.8639743173086466
family_b_005180_visual_splice,ae21fcd3efe70656,1.0,visual_splice,1,1,0.8052879855889558,0.8134829503153481
family_b_005192_genuine,7ebc58e938798374,1.0,genuine,0,0,0.7055686345905453,0.7470117972489957
family_b_005193_text_qr_mismatch,7ebc58e938798374,1.0,text_qr_mismatch,1,1,0.9873351583709801,0.9988297118156584
family_b_005194_qr_only_mismatch,7ebc58e938798374,1.0,qr_only_mismatch,1,1,0.9959177462476251,0.9995094820542348
family_b_005195_checksum_invalid,7ebc58e938798374,1.0,checksum_invalid,1,1,1.0,0.999362827297635
family_b_005196_format_invalid,7ebc58e938798374,1.0,format_invalid,1,1,0.995,0.999515843739711
family_b_005197_field_missing,7ebc58e938798374,1.0,field_missing,1,1,0.9421018062397374,0.9844237765733951
family_b_005198_fine_grained_edit,7ebc58e938798374,1.0,fine_grained_edit,1,1,0.9963845151872526,0.9993541604698196
family_b_005199_coordinated_full_forgery,7ebc58e938798374,1.0,coordinated_full_forgery,1,1,0.8242539408698559,0.9149106665424069
family_b_005200_visual_splice,7ebc58e938798374,1.0,visual_splice,1,1,0.8267088478672235,0.9012160051448721
family_b_005201_visual_splice,7ebc58e938798374,1.0,visual_splice,1,1,0.7647773736278238,0.7842679462307949
family_b_005202_visual_splice,7ebc58e938798374,1.0,visual_splice,1,1,0.8027409459560145,0.9724529230754602
family_b_005203_genuine,0d0f12d592980344,1.0,genuine,0,0,0.7164552863003633,0.4829270310925183
family_b_005204_text_qr_mismatch,0d0f12d592980344,1.0,text_qr_mismatch,1,1,0.9937706403781292,0.9994859305951013
family_b_005205_qr_only_mismatch,0d0f12d592980344,1.0,qr_only_mismatch,1,1,0.9940601133797702,0.9989075643615187
family_b_005206_checksum_invalid,0d0f12d592980344,1.0,checksum_invalid,1,1,1.0,0.9989091804948199
family_b_005207_format_invalid,0d0f12d592980344,1.0,format_invalid,1,1,1.0,0.9997664271258099
family_b_005208_field_missing,0d0f12d592980344,1.0,field_missing,1,1,0.9877450980392156,0.9992035249323659
family_b_005209_fine_grained_edit,0d0f12d592980344,1.0,fine_grained_edit,1,1,0.9884754091070284,0.9983705736553942
family_b_005210_coordinated_full_forgery,0d0f12d592980344,1.0,coordinated_full_forgery,1,1,0.8022503546668402,0.8284455603898991
family_b_005211_visual_splice,0d0f12d592980344,1.0,visual_splice,1,1,0.8445797922647408,0.8868250126597788
family_b_005212_visual_splice,0d0f12d592980344,1.0,visual_splice,1,1,0.8033711903386167,0.7759910326814321
family_b_005213_visual_splice,0d0f12d592980344,1.0,visual_splice,1,1,0.7955546096829383,0.9126822815310262
family_b_005214_genuine,6e96d324854a123b,1.0,genuine,0,0,0.7008586126927375,0.7802924040502384
family_b_005215_text_qr_mismatch,6e96d324854a123b,1.0,text_qr_mismatch,1,1,0.9077156954491162,0.9672509629249492
family_b_005216_qr_only_mismatch,6e96d324854a123b,1.0,qr_only_mismatch,1,1,0.9479422742375365,0.9369234310112278
family_b_005217_checksum_invalid,6e96d324854a123b,1.0,checksum_invalid,1,1,0.9440751787608695,0.9822283343679877
family_b_005218_format_invalid,6e96d324854a123b,1.0,format_invalid,1,1,0.9212472736157261,0.9939092531455355
family_b_005219_field_missing,6e96d324854a123b,1.0,field_missing,1,1,0.987936072185763,0.9904971221891895
family_b_005220_fine_grained_edit,6e96d324854a123b,1.0,fine_grained_edit,1,1,0.9279811867241431,0.9337841960643516
family_b_005221_coordinated_full_forgery,6e96d324854a123b,1.0,coordinated_full_forgery,1,1,0.825618936508483,0.8358023185755847
family_b_005222_visual_splice,6e96d324854a123b,1.0,visual_splice,1,1,0.8392668302892264,0.9469621525230484
family_b_005223_visual_splice,6e96d324854a123b,1.0,visual_splice,1,1,0.9236538022292803,0.9430134266822102
family_b_005224_visual_splice,6e96d324854a123b,1.0,visual_splice,1,1,0.9449159758526017,0.9148104106613303
family_b_005225_genuine,0ee5cd1d9e55aa9a,1.0,genuine,0,0,0.7031085382320735,0.46257629841151143
family_b_005226_text_qr_mismatch,0ee5cd1d9e55aa9a,1.0,text_qr_mismatch,1,1,0.9939402080456304,0.9989447310481888
family_b_005227_qr_only_mismatch,0ee5cd1d9e55aa9a,1.0,qr_only_mismatch,1,1,0.9868497405089635,0.9983445810878793
family_b_005228_checksum_invalid,0ee5cd1d9e55aa9a,1.0,checksum_invalid,1,1,1.0,0.9996609245456041
family_b_005229_format_invalid,0ee5cd1d9e55aa9a,1.0,format_invalid,1,1,1.0,0.999663105155107
family_b_005230_field_missing,0ee5cd1d9e55aa9a,1.0,field_missing,1,1,0.9999118942731278,0.9994514573672524
family_b_005231_fine_grained_edit,0ee5cd1d9e55aa9a,1.0,fine_grained_edit,1,1,0.9930070692294345,0.9993079536599067
family_b_005232_coordinated_full_forgery,0ee5cd1d9e55aa9a,1.0,coordinated_full_forgery,1,1,0.8206714009557611,0.8418466961936787
family_b_005233_visual_splice,0ee5cd1d9e55aa9a,1.0,visual_splice,1,1,0.8650009364119764,0.9057274167512552
family_b_005234_visual_splice,0ee5cd1d9e55aa9a,1.0,visual_splice,1,1,0.8381929240476563,0.7811942057987072
family_b_005235_visual_splice,0ee5cd1d9e55aa9a,1.0,visual_splice,1,1,0.8056871870589529,0.7704035243293839
family_b_005258_genuine,c76772b84e044e73,1.0,genuine,0,0,0.67120425848381,0.6673338552494948
family_b_005259_text_qr_mismatch,c76772b84e044e73,1.0,text_qr_mismatch,1,1,0.9733624389611656,0.9992064363169091
family_b_005260_qr_only_mismatch,c76772b84e044e73,1.0,qr_only_mismatch,1,1,0.9961184962103035,0.9995897813577819
family_b_005261_checksum_invalid,c76772b84e044e73,1.0,checksum_invalid,1,1,1.0,0.9997686372564455
family_b_005262_format_invalid,c76772b84e044e73,1.0,format_invalid,1,1,0.9933333333333333,0.9997763947670509
family_b_005263_field_missing,c76772b84e044e73,1.0,field_missing,1,1,0.9994827586206897,0.9943654377889002
family_b_005264_fine_grained_edit,c76772b84e044e73,1.0,fine_grained_edit,1,1,0.99472663244912,0.9990391082132087
family_b_005265_coordinated_full_forgery,c76772b84e044e73,1.0,coordinated_full_forgery,1,1,0.8071895212445568,0.8225414458104829
family_b_005266_visual_splice,c76772b84e044e73,1.0,visual_splice,1,1,1.0,0.9993827249249463
family_b_005267_visual_splice,c76772b84e044e73,1.0,visual_splice,1,1,0.8270642183050598,0.8686751838589238
family_b_005268_visual_splice,c76772b84e044e73,1.0,visual_splice,1,1,0.8049389620891618,0.8115631708868761
family_b_005269_genuine,bb33deb2ef070683,1.0,genuine,0,0,0.7326025828571029,0.6133063115102355
family_b_005270_text_qr_mismatch,bb33deb2ef070683,1.0,text_qr_mismatch,1,1,0.9961916028258295,0.9992919336955179
family_b_005271_qr_only_mismatch,bb33deb2ef070683,1.0,qr_only_mismatch,1,1,0.9970557165925499,0.9996484995481415
family_b_005272_checksum_invalid,bb33deb2ef070683,1.0,checksum_invalid,1,1,0.9929166666666666,0.99875973792189
family_b_005273_format_invalid,bb33deb2ef070683,1.0,format_invalid,1,1,1.0,0.9996943945821193
family_b_005274_field_missing,bb33deb2ef070683,1.0,field_missing,1,1,1.0,0.9987916496554717
family_b_005275_fine_grained_edit,bb33deb2ef070683,1.0,fine_grained_edit,1,1,0.9930070692294345,0.9993320285724285
family_b_005276_coordinated_full_forgery,bb33deb2ef070683,1.0,coordinated_full_forgery,1,1,0.7828057480446731,0.8156315812221916
family_b_005277_visual_splice,bb33deb2ef070683,1.0,visual_splice,1,1,0.844374079881242,0.8486709852438211
family_b_005278_visual_splice,bb33deb2ef070683,1.0,visual_splice,1,1,0.7897239412492075,0.7839883309233879
family_b_005279_visual_splice,bb33deb2ef070683,1.0,visual_splice,1,1,0.8372300738585519,0.8769752755226933
family_b_005291_genuine,da4a569997bf212d,1.0,genuine,0,0,0.6728130967629358,0.2921945987162036
family_b_005292_text_qr_mismatch,da4a569997bf212d,1.0,text_qr_mismatch,1,1,0.9953922797527858,0.999368138840095
family_b_005293_qr_only_mismatch,da4a569997bf212d,1.0,qr_only_mismatch,1,1,0.9954895241492382,0.999131826159308
family_b_005294_checksum_invalid,da4a569997bf212d,1.0,checksum_invalid,1,1,1.0,0.9989469031005141
family_b_005295_format_invalid,da4a569997bf212d,1.0,format_invalid,1,1,1.0,0.9921533780080116
family_b_005296_field_missing,da4a569997bf212d,1.0,field_missing,1,1,1.0,0.9994602706812156
family_b_005297_fine_grained_edit,da4a569997bf212d,1.0,fine_grained_edit,1,1,0.9868194957398869,0.9931975177539463
family_b_005298_coordinated_full_forgery,da4a569997bf212d,1.0,coordinated_full_forgery,1,1,0.765770241376381,0.713574968054205
family_b_005299_visual_splice,da4a569997bf212d,1.0,visual_splice,1,1,0.7679855267614601,0.8012885900908593
family_b_005300_visual_splice,da4a569997bf212d,1.0,visual_splice,1,1,0.8064043810328674,0.837008402915637
family_b_005301_visual_splice,da4a569997bf212d,1.0,visual_splice,1,1,0.9693964978305871,0.98802376442231
family_b_005302_genuine,a0d40bcf6b771686,1.0,genuine,0,0,0.7234029253135489,0.3996289394338697
family_b_005303_text_qr_mismatch,a0d40bcf6b771686,1.0,text_qr_mismatch,1,1,0.9899104727965162,0.9995450891749621
family_b_005304_qr_only_mismatch,a0d40bcf6b771686,1.0,qr_only_mismatch,1,1,0.9180024309705554,0.9450883293306238
family_b_005305_checksum_invalid,a0d40bcf6b771686,1.0,checksum_invalid,1,1,0.998,0.9995367890473738
family_b_005306_format_invalid,a0d40bcf6b771686,1.0,format_invalid,1,1,1.0,0.9994584122716984
family_b_005307_field_missing,a0d40bcf6b771686,1.0,field_missing,1,1,0.9997222222222223,0.9995018531060385
family_b_005308_fine_grained_edit,a0d40bcf6b771686,1.0,fine_grained_edit,1,1,0.9888965262025547,0.9996634453134879
family_b_005309_coordinated_full_forgery,a0d40bcf6b771686,1.0,coordinated_full_forgery,1,1,0.8030589410836935,0.8977745359026328
family_b_005310_visual_splice,a0d40bcf6b771686,1.0,visual_splice,1,1,0.7954833219496389,0.8547982188089157
family_b_005311_visual_splice,a0d40bcf6b771686,1.0,visual_splice,1,1,0.7859542482952314,0.8367567648175634
family_b_005312_visual_splice,a0d40bcf6b771686,1.0,visual_splice,1,1,0.7720396547167456,0.8004396759711966
family_b_005313_genuine,24d354313e63f20f,1.0,genuine,0,0,0.7240660565283887,0.5544902971247057
family_b_005314_text_qr_mismatch,24d354313e63f20f,1.0,text_qr_mismatch,1,1,0.9933290071942932,0.9970536814502072
family_b_005315_qr_only_mismatch,24d354313e63f20f,1.0,qr_only_mismatch,1,1,0.9979898418068501,0.9992114519611816
family_b_005316_checksum_invalid,24d354313e63f20f,1.0,checksum_invalid,1,1,1.0,0.9995216046550717
family_b_005317_format_invalid,24d354313e63f20f,1.0,format_invalid,1,1,1.0,0.999624576893964
family_b_005318_field_missing,24d354313e63f20f,1.0,field_missing,1,1,1.0,0.9988548647916781
family_b_005319_fine_grained_edit,24d354313e63f20f,1.0,fine_grained_edit,1,1,0.9954597715111092,0.9932680656195993
family_b_005320_coordinated_full_forgery,24d354313e63f20f,1.0,coordinated_full_forgery,1,1,0.8609028113984546,0.9198539032343837
family_b_005321_visual_splice,24d354313e63f20f,1.0,visual_splice,1,1,0.8437005760825751,0.851527109979049
family_b_005322_visual_splice,24d354313e63f20f,1.0,visual_splice,1,1,0.8301696732867789,0.7930796213855189
family_b_005323_visual_splice,24d354313e63f20f,1.0,visual_splice,1,1,0.8365695243698477,0.8539405254221843
family_b_005324_genuine,a90a7aeb614c6aea,1.0,genuine,0,0,0.8005774265391655,0.6853895718404457
family_b_005325_text_qr_mismatch,a90a7aeb614c6aea,1.0,text_qr_mismatch,1,1,0.9980947079343874,0.999392367244131
family_b_005326_qr_only_mismatch,a90a7aeb614c6aea,1.0,qr_only_mismatch,1,1,0.9944278531703199,0.9994559760817082
family_b_005327_checksum_invalid,a90a7aeb614c6aea,1.0,checksum_invalid,1,1,0.9933333333333333,0.9992330309951886
family_b_005328_format_invalid,a90a7aeb614c6aea,1.0,format_invalid,1,1,1.0,0.9994607691485012
family_b_005329_field_missing,a90a7aeb614c6aea,1.0,field_missing,1,1,1.0,0.9994771221690251
family_b_005330_fine_grained_edit,a90a7aeb614c6aea,1.0,fine_grained_edit,1,1,0.9921779940384999,0.998317785414893
family_b_005331_coordinated_full_forgery,a90a7aeb614c6aea,1.0,coordinated_full_forgery,1,1,0.8634080024937484,0.8876542471346409
family_b_005332_visual_splice,a90a7aeb614c6aea,1.0,visual_splice,1,1,0.7582425366099617,0.7198326917971092
family_b_005333_visual_splice,a90a7aeb614c6aea,1.0,visual_splice,1,1,0.7764764463625567,0.723259976081678
family_b_005334_visual_splice,a90a7aeb614c6aea,1.0,visual_splice,1,1,0.9960863267670915,0.9993864563016452
family_b_005335_genuine,18dce2ed7d93218e,1.0,genuine,0,0,0.7180636977056897,0.5375176467202284
family_b_005336_text_qr_mismatch,18dce2ed7d93218e,1.0,text_qr_mismatch,1,1,0.9944658732149244,0.9995270083196567
family_b_005337_qr_only_mismatch,18dce2ed7d93218e,1.0,qr_only_mismatch,1,1,0.9860863267670915,0.9995783520824705
family_b_005338_checksum_invalid,18dce2ed7d93218e,1.0,checksum_invalid,1,1,0.9996062441752096,0.9994463296242376
family_b_005339_format_invalid,18dce2ed7d93218e,1.0,format_invalid,1,1,1.0,0.9996186548520382
family_b_005340_field_missing,18dce2ed7d93218e,1.0,field_missing,1,1,0.9999118942731278,0.9995593612664961
family_b_005341_fine_grained_edit,18dce2ed7d93218e,1.0,fine_grained_edit,1,1,0.9770232179968366,0.9942600364480295
family_b_005342_coordinated_full_forgery,18dce2ed7d93218e,1.0,coordinated_full_forgery,1,1,0.791684798235722,0.805784379823605
family_b_005343_visual_splice,18dce2ed7d93218e,1.0,visual_splice,1,1,0.8098853905120028,0.7655746731413582
family_b_005344_visual_splice,18dce2ed7d93218e,1.0,visual_splice,1,1,0.8071450430307766,0.7928797595948777
family_b_005345_visual_splice,18dce2ed7d93218e,1.0,visual_splice,1,1,0.799216036073852,0.8610578470955442
family_b_005346_genuine,9764c161fa3637d9,1.0,genuine,0,0,0.7135180029761237,0.7320758626790481
family_b_005347_text_qr_mismatch,9764c161fa3637d9,1.0,text_qr_mismatch,1,1,0.9947880315241556,0.9991769950419817
family_b_005348_qr_only_mismatch,9764c161fa3637d9,1.0,qr_only_mismatch,1,1,0.99421576454,0.9996091380095222
family_b_005349_checksum_invalid,9764c161fa3637d9,1.0,checksum_invalid,1,1,1.0,0.9996100241321029
family_b_005350_format_invalid,9764c161fa3637d9,1.0,format_invalid,1,1,0.9984000000000001,0.9997381654496337
family_b_005351_field_missing,9764c161fa3637d9,1.0,field_missing,1,1,1.0,0.9993984991393032
family_b_005352_fine_grained_edit,9764c161fa3637d9,1.0,fine_grained_edit,1,1,0.9891244759329096,0.9922054849597901
family_b_005353_coordinated_full_forgery,9764c161fa3637d9,1.0,coordinated_full_forgery,1,1,0.7705504076355081,0.9535360731108777
family_b_005354_visual_splice,9764c161fa3637d9,1.0,visual_splice,1,1,0.8100060696166312,0.8505062493868121
family_b_005355_visual_splice,9764c161fa3637d9,1.0,visual_splice,1,1,0.772189866116204,0.7709030304401899
family_b_005356_visual_splice,9764c161fa3637d9,1.0,visual_splice,1,1,0.762754567106256,0.851138725315835
family_b_005357_genuine,812b0ab05c86821b,1.0,genuine,0,0,0.6826694168363027,0.7037354652571648
family_b_005358_text_qr_mismatch,812b0ab05c86821b,1.0,text_qr_mismatch,1,1,0.9985863267670915,0.9994254442430478
family_b_005359_qr_only_mismatch,812b0ab05c86821b,1.0,qr_only_mismatch,1,1,0.9896904979661518,0.9996652892863682
family_b_005360_checksum_invalid,812b0ab05c86821b,1.0,checksum_invalid,1,1,1.0,0.9997180428348326
family_b_005361_format_invalid,812b0ab05c86821b,1.0,format_invalid,1,1,1.0,0.999806992429871
family_b_005362_field_missing,812b0ab05c86821b,1.0,field_missing,1,1,0.9994690265486725,0.9996102286263144
family_b_005363_fine_grained_edit,812b0ab05c86821b,1.0,fine_grained_edit,1,1,0.9980873848294164,0.9994610401427487
family_b_005364_coordinated_full_forgery,812b0ab05c86821b,1.0,coordinated_full_forgery,1,1,0.8388003602507963,0.8342072340311417
family_b_005365_visual_splice,812b0ab05c86821b,1.0,visual_splice,1,1,0.8716018441372101,0.9438634259916274
family_b_005366_visual_splice,812b0ab05c86821b,1.0,visual_splice,1,1,0.7867849635612494,0.7430518792365675
family_b_005367_visual_splice,812b0ab05c86821b,1.0,visual_splice,1,1,0.782451302021792,0.7684972569243753
family_b_005368_genuine,1acec3d1224ac092,1.0,genuine,0,0,0.7555338013467997,0.5197740288911282
family_b_005369_text_qr_mismatch,1acec3d1224ac092,1.0,text_qr_mismatch,1,1,0.9891296845044043,0.9986077835761706
family_b_005370_qr_only_mismatch,1acec3d1224ac092,1.0,qr_only_mismatch,1,1,0.9961184962103035,0.9996912874393766
family_b_005371_checksum_invalid,1acec3d1224ac092,1.0,checksum_invalid,1,1,1.0,0.9997358166056568
family_b_005372_format_invalid,1acec3d1224ac092,1.0,format_invalid,1,1,1.0,0.9996726589656015
family_b_005373_field_missing,1acec3d1224ac092,1.0,field_missing,1,1,1.0,0.9994277709620248
family_b_005374_fine_grained_edit,1acec3d1224ac092,1.0,fine_grained_edit,1,1,0.9963024938401752,0.9992452703997637
family_b_005375_coordinated_full_forgery,1acec3d1224ac092,1.0,coordinated_full_forgery,1,1,0.7941701951303554,0.651111565743831
family_b_005376_visual_splice,1acec3d1224ac092,1.0,visual_splice,1,1,0.825916625676223,0.9426316628175723
family_b_005377_visual_splice,1acec3d1224ac092,1.0,visual_splice,1,1,0.8133053013761193,0.8337040661470924
family_b_005378_visual_splice,1acec3d1224ac092,1.0,visual_splice,1,1,0.8265928993513925,0.8644302463246887
family_b_005379_genuine,df593f151c9522d3,1.0,genuine,0,0,0.6043140397411226,0.31356819816382114
family_b_005380_text_qr_mismatch,df593f151c9522d3,1.0,text_qr_mismatch,1,1,0.9930070692294345,0.9995754281821361
family_b_005381_qr_only_mismatch,df593f151c9522d3,1.0,qr_only_mismatch,1,1,0.9940601133797702,0.9989500604073611
family_b_005382_checksum_invalid,df593f151c9522d3,1.0,checksum_invalid,1,1,1.0,0.9996573391094244
family_b_005383_format_invalid,df593f151c9522d3,1.0,format_invalid,1,1,0.9993938631790745,0.9996642017349947
family_b_005384_field_missing,df593f151c9522d3,1.0,field_missing,1,1,1.0,0.9992410801743864
family_b_005385_fine_grained_edit,df593f151c9522d3,1.0,fine_grained_edit,1,1,0.9159986865732043,0.8347076444575989
family_b_005386_coordinated_full_forgery,df593f151c9522d3,1.0,coordinated_full_forgery,1,1,0.8229381758553356,0.8856763456769086
family_b_005387_visual_splice,df593f151c9522d3,1.0,visual_splice,1,1,0.959081544401986,0.9371052803078157
family_b_005388_visual_splice,df593f151c9522d3,1.0,visual_splice,1,1,0.7803532985752184,0.8199461456180485
family_b_005389_visual_splice,df593f151c9522d3,1.0,visual_splice,1,1,0.8739957566432588,0.8888368468710242
family_b_005445_genuine,d944dc344299b4e4,1.0,genuine,0,0,0.6696323668612361,0.44065507036283946
family_b_005446_text_qr_mismatch,d944dc344299b4e4,1.0,text_qr_mismatch,1,1,0.9959897563548148,0.9994233276112933
family_b_005447_qr_only_mismatch,d944dc344299b4e4,1.0,qr_only_mismatch,1,1,0.9957615079654961,0.9993106706329148
family_b_005448_checksum_invalid,d944dc344299b4e4,1.0,checksum_invalid,1,1,1.0,0.9996384032304247
family_b_005449_format_invalid,d944dc344299b4e4,1.0,format_invalid,1,1,1.0,0.9996991967123373
family_b_005450_field_missing,d944dc344299b4e4,1.0,field_missing,1,1,0.9473333333333332,0.9982917257820239
family_b_005451_fine_grained_edit,d944dc344299b4e4,1.0,fine_grained_edit,1,1,0.9846237823291359,0.9921655103449757
family_b_005452_coordinated_full_forgery,d944dc344299b4e4,1.0,coordinated_full_forgery,1,1,0.8436998754349823,0.8896367078293562
family_b_005453_visual_splice,d944dc344299b4e4,1.0,visual_splice,1,1,0.8273312633269896,0.8749674316793965
family_b_005454_visual_splice,d944dc344299b4e4,1.0,visual_splice,1,1,0.8276769047956091,0.8771719975366058
family_b_005455_visual_splice,d944dc344299b4e4,1.0,visual_splice,1,1,0.8010888316640414,0.857297824687031
family_b_005467_genuine,134bb145e10b2b39,1.0,genuine,0,0,0.7357627052347497,0.5196468238783337
family_b_005468_text_qr_mismatch,134bb145e10b2b39,1.0,text_qr_mismatch,1,1,0.9971263355621951,0.9995177243551198
family_b_005469_qr_only_mismatch,134bb145e10b2b39,1.0,qr_only_mismatch,1,1,0.99814324370338,0.9993778637906551
family_b_005470_checksum_invalid,134bb145e10b2b39,1.0,checksum_invalid,1,1,0.9999295774647888,0.999479689001218
family_b_005471_format_invalid,134bb145e10b2b39,1.0,format_invalid,1,1,0.9999295774647888,0.9996887902171957
family_b_005472_field_missing,134bb145e10b2b39,1.0,field_missing,1,1,0.9999118942731278,0.9991212824465229
family_b_005473_fine_grained_edit,134bb145e10b2b39,1.0,fine_grained_edit,1,1,0.9947112851241948,0.9992333845323962
family_b_005474_coordinated_full_forgery,134bb145e10b2b39,1.0,coordinated_full_forgery,1,1,0.7502558435952761,0.7748770590866716
family_b_005475_visual_splice,134bb145e10b2b39,1.0,visual_splice,1,1,0.8668676347518258,0.9758365224186256
family_b_005476_visual_splice,134bb145e10b2b39,1.0,visual_splice,1,1,0.8767069797182124,0.9718940548531723
family_b_005477_visual_splice,134bb145e10b2b39,1.0,visual_splice,1,1,0.8363144676120126,0.8276681829923789
family_b_005478_genuine,eeebd6403692d7d1,1.0,genuine,0,0,0.7314815974490915,0.7004288980704151
family_b_005479_text_qr_mismatch,eeebd6403692d7d1,1.0,text_qr_mismatch,1,1,0.9976859716161631,0.9996867742928623
family_b_005480_qr_only_mismatch,eeebd6403692d7d1,1.0,qr_only_mismatch,1,1,0.9956602802478622,0.9996345215081138
family_b_005481_checksum_invalid,eeebd6403692d7d1,1.0,checksum_invalid,1,1,0.995,0.9998211739508582
family_b_005482_format_invalid,eeebd6403692d7d1,1.0,format_invalid,1,1,0.9995129107981221,0.9993137899938701
family_b_005483_field_missing,eeebd6403692d7d1,1.0,field_missing,1,1,1.0,0.9994929357802881
family_b_005484_fine_grained_edit,eeebd6403692d7d1,1.0,fine_grained_edit,1,1,0.9922927835151488,0.9986332912289686
family_b_005485_coordinated_full_forgery,eeebd6403692d7d1,1.0,coordinated_full_forgery,1,1,0.8057429397242052,0.8962584688572026
family_b_005486_visual_splice,eeebd6403692d7d1,1.0,visual_splice,1,1,0.8722513313440018,0.8707657763468216
family_b_005487_visual_splice,eeebd6403692d7d1,1.0,visual_splice,1,1,0.8421641264675793,0.8620019906439204
family_b_005488_visual_splice,eeebd6403692d7d1,1.0,visual_splice,1,1,0.8250604911041789,0.8477287399410659
family_b_005489_genuine,1664e6a98703c424,1.0,genuine,0,0,0.5724736842105264,0.09578056702039789
family_b_005490_text_qr_mismatch,1664e6a98703c424,1.0,text_qr_mismatch,1,1,0.9564258125167875,0.9790923000374661
family_b_005491_qr_only_mismatch,1664e6a98703c424,1.0,qr_only_mismatch,1,1,0.9976384089976322,0.9993669097728795
family_b_005492_checksum_invalid,1664e6a98703c424,1.0,checksum_invalid,1,1,0.9344404761904761,0.9690033295955854
family_b_005493_format_invalid,1664e6a98703c424,1.0,format_invalid,1,1,0.9285570175438597,0.9697011029830215
family_b_005494_field_missing,1664e6a98703c424,1.0,field_missing,1,1,0.9412499999999998,0.9995535815952384
family_b_005495_fine_grained_edit,1664e6a98703c424,1.0,fine_grained_edit,1,1,0.8938095238095238,0.9884728525276896
family_b_005496_coordinated_full_forgery,1664e6a98703c424,1.0,coordinated_full_forgery,1,1,0.8253249522432697,0.9224084697870364
family_b_005497_visual_splice,1664e6a98703c424,1.0,visual_splice,1,1,0.9698885764546867,0.9961696913329452
family_b_005498_visual_splice,1664e6a98703c424,1.0,visual_splice,1,1,0.953605149720935,0.9865775619052592
family_b_005499_visual_splice,1664e6a98703c424,1.0,visual_splice,1,1,0.9256760651629072,0.9614082695890911
